session,condition,trader,persona,period,side,submitted_quantity,admitted_quantity,limit_price,signed_fill,execution_price,opening_cash,opening_shares,closing_cash_before_redemption,closing_shares_before_redemption,interest,dividend_income,wealth_at_fundamental,forecast_0,forecast_2,forecast_5,forecast_10,rejection,rationale
baseline-s140926,baseline,trader-00,baseline,1,hold,0,0,0.0,0,,100.0,4,106.6,4,5.0,1.6,162.6,14.0,14.0,14.0,14.0,,"Current market price is at the fundamental value of $14, which is expected to remain stable in the near term. Holding shares allows me to benefit from potential dividends and avoid trading costs or unfavorable market movements. Given my current cash and shares, it is prudent to hold rather than trade."
baseline-s140926,baseline,trader-01,baseline,1,hold,0,0,0.0,0,,100.0,4,106.6,4,5.0,1.6,162.6,14.0,14.0,14.0,14.0,,"The asset's fundamental value is consistently $14 each period, and it's expected to remain stable. Given that I have 4 shares and $100 in cash, holding is prudent to avoid selling at a potentially lower market price. Additionally, there's a possibility of receiving dividends, which will enhance my cash position."
baseline-s140926,baseline,trader-02,baseline,1,hold,0,0,0.0,0,,100.0,4,106.6,4,5.0,1.6,162.6,14.0,14.0,14.0,14.0,,"Given the fundamental value of the asset is $14, and the expected dividends are equally likely to be $0.40 or $1.00, I will hold my current position. This allows me to earn interest on my cash while maintaining my shares for potential future gains, as the market price is expected to remain stable around the fundamental value."
baseline-s140926,baseline,trader-03,baseline,1,hold,0,0,0.0,0,,100.0,4,106.6,4,5.0,1.6,162.6,14.0,14.0,14.0,14.0,,"Given the fundamental value is $14, and since the current price is also $14, it's prudent to hold my position. I have sufficient shares that may yield dividends while maintaining cash for potential future opportunities. The uncertainty of dividends (either $0.40 or $1.00) suggests a cautious approach, ensuring I don't make hasty trades that may affect my overall wealth negatively."
baseline-s140926,baseline,trader-04,baseline,1,hold,0,0,0.0,0,,100.0,4,106.6,4,5.0,1.6,162.6,14.0,14.0,14.0,14.0,,"The current market price is at the fundamental value of $14. Given the uncertainty in dividend payouts and the lack of immediate trading opportunities, holding my current position is prudent. This allows me to maintain my shares and benefit from potential dividends while preserving cash for future trading periods."
baseline-s140926,baseline,trader-05,baseline,1,hold,0,0,0.0,0,,100.0,4,106.6,4,5.0,1.6,162.6,14.0,14.0,14.0,14.0,,"Given the initial reference price is $14 and it reflects the fundamental value of the asset, I expect the price to remain stable at this level for the immediate future. Holding my current position of 4 shares is the best strategy, as selling would not yield better returns, and buying would stretch my cash reserves without a clear upside in price. Therefore, I will hold my shares and retain my cash for future periods."
baseline-s140926,baseline,trader-06,baseline,1,hold,0,0,0.0,0,,100.0,4,106.6,4,5.0,1.6,162.6,14.0,14.0,14.0,14.0,,"The asset's fundamental value is $14, and there is no immediate incentive to buy or sell given the current cash and shares position. Holding shares allows for potential dividends this period, with an expected value of $0.70 (average of $0.40 and $1.00). Since the market price is expected to remain at $14 in the near term, holding shares is the most prudent strategy to maximize final cash wealth."
baseline-s140926,baseline,trader-07,baseline,1,hold,0,0,0.0,0,,100.0,4,106.6,4,5.0,1.6,162.6,14.0,14.0,14.0,14.0,,"The asset's fundamental value is $14, and given that the current price is also $14, there is no incentive to buy or sell at this price. Holding my current position of 4 shares is optimal, as I will benefit from dividends and the eventual redemption at $14 per share."
baseline-s140926,baseline,trader-08,baseline,1,hold,0,0,0.0,0,,100.0,4,106.6,4,5.0,1.6,162.6,14.0,14.0,14.0,14.0,,"Given that the fundamental value of the asset is $14 and the last transaction price aligns with this value, I anticipate stable pricing in the near future with dividends potentially varying but ultimately aiming toward the redemption value. Therefore, holding my current position of 4 shares seems prudent to maximize long-term wealth."
baseline-s140926,baseline,trader-09,baseline,1,hold,0,0,0.0,0,,100.0,4,106.6,4,5.0,1.6,162.6,14.0,14.0,14.0,14.0,,"The fundamental value of the asset is $14, and the expected dividend payments are equally likely to be $0.40 or $1.00. Given that I have 4 shares, holding them is optimal as they will yield dividends while the price is stable. I will not buy or sell this period to maintain my position and maximize future dividends."
baseline-s140926,baseline,trader-10,baseline,1,hold,0,0,0.0,0,,100.0,4,106.6,4,5.0,1.6,162.6,14.0,14.0,14.0,14.0,,"The asset's fundamental value remains at $14, and with the current market conditions, holding shares is prudent to maximize cash wealth. Selling now would not capitalize on potential future dividends. Additionally, I have enough shares to potentially benefit from future dividend payments, which are expected to be either $0.40 or $1.00. Therefore, holding my current position allows me to benefit from these dividends while avoiding potential losses from selling at the current price."
baseline-s140926,baseline,trader-11,baseline,1,hold,0,0,0.0,0,,100.0,4,106.6,4,5.0,1.6,162.6,14.0,14.0,14.0,14.0,,"The asset's fundamental value is set at $14 each period, and I currently hold 4 shares. Given that the price is expected to remain stable at the fundamental value, I will hold my position. This strategy allows me to benefit from the potential dividends while minimizing risk, as cash cannot be borrowed or shares shorted. Additionally, after interest, any cash left will grow. Holding shares maximizes potential dividends ($0.40 or $1.00), which contribute to my overall wealth."
baseline-s140926,baseline,trader-00,baseline,2,hold,0,0,0.0,0,,106.6,4,113.53,4,5.33,1.6,169.53,14.0,14.0,14.0,14.0,,"The market price remains at the fundamental value of $14, which is expected to remain stable in the near term. Holding my 4 shares allows me to benefit from potential dividends, and since my cash is not sufficient to buy additional shares at this price, holding is the most prudent choice. The focus is on maximizing wealth through dividends and the eventual redemption value."
baseline-s140926,baseline,trader-01,baseline,2,hold,0,0,0.0,0,,106.6,4,113.53,4,5.33,1.6,169.53,14.0,14.0,14.0,14.0,,"The asset's fundamental value remains at $14 and is expected to stay stable in the near future. With 4 shares and $106.60 in cash, holding is the best strategy to avoid selling at a potentially lower market price and to benefit from possible dividends. This approach will maximize cash wealth over the remaining periods."
baseline-s140926,baseline,trader-02,baseline,2,hold,0,0,0.0,0,,106.6,4,113.53,4,5.33,1.6,169.53,14.0,14.0,14.0,14.0,,"Given the fundamental value of the asset is $14 and the expected dividends are equally likely to be $0.40 or $1.00, I will hold my current position. This allows me to earn interest on my cash while maintaining my shares for potential future gains, as the market price is expected to remain stable around the fundamental value."
baseline-s140926,baseline,trader-03,baseline,2,hold,0,0,0.0,0,,106.6,4,113.53,4,5.33,1.6,169.53,14.0,14.0,14.0,14.0,,"Given that the fundamental value remains at $14, and the current price is also $14, it is wise to hold my position. I have 4 shares that may yield dividends, and holding onto them ensures I can benefit from potential future dividends while keeping cash available for future opportunities. The uncertainty of dividends (either $0.40 or $1.00) suggests a cautious approach, and there's no immediate need to trade at this stage."
baseline-s140926,baseline,trader-04,baseline,2,hold,0,0,0.0,0,,106.6,4,113.53,4,5.33,1.6,169.53,14.0,14.0,14.0,14.0,,"The current market price is at the fundamental value of $14. Given the uncertainty in dividend payouts and the lack of immediate trading opportunities, holding my current position is prudent. This allows me to maintain my shares and benefit from potential dividends while preserving cash for future trading periods."
baseline-s140926,baseline,trader-05,baseline,2,hold,0,0,0.0,0,,106.6,4,113.53,4,5.33,1.6,169.53,14.0,14.0,14.0,14.0,,"Given the stable fundamental value of the asset at $14, I believe that holding my current position of 4 shares is the best strategy for this period as selling would not yield better returns. I will retain my cash for future opportunities or dividends. The expected dividends ($0.40) and the overall stability of the asset support this decision, as I can expect to redeem my shares at $14 each in the final period. Therefore, I will hold my shares and retain my cash."
baseline-s140926,baseline,trader-06,baseline,2,hold,0,0,0.0,0,,106.6,4,113.53,4,5.33,1.6,169.53,14.0,14.0,14.0,14.0,,"The asset's fundamental value is $14, and holding shares allows for potential dividends this period, with an expected value of $0.70 (average of $0.40 and $1.00). Given that I currently have 4 shares and $106.60 cash, maintaining my position is prudent. The market price is expected to remain stable at $14 in the near term, and I will benefit from the dividends while waiting for the final redemption value at period 30."
baseline-s140926,baseline,trader-07,baseline,2,hold,0,0,0.0,0,,106.6,4,113.53,4,5.33,1.6,169.53,14.0,14.0,14.0,14.0,,"The asset's fundamental value remains at $14, and holding my current position of 4 shares is optimal. I will benefit from dividends and the eventual redemption at $14 per share. Given the current market price is also $14, there is no incentive to buy or sell at this price."
baseline-s140926,baseline,trader-08,baseline,2,hold,0,0,0.0,0,,106.6,4,113.53,4,5.33,1.6,169.53,14.0,14.0,14.0,14.0,,"Given the stable fundamental value of the asset is $14, I believe holding my current position of 4 shares is prudent. The dividends may vary, but ultimately the redemption value remains at $14. With only 29 periods left, maintaining my shares will allow me to benefit from potential dividends and the final redemption value."
baseline-s140926,baseline,trader-09,baseline,2,hold,0,0,0.0,0,,106.6,4,113.53,4,5.33,1.6,169.53,14.0,14.0,14.0,14.0,,"The fundamental value of the asset remains at $14, and I expect to receive dividends from my 4 shares. Holding my position allows me to benefit from the potential dividends of $0.40 or $1.00 while maintaining my shares for the final redemption value of $14. No buying or selling action is optimal at this period."
baseline-s140926,baseline,trader-10,baseline,2,hold,0,0,0.0,0,,106.6,4,113.53,4,5.33,1.6,169.53,14.0,14.0,14.0,14.0,,"The asset's fundamental value remains at $14, and with the potential for dividends of $0.40 or $1.00, holding my 4 shares is prudent. Selling now would not capitalize on potential future gains from dividends. Additionally, I have enough shares to benefit from these dividends while avoiding losses from selling below fundamental value. Therefore, maintaining my current position allows me to maximize cash wealth in the long run."
baseline-s140926,baseline,trader-11,baseline,2,hold,0,0,0.0,0,,106.6,4,113.53,4,5.33,1.6,169.53,14.0,14.0,14.0,14.0,,"The asset's fundamental value is expected to remain at $14. Holding my current 4 shares allows me to benefit from potential dividends of $0.40 or $1.00, which will contribute to my overall wealth. Additionally, my cash will earn 5% interest, further enhancing my financial position. Given that I cannot borrow cash or short shares, holding is the optimal strategy to maximize my final cash wealth."
baseline-s140926,baseline,trader-00,baseline,3,hold,0,0,0.0,0,,113.53,4,123.21,4,5.68,4.0,179.21,14.0,14.0,14.0,14.0,,"The market price is stable at the fundamental value of $14. Holding my 4 shares allows me to benefit from potential dividends, and since my cash is not sufficient to buy additional shares at this price, holding is the most prudent choice. The focus is on maximizing wealth through dividends and the eventual redemption value."
baseline-s140926,baseline,trader-01,baseline,3,hold,0,0,0.0,0,,113.53,4,123.21,4,5.68,4.0,179.21,14.0,14.0,14.0,14.0,,"The asset's fundamental value remains stable at $14, and I expect this to continue in the near future. Holding my 4 shares is prudent as it allows me to benefit from potential dividends while avoiding selling at a potentially lower market price. Additionally, I have $113.53 in cash, which will earn interest and increase my wealth over the remaining periods. Therefore, holding is the best strategy to maximize my final cash wealth."
baseline-s140926,baseline,trader-02,baseline,3,hold,0,0,0.0,0,,113.53,4,123.21,4,5.68,4.0,179.21,14.0,14.0,14.0,14.0,,"Given the fundamental value of the asset remains at $14 and the expected dividends are equally likely to be $0.40 or $1.00, I will hold my current position. This strategy allows me to earn interest on my cash while retaining my shares for potential future gains, especially considering the market price is expected to stay stable around the fundamental value."
baseline-s140926,baseline,trader-03,baseline,3,hold,0,0,0.0,0,,113.53,4,123.21,4,5.68,4.0,179.21,14.0,14.0,14.0,14.0,,"Given that the fundamental value remains at $14, and the current price is also at $14, it is prudent to hold my shares. I currently have 4 shares and can benefit from potential dividends, which are uncertain but could be $0.40 or $1.00. Holding my position allows me to maintain cash for future opportunities without making hasty trades that could negatively impact my overall wealth."
baseline-s140926,baseline,trader-04,baseline,3,hold,0,0,0.0,0,,113.53,4,123.21,4,5.68,4.0,179.21,14.0,14.0,14.0,14.0,,"The current market price aligns with the fundamental value of $14, and the potential for dividends is still present. Holding my shares continues to be a prudent strategy, allowing me to benefit from possible dividends while preserving cash for future trading periods. Given the uncertainty in dividend payouts and the stability of the asset's reference price, I will maintain my current position."
baseline-s140926,baseline,trader-05,baseline,3,hold,0,0,0.0,0,,113.53,4,123.21,4,5.68,4.0,179.21,14.0,14.0,14.0,14.0,,"Given the consistent fundamental value of the asset at $14 and the expected dividends of $0.40 per share, holding my current position of 4 shares is the best strategy. Selling would not yield better returns, and buying would stretch my cash reserves without clear upside in price. Therefore, I will hold my shares and retain my cash for future opportunities or dividends, while ensuring I can redeem my shares at $14 each in the final period."
baseline-s140926,baseline,trader-06,baseline,3,hold,0,0,0.0,0,,113.53,4,123.21,4,5.68,4.0,179.21,14.0,14.0,14.0,14.0,,"The asset's fundamental value is $14, which is expected to remain stable in the near term. Holding 4 shares allows for the potential to earn dividends this period, with an expected value of $0.70 per share. I currently have $113.53 in cash, and selling shares at this fundamental value does not provide an advantage. Therefore, maintaining my position and receiving dividends while waiting for the final redemption value at period 30 is the most prudent strategy."
baseline-s140926,baseline,trader-07,baseline,3,hold,0,0,0.0,0,,113.53,4,123.21,4,5.68,4.0,179.21,14.0,14.0,14.0,14.0,,"The asset's fundamental value remains at $14, and I currently hold 4 shares. Since the market price is also $14, there is no incentive to buy or sell at this time. Holding my position allows me to benefit from potential dividends and the eventual redemption value of $14 per share. Therefore, I will maintain my current strategy and hold."
baseline-s140926,baseline,trader-08,baseline,3,hold,0,0,0.0,0,,113.53,4,123.21,4,5.68,4.0,179.21,14.0,14.0,14.0,14.0,,"Given the stable fundamental value of the asset at $14 and the dividends that are expected to vary, holding my current position of 4 shares is prudent. This strategy allows me to benefit from potential dividends over the next periods and the final redemption value of $14 at the end of the trading. Since trading conditions seem stable, I prefer to maintain my shares rather than risk selling or buying at uncertain prices."
baseline-s140926,baseline,trader-09,baseline,3,hold,0,0,0.0,0,,113.53,4,123.21,4,5.68,4.0,179.21,14.0,14.0,14.0,14.0,,"The fundamental value of the asset is $14, and I expect to receive dividends from my 4 shares. Holding my position allows me to benefit from the potential dividends of $0.40 or $1.00 while maintaining my shares for the final redemption value of $14. No buying or selling action is optimal at this period."
baseline-s140926,baseline,trader-10,baseline,3,hold,0,0,0.0,0,,113.53,4,123.21,4,5.68,4.0,179.21,14.0,14.0,14.0,14.0,,"The asset's fundamental value remains at $14, and with the potential for dividends of $0.40 or $1.00, holding my 4 shares is prudent. Selling now would not capitalize on potential future gains from dividends. Additionally, maintaining my current position allows me to maximize cash wealth in the long run, especially since I will receive interest on my cash and potential dividends from my shares."
baseline-s140926,baseline,trader-11,baseline,3,hold,0,0,0.0,0,,113.53,4,123.21,4,5.68,4.0,179.21,14.0,14.0,14.0,14.0,,"The asset's fundamental value remains at $14 each period, and I currently hold 4 shares. By holding my position, I benefit from potential dividends of $0.40 or $1.00, which will contribute to my overall wealth. Additionally, my cash will earn 5% interest, enhancing my financial position over time. Given that borrowing cash or shorting shares is not allowed, holding is the optimal strategy to maximize my final cash wealth."
baseline-s140926,baseline,trader-00,baseline,4,hold,0,0,0.0,0,,123.21,4,130.97,4,6.16,1.6,186.97,14.0,14.0,14.0,14.0,,"Given the current market price of $14, which aligns with the fundamental value, and considering that I hold 4 shares, it is prudent to hold. This allows me to benefit from potential dividends in the upcoming periods without incurring trading costs. My cash is not sufficient to buy additional shares at this price, and maintaining my current position is the best strategy to maximize wealth through dividends and the eventual redemption value."
baseline-s140926,baseline,trader-01,baseline,4,hold,0,0,0.0,0,,123.21,4,130.97,4,6.16,1.6,186.97,14.0,14.0,14.0,14.0,,"The asset's fundamental value remains stable at $14, and I expect this trend to continue. Holding my 4 shares allows me to benefit from potential dividends while avoiding selling at a possibly lower market price. With $123.21 in cash, I can also accumulate interest over the remaining periods. Therefore, holding is the best strategy to maximize my final cash wealth."
baseline-s140926,baseline,trader-02,baseline,4,hold,0,0,0.0,0,,123.21,4,130.97,4,6.16,1.6,186.97,14.0,14.0,14.0,14.0,,"Given the fundamental value of the asset is $14 and the expected dividends are equally likely to be $0.40 or $1.00, I will hold my current position. This strategy allows me to earn interest on my cash while retaining my shares for potential future gains, especially considering the market price is expected to stay stable around the fundamental value."
baseline-s140926,baseline,trader-03,baseline,4,hold,0,0,0.0,0,,123.21,4,130.97,4,6.16,1.6,186.97,14.0,14.0,14.0,14.0,,"Given the fundamental value of the asset is $14 and the current price is also $14, it is prudent to hold my position. I currently have 4 shares that can yield dividends, which may be either $0.40 or $1.00. By holding, I can benefit from potential dividends while maintaining cash for future opportunities. There is no immediate need to trade, and sticking to a cautious approach ensures I don't negatively impact my overall wealth."
baseline-s140926,baseline,trader-04,baseline,4,hold,0,0,0.0,0,,123.21,4,130.97,4,6.16,1.6,186.97,14.0,14.0,14.0,14.0,,"The market price remains aligned with the fundamental value of $14. Given the uncertainty in dividends and the stability of the asset's value, holding my current position of 4 shares is prudent. This allows me to benefit from potential dividends while preserving cash for future trading periods."
baseline-s140926,baseline,trader-05,baseline,4,hold,0,0,0.0,0,,123.21,4,130.97,4,6.16,1.6,186.97,14.0,14.0,14.0,14.0,,"Given the consistent fundamental value of the asset at $14 and the expected dividends ($0.40 or $1.00), holding my current position of 4 shares is the best strategy. Selling would not yield better returns, and buying would stretch my cash reserves without clear upside in price. Therefore, I will hold my shares and retain my cash for future opportunities or dividends, while ensuring I can redeem my shares at $14 each in the final period."
baseline-s140926,baseline,trader-06,baseline,4,hold,0,0,0.0,0,,123.21,4,130.97,4,6.16,1.6,186.97,14.0,14.0,14.0,14.0,,"The asset's fundamental value remains at $14, and I currently hold 4 shares. Given the potential dividends this period, which could be either $0.40 or $1.00, holding my shares is the most prudent strategy. I have sufficient cash ($123.21) to cover my position, and there is no immediate incentive to buy or sell at this time. Maintaining my current position allows me to benefit from dividends while awaiting the final redemption value at period 30."
baseline-s140926,baseline,trader-07,baseline,4,hold,0,0,0.0,0,,123.21,4,130.97,4,6.16,1.6,186.97,14.0,14.0,14.0,14.0,,"The asset's fundamental value is consistently $14, and the market price reflects this as well. Holding my current position of 4 shares is optimal, as I will benefit from dividends and the eventual redemption at $14 per share. Given the current market price is also $14, there is no incentive to buy or sell at this price."
baseline-s140926,baseline,trader-08,baseline,4,hold,0,0,0.0,0,,123.21,4,130.97,4,6.16,1.6,186.97,14.0,14.0,14.0,14.0,,"Given the stable fundamental value of the asset at $14 and the dividends that are expected to vary, holding my current position of 4 shares is prudent. This strategy allows me to benefit from potential dividends over the next periods and the final redemption value of $14 at the end of the trading. Maintaining my shares minimizes risk in uncertain market conditions, particularly when the last transaction price aligns with the fundamental value."
baseline-s140926,baseline,trader-09,baseline,4,hold,0,0,0.0,0,,123.21,4,130.97,4,6.16,1.6,186.97,14.0,14.0,14.0,14.0,,"The fundamental value of the asset remains at $14, and I expect to receive dividends from my 4 shares. Holding my position allows me to benefit from the potential dividends of $0.40 or $1.00 while maintaining my shares for the final redemption value of $14. No buying or selling action is optimal at this period."
baseline-s140926,baseline,trader-10,baseline,4,hold,0,0,0.0,0,,123.21,4,130.97,4,6.16,1.6,186.97,14.0,14.0,14.0,14.0,,"The asset's fundamental value remains at $14, and holding my 4 shares is the most prudent decision. This allows me to benefit from potential future dividends of $0.40 or $1.00. Selling now would not capitalize on these potential gains, and maintaining my current position maximizes my cash wealth in the long run. I will continue to earn interest on my cash while holding the shares for potential dividends."
baseline-s140926,baseline,trader-11,baseline,4,hold,0,0,0.0,0,,123.21,4,130.97,4,6.16,1.6,186.97,14.0,14.0,14.0,14.0,,"The asset's fundamental value remains at $14 each period. I currently hold 4 shares, which allows me to benefit from potential dividends of $0.40 or $1.00. Holding my position maximizes my potential wealth due to these dividends while my cash earns 5% interest. Since I cannot borrow cash or short shares, holding is the optimal strategy to maximize my final cash wealth."
baseline-s140926,baseline,trader-00,baseline,5,hold,0,0,0.0,0,,130.97,4,139.12,4,6.55,1.6,195.12,14.0,14.0,14.0,14.0,,"Given that the market price is at the fundamental value of $14, and I currently hold 4 shares, it is prudent to hold. This strategy allows me to benefit from potential dividends without incurring trading costs or the risk of unfavorable price movements. My cash position is also not sufficient to buy additional shares at this price, so maintaining my current position is the best approach to maximize wealth through dividends and the eventual redemption value."
baseline-s140926,baseline,trader-01,baseline,5,hold,0,0,0.0,0,,130.97,4,139.12,4,6.55,1.6,195.12,14.0,14.0,14.0,14.0,,"The asset's fundamental value is consistently $14, and I expect this to remain stable. Holding my 4 shares allows me to benefit from potential dividends while avoiding selling at a possibly lower market price. With $130.97 in cash, I can accumulate interest over the remaining periods. Therefore, holding is the best strategy to maximize my final cash wealth."
baseline-s140926,baseline,trader-02,baseline,5,hold,0,0,0.0,0,,130.97,4,139.12,4,6.55,1.6,195.12,14.0,14.0,14.0,14.0,,"Given the fundamental value of the asset is $14 and the expected dividends are equally likely to be $0.40 or $1.00, I will hold my current position. This allows me to earn interest on my cash while maintaining my shares for potential future gains, as the market price is expected to remain stable around the fundamental value."
baseline-s140926,baseline,trader-03,baseline,5,hold,0,0,0.0,0,,130.97,4,139.12,4,6.55,1.6,195.12,14.0,14.0,14.0,14.0,,"Given that the fundamental value remains at $14 and the current price is also at $14, it is prudent to hold my position. I currently have 4 shares that may yield dividends, which could be either $0.40 or $1.00. Holding my shares allows me to benefit from potential dividends while maintaining cash for future opportunities. The market conditions suggest there's no immediate need to trade, and a cautious approach will help avoid negatively impacting my overall wealth."
baseline-s140926,baseline,trader-04,baseline,5,hold,0,0,0.0,0,,130.97,4,139.12,4,6.55,1.6,195.12,14.0,14.0,14.0,14.0,,"The market price is currently at the fundamental value of $14. Given the uncertainty surrounding dividends this period and the stability of the asset's value, holding my current position of 4 shares is a prudent strategy. This approach allows me to benefit from potential dividends while preserving my cash for future trading periods where more opportunities may arise."
baseline-s140926,baseline,trader-05,baseline,5,hold,0,0,0.0,0,,130.97,4,139.12,4,6.55,1.6,195.12,14.0,14.0,14.0,14.0,,"Given the consistent fundamental value of the asset at $14 and the expected dividends of either $0.40 or $1.00, holding my current position of 4 shares is the best strategy. I will not sell as it would not yield better returns, and buying would stretch my cash reserves without clear upside in price. Thus, I will hold my shares and retain my cash for future opportunities or dividends, ensuring I can redeem my shares at $14 each in the final period."
baseline-s140926,baseline,trader-06,baseline,5,hold,0,0,0.0,0,,130.97,4,139.12,4,6.55,1.6,195.12,14.0,14.0,14.0,14.0,,"The asset's fundamental value remains at $14, and holding my 4 shares allows me to benefit from potential dividends this period. Given my current cash position of $130.97 and the expected cash flow from dividends, maintaining my position is the most prudent strategy. The market price is expected to remain stable at $14 in the near term, and I will benefit from dividends while waiting for the final redemption value at period 30."
baseline-s140926,baseline,trader-07,baseline,5,hold,0,0,0.0,0,,130.97,4,139.12,4,6.55,1.6,195.12,14.0,14.0,14.0,14.0,,"The asset's fundamental value is consistently $14, and the current market price reflects this. Holding my current position of 4 shares is optimal, as I will benefit from dividends and the eventual redemption at $14 per share. Given the current market price is also $14, there is no incentive to buy or sell at this price."
baseline-s140926,baseline,trader-08,baseline,5,hold,0,0,0.0,0,,130.97,4,139.12,4,6.55,1.6,195.12,14.0,14.0,14.0,14.0,,"Given the stable fundamental value of the asset at $14 and the dividends expected to vary, holding my current position of 4 shares seems prudent. This strategy allows me to benefit from potential dividends over the next periods and the final redemption value of $14 at the end of the trading. The market conditions appear stable, and maintaining my shares minimizes risk while maximizing potential long-term wealth."
baseline-s140926,baseline,trader-09,baseline,5,hold,0,0,0.0,0,,130.97,4,139.12,4,6.55,1.6,195.12,14.0,14.0,14.0,14.0,,"The fundamental value of the asset remains at $14, and I expect to receive dividends from my 4 shares this period. Holding my position allows me to benefit from the potential dividends of $0.40 or $1.00 while maintaining my shares for the final redemption value of $14. No buying or selling action is optimal at this period."
baseline-s140926,baseline,trader-10,baseline,5,hold,0,0,0.0,0,,130.97,4,139.12,4,6.55,1.6,195.12,14.0,14.0,14.0,14.0,,"The asset's fundamental value remains at $14, and holding my 4 shares is the most prudent decision. This allows me to benefit from potential future dividends of $0.40 or $1.00. Selling now would not capitalize on these potential gains, and maintaining my current position maximizes my cash wealth in the long run. I will continue to earn interest on my cash while holding the shares for potential dividends."
baseline-s140926,baseline,trader-11,baseline,5,hold,0,0,0.0,0,,130.97,4,139.12,4,6.55,1.6,195.12,14.0,14.0,14.0,14.0,,"The asset's fundamental value remains stable at $14 each period. Holding my 4 shares allows me to benefit from potential dividends of $0.40 or $1.00 while my cash earns 5% interest. Given that I cannot borrow cash or short shares, holding is the optimal strategy to maximize my final cash wealth."
baseline-s140926,baseline,trader-00,baseline,6,hold,0,0,0.0,0,,139.12,4,150.08,4,6.96,4.0,206.08,14.0,14.0,14.0,14.0,,"Given that the market price is currently at the fundamental value of $14 and I hold 4 shares, it is prudent to hold. This strategy allows me to benefit from potential dividends, which can significantly contribute to my cash wealth over time. Additionally, my cash position is not sufficient to buy additional shares at this price, so maintaining my current position maximizes my potential returns through dividends and the eventual redemption value."
baseline-s140926,baseline,trader-01,baseline,6,hold,0,0,0.0,0,,139.12,4,150.08,4,6.96,4.0,206.08,14.0,14.0,14.0,14.0,,"The asset's fundamental value remains stable at $14, and I expect this trend to continue. Holding my 4 shares allows me to benefit from potential dividends while avoiding selling at a possibly lower market price. With $139.12 in cash, I can also accumulate interest over the remaining periods. Therefore, holding is the best strategy to maximize my final cash wealth."
baseline-s140926,baseline,trader-02,baseline,6,hold,0,0,0.0,0,,139.12,4,150.08,4,6.96,4.0,206.08,14.0,14.0,14.0,14.0,,"Given the fundamental value of the asset is $14 and the expected dividends are equally likely to be $0.40 or $1.00, I will hold my current position. This allows me to earn interest on my cash while maintaining my shares for potential future gains, as the market price is expected to remain stable around the fundamental value."
baseline-s140926,baseline,trader-03,baseline,6,hold,0,0,0.0,0,,139.12,4,150.08,4,6.96,4.0,206.08,14.0,14.0,14.0,14.0,,"Given the fundamental value of the asset is $14 and the current price is also $14, it is prudent to hold my position. I currently have 4 shares that may yield dividends, which could be either $0.40 or $1.00. Holding allows me to benefit from potential dividends while keeping cash for future opportunities. There is no immediate need to trade, and a cautious approach helps avoid negatively impacting my overall wealth."
baseline-s140926,baseline,trader-04,baseline,6,hold,0,0,0.0,0,,139.12,4,150.08,4,6.96,4.0,206.08,14.0,14.0,14.0,14.0,,"Given that the market price is currently at the fundamental value of $14 and considering the uncertainty related to dividend payouts, I will continue to hold my current position of 4 shares. This allows me to benefit from potential dividends while preserving cash for future trading opportunities. Holding is a prudent strategy as it aligns with my previous decisions and optimizes my final cash wealth."
baseline-s140926,baseline,trader-05,baseline,6,hold,0,0,0.0,0,,139.12,4,150.08,4,6.96,4.0,206.08,14.0,14.0,14.0,14.0,,"Given the consistent fundamental value of the asset at $14 and the expected dividends of either $0.40 or $1.00, holding my current position of 4 shares is the best strategy. I will not sell as it would not yield better returns, and buying would stretch my cash reserves without clear upside in price. Thus, I will hold my shares and retain my cash for future opportunities or dividends, ensuring I can redeem my shares at $14 each in the final period."
baseline-s140926,baseline,trader-06,baseline,6,hold,0,0,0.0,0,,139.12,4,150.08,4,6.96,4.0,206.08,14.0,14.0,14.0,14.0,,"The asset's fundamental value is $14, and it is expected to remain stable in the near term. I currently hold 4 shares and have $139.12 in cash. Holding my shares is the most prudent strategy as I can benefit from potential dividends this period, which may be either $0.40 or $1.00. Given that I have sufficient cash to cover any potential needs and no immediate incentive to buy or sell, maintaining my position allows me to maximize my final cash wealth while awaiting the final redemption value at period 30."
baseline-s140926,baseline,trader-07,baseline,6,hold,0,0,0.0,0,,139.12,4,150.08,4,6.96,4.0,206.08,14.0,14.0,14.0,14.0,,"The asset's fundamental value is $14, and the current market price is also $14. There is no incentive to buy or sell at this price. Holding my current position of 4 shares is optimal, as I will benefit from dividends and the eventual redemption at $14 per share. Therefore, I will maintain my current strategy and hold."
baseline-s140926,baseline,trader-08,baseline,6,hold,0,0,0.0,0,,139.12,4,150.08,4,6.96,4.0,206.08,14.0,14.0,14.0,14.0,,"Given the stable fundamental value of the asset at $14 and the recent dividends indicating potential variability, holding my current position of 4 shares seems prudent. This strategy allows me to benefit from future dividends and the final redemption value of $14 at the end of the trading. Maintaining my shares minimizes risk in uncertain market conditions, particularly as all indicators suggest stability. Thus, I will hold my shares for potential long-term wealth maximization."
baseline-s140926,baseline,trader-09,baseline,6,hold,0,0,0.0,0,,139.12,4,150.08,4,6.96,4.0,206.08,14.0,14.0,14.0,14.0,,"The fundamental value of the asset remains at $14, and I expect to receive dividends from my 4 shares this period. Holding my position allows me to benefit from the potential dividends of $0.40 or $1.00 while maintaining my shares for the final redemption value of $14. No buying or selling action is optimal at this period."
baseline-s140926,baseline,trader-10,baseline,6,hold,0,0,0.0,0,,139.12,4,150.08,4,6.96,4.0,206.08,14.0,14.0,14.0,14.0,,"The asset's fundamental value remains at $14, and holding my 4 shares is the most prudent decision. This allows me to benefit from potential future dividends of $0.40 or $1.00. Selling now would not capitalize on these potential gains, and maintaining my current position maximizes my cash wealth in the long run. I will continue to earn interest on my cash while holding the shares for potential dividends."
baseline-s140926,baseline,trader-11,baseline,6,hold,0,0,0.0,0,,139.12,4,150.08,4,6.96,4.0,206.08,14.0,14.0,14.0,14.0,,"The asset's fundamental value remains stable at $14 each period. I currently hold 4 shares, which allows me to benefit from potential dividends of $0.40 or $1.00. Holding my position maximizes my potential wealth due to these dividends while my cash earns 5% interest. Since I cannot borrow cash or short shares, holding is the optimal strategy to maximize my final cash wealth."
baseline-s140926,baseline,trader-00,baseline,7,hold,0,0,0.0,0,,150.08,4,161.58,4,7.5,4.0,217.58,14.0,14.0,14.0,14.0,,"The market price is stable at the fundamental value of $14, which is expected to remain consistent in the near future. Holding my 4 shares allows me to benefit from potential dividends and avoids trading costs or unfavorable market movements. Since my cash is not sufficient to buy additional shares at this price, maintaining my current position is the best strategy to maximize my wealth through dividends and the eventual redemption value."
baseline-s140926,baseline,trader-01,baseline,7,hold,0,0,0.0,0,,150.08,4,161.58,4,7.5,4.0,217.58,14.0,14.0,14.0,14.0,,"The asset's fundamental value remains stable at $14, and I expect this trend to continue. Holding my 4 shares allows me to benefit from potential dividends while avoiding selling at a possibly lower market price. With $150.08 in cash, I can also accumulate interest over the remaining periods. Therefore, holding is the best strategy to maximize my final cash wealth."
baseline-s140926,baseline,trader-02,baseline,7,hold,0,0,0.0,0,,150.08,4,161.58,4,7.5,4.0,217.58,14.0,14.0,14.0,14.0,,"Given the fundamental value of the asset is $14, and the expected dividends are equally likely to be $0.40 or $1.00, I will hold my current position. This strategy allows me to earn interest on my cash while retaining my shares for potential future gains, as the market price is expected to remain stable around the fundamental value."
baseline-s140926,baseline,trader-03,baseline,7,hold,0,0,0.0,0,,150.08,4,161.58,4,7.5,4.0,217.58,14.0,14.0,14.0,14.0,,"Given the fundamental value of the asset is $14 and the current price is also $14, it is prudent to hold my shares. I currently have 4 shares that can yield dividends, which may be either $0.40 or $1.00. Holding allows me to benefit from potential dividends while keeping cash for future opportunities. There is no immediate need to trade, and a cautious approach helps avoid negatively impacting my overall wealth."
baseline-s140926,baseline,trader-04,baseline,7,hold,0,0,0.0,0,,150.08,4,161.58,4,7.5,4.0,217.58,14.0,14.0,14.0,14.0,,"The current market price is at the fundamental value of $14, and my position of 4 shares continues to be a solid investment given the potential for dividends. Holding my shares maintains my exposure to possible dividends while preserving my cash for future trading periods. Given the stability of the asset's value and the uncertainty around dividend payouts, holding is a prudent strategy."
baseline-s140926,baseline,trader-05,baseline,7,hold,0,0,0.0,0,,150.08,4,161.58,4,7.5,4.0,217.58,14.0,14.0,14.0,14.0,,"Given the consistent fundamental value of the asset at $14, and the expected dividends of either $0.40 or $1.00, holding my current position of 4 shares is the best strategy. I will not sell as it would not yield better returns, and buying would stretch my cash reserves without clear upside in price. Thus, I will hold my shares and retain my cash for future opportunities or dividends, ensuring I can redeem my shares at $14 each in the final period."
baseline-s140926,baseline,trader-06,baseline,7,hold,0,0,0.0,0,,150.08,4,161.58,4,7.5,4.0,217.58,14.0,14.0,14.0,14.0,,"The asset's fundamental value remains stable at $14, and I currently hold 4 shares. Holding my shares allows me to benefit from potential dividends this period, which are equally likely to be $0.40 or $1.00. Given my cash position of $150.08, there is no immediate incentive to buy or sell. Maintaining my current position allows me to maximize my final cash wealth while awaiting the final redemption value at period 30."
baseline-s140926,baseline,trader-07,baseline,7,hold,0,0,0.0,0,,150.08,4,161.58,4,7.5,4.0,217.58,14.0,14.0,14.0,14.0,,"The asset's fundamental value is $14, and the current market price reflects this. Holding my current position of 4 shares is optimal, as I will benefit from dividends and the eventual redemption at $14 per share. Given the current market price is also $14, there is no incentive to buy or sell at this price."
baseline-s140926,baseline,trader-08,baseline,7,hold,0,0,0.0,0,,150.08,4,161.58,4,7.5,4.0,217.58,14.0,14.0,14.0,14.0,,"Given the stable fundamental value of the asset at $14 and the consistent dividends that have been recently distributed, holding my current position of 4 shares seems prudent. This strategy allows me to benefit from potential dividends and the final redemption value of $14 at the end of the trading periods. Market conditions appear stable, and maintaining my shares minimizes risk while maximizing potential long-term wealth."
baseline-s140926,baseline,trader-09,baseline,7,hold,0,0,0.0,0,,150.08,4,161.58,4,7.5,4.0,217.58,14.0,14.0,14.0,14.0,,"The fundamental value of the asset is $14, and with 4 shares, I will continue to benefit from potential dividends of $0.40 or $1.00. Holding my position is optimal as I aim to maximize future dividends while maintaining shares for final redemption value of $14."
baseline-s140926,baseline,trader-10,baseline,7,hold,0,0,0.0,0,,150.08,4,161.58,4,7.5,4.0,217.58,14.0,14.0,14.0,14.0,,"The asset's fundamental value remains at $14, and I currently hold 4 shares. Holding my shares allows me to benefit from potential future dividends of $0.40 or $1.00. Given the stable market conditions and the expected dividends, it is prudent to maintain my current position to maximize cash wealth in the long term. Selling now would not capitalize on these potential gains, and I will continue to earn interest on my cash."
baseline-s140926,baseline,trader-11,baseline,7,hold,0,0,0.0,0,,150.08,4,161.58,4,7.5,4.0,217.58,14.0,14.0,14.0,14.0,,"The asset's fundamental value remains stable at $14 each period. Holding my current 4 shares allows me to benefit from potential dividends of $0.40 or $1.00, which will contribute to my overall wealth. My cash is also earning 5% interest, enhancing my financial position. Given that I cannot borrow cash or short shares, holding is the optimal strategy to maximize my final cash wealth."
baseline-s140926,baseline,trader-00,baseline,8,hold,0,0,0.0,0,,161.58,4,171.26,4,8.08,1.6,227.26,14.0,14.0,14.0,14.0,,"The market price is stable at the fundamental value of $14, which is expected to remain consistent in the near future. Holding my 4 shares allows me to benefit from potential dividends while avoiding trading costs or unfavorable market movements. My current cash position does not allow for purchasing additional shares at this price, so maintaining my current position is the best strategy to maximize wealth through dividends and the eventual redemption value."
baseline-s140926,baseline,trader-01,baseline,8,hold,0,0,0.0,0,,161.58,4,171.26,4,8.08,1.6,227.26,14.0,14.0,14.0,14.0,,"The asset's fundamental value remains stable at $14, and I expect this trend to continue. Holding my 4 shares allows me to benefit from potential dividends while avoiding selling at a possibly lower market price. With $150.08 in cash, I can also accumulate interest over the remaining periods. Therefore, holding is the best strategy to maximize my final cash wealth."
baseline-s140926,baseline,trader-02,baseline,8,hold,0,0,0.0,0,,161.58,4,171.26,4,8.08,1.6,227.26,14.0,14.0,14.0,14.0,,"Given the fundamental value of the asset remains at $14 and the expected dividends are equally likely to be $0.40 or $1.00, I will hold my current position. This strategy allows me to earn interest on my cash while retaining my shares for potential future gains, especially considering the market price is expected to stay stable around the fundamental value."
baseline-s140926,baseline,trader-03,baseline,8,hold,0,0,0.0,0,,161.58,4,171.26,4,8.08,1.6,227.26,14.0,14.0,14.0,14.0,,"Given the fundamental value of the asset is $14 and the current price is also at $14, it is prudent to hold my shares. I currently have 4 shares that can yield dividends, which may be either $0.40 or $1.00. Holding allows me to benefit from potential dividends while keeping cash for future opportunities. There is no immediate need to trade, and a cautious approach helps avoid negatively impacting my overall wealth."
baseline-s140926,baseline,trader-04,baseline,8,hold,0,0,0.0,0,,161.58,4,171.26,4,8.08,1.6,227.26,14.0,14.0,14.0,14.0,,"The current market price aligns with the fundamental value of $14. Given the potential for dividends and the stability of the asset's value, holding my position of 4 shares is prudent. This allows me to benefit from potential dividends while preserving cash for future trading opportunities. Maintaining my current position is consistent with my previous strategy to optimize my final cash wealth."
baseline-s140926,baseline,trader-05,baseline,8,hold,0,0,0.0,0,,161.58,4,171.26,4,8.08,1.6,227.26,14.0,14.0,14.0,14.0,,"Given the stable fundamental value of the asset at $14 and the expected dividends of $0.40 or $1.00, holding my current position of 4 shares is the best strategy. Selling would not yield better returns, and buying would stretch my cash reserves without a clear upside in price. Therefore, I will hold my shares and retain my cash for future opportunities or dividends, ensuring I can redeem my shares at $14 each in the final period."
baseline-s140926,baseline,trader-06,baseline,8,hold,0,0,0.0,0,,161.58,4,171.26,4,8.08,1.6,227.26,14.0,14.0,14.0,14.0,,"The asset's fundamental value remains at $14, and I currently hold 4 shares. Holding my shares allows me to benefit from potential dividends this period, which are equally likely to be $0.40 or $1.00. Given my cash position of $161.58, there is no immediate incentive to buy or sell. Maintaining my current position allows me to maximize my final cash wealth while awaiting the final redemption value at period 30."
baseline-s140926,baseline,trader-07,baseline,8,hold,0,0,0.0,0,,161.58,4,171.26,4,8.08,1.6,227.26,14.0,14.0,14.0,14.0,,"The asset's fundamental value remains at $14, and the current market price reflects this. Holding my current position of 4 shares is optimal, as I will benefit from potential dividends and the eventual redemption value of $14 per share. Given the current market price is also $14, there is no incentive to buy or sell at this price. Therefore, I will maintain my current strategy and hold."
baseline-s140926,baseline,trader-08,baseline,8,hold,0,0,0.0,0,,161.58,4,171.26,4,8.08,1.6,227.26,14.0,14.0,14.0,14.0,,"Given the stable fundamental value of the asset at $14 and the recent consistent dividends, holding my current position of 4 shares seems prudent. This strategy allows me to benefit from potential dividends and the final redemption value of $14 at the end of the trading periods. The market conditions appear stable, and maintaining my shares minimizes risk while maximizing potential long-term wealth."
baseline-s140926,baseline,trader-09,baseline,8,hold,0,0,0.0,0,,161.58,4,171.26,4,8.08,1.6,227.26,14.0,14.0,14.0,14.0,,"The fundamental value of the asset remains at $14, and with 4 shares, I will continue to receive dividends of either $0.40 or $1.00. Given that I have sufficient cash to benefit from potential dividends while maintaining my shares for final redemption, it is optimal to hold my position this period."
baseline-s140926,baseline,trader-10,baseline,8,hold,0,0,0.0,0,,161.58,4,171.26,4,8.08,1.6,227.26,14.0,14.0,14.0,14.0,,"The asset's fundamental value remains at $14, and I currently hold 4 shares. Holding my shares allows me to benefit from potential future dividends of $0.40 or $1.00. Given the stable market conditions and expected dividends, it is prudent to maintain my current position to maximize cash wealth in the long term. Selling now would not capitalize on these potential gains, and I will continue to earn interest on my cash."
baseline-s140926,baseline,trader-11,baseline,8,hold,0,0,0.0,0,,161.58,4,171.26,4,8.08,1.6,227.26,14.0,14.0,14.0,14.0,,"The asset's fundamental value remains stable at $14 each period. Holding my current 4 shares allows me to benefit from potential dividends of $0.40 or $1.00, which will contribute to my overall wealth. My cash is also earning 5% interest, enhancing my financial position. Given that I cannot borrow cash or short shares, holding is the optimal strategy to maximize my final cash wealth."
baseline-s140926,baseline,trader-00,baseline,9,hold,0,0,0.0,0,,171.26,4,183.82,4,8.56,4.0,239.82,14.0,14.0,14.0,14.0,,"The market price remains at the fundamental value of $14, which is expected to hold steady in the near term. Holding my 4 shares allows me to benefit from potential dividends while avoiding trading costs or unfavorable market movements. Given my current cash position, which is not sufficient to buy additional shares, maintaining my current position is the best strategy to maximize my wealth through upcoming dividends and the eventual redemption value."
baseline-s140926,baseline,trader-01,baseline,9,hold,0,0,0.0,0,,171.26,4,183.82,4,8.56,4.0,239.82,14.0,14.0,14.0,14.0,,"The asset's fundamental value remains stable at $14, and I expect this trend to continue. Holding my 4 shares allows me to benefit from potential dividends while avoiding selling at a possibly lower market price. With $171.26 in cash, I can also accumulate interest over the remaining periods. Therefore, holding is the best strategy to maximize my final cash wealth."
baseline-s140926,baseline,trader-02,baseline,9,sell,2,2,14.0,0,,171.26,4,183.82,4,8.56,4.0,239.82,14.0,14.0,14.0,14.0,,"Given the fundamental value of the asset is $14 and I currently hold 4 shares, I will sell 2 shares at the limit price of $14. This allows me to realize some cash while still retaining a portion of my shares. The market price is expected to remain stable around the fundamental value, and selling now will help maximize my cash wealth."
baseline-s140926,baseline,trader-03,baseline,9,hold,0,0,0.0,0,,171.26,4,183.82,4,8.56,4.0,239.82,14.0,14.0,14.0,14.0,,"Given that the fundamental value of the asset is $14 and the current price is also at $14, it is prudent to hold my position. I currently have 4 shares that may yield dividends, which could be either $0.40 or $1.00. Holding allows me to benefit from potential dividends while keeping cash for future opportunities. There is no immediate need to trade, and a cautious approach helps avoid negatively impacting my overall wealth."
baseline-s140926,baseline,trader-04,baseline,9,hold,0,0,0.0,0,,171.26,4,183.82,4,8.56,4.0,239.82,14.0,14.0,14.0,14.0,,"The market price remains aligned with the fundamental value of $14, and holding my current position of 4 shares allows me to benefit from potential dividends. Given the uncertainty of dividends and the stability of the asset's value, it is prudent to maintain my position and preserve cash for future trading opportunities. This strategy optimizes my final cash wealth."
baseline-s140926,baseline,trader-05,baseline,9,hold,0,0,0.0,0,,171.26,4,183.82,4,8.56,4.0,239.82,14.0,14.0,14.0,14.0,,"Given the consistent fundamental value of the asset at $14, I believe holding my current position of 4 shares is the best strategy. Selling would not yield better returns, and buying would stretch my cash reserves without clear upside in price. The dividends expected ($0.40 or $1.00) further support this decision. Thus, I will hold my shares and retain my cash for future opportunities, ensuring I can redeem my shares at $14 each in the final period."
baseline-s140926,baseline,trader-06,baseline,9,hold,0,0,0.0,0,,171.26,4,183.82,4,8.56,4.0,239.82,14.0,14.0,14.0,14.0,,"The asset's fundamental value remains stable at $14, and I currently hold 4 shares. Holding my shares allows me to benefit from potential dividends this period, which are equally likely to be $0.40 or $1.00. Given my cash position of $171.26 and the expected cash flow from dividends, there is no immediate incentive to buy or sell. Maintaining my current position allows me to maximize my final cash wealth while awaiting the final redemption value at period 30."
baseline-s140926,baseline,trader-07,baseline,9,hold,0,0,0.0,0,,171.26,4,183.82,4,8.56,4.0,239.82,14.0,14.0,14.0,14.0,,"The asset's fundamental value remains consistent at $14, which aligns with the current market price. Given that I hold 4 shares, maintaining my position is optimal, allowing me to benefit from dividends and the eventual redemption value of $14 per share. There is no incentive to buy or sell at this price, so I will continue to hold."
baseline-s140926,baseline,trader-08,baseline,9,hold,0,0,0.0,0,,171.26,4,183.82,4,8.56,4.0,239.82,14.0,14.0,14.0,14.0,,"Given that the fundamental value of the asset is consistently $14 and the dividends vary between $0.40 and $1.00, holding my current position of 4 shares remains prudent. This strategy allows me to benefit from potential dividends and the final redemption value of $14 at the end of the trading. With 22 trading periods remaining, maintaining my shares mitigates risk and positions me for long-term wealth maximization."
baseline-s140926,baseline,trader-09,baseline,9,hold,0,0,0.0,0,,171.26,4,183.82,4,8.56,4.0,239.82,14.0,14.0,14.0,14.0,,"The fundamental value of the asset is $14, and I expect to continue receiving dividends from my 4 shares. Given that holding my position allows me to benefit from dividends while anticipating the final redemption value of $14, it is optimal to hold my shares this period. I will not buy or sell as I aim to maximize my cash wealth in the long term."
baseline-s140926,baseline,trader-10,baseline,9,hold,0,0,0.0,0,,171.26,4,183.82,4,8.56,4.0,239.82,14.0,14.0,14.0,14.0,,"The asset's fundamental value remains at $14. Holding my 4 shares allows me to benefit from potential future dividends of $0.40 or $1.00, which are equally likely. Selling now would not capitalize on these potential gains. Additionally, I will continue to earn interest on my cash, maximizing my overall cash wealth in the long run. Therefore, maintaining my current position is the most prudent decision."
baseline-s140926,baseline,trader-11,baseline,9,hold,0,0,0.0,0,,171.26,4,183.82,4,8.56,4.0,239.82,14.0,14.0,14.0,14.0,,"The asset's fundamental value is consistently at $14 each period. Holding my current 4 shares allows me to benefit from potential dividends of $0.40 or $1.00, which will contribute to my overall wealth. Additionally, my cash is earning 5% interest, enhancing my financial position over time. Given that I cannot borrow cash or short shares, holding is the optimal strategy to maximize my final cash wealth."
baseline-s140926,baseline,trader-00,baseline,10,hold,0,0,0.0,0,,183.82,4,197.01,4,9.19,4.0,253.01,14.0,14.0,14.0,14.0,,"The market price is stable at the fundamental value of $14, which is expected to remain consistent in the near future. Holding my 4 shares allows me to benefit from potential dividends while avoiding trading costs or unfavorable market movements. My cash position is not sufficient to buy additional shares at this price, so maintaining my current position is the best strategy to maximize wealth through dividends and the eventual redemption value."
baseline-s140926,baseline,trader-01,baseline,10,hold,0,0,0.0,0,,183.82,4,197.01,4,9.19,4.0,253.01,14.0,14.0,14.0,14.0,,"The asset's fundamental value remains stable at $14 and is expected to stay consistent in the near future. Holding my 4 shares allows me to benefit from potential dividends, which can enhance my cash position. Additionally, my cash balance is growing due to interest accumulation. Therefore, holding is the best strategy to maximize my final cash wealth over the remaining periods."
baseline-s140926,baseline,trader-02,baseline,10,sell,2,2,14.0,0,,183.82,4,197.01,4,9.19,4.0,253.01,14.0,14.0,14.0,14.0,,"Given the fundamental value of the asset remains at $14 and I currently hold 4 shares, I will sell 2 shares at the limit price of $14. This allows me to realize some cash while still retaining a portion of my shares. The market price is expected to remain stable around the fundamental value, and selling now will help maximize my cash wealth."
baseline-s140926,baseline,trader-03,baseline,10,hold,0,0,0.0,0,,183.82,4,197.01,4,9.19,4.0,253.01,14.0,14.0,14.0,14.0,,"The fundamental value of the asset remains at $14. With the current price also being $14, and considering the uncertainty of dividends (which can either be $0.40 or $1.00), it is prudent to hold my position. I currently have 4 shares that may yield dividends, and holding allows me to benefit from these while maintaining cash for future opportunities. There is no immediate need to trade, and a cautious approach will help avoid negatively impacting my overall wealth."
baseline-s140926,baseline,trader-04,baseline,10,hold,0,0,0.0,0,,183.82,4,197.01,4,9.19,4.0,253.01,14.0,14.0,14.0,14.0,,"The current market price is at the fundamental value of $14, and my position of 4 shares continues to be a solid investment given the potential for dividends. Holding my shares maintains my exposure to possible dividends while preserving my cash for future trading periods. Given the stability of the asset's value and the uncertainty around dividend payouts, holding is a prudent strategy."
baseline-s140926,baseline,trader-05,baseline,10,hold,0,0,0.0,0,,183.82,4,197.01,4,9.19,4.0,253.01,14.0,14.0,14.0,14.0,,"Given the consistent fundamental value of the asset at $14 and expected dividends of either $0.40 or $1.00, holding my current position of 4 shares is the best strategy. Selling would not yield better returns, and buying would stretch my cash reserves without clear upside in price. Retaining my cash allows for flexibility in future periods, ensuring I can redeem my shares at $14 each in the final period."
baseline-s140926,baseline,trader-06,baseline,10,hold,0,0,0.0,0,,183.82,4,197.01,4,9.19,4.0,253.01,14.0,14.0,14.0,14.0,,"The asset's fundamental value remains stable at $14, and I currently hold 4 shares. Holding my shares allows me to benefit from potential dividends this period, which are equally likely to be $0.40 or $1.00. Given my cash position of $183.82 and the expected cash flow from dividends, there is no immediate incentive to buy or sell. Maintaining my current position allows me to maximize my final cash wealth while awaiting the final redemption value at period 30."
baseline-s140926,baseline,trader-07,baseline,10,hold,0,0,0.0,0,,183.82,4,197.01,4,9.19,4.0,253.01,14.0,14.0,14.0,14.0,,"The asset's fundamental value is consistently $14, and the current market price reflects this as well. Holding my current position of 4 shares is optimal as I will continue to benefit from dividends and the eventual redemption at $14 per share. There is no incentive to buy or sell at this price."
baseline-s140926,baseline,trader-08,baseline,10,hold,0,0,0.0,0,,183.82,4,197.01,4,9.19,4.0,253.01,14.0,14.0,14.0,14.0,,"Given the fundamental value of the asset is consistently $14 and the recent dividends have shown variability, holding my current position of 4 shares remains prudent. This strategy allows me to benefit from potential dividends while minimizing risk in uncertain market conditions. The redemption value at the end of the trading periods is also $14, which aligns well with my long-term wealth maximization goals."
baseline-s140926,baseline,trader-09,baseline,10,hold,0,0,0.0,0,,183.82,4,197.01,4,9.19,4.0,253.01,14.0,14.0,14.0,14.0,,"The fundamental value of the asset is $14, and I hold 4 shares. Given that dividends are equally likely to be $0.40 or $1.00, holding my shares maximizes future cash wealth while maintaining a position for the final redemption value of $14. No buying or selling action is optimal at this period."
baseline-s140926,baseline,trader-10,baseline,10,hold,0,0,0.0,0,,183.82,4,197.01,4,9.19,4.0,253.01,14.0,14.0,14.0,14.0,,"The asset's fundamental value remains at $14, and holding my 4 shares allows me to benefit from potential future dividends of $0.40 or $1.00. Given the stability of the market and the potential for dividends, it is prudent to maintain my current position. Selling now would not capitalize on these potential gains, and I will continue to earn interest on my cash, maximizing my overall cash wealth in the long run."
baseline-s140926,baseline,trader-11,baseline,10,hold,0,0,0.0,0,,183.82,4,197.01,4,9.19,4.0,253.01,14.0,14.0,14.0,14.0,,"The asset's fundamental value is consistently at $14 each period. Holding my current 4 shares allows me to benefit from potential dividends of $0.40 or $1.00, which will contribute to my overall wealth. Additionally, my cash is earning 5% interest, enhancing my financial position over time. Given that I cannot borrow cash or short shares, holding is the optimal strategy to maximize my final cash wealth."
baseline-s140926,baseline,trader-00,baseline,11,hold,0,0,0.0,0,,197.01,4,210.86,4,9.85,4.0,266.86,14.0,14.0,14.0,14.0,,"The market price remains at the fundamental value of $14, which is expected to hold steady in the near term. Holding my 4 shares allows me to benefit from potential dividends while avoiding trading costs or unfavorable market movements. My cash position does not allow for purchasing additional shares at this price, making holding the best strategy to maximize wealth through dividends and the eventual redemption value."
baseline-s140926,baseline,trader-01,baseline,11,hold,0,0,0.0,0,,197.01,4,210.86,4,9.85,4.0,266.86,14.0,14.0,14.0,14.0,,"The asset's fundamental value is consistently $14, and I expect this to remain stable in the near future. Holding my 4 shares allows me to benefit from potential dividends while avoiding selling at a potentially lower market price. With $197.01 in cash, I can also accumulate interest over the remaining periods. Therefore, holding is the best strategy to maximize my final cash wealth."
baseline-s140926,baseline,trader-02,baseline,11,sell,2,2,14.0,0,,197.01,4,210.86,4,9.85,4.0,266.86,14.0,14.0,14.0,14.0,,"Given that the fundamental value of the asset is $14 and the market price is expected to remain stable around this value, I will sell 2 shares at the limit price of $14. This allows me to realize cash while still retaining some shares for potential future gains, thus maximizing my overall cash wealth."
baseline-s140926,baseline,trader-03,baseline,11,hold,0,0,0.0,0,,197.01,4,210.86,4,9.85,4.0,266.86,14.0,14.0,14.0,14.0,,"Given that the fundamental value of the asset is $14 and the current price is also at $14, it is prudent to hold my shares. I currently have 4 shares that may yield dividends, which could be either $0.40 or $1.00. Holding allows me to benefit from potential dividends while keeping cash for future opportunities. With 20 trading periods remaining, maintaining a cautious approach without making hasty trades is essential to maximize overall wealth."
baseline-s140926,baseline,trader-04,baseline,11,hold,0,0,0.0,0,,197.01,4,210.86,4,9.85,4.0,266.86,14.0,14.0,14.0,14.0,,"The current market price aligns with the fundamental value of $14. Holding my position of 4 shares is prudent to benefit from potential dividends, which can vary between $0.40 and $1.00. Additionally, with 20 trading periods remaining, it is wise to maintain cash for future trading opportunities. This strategy allows me to maximize my final cash wealth while preserving my current assets."
baseline-s140926,baseline,trader-05,baseline,11,hold,0,0,0.0,0,,197.01,4,210.86,4,9.85,4.0,266.86,14.0,14.0,14.0,14.0,,"Given the consistent fundamental value of the asset at $14, and the expected dividends of either $0.40 or $1.00, holding my current position of 4 shares is the best strategy. Selling would not yield better returns, and buying would stretch my cash reserves without clear upside in price. Retaining my cash allows for flexibility in future periods, ensuring I can redeem my shares at $14 each in the final period."
baseline-s140926,baseline,trader-06,baseline,11,hold,0,0,0.0,0,,197.01,4,210.86,4,9.85,4.0,266.86,14.0,14.0,14.0,14.0,,"The asset's fundamental value is $14, and it is expected to remain stable in the near term. Holding my 4 shares allows me to benefit from potential dividends this period, which could be $0.40 or $1.00. Given my current cash position of $197.01, there is no immediate incentive to buy or sell. Maintaining my position maximizes my final cash wealth while I await the final redemption value at period 30."
baseline-s140926,baseline,trader-07,baseline,11,hold,0,0,0.0,0,,197.01,4,210.86,4,9.85,4.0,266.86,14.0,14.0,14.0,14.0,,"The asset's fundamental value remains at $14, and the current market price reflects this. I currently hold 4 shares, which allows me to benefit from dividends and the eventual redemption at $14 per share. Since there is no incentive to buy or sell at this price, I will maintain my position and hold."
baseline-s140926,baseline,trader-08,baseline,11,hold,0,0,0.0,0,,197.01,4,210.86,4,9.85,4.0,266.86,14.0,14.0,14.0,14.0,,"Given the consistent fundamental value of the asset at $14 and the variability in dividends that have been observed, I believe that holding my current position of 4 shares remains the most prudent decision. This approach allows me to benefit from potential dividends while minimizing risk in uncertain market conditions. The upcoming redemption value of $14 further supports this strategy. Thus, I will maintain my shares and not engage in buying or selling at this moment."
baseline-s140926,baseline,trader-09,baseline,11,hold,0,0,0.0,0,,197.01,4,210.86,4,9.85,4.0,266.86,14.0,14.0,14.0,14.0,,"The fundamental value of the asset remains at $14, and I hold 4 shares. Given that dividends are equally likely to be $0.40 or $1.00, holding my shares maximizes future cash wealth while maintaining a position for the final redemption value of $14. No buying or selling action is optimal at this period."
baseline-s140926,baseline,trader-10,baseline,11,hold,0,0,0.0,0,,197.01,4,210.86,4,9.85,4.0,266.86,14.0,14.0,14.0,14.0,,"The asset's fundamental value remains at $14, and holding my current 4 shares is the most prudent decision. This allows me to benefit from potential future dividends of $0.40 or $1.00 while also earning interest on my cash. Selling now would not capitalize on these potential gains, as the current market conditions suggest stability. Therefore, maintaining my position maximizes my cash wealth in the long run."
baseline-s140926,baseline,trader-11,baseline,11,hold,0,0,0.0,0,,197.01,4,210.86,4,9.85,4.0,266.86,14.0,14.0,14.0,14.0,,"The asset's fundamental value remains stable at $14 each period. Holding my current 4 shares allows me to benefit from potential dividends of $0.40 or $1.00, which will contribute to my overall wealth. My cash is also earning 5% interest, enhancing my financial position. Given that I cannot borrow cash or short shares, holding is the optimal strategy to maximize my final cash wealth."
baseline-s140926,baseline,trader-00,baseline,12,hold,0,0,0.0,0,,210.86,4,223.0,4,10.54,1.6,279.0,14.0,14.0,14.0,14.0,,"The market price remains stable at the fundamental value of $14, which is expected to hold steady in the near term. Holding my 4 shares allows me to benefit from potential dividends while avoiding trading costs or unfavorable market movements. My current cash position does not allow for purchasing additional shares at this price, making holding the best strategy to maximize wealth through dividends and the eventual redemption value."
baseline-s140926,baseline,trader-01,baseline,12,hold,0,0,0.0,0,,210.86,4,223.0,4,10.54,1.6,279.0,14.0,14.0,14.0,14.0,,"The asset's fundamental value remains stable at $14, and I expect this stability to continue in the near future. Holding my 4 shares allows me to benefit from potential dividends while avoiding the risk of selling at a potentially lower price. Additionally, my cash balance is growing due to interest accumulation. Therefore, maintaining my current position is the best strategy to maximize my final cash wealth."
baseline-s140926,baseline,trader-02,baseline,12,sell,2,2,14.0,0,,210.86,4,223.0,4,10.54,1.6,279.0,14.0,14.0,14.0,14.0,,"Given the fundamental value of the asset is $14, I will sell 2 shares at the limit price of $14. This allows me to realize cash while still retaining 2 shares for potential future gains. The market price is expected to remain stable around the fundamental value, and taking some profits now will help maximize my overall cash wealth."
baseline-s140926,baseline,trader-03,baseline,12,hold,0,0,0.0,0,,210.86,4,223.0,4,10.54,1.6,279.0,14.0,14.0,14.0,14.0,,"Given that the fundamental value of the asset remains at $14 and the current price is also $14, it is prudent to hold my shares. With 4 shares, I can benefit from potential dividends which could be either $0.40 or $1.00. There is no immediate need to trade, and maintaining a cautious approach allows me to maximize my overall wealth over the remaining periods."
baseline-s140926,baseline,trader-04,baseline,12,hold,0,0,0.0,0,,210.86,4,223.0,4,10.54,1.6,279.0,14.0,14.0,14.0,14.0,,"The market price remains stable at the fundamental value of $14, and I currently hold 4 shares. Given the uncertain dividend payouts and the stability of the asset's value, holding my position is prudent. This strategy allows me to benefit from potential dividends while maintaining cash reserves for future trading opportunities as we have 19 periods remaining."
baseline-s140926,baseline,trader-05,baseline,12,hold,0,0,0.0,0,,210.86,4,223.0,4,10.54,1.6,279.0,14.0,14.0,14.0,14.0,,"Given the stable fundamental value of the asset at $14 and the historical consistency of dividends, I believe that holding my current position of 4 shares is the best strategy. Selling would not yield better returns, and buying would stretch my cash reserves without clear upside in price. Thus, I will hold my shares and retain my cash for future opportunities or dividends, ensuring I can redeem my shares at $14 each in the final period."
baseline-s140926,baseline,trader-06,baseline,12,hold,0,0,0.0,0,,210.86,4,223.0,4,10.54,1.6,279.0,14.0,14.0,14.0,14.0,,"The asset's fundamental value remains at $14, which is expected to stay stable in the near term. I currently hold 4 shares and have $210.86 in cash. Holding my shares allows me to benefit from potential dividends this period, which may be either $0.40 or $1.00. Given that I have sufficient cash and no immediate incentive to buy or sell, maintaining my position is the most prudent strategy to maximize my final cash wealth while awaiting the final redemption value at period 30."
baseline-s140926,baseline,trader-07,baseline,12,hold,0,0,0.0,0,,210.86,4,223.0,4,10.54,1.6,279.0,14.0,14.0,14.0,14.0,,"The asset's fundamental value is consistently $14, which aligns with the current market price. Holding my current position of 4 shares is optimal, allowing me to benefit from dividends of either $0.40 or $1.00 each period and the eventual redemption value of $14 per share. Given that there is no incentive to buy or sell at this price, I will continue to hold."
baseline-s140926,baseline,trader-08,baseline,12,hold,0,0,0.0,0,,210.86,4,223.0,4,10.54,1.6,279.0,14.0,14.0,14.0,14.0,,"Given the consistent fundamental value of the asset at $14 and the variability in dividends observed, I believe that holding my current position of 4 shares remains the most prudent decision. This approach allows me to benefit from potential dividends while minimizing risk in uncertain market conditions. The upcoming redemption value of $14 further supports this strategy, as it aligns well with my long-term wealth maximization goals. Therefore, I will hold my shares and not engage in buying or selling at this moment."
baseline-s140926,baseline,trader-09,baseline,12,hold,0,0,0.0,0,,210.86,4,223.0,4,10.54,1.6,279.0,14.0,14.0,14.0,14.0,,"The fundamental value of the asset is $14, and I currently hold 4 shares. Given that dividends are equally likely to be $0.40 or $1.00, holding my shares maximizes future cash wealth while maintaining a position for the final redemption value of $14. There is no benefit in buying or selling at this time, thus I will hold my position."
baseline-s140926,baseline,trader-10,baseline,12,hold,0,0,0.0,0,,210.86,4,223.0,4,10.54,1.6,279.0,14.0,14.0,14.0,14.0,,"The asset's fundamental value remains at $14, and holding my current 4 shares is prudent to maximize cash wealth. Given that dividends of $0.40 or $1.00 are equally likely, retaining my shares allows me to benefit from these potential future gains. Additionally, I will continue to earn interest on my cash while holding the shares, which is a stable strategy given the current market conditions."
baseline-s140926,baseline,trader-11,baseline,12,hold,0,0,0.0,0,,210.86,4,223.0,4,10.54,1.6,279.0,14.0,14.0,14.0,14.0,,"The asset's fundamental value is stable at $14 each period. Holding my current 4 shares allows me to benefit from potential dividends of $0.40 or $1.00 while my cash earns 5% interest. Given that I cannot borrow cash or short shares, holding is the optimal strategy to maximize my final cash wealth."
baseline-s140926,baseline,trader-00,baseline,13,hold,0,0,0.0,0,,223.0,4,235.75,4,11.15,1.6,291.75,14.0,14.0,14.0,14.0,,"The market price is expected to remain stable at the fundamental value of $14 in the near term. Given my current holdings of 4 shares, I can benefit from potential dividends without incurring trading costs. My cash position does not allow for purchasing additional shares at this price, so holding is the most prudent strategy to maximize wealth through dividends and the eventual redemption value."
baseline-s140926,baseline,trader-01,baseline,13,hold,0,0,0.0,0,,223.0,4,235.75,4,11.15,1.6,291.75,14.0,14.0,14.0,14.0,,"The asset's fundamental value remains stable at $14, and I expect this to continue in the near future. Holding my 4 shares allows me to benefit from potential dividends while avoiding the risk of selling at a potentially lower price. Additionally, my cash balance is growing due to interest accumulation. Therefore, maintaining my current position is the best strategy to maximize my final cash wealth."
baseline-s140926,baseline,trader-02,baseline,13,hold,0,0,0.0,0,,223.0,4,235.75,4,11.15,1.6,291.75,14.0,14.0,14.0,14.0,,"Given the fundamental value of the asset is $14 and the expected dividends are equally likely to be $0.40 or $1.00, I will hold my current position. This allows me to earn interest on my cash while maintaining my shares for potential future gains. The market price is expected to remain stable around the fundamental value."
baseline-s140926,baseline,trader-03,baseline,13,hold,0,0,0.0,0,,223.0,4,235.75,4,11.15,1.6,291.75,14.0,14.0,14.0,14.0,,"Given that the fundamental value remains at $14 and the current price is also $14, it is prudent to hold my shares. I currently have 4 shares that can yield dividends, which may be either $0.40 or $1.00. Holding allows me to benefit from potential dividends while keeping cash available for future opportunities. There is no immediate need to trade, and maintaining a cautious approach will help maximize my overall wealth over the remaining periods."
baseline-s140926,baseline,trader-04,baseline,13,hold,0,0,0.0,0,,223.0,4,235.75,4,11.15,1.6,291.75,14.0,14.0,14.0,14.0,,"The current market price aligns with the fundamental value of $14. Given the uncertainty in dividend payouts, holding my current position of 4 shares is prudent. This allows me to benefit from potential dividends while preserving cash for future trading opportunities. With 18 periods remaining, it is wise to maintain cash for future trades, which will optimize my final cash wealth."
baseline-s140926,baseline,trader-05,baseline,13,hold,0,0,0.0,0,,223.0,4,235.75,4,11.15,1.6,291.75,14.0,14.0,14.0,14.0,,"Given the consistent fundamental value of the asset at $14 and the expected dividends, holding my current position of 4 shares is the best strategy. Selling would not yield better returns, and buying would stretch my cash reserves without clear upside in price. Retaining my cash allows for flexibility in future periods, ensuring I can redeem my shares at $14 each in the final period."
baseline-s140926,baseline,trader-06,baseline,13,hold,0,0,0.0,0,,223.0,4,235.75,4,11.15,1.6,291.75,14.0,14.0,14.0,14.0,,"The asset's fundamental value remains at $14, and I currently hold 4 shares. Holding my shares allows me to benefit from potential dividends this period, which could be $0.40 or $1.00. Given my current cash position of $223.00 (or $22300 cents), there is no immediate incentive to buy or sell. Maintaining my current position maximizes my final cash wealth while awaiting the final redemption value at period 30."
baseline-s140926,baseline,trader-07,baseline,13,hold,0,0,0.0,0,,223.0,4,235.75,4,11.15,1.6,291.75,14.0,14.0,14.0,14.0,,"The asset's fundamental value remains at $14, which aligns with the current market price. Holding my current position of 4 shares is optimal, allowing me to benefit from dividends of either $0.40 or $1.00 each period and the eventual redemption value of $14 per share. There is no incentive to buy or sell at this price, so I will continue to hold."
baseline-s140926,baseline,trader-08,baseline,13,hold,0,0,0.0,0,,223.0,4,235.75,4,11.15,1.6,291.75,14.0,14.0,14.0,14.0,,"Given the consistent fundamental value of the asset at $14 and the variability in dividends, holding my current position of 4 shares is prudent. This strategy allows me to benefit from potential dividends while minimizing risk in uncertain market conditions. The final redemption value of $14 further supports this decision, aligning with my long-term wealth maximization goals."
baseline-s140926,baseline,trader-09,baseline,13,hold,0,0,0.0,0,,223.0,4,235.75,4,11.15,1.6,291.75,14.0,14.0,14.0,14.0,,"The fundamental value of the asset is $14, and holding my 4 shares allows me to benefit from potential dividends of $0.40 or $1.00. Since the price is stable and I have a sufficient cash position, holding is optimal to maximize future cash wealth while also preparing for the final redemption value of $14."
baseline-s140926,baseline,trader-10,baseline,13,hold,0,0,0.0,0,,223.0,4,235.75,4,11.15,1.6,291.75,14.0,14.0,14.0,14.0,,"The asset's fundamental value remains at $14, and holding my current 4 shares is prudent to maximize cash wealth. Given that dividends of $0.40 or $1.00 are equally likely, retaining my shares allows me to benefit from these potential future gains. Additionally, I will continue to earn interest on my cash while holding the shares, which is a stable strategy given the current market conditions."
baseline-s140926,baseline,trader-11,baseline,13,hold,0,0,0.0,0,,223.0,4,235.75,4,11.15,1.6,291.75,14.0,14.0,14.0,14.0,,"The asset's fundamental value remains stable at $14 each period. Holding my current 4 shares allows me to benefit from potential dividends of $0.40 or $1.00, which will contribute to my overall wealth. Since my cash will also earn 5% interest, maintaining my position is the optimal strategy to maximize my final cash wealth. Given that I cannot borrow cash or short shares, holding is the most prudent decision at this moment."
baseline-s140926,baseline,trader-00,baseline,14,hold,0,0,0.0,0,,235.75,4,249.14,4,11.79,1.6,305.14,14.0,14.0,14.0,14.0,,"The market price is stable at the fundamental value of $14, which is expected to remain consistent in the near future. Holding my 4 shares allows me to benefit from potential dividends while avoiding trading costs or unfavorable market movements. With my current cash position, which is insufficient to buy additional shares at this price, maintaining my current position is the best strategy to maximize wealth through dividends and the eventual redemption value."
baseline-s140926,baseline,trader-01,baseline,14,hold,0,0,0.0,0,,235.75,4,249.14,4,11.79,1.6,305.14,14.0,14.0,14.0,14.0,,"The asset's fundamental value is consistently $14, and I expect this stability to continue. Holding my 4 shares allows me to benefit from potential dividends while avoiding the risk of selling at a potentially lower market price. Additionally, my cash balance is growing due to interest accumulation. Therefore, maintaining my current position is the best strategy to maximize my final cash wealth."
baseline-s140926,baseline,trader-02,baseline,14,sell,2,2,14.0,0,,235.75,4,249.14,4,11.79,1.6,305.14,14.0,14.0,14.0,14.0,,"Given that the fundamental value of the asset remains at $14 and the market price is expected to stabilize around this value, I will sell 2 shares at the limit price of $14. This allows me to realize cash while still retaining 2 shares for potential future gains. Taking profits now will help maximize my overall cash wealth, especially considering the dividends and interest earned on my cash."
baseline-s140926,baseline,trader-03,baseline,14,hold,0,0,0.0,0,,235.75,4,249.14,4,11.79,1.6,305.14,14.0,14.0,14.0,14.0,,"Given that the fundamental value remains at $14, and the current price is also at $14, it is prudent to hold my position. I have 4 shares that can yield dividends, which may be either $0.40 or $1.00. Holding allows me to benefit from potential dividends while keeping cash available for future opportunities. With the market conditions being stable, there is no immediate need to trade, and maintaining a cautious approach will help maximize my overall wealth over the remaining trading periods."
baseline-s140926,baseline,trader-04,baseline,14,hold,0,0,0.0,0,,235.75,4,249.14,4,11.79,1.6,305.14,14.0,14.0,14.0,14.0,,"The market price remains stable at the fundamental value of $14. Holding my position of 4 shares continues to be prudent, as I can benefit from the dividends, which are uncertain but can be either $0.40 or $1.00. With 17 trading periods remaining, maintaining cash is essential for future trading opportunities. Therefore, holding my shares and preserving cash aligns with my strategy to maximize final cash wealth."
baseline-s140926,baseline,trader-05,baseline,14,hold,0,0,0.0,0,,235.75,4,249.14,4,11.79,1.6,305.14,14.0,14.0,14.0,14.0,,"The asset's fundamental value remains stable at $14, and I expect this consistency to continue in the near term. Given that I currently hold 4 shares and have $235.75 in cash, my strategy should focus on retaining my shares for potential dividends and future redemption at $14. Selling would not yield better returns, and buying would strain my cash reserves without a clear advantage. Thus, I will hold my shares and cash for the upcoming periods."
baseline-s140926,baseline,trader-06,baseline,14,hold,0,0,0.0,0,,235.75,4,249.14,4,11.79,1.6,305.14,14.0,14.0,14.0,14.0,,"The asset's fundamental value remains stable at $14, and I currently hold 4 shares. By holding my shares, I can benefit from potential dividends this period, which may be either $0.40 or $1.00. Given my current cash position of $223.00 and the expected cash flow from dividends, there is no immediate incentive to buy or sell. Maintaining my current position maximizes my final cash wealth while awaiting the final redemption value at period 30."
baseline-s140926,baseline,trader-07,baseline,14,hold,0,0,0.0,0,,235.75,4,249.14,4,11.79,1.6,305.14,14.0,14.0,14.0,14.0,,"The asset's fundamental value remains at $14, which aligns with the current market price. Holding my current position of 4 shares is optimal, as I will benefit from dividends of either $0.40 or $1.00 each period and the eventual redemption value of $14 per share. Given that there is no incentive to buy or sell at this price, I will continue to hold."
baseline-s140926,baseline,trader-08,baseline,14,hold,0,0,0.0,0,,235.75,4,249.14,4,11.79,1.6,305.14,14.0,14.0,14.0,14.0,,"Given the stable fundamental value of the asset at $14, I believe holding my current position of 4 shares is prudent. This strategy allows me to benefit from potential dividends in the upcoming periods and ultimately the redemption value of $14. The market conditions appear stable, and maintaining my shares minimizes risk while maximizing long-term wealth."
baseline-s140926,baseline,trader-09,baseline,14,hold,0,0,0.0,0,,235.75,4,249.14,4,11.79,1.6,305.14,14.0,14.0,14.0,14.0,,"The fundamental value of the asset remains at $14, and I currently hold 4 shares. Given the expected dividends of $0.40 or $1.00, holding my shares maximizes future cash wealth while maintaining a position for the final redemption value of $14. There is no benefit in buying or selling at this time, thus I will continue to hold my position."
baseline-s140926,baseline,trader-10,baseline,14,hold,0,0,0.0,0,,235.75,4,249.14,4,11.79,1.6,305.14,14.0,14.0,14.0,14.0,,"The asset's fundamental value remains at $14, and holding my current 4 shares is the most prudent decision. This allows me to benefit from potential future dividends of $0.40 or $1.00, which are equally likely. Additionally, I will continue to earn interest on my cash, maximizing my overall cash wealth in the long run without risking selling below fundamental value."
baseline-s140926,baseline,trader-11,baseline,14,hold,0,0,0.0,0,,235.75,4,249.14,4,11.79,1.6,305.14,14.0,14.0,14.0,14.0,,"The asset's fundamental value is stable at $14 each period. Holding my current 4 shares allows me to benefit from potential dividends of $0.40 or $1.00 while my cash earns 5% interest. Given that I cannot borrow cash or short shares, holding is the optimal strategy to maximize my final cash wealth and take advantage of future dividends."
baseline-s140926,baseline,trader-00,baseline,15,hold,0,0,0.0,0,,249.14,4,265.6,4,12.46,4.0,321.6,14.0,14.0,14.0,14.0,,"The market price remains at the fundamental value of $14, which is expected to hold steady in the near term. Holding my 4 shares allows me to benefit from potential dividends while avoiding trading costs or unfavorable market movements. My cash position does not allow for purchasing additional shares at this price, making holding the best strategy to maximize wealth through dividends and the eventual redemption value."
baseline-s140926,baseline,trader-01,baseline,15,hold,0,0,0.0,0,,249.14,4,265.6,4,12.46,4.0,321.6,14.0,14.0,14.0,14.0,,"The asset's fundamental value remains stable at $14, and I expect this trend to continue. Holding my 4 shares allows me to benefit from potential dividends while avoiding the risk of selling at a potentially lower market price. Additionally, my cash balance is growing due to interest accumulation. Therefore, maintaining my current position is the best strategy to maximize my final cash wealth."
baseline-s140926,baseline,trader-02,baseline,15,sell,2,2,14.0,0,,249.14,4,265.6,4,12.46,4.0,321.6,14.0,14.0,14.0,14.0,,"Given that the fundamental value of the asset remains at $14 and the market price is expected to stabilize around this value, I will sell 2 shares at the limit price of $14. This allows me to realize cash while still retaining 2 shares for potential future gains. Taking profits now will help maximize my overall cash wealth, especially considering the dividends and interest earned on my cash."
baseline-s140926,baseline,trader-03,baseline,15,hold,0,0,0.0,0,,249.14,4,265.6,4,12.46,4.0,321.6,14.0,14.0,14.0,14.0,,"Given that the fundamental value of the asset is $14 and the current price is also $14, it is prudent to hold my shares. I currently have 4 shares that may yield dividends of either $0.40 or $1.00, and holding allows me to benefit from these potential dividends while maintaining cash for future opportunities. Since there is no immediate need to trade and the market conditions are stable, a cautious approach will help maximize my overall wealth over the remaining periods."
baseline-s140926,baseline,trader-04,baseline,15,hold,0,0,0.0,0,,249.14,4,265.6,4,12.46,4.0,321.6,14.0,14.0,14.0,14.0,,"The current market price is stable at the fundamental value of $14. Given my current holdings of 4 shares and the potential for dividends, continuing to hold my position is prudent. This allows me to benefit from possible dividends while preserving my cash for future trading opportunities. As I have 16 periods remaining, it’s wise to maintain my shares and cash balance to maximize my final wealth."
baseline-s140926,baseline,trader-05,baseline,15,hold,0,0,0.0,0,,249.14,4,265.6,4,12.46,4.0,321.6,14.0,14.0,14.0,14.0,,"Given the consistent fundamental value of the asset at $14, I believe holding my current position of 4 shares is the best strategy. Selling would not yield better returns, and buying would stretch my cash reserves without clear upside in price. Retaining my cash allows for flexibility in future periods, ensuring I can redeem my shares at $14 each in the final period."
baseline-s140926,baseline,trader-06,baseline,15,hold,0,0,0.0,0,,249.14,4,265.6,4,12.46,4.0,321.6,14.0,14.0,14.0,14.0,,"The asset's fundamental value is $14, and it is expected to remain stable in the near term. Holding my 4 shares allows me to benefit from potential dividends this period, which may be either $0.40 or $1.00. Given my current cash position and the lack of immediate incentive to buy or sell, maintaining my position is the most prudent strategy to maximize my final cash wealth while awaiting the final redemption value at period 30."
baseline-s140926,baseline,trader-07,baseline,15,hold,0,0,0.0,0,,249.14,4,265.6,4,12.46,4.0,321.6,14.0,14.0,14.0,14.0,,"The asset's fundamental value is $14, and the current market price reflects this. Holding my current position of 4 shares is optimal, as I will benefit from dividends of either $0.40 or $1.00 each period and the eventual redemption at $14 per share. Since there is no incentive to buy or sell at this price, I will continue to hold."
baseline-s140926,baseline,trader-08,baseline,15,hold,0,0,0.0,0,,249.14,4,265.6,4,12.46,4.0,321.6,14.0,14.0,14.0,14.0,,"Given the stable fundamental value of the asset at $14 and the consistent dividends that have been observed, holding my current position of 4 shares seems prudent. This strategy allows me to benefit from potential dividends while minimizing risk in uncertain market conditions. The final redemption value of $14 further supports this decision, aligning with my long-term wealth maximization goals. Therefore, I will hold my shares and not engage in buying or selling at this moment."
baseline-s140926,baseline,trader-09,baseline,15,hold,0,0,0.0,0,,249.14,4,265.6,4,12.46,4.0,321.6,14.0,14.0,14.0,14.0,,"The fundamental value of the asset is $14, and I currently hold 4 shares. Given that dividends are equally likely to be $0.40 or $1.00, holding my shares maximizes future cash wealth while maintaining a position for the final redemption value of $14. There is no benefit in buying or selling at this time, thus I will continue to hold my position."
baseline-s140926,baseline,trader-10,baseline,15,hold,0,0,0.0,0,,249.14,4,265.6,4,12.46,4.0,321.6,14.0,14.0,14.0,14.0,,"The asset's fundamental value remains at $14, and with the potential for dividends of $0.40 or $1.00, holding my 4 shares is still the most prudent decision. Selling now would not capitalize on potential future gains from dividends, and I have enough shares to benefit from these dividends while avoiding losses from selling below fundamental value. By maintaining my position, I can maximize cash wealth in the long run, especially since I will continue to earn interest on my cash while holding the shares for potential dividends."
baseline-s140926,baseline,trader-11,baseline,15,hold,0,0,0.0,0,,249.14,4,265.6,4,12.46,4.0,321.6,14.0,14.0,14.0,14.0,,"The asset's fundamental value is stable at $14 each period. Holding my current 4 shares allows me to benefit from potential dividends of $0.40 or $1.00, which will contribute to my overall wealth. My cash is also earning 5% interest, enhancing my financial position. Given that I cannot borrow cash or short shares, holding is the optimal strategy to maximize my final cash wealth."
baseline-s140926,baseline,trader-00,baseline,16,hold,0,0,0.0,0,,265.6,4,280.48,4,13.28,1.6,336.48,14.0,14.0,14.0,14.0,,"The market price remains stable at the fundamental value of $14, which is expected to continue in the near term. Holding my 4 shares allows me to benefit from potential dividends without incurring trading costs or risking unfavorable market movements. Since my cash position does not allow for purchasing additional shares at this price, maintaining my current position is the best strategy to maximize wealth through dividends and the eventual redemption value."
baseline-s140926,baseline,trader-01,baseline,16,hold,0,0,0.0,0,,265.6,4,280.48,4,13.28,1.6,336.48,14.0,14.0,14.0,14.0,,"The asset's fundamental value is consistently $14, and this stability is expected to continue. Holding my 4 shares is prudent as it allows me to benefit from potential dividends while avoiding selling at a potentially lower market price. Additionally, with $265.60 in cash, I can accumulate interest over the remaining periods, maximizing my final cash wealth."
baseline-s140926,baseline,trader-02,baseline,16,sell,2,2,14.0,0,,265.6,4,280.48,4,13.28,1.6,336.48,14.0,14.0,14.0,14.0,,"Given the fundamental value of the asset is $14 and consistent with past performance, I will sell 2 shares at the limit price of $14. This allows me to realize cash while still retaining 2 shares for potential future gains. Selling now helps maximize my overall cash wealth, especially considering the expected dividends and interest earned on my remaining cash."
baseline-s140926,baseline,trader-03,baseline,16,hold,0,0,0.0,0,,265.6,4,280.48,4,13.28,1.6,336.48,14.0,14.0,14.0,14.0,,"The fundamental value of the asset remains at $14, and current market conditions are stable with no immediate need to trade. Holding my 4 shares allows me to benefit from potential dividends, which can vary between $0.40 and $1.00. Given the significant number of remaining trading periods, retaining my position is prudent to maximize overall wealth without incurring unnecessary risks."
baseline-s140926,baseline,trader-04,baseline,16,hold,0,0,0.0,0,,265.6,4,280.48,4,13.28,1.6,336.48,14.0,14.0,14.0,14.0,,"The current market price is at the fundamental value of $14, and holding my position of 4 shares allows me to benefit from potential dividends while preserving my cash for future trading opportunities. Given the uncertainty in dividend payouts and the stability of the asset's reference price, it is prudent to maintain my current position, as this strategy aligns with my previous decisions and optimizes my final cash wealth."
baseline-s140926,baseline,trader-05,baseline,16,hold,0,0,0.0,0,,265.6,4,280.48,4,13.28,1.6,336.48,14.0,14.0,14.0,14.0,,"Given the stable fundamental value of the asset at $14, I believe holding my current position of 4 shares is the best strategy. The expected dividends of either $0.40 or $1.00 support this decision, and it allows me to benefit from potential future cash flows while maintaining flexibility. Selling would not yield better returns, and buying would stretch my cash reserves without a clear upside. I will hold my shares and cash to maximize my wealth over the remaining periods."
baseline-s140926,baseline,trader-06,baseline,16,hold,0,0,0.0,0,,265.6,4,280.48,4,13.28,1.6,336.48,14.0,14.0,14.0,14.0,,"The asset's fundamental value remains stable at $14, and I currently hold 4 shares. By holding my shares, I can benefit from potential dividends this period, which may be either $0.40 or $1.00. Given my current cash position of $265.60 (or $26560 cents) and the lack of immediate incentive to buy or sell, maintaining my position is the most prudent strategy to maximize my final cash wealth while awaiting the final redemption value at period 30."
baseline-s140926,baseline,trader-07,baseline,16,hold,0,0,0.0,0,,265.6,4,280.48,4,13.28,1.6,336.48,14.0,14.0,14.0,14.0,,"The asset's fundamental value is $14, and the current market price reflects this. Holding my current position of 4 shares is optimal, as I will benefit from dividends (which are either $0.40 or $1.00 each period) and the eventual redemption value of $14 per share. There is no incentive to buy or sell at this price, so I will continue to hold."
baseline-s140926,baseline,trader-08,baseline,16,hold,0,0,0.0,0,,265.6,4,280.48,4,13.28,1.6,336.48,14.0,14.0,14.0,14.0,,"Given the stable fundamental value of the asset at $14 and the consistent dividends that have been observed, holding my current position of 4 shares seems prudent. This strategy allows me to benefit from potential dividends while minimizing risk in uncertain market conditions. The final redemption value of $14 further supports this decision, aligning with my long-term wealth maximization goals."
baseline-s140926,baseline,trader-09,baseline,16,hold,0,0,0.0,0,,265.6,4,280.48,4,13.28,1.6,336.48,14.0,14.0,14.0,14.0,,"The fundamental value of the asset remains at $14, and I currently hold 4 shares. Given that dividends are equally likely to be $0.40 or $1.00, holding my shares maximizes future cash wealth while maintaining a position for the final redemption value of $14. There is no benefit in buying or selling at this time, thus I will continue to hold my position."
baseline-s140926,baseline,trader-10,baseline,16,hold,0,0,0.0,0,,265.6,4,280.48,4,13.28,1.6,336.48,14.0,14.0,14.0,14.0,,"The asset's fundamental value remains at $14, and holding my current 4 shares is the most prudent decision. This allows me to benefit from potential future dividends of $0.40 or $1.00 while also earning interest on my cash. Selling now would not capitalize on these potential gains, and I have enough shares to benefit from dividends in the upcoming periods. Therefore, maintaining my position maximizes my cash wealth in the long run."
baseline-s140926,baseline,trader-11,baseline,16,hold,0,0,0.0,0,,265.6,4,280.48,4,13.28,1.6,336.48,14.0,14.0,14.0,14.0,,"The asset's fundamental value is consistently at $14 each period. Holding my current 4 shares allows me to benefit from potential dividends of $0.40 or $1.00, which will contribute to my overall wealth. Additionally, my cash is earning 5% interest, enhancing my financial position over time. Given that I cannot borrow cash or short shares, holding is the optimal strategy to maximize my final cash wealth."
baseline-s140926,baseline,trader-00,baseline,17,hold,0,0,0.0,0,,280.48,4,296.1,4,14.02,1.6,352.1,14.0,14.0,14.0,14.0,,"The market price remains at the fundamental value of $14, which is expected to hold steady. Holding my 4 shares allows me to benefit from potential dividends without incurring trading costs or risk of unfavorable price movements. My current cash position does not allow for purchasing additional shares at this price, making holding the best strategy to maximize wealth through dividends and the eventual redemption value."
baseline-s140926,baseline,trader-01,baseline,17,hold,0,0,0.0,0,,280.48,4,296.1,4,14.02,1.6,352.1,14.0,14.0,14.0,14.0,,"The asset's fundamental value is consistently $14, and I expect this stability to continue. Holding my 4 shares allows me to benefit from potential dividends while avoiding the risk of selling at a potentially lower market price. Additionally, with $280.48 in cash, I can accumulate interest over the remaining periods, maximizing my final cash wealth."
baseline-s140926,baseline,trader-02,baseline,17,sell,2,2,14.0,0,,280.48,4,296.1,4,14.02,1.6,352.1,14.0,14.0,14.0,14.0,,"Given the fundamental value of the asset is $14 and the market price is expected to remain stable around this value, I will sell 2 shares at the limit price of $14. This allows me to realize cash while still retaining 2 shares for potential future gains. Selling now helps maximize my overall cash wealth, especially considering the expected dividends and interest earned on my remaining cash."
baseline-s140926,baseline,trader-03,baseline,17,hold,0,0,0.0,0,,280.48,4,296.1,4,14.02,1.6,352.1,14.0,14.0,14.0,14.0,,"Given that the fundamental value of the asset is $14 and the market conditions are stable, it is prudent to hold my position. I have 4 shares that can yield dividends, which may range from $0.40 to $1.00. Holding allows me to benefit from these potential dividends while keeping cash available for future opportunities. Since there is no immediate need to trade, maintaining a cautious approach will help maximize my overall wealth over the remaining trading periods."
baseline-s140926,baseline,trader-04,baseline,17,hold,0,0,0.0,0,,280.48,4,296.1,4,14.02,1.6,352.1,14.0,14.0,14.0,14.0,,"The current market price aligns with the fundamental value of $14. Holding my position of 4 shares is prudent given the potential for dividends, which can vary between $0.40 and $1.00. With 14 trading periods remaining, it is wise to preserve cash for future trading opportunities while benefiting from possible dividends. This strategy optimizes my final cash wealth."
baseline-s140926,baseline,trader-05,baseline,17,hold,0,0,0.0,0,,280.48,4,296.1,4,14.02,1.6,352.1,14.0,14.0,14.0,14.0,,"The asset's fundamental value remains stable at $14, and I expect this consistency to continue in the near term. Given that I currently hold 4 shares and have $280.48 in cash, my strategy should focus on retaining my shares for potential dividends and future redemption at $14. Selling would not yield better returns, and buying would strain my cash reserves without a clear advantage. Thus, I will hold my shares and cash for the upcoming periods."
baseline-s140926,baseline,trader-06,baseline,17,hold,0,0,0.0,0,,280.48,4,296.1,4,14.02,1.6,352.1,14.0,14.0,14.0,14.0,,"The asset's fundamental value remains stable at $14. Given my current cash position ($280.48) and holding 4 shares, there is no immediate incentive to buy or sell. By holding my shares, I can benefit from potential dividends this period, which may be $0.40 or $1.00. Maintaining my position maximizes my final cash wealth as I await the final redemption value at period 30."
baseline-s140926,baseline,trader-07,baseline,17,hold,0,0,0.0,0,,280.48,4,296.1,4,14.02,1.6,352.1,14.0,14.0,14.0,14.0,,"The asset's fundamental value is consistently $14, which aligns with the current market price. Holding my current position of 4 shares is optimal, allowing me to benefit from dividends and the eventual redemption value of $14 per share. There is no incentive to buy or sell at this price, so I will continue to hold."
baseline-s140926,baseline,trader-08,baseline,17,hold,0,0,0.0,0,,280.48,4,296.1,4,14.02,1.6,352.1,14.0,14.0,14.0,14.0,,"Given the stable fundamental value of the asset at $14 and the potential variability in dividends, holding my current position of 4 shares continues to be the most prudent decision. This strategy allows me to benefit from potential dividends over the remaining periods and the final redemption value of $14. With only 14 trading periods left and consistent market conditions, maintaining my shares minimizes risk while maximizing long-term wealth."
baseline-s140926,baseline,trader-09,baseline,17,hold,0,0,0.0,0,,280.48,4,296.1,4,14.02,1.6,352.1,14.0,14.0,14.0,14.0,,"The fundamental value of the asset is $14, and I currently hold 4 shares. Given that dividends are equally likely to be $0.40 or $1.00, holding my shares maximizes future cash wealth while maintaining a position for the final redemption value of $14. There is no benefit in buying or selling at this time, thus I will continue to hold my position."
baseline-s140926,baseline,trader-10,baseline,17,hold,0,0,0.0,0,,280.48,4,296.1,4,14.02,1.6,352.1,14.0,14.0,14.0,14.0,,"The asset's fundamental value remains at $14, and given the potential for dividends of $0.40 or $1.00, holding my current 4 shares is prudent. This allows me to benefit from these potential future gains while also earning interest on my cash. Selling now would not capitalize on potential gains, and with 14 trading periods remaining, maintaining my position maximizes cash wealth in the long run."
baseline-s140926,baseline,trader-11,baseline,17,hold,0,0,0.0,0,,280.48,4,296.1,4,14.02,1.6,352.1,14.0,14.0,14.0,14.0,,"The asset's fundamental value remains stable at $14 each period. Holding my current 4 shares allows me to benefit from potential dividends of $0.40 or $1.00, which contribute to my overall wealth. Additionally, my cash is earning 5% interest, enhancing my financial position. Given that I cannot borrow cash or short shares, holding is the optimal strategy to maximize my final cash wealth."
baseline-s140926,baseline,trader-00,baseline,18,hold,0,0,0.0,0,,296.1,4,312.51,4,14.81,1.6,368.51,14.0,14.0,14.0,14.0,,"The market price is expected to remain stable at the fundamental value of $14 in the near term. Holding my 4 shares allows me to benefit from potential dividends without incurring trading costs or risking unfavorable market movements. Additionally, my current cash position does not allow for purchasing additional shares at this price, making holding the best strategy to maximize wealth through dividends and the eventual redemption value."
baseline-s140926,baseline,trader-01,baseline,18,hold,0,0,0.0,0,,296.1,4,312.51,4,14.81,1.6,368.51,14.0,14.0,14.0,14.0,,"The asset's fundamental value remains stable at $14, and I expect this to continue in the near future. Holding my 4 shares allows me to benefit from potential dividends while avoiding the risk of selling at a potentially lower market price. Additionally, my cash balance is growing due to interest accumulation. Therefore, maintaining my current position is the best strategy to maximize my final cash wealth."
baseline-s140926,baseline,trader-02,baseline,18,hold,0,0,0.0,0,,296.1,4,312.51,4,14.81,1.6,368.51,14.0,14.0,14.0,14.0,,"Given that the fundamental value of the asset is $14 and the expected dividends are equally likely to be $0.40 or $1.00, I will hold my current position. This allows me to earn interest on my cash while maintaining my shares for potential future gains, as the market price is expected to remain stable around the fundamental value. I have already sold some shares in previous periods to realize cash, and holding my remaining shares maximizes my potential cash wealth in the long run."
baseline-s140926,baseline,trader-03,baseline,18,hold,0,0,0.0,0,,296.1,4,312.51,4,14.81,1.6,368.51,14.0,14.0,14.0,14.0,,"Given that the fundamental value of the asset is $14 and the current market price is also $14, it's prudent to hold my position. I have 4 shares that may yield dividends, which could be either $0.40 or $1.00. Holding allows me to benefit from these potential dividends while keeping my cash available for future opportunities. Since there is no immediate need to trade, maintaining a cautious approach will help maximize my overall wealth over the remaining trading periods."
baseline-s140926,baseline,trader-04,baseline,18,hold,0,0,0.0,0,,296.1,4,312.51,4,14.81,1.6,368.51,14.0,14.0,14.0,14.0,,"The current market price aligns with the fundamental value of $14. Holding my position of 4 shares is prudent to benefit from potential dividends, which can vary between $0.40 and $1.00. Given that there are 13 trading periods remaining, it is wise to preserve cash for future trading opportunities while maintaining my current shares to maximize my final cash wealth."
baseline-s140926,baseline,trader-05,baseline,18,hold,0,0,0.0,0,,296.1,4,312.51,4,14.81,1.6,368.51,14.0,14.0,14.0,14.0,,"The asset's fundamental value remains stable at $14, and I expect this consistency to continue in the near term. Given that I currently hold 4 shares and have $296.10 in cash, my strategy should focus on retaining my shares for potential dividends and future redemption at $14. Selling would not yield better returns, and buying would strain my cash reserves without a clear advantage. Thus, I will hold my shares and cash for the upcoming periods."
baseline-s140926,baseline,trader-06,baseline,18,hold,0,0,0.0,0,,296.1,4,312.51,4,14.81,1.6,368.51,14.0,14.0,14.0,14.0,,"The asset's fundamental value is $14 and is expected to remain stable in the near term. Holding my 4 shares allows me to benefit from potential dividends this period, which could be either $0.40 or $1.00. Given my current cash position of $296.10 and the lack of immediate incentive to buy or sell, maintaining my position is the most prudent strategy to maximize my final cash wealth while awaiting the final redemption value at period 30."
baseline-s140926,baseline,trader-07,baseline,18,hold,0,0,0.0,0,,296.1,4,312.51,4,14.81,1.6,368.51,14.0,14.0,14.0,14.0,,"The asset's fundamental value is consistently $14, which aligns with the current market price. Holding my current position of 4 shares is optimal, allowing me to benefit from dividends and the eventual redemption value of $14 per share. There is no incentive to buy or sell at this price, so I will continue to hold."
baseline-s140926,baseline,trader-08,baseline,18,hold,0,0,0.0,0,,296.1,4,312.51,4,14.81,1.6,368.51,14.0,14.0,14.0,14.0,,"Given that the fundamental value of the asset is consistently $14 and the dividends vary, I believe holding my current position of 4 shares is the most prudent decision. This strategy allows me to benefit from potential dividends in the upcoming periods and ultimately the redemption value of $14. The market conditions appear stable, and maintaining my shares minimizes risk while maximizing long-term wealth."
baseline-s140926,baseline,trader-09,baseline,18,hold,0,0,0.0,0,,296.1,4,312.51,4,14.81,1.6,368.51,14.0,14.0,14.0,14.0,,The fundamental value of the asset remains stable at $14. Holding my 4 shares is optimal as it allows me to benefit from the potential dividends of $0.40 or $1.00 while maintaining my position for the final redemption value of $14. No buying or selling action is necessary at this time.
baseline-s140926,baseline,trader-10,baseline,18,hold,0,0,0.0,0,,296.1,4,312.51,4,14.81,1.6,368.51,14.0,14.0,14.0,14.0,,"The asset's fundamental value remains at $14. Holding my current 4 shares is the most prudent decision to maximize cash wealth, especially as I am benefiting from potential dividends of $0.40 or $1.00. Given the expected market conditions and the stability of the asset's value, maintaining my position allows me to capitalize on future dividends and continue earning interest on my cash."
baseline-s140926,baseline,trader-11,baseline,18,hold,0,0,0.0,0,,296.1,4,312.51,4,14.81,1.6,368.51,14.0,14.0,14.0,14.0,,"The asset's fundamental value remains stable at $14 each period. Holding my current 4 shares allows me to benefit from potential dividends of $0.40 or $1.00, which contribute to my overall wealth. My cash is also earning 5% interest, enhancing my financial position. Given that I cannot borrow cash or short shares, holding is the optimal strategy to maximize my final cash wealth and take advantage of future dividends."
baseline-s140926,baseline,trader-00,baseline,19,hold,0,0,0.0,0,,312.51,4,329.74,4,15.63,1.6,385.74,14.0,14.0,14.0,14.0,,"The market price is expected to remain stable at the fundamental value of $14 in the near term. Holding my 4 shares allows me to benefit from potential dividends without incurring trading costs or risking unfavorable market movements. Additionally, my cash position does not allow for purchasing additional shares at this price, making holding the best strategy to maximize wealth through dividends and the eventual redemption value."
baseline-s140926,baseline,trader-01,baseline,19,hold,0,0,0.0,0,,312.51,4,329.74,4,15.63,1.6,385.74,14.0,14.0,14.0,14.0,,"The asset's fundamental value remains stable at $14, and I expect this stability to continue in the near future. Holding my 4 shares allows me to benefit from potential dividends while avoiding the risk of selling at a potentially lower market price. Additionally, my cash balance is growing due to interest accumulation. Therefore, maintaining my current position is the best strategy to maximize my final cash wealth."
baseline-s140926,baseline,trader-02,baseline,19,sell,2,2,14.0,0,,312.51,4,329.74,4,15.63,1.6,385.74,14.0,14.0,14.0,14.0,,"Given the fundamental value of the asset is $14 and I currently hold 4 shares, I will sell 2 shares at the limit price of $14. This allows me to realize some cash while still retaining a portion of my shares. The market price is expected to remain stable around the fundamental value, and selling now will help maximize my cash wealth."
baseline-s140926,baseline,trader-03,baseline,19,hold,0,0,0.0,0,,312.51,4,329.74,4,15.63,1.6,385.74,14.0,14.0,14.0,14.0,,"Given that the fundamental value of the asset is $14 and the current market price is also $14, it is prudent to hold my shares. I currently have 4 shares that may yield dividends, which could be either $0.40 or $1.00. Holding allows me to benefit from these potential dividends while keeping cash available for future opportunities. There is no immediate need to trade, and maintaining a cautious approach will help maximize my overall wealth over the remaining trading periods."
baseline-s140926,baseline,trader-04,baseline,19,hold,0,0,0.0,0,,312.51,4,329.74,4,15.63,1.6,385.74,14.0,14.0,14.0,14.0,,"The current market price is stable at the fundamental value of $14. Holding my position of 4 shares allows me to benefit from potential dividends while preserving my cash for future trading opportunities. Given the uncertainty in dividend payouts and the stability of the asset's reference price, it is prudent to maintain my current position, as this strategy aligns with my previous decisions and optimizes my final cash wealth."
baseline-s140926,baseline,trader-05,baseline,19,hold,0,0,0.0,0,,312.51,4,329.74,4,15.63,1.6,385.74,14.0,14.0,14.0,14.0,,"Given the stable fundamental value of the asset at $14 and the historical consistency of dividends, I believe holding my current position of 4 shares is the best strategy. Selling would not yield better returns, and buying would stretch my cash reserves without a clear upside in price. Thus, I will hold my shares and retain my cash for future opportunities or dividends, ensuring I can redeem my shares at $14 each in the final period."
baseline-s140926,baseline,trader-06,baseline,19,hold,0,0,0.0,0,,312.51,4,329.74,4,15.63,1.6,385.74,14.0,14.0,14.0,14.0,,"The asset's fundamental value is $14, which is expected to remain stable in the near term. Holding my 4 shares allows me to benefit from potential dividends this period, which could be $0.40 or $1.00. Given my current cash position of $312.51 and the lack of immediate incentive to buy or sell, maintaining my position is the most prudent strategy to maximize my final cash wealth while awaiting the final redemption value at period 30."
baseline-s140926,baseline,trader-07,baseline,19,hold,0,0,0.0,0,,312.51,4,329.74,4,15.63,1.6,385.74,14.0,14.0,14.0,14.0,,"The asset's fundamental value remains at $14, which aligns with the current market price. Holding my current position of 4 shares is optimal, as I will benefit from dividends of either $0.40 or $1.00 each period and the eventual redemption value of $14 per share. Since there is no incentive to buy or sell at this price, I will continue to hold."
baseline-s140926,baseline,trader-08,baseline,19,hold,0,0,0.0,0,,312.51,4,329.74,4,15.63,1.6,385.74,14.0,14.0,14.0,14.0,,"Given the consistent fundamental value of the asset at $14, and the fact that my current position of 4 shares allows me to benefit from potential dividends and the final redemption value, I believe holding my shares is the most prudent decision. This strategy minimizes risk while maximizing long-term wealth, especially with only 12 trading periods left."
baseline-s140926,baseline,trader-09,baseline,19,hold,0,0,0.0,0,,312.51,4,329.74,4,15.63,1.6,385.74,14.0,14.0,14.0,14.0,,"The fundamental value of the asset remains at $14, and I currently hold 4 shares. Given that dividends are equally likely to be $0.40 or $1.00, holding my shares maximizes future cash wealth while maintaining a position for the final redemption value of $14. There is no benefit in buying or selling at this time, thus I will continue to hold my position."
baseline-s140926,baseline,trader-10,baseline,19,hold,0,0,0.0,0,,312.51,4,329.74,4,15.63,1.6,385.74,14.0,14.0,14.0,14.0,,"The asset's fundamental value remains at $14, which is expected to hold steady in the near term. Given that I currently hold 4 shares, maintaining my position allows me to benefit from potential dividends of $0.40 or $1.00 in the upcoming periods. Selling now would not capitalize on these potential gains, especially since I will continue to earn interest on my cash. Therefore, holding my shares is the most prudent strategy to maximize cash wealth in the long run."
baseline-s140926,baseline,trader-11,baseline,19,hold,0,0,0.0,0,,312.51,4,329.74,4,15.63,1.6,385.74,14.0,14.0,14.0,14.0,,"The asset's fundamental value remains stable at $14 each period. Holding my current 4 shares allows me to benefit from potential dividends of $0.40 or $1.00. Additionally, my cash is earning 5% interest, which contributes to my overall wealth. Since I cannot borrow cash or short shares, holding is the optimal strategy to maximize my final cash wealth."
baseline-s140926,baseline,trader-00,baseline,20,hold,0,0,0.0,0,,329.74,4,347.83,4,16.49,1.6,403.83,14.0,14.0,14.0,14.0,,"The market price is expected to remain stable at the fundamental value of $14 in the near term. Holding my 4 shares allows me to benefit from potential dividends while avoiding trading costs or unfavorable market movements. My current cash position does not allow for purchasing additional shares at this price, making holding the best strategy to maximize wealth through dividends and the eventual redemption value."
baseline-s140926,baseline,trader-01,baseline,20,hold,0,0,0.0,0,,329.74,4,347.83,4,16.49,1.6,403.83,14.0,14.0,14.0,14.0,,"The asset's fundamental value remains stable at $14, and I expect this stability to continue. Holding my 4 shares allows me to benefit from potential dividends while avoiding the risk of selling at a potentially lower market price. Additionally, my cash balance is growing due to interest accumulation. Therefore, maintaining my current position is the best strategy to maximize my final cash wealth."
baseline-s140926,baseline,trader-02,baseline,20,sell,2,2,14.0,0,,329.74,4,347.83,4,16.49,1.6,403.83,14.0,14.0,14.0,14.0,,"Given the fundamental value of the asset is $14 and I currently hold 4 shares, I will sell 2 shares at the limit price of $14. This allows me to realize some cash while still retaining a portion of my shares. The market price is expected to remain stable around the fundamental value, and selling now will help maximize my cash wealth."
baseline-s140926,baseline,trader-03,baseline,20,hold,0,0,0.0,0,,329.74,4,347.83,4,16.49,1.6,403.83,14.0,14.0,14.0,14.0,,"The fundamental value of the asset remains at $14, and the current market price is also $14. With 4 shares, I can benefit from potential dividends of either $0.40 or $1.00. Holding my position allows me to maximize my cash and potential future wealth without taking unnecessary risks in the market. Given the stable conditions and the remaining trading periods, it is prudent to hold."
baseline-s140926,baseline,trader-04,baseline,20,hold,0,0,0.0,0,,329.74,4,347.83,4,16.49,1.6,403.83,14.0,14.0,14.0,14.0,,"The market price is currently at the fundamental value of $14. Holding my position of 4 shares is prudent to benefit from potential dividends, which can vary between $0.40 and $1.00. As there are 11 trading periods remaining, it is wise to preserve my cash while maintaining my shares, allowing me to optimize my final cash wealth. This strategy aligns with my previous decisions and ensures that I remain positioned for any favorable dividend outcomes."
baseline-s140926,baseline,trader-05,baseline,20,hold,0,0,0.0,0,,329.74,4,347.83,4,16.49,1.6,403.83,14.0,14.0,14.0,14.0,,"Given the consistent fundamental value of the asset at $14 and the historical stability of dividends, holding my current position of 4 shares is the best strategy. Selling would not yield better returns, and buying would stretch my cash reserves without clear upside in price. Retaining my cash allows for flexibility in future periods, ensuring I can redeem my shares at $14 each in the final period."
baseline-s140926,baseline,trader-06,baseline,20,hold,0,0,0.0,0,,329.74,4,347.83,4,16.49,1.6,403.83,14.0,14.0,14.0,14.0,,"The asset's fundamental value remains at $14, which is expected to stay stable in the near term. I currently hold 4 shares and have $329.74 in cash. Holding my shares allows me to benefit from potential dividends this period, which may be either $0.40 or $1.00. Given that I have sufficient cash and no immediate incentive to buy or sell, maintaining my position is the most prudent strategy to maximize my final cash wealth while awaiting the final redemption value at period 30."
baseline-s140926,baseline,trader-07,baseline,20,hold,0,0,0.0,0,,329.74,4,347.83,4,16.49,1.6,403.83,14.0,14.0,14.0,14.0,,"The asset's fundamental value is consistently $14, and the current market price reflects this. Holding my current position of 4 shares is optimal, allowing me to benefit from dividends (either $0.40 or $1.00 each period) and the eventual redemption value of $14 per share. Given there is no incentive to buy or sell at this price, I will continue to hold."
baseline-s140926,baseline,trader-08,baseline,20,hold,0,0,0.0,0,,329.74,4,347.83,4,16.49,1.6,403.83,14.0,14.0,14.0,14.0,,"Given the stable fundamental value of the asset at $14 and the consistent dividends observed, holding my current position of 4 shares remains the most prudent decision. This strategy allows me to benefit from potential dividends and the final redemption value of $14. With only 11 trading periods left, maintaining my shares minimizes risk while maximizing long-term wealth."
baseline-s140926,baseline,trader-09,baseline,20,hold,0,0,0.0,0,,329.74,4,347.83,4,16.49,1.6,403.83,14.0,14.0,14.0,14.0,,"The fundamental value of the asset remains stable at $14, and I currently hold 4 shares. Given that dividends are equally likely to be $0.40 or $1.00, holding my shares maximizes future cash wealth while maintaining a position for the final redemption value of $14. There is no benefit in buying or selling at this time, thus I will continue to hold my position."
baseline-s140926,baseline,trader-10,baseline,20,hold,0,0,0.0,0,,329.74,4,347.83,4,16.49,1.6,403.83,14.0,14.0,14.0,14.0,,"The asset's fundamental value remains at $14, and holding my current 4 shares is prudent to maximize cash wealth. Given that dividends of $0.40 or $1.00 are equally likely, retaining my shares allows me to benefit from these potential future gains while continuing to earn interest on my cash. Selling now would not capitalize on these potential gains, especially since I will receive a redemption value of $14 per share at the end of the trading period. Therefore, maintaining my position is the best strategy considering the current market conditions."
baseline-s140926,baseline,trader-11,baseline,20,hold,0,0,0.0,0,,329.74,4,347.83,4,16.49,1.6,403.83,14.0,14.0,14.0,14.0,,"The asset's fundamental value remains stable at $14 each period. Holding my current 4 shares allows me to benefit from potential dividends of $0.40 or $1.00 while my cash earns 5% interest. Given that I cannot borrow cash or short shares, holding is the optimal strategy to maximize my final cash wealth and take advantage of future dividends."
baseline-s140926,baseline,trader-00,baseline,21,hold,0,0,0.0,0,,347.83,4,366.82,4,17.39,1.6,422.82,14.0,14.0,14.0,14.0,,"The market price remains stable at the fundamental value of $14, which is expected to hold steady in the near term. Holding my 4 shares allows me to benefit from potential dividends while avoiding trading costs or unfavorable market movements. Additionally, my current cash position does not allow for purchasing additional shares at this price, making holding the best strategy to maximize wealth through dividends and the eventual redemption value."
baseline-s140926,baseline,trader-01,baseline,21,hold,0,0,0.0,0,,347.83,4,366.82,4,17.39,1.6,422.82,14.0,14.0,14.0,14.0,,"The asset's fundamental value remains consistently at $14, and I expect this stability to continue. Holding my 4 shares allows me to benefit from potential dividends while avoiding the risk of selling at a potentially lower market price. Additionally, my cash balance is growing due to interest accumulation. Therefore, maintaining my current position is the best strategy to maximize my final cash wealth."
baseline-s140926,baseline,trader-02,baseline,21,sell,2,2,14.0,0,,347.83,4,366.82,4,17.39,1.6,422.82,14.0,14.0,14.0,14.0,,"Given that the fundamental value of the asset is $14 and I currently hold 4 shares, I will sell 2 shares at the limit price of $14. This allows me to realize some cash while still retaining a portion of my shares. The market price is expected to remain stable around the fundamental value, and selling now will help maximize my cash wealth."
baseline-s140926,baseline,trader-03,baseline,21,hold,0,0,0.0,0,,347.83,4,366.82,4,17.39,1.6,422.82,14.0,14.0,14.0,14.0,,"Given that the fundamental value of the asset is $14 and the current market price is also at $14, it is prudent to hold my shares. I currently have 4 shares that may yield dividends, which could be either $0.40 or $1.00. Holding allows me to benefit from these potential dividends while keeping cash available for future opportunities. With 10 trading periods remaining, maintaining a cautious approach without making hasty trades is essential for maximizing overall wealth."
baseline-s140926,baseline,trader-04,baseline,21,hold,0,0,0.0,0,,347.83,4,366.82,4,17.39,1.6,422.82,14.0,14.0,14.0,14.0,,"The current market price is stable at the fundamental value of $14. Holding my position of 4 shares is prudent as it allows me to benefit from potential dividends, which can vary between $0.40 and $1.00. Given the uncertainty in dividend payouts and the stability of the asset's reference price, maintaining my current shares preserves my cash for future trading opportunities. This strategy aligns with my previous decisions and optimizes my final cash wealth."
baseline-s140926,baseline,trader-05,baseline,21,hold,0,0,0.0,0,,347.83,4,366.82,4,17.39,1.6,422.82,14.0,14.0,14.0,14.0,,"Given the stable fundamental value of the asset at $14 and the historical consistency of dividends, holding my current position of 4 shares is the best strategy. Selling would not yield better returns, and buying would stretch my cash reserves without clear upside in price. Retaining cash allows for flexibility in future periods, ensuring I can redeem my shares at $14 each in the final period."
baseline-s140926,baseline,trader-06,baseline,21,hold,0,0,0.0,0,,347.83,4,366.82,4,17.39,1.6,422.82,14.0,14.0,14.0,14.0,,"The asset's fundamental value is $14, which is expected to remain stable. Holding my 4 shares allows me to benefit from potential dividends this period, which may be either $0.40 or $1.00. Given my current cash position of $329.74, there is no immediate incentive to buy or sell. Maintaining my position maximizes my final cash wealth while awaiting the final redemption value at period 30."
baseline-s140926,baseline,trader-07,baseline,21,hold,0,0,0.0,0,,347.83,4,366.82,4,17.39,1.6,422.82,14.0,14.0,14.0,14.0,,"The asset's fundamental value is consistently $14, and the current market price reflects this. Holding my current position of 4 shares is optimal, allowing me to benefit from dividends of either $0.40 or $1.00 each period and the eventual redemption value of $14 per share. As there is no incentive to buy or sell at this price, I will maintain my position and hold."
baseline-s140926,baseline,trader-08,baseline,21,hold,0,0,0.0,0,,347.83,4,366.82,4,17.39,1.6,422.82,14.0,14.0,14.0,14.0,,"Given the stable fundamental value of the asset at $14 and my current position of 4 shares, I believe holding is the most prudent decision. This allows me to benefit from potential dividends and the final redemption value of $14. With only 10 trading periods remaining, maintaining my shares minimizes risk while positioning me for long-term wealth maximization."
baseline-s140926,baseline,trader-09,baseline,21,hold,0,0,0.0,0,,347.83,4,366.82,4,17.39,1.6,422.82,14.0,14.0,14.0,14.0,,"The fundamental value of the asset remains stable at $14, and I currently hold 4 shares. With dividends equally likely to be $0.40 or $1.00, holding my shares maximizes future cash wealth while maintaining a position for the final redemption value of $14. There is no benefit in buying or selling at this time, thus I will continue to hold my position."
baseline-s140926,baseline,trader-10,baseline,21,hold,0,0,0.0,0,,347.83,4,366.82,4,17.39,1.6,422.82,14.0,14.0,14.0,14.0,,"The asset's fundamental value remains at $14, and holding my current 4 shares is prudent to maximize cash wealth. Given the potential dividends of $0.40 or $1.00 are equally likely, retaining my shares allows me to benefit from these potential future gains while continuing to earn interest on my cash. Selling now would not capitalize on these potential gains, especially since I will receive a redemption value of $14 per share at the end of the trading period. Therefore, maintaining my position is the best strategy considering the current market conditions."
baseline-s140926,baseline,trader-11,baseline,21,hold,0,0,0.0,0,,347.83,4,366.82,4,17.39,1.6,422.82,14.0,14.0,14.0,14.0,,"The asset's fundamental value remains stable at $14 each period. Holding my current 4 shares allows me to benefit from potential dividends of $0.40 or $1.00, which will contribute to my overall wealth. Additionally, my cash is earning 5% interest, enhancing my financial position over time. Given that I cannot borrow cash or short shares, holding is the optimal strategy to maximize my final cash wealth."
baseline-s140926,baseline,trader-00,baseline,22,hold,0,0,0.0,0,,366.82,4,386.76,4,18.34,1.6,442.76,14.0,14.0,14.0,14.0,,"The market price is stable at the fundamental value of $14, which is expected to hold steady in the near term. Holding my 4 shares allows me to benefit from potential dividends while avoiding trading costs or unfavorable market movements. My current cash position does not allow for purchasing additional shares at this price, making holding the best strategy to maximize wealth through dividends and the eventual redemption value."
baseline-s140926,baseline,trader-01,baseline,22,hold,0,0,0.0,0,,366.82,4,386.76,4,18.34,1.6,442.76,14.0,14.0,14.0,14.0,,"The asset's fundamental value remains stable at $14, and I expect this trend to continue. Holding my 4 shares allows me to benefit from potential dividends while avoiding the risk of selling at a potentially lower market price. Moreover, my current cash position of $366.82 is growing with interest, and I can accumulate dividends from my shares, maximizing my final cash wealth."
baseline-s140926,baseline,trader-02,baseline,22,sell,2,2,14.0,0,,366.82,4,386.76,4,18.34,1.6,442.76,14.0,14.0,14.0,14.0,,"Given the fundamental value of the asset is $14 and I currently hold 4 shares, I will sell 2 shares at the limit price of $14. This allows me to realize some cash while still retaining a portion of my shares. The market price is expected to remain stable around the fundamental value, and selling now will help maximize my cash wealth."
baseline-s140926,baseline,trader-03,baseline,22,hold,0,0,0.0,0,,366.82,4,386.76,4,18.34,1.6,442.76,14.0,14.0,14.0,14.0,,"Given that the fundamental value of the asset remains at $14 and the current market price is also $14, it is prudent to hold my shares. I have 4 shares that can yield dividends, which may be either $0.40 or $1.00. Holding allows me to benefit from potential dividends while keeping cash available for future opportunities. There is no immediate need to trade, and maintaining a cautious approach will help maximize my overall wealth over the remaining trading periods."
baseline-s140926,baseline,trader-04,baseline,22,hold,0,0,0.0,0,,366.82,4,386.76,4,18.34,1.6,442.76,14.0,14.0,14.0,14.0,,"The current market price aligns with the fundamental value of $14. Holding my position of 4 shares is prudent to benefit from potential dividends, which can vary between $0.40 and $1.00. As there are 9 trading periods remaining, it is wise to preserve my cash while maintaining my shares, allowing me to optimize my final cash wealth. This strategy aligns with my previous decisions and ensures that I remain positioned for any favorable dividend outcomes."
baseline-s140926,baseline,trader-05,baseline,22,hold,0,0,0.0,0,,366.82,4,386.76,4,18.34,1.6,442.76,14.0,14.0,14.0,14.0,,"Given the consistent fundamental value of the asset at $14, I believe holding my current position of 4 shares is the best strategy. Selling would not yield better returns, and buying would stretch my cash reserves without clear upside in price. Retaining my cash allows for flexibility in future periods, ensuring I can redeem my shares at $14 each in the final period."
baseline-s140926,baseline,trader-06,baseline,22,hold,0,0,0.0,0,,366.82,4,386.76,4,18.34,1.6,442.76,14.0,14.0,14.0,14.0,,"The asset's fundamental value is $14, which is expected to remain stable in the near term. Holding my 4 shares allows me to benefit from potential dividends this period, which could be $0.40 or $1.00. Given my current cash position of $366.82 and the lack of immediate incentive to buy or sell, maintaining my position is the most prudent strategy to maximize my final cash wealth while awaiting the final redemption value at period 30."
baseline-s140926,baseline,trader-07,baseline,22,hold,0,0,0.0,0,,366.82,4,386.76,4,18.34,1.6,442.76,14.0,14.0,14.0,14.0,,"The asset's fundamental value remains at $14, and the current market price reflects this. Holding my current position of 4 shares is optimal, as I will continue to benefit from dividends (either $0.40 or $1.00 each period) and the eventual redemption value of $14 per share. There is no incentive to buy or sell at this price, so I will maintain my position."
baseline-s140926,baseline,trader-08,baseline,22,hold,0,0,0.0,0,,366.82,4,386.76,4,18.34,1.6,442.76,14.0,14.0,14.0,14.0,,"Given the stable fundamental value of the asset at $14 and the observed dividends that vary between $0.40 and $1.00, holding my current position of 4 shares is the most prudent decision. This allows me to benefit from potential dividends and the final redemption value of $14. With only 9 trading periods remaining, maintaining my shares minimizes risk while maximizing long-term wealth."
baseline-s140926,baseline,trader-09,baseline,22,hold,0,0,0.0,0,,366.82,4,386.76,4,18.34,1.6,442.76,14.0,14.0,14.0,14.0,,"The fundamental value of the asset remains stable at $14. Given that I currently hold 4 shares, I will continue to receive dividends of either $0.40 or $1.00. Holding my shares is optimal as it maximizes my future cash wealth while maintaining a position for the final redemption value of $14. Therefore, I will hold my position this period."
baseline-s140926,baseline,trader-10,baseline,22,hold,0,0,0.0,0,,366.82,4,386.76,4,18.34,1.6,442.76,14.0,14.0,14.0,14.0,,"The asset's fundamental value remains at $14, and holding my current 4 shares is prudent to maximize cash wealth. Given the likelihood of receiving dividends of either $0.40 or $1.00 in the upcoming periods, maintaining my position allows me to benefit from these potential gains. Additionally, I will continue to earn interest on my cash, which contributes positively to my overall wealth. Selling now would not capitalize on these future opportunities, especially with the redemption value being $14 at the end of the trading period."
baseline-s140926,baseline,trader-11,baseline,22,hold,0,0,0.0,0,,366.82,4,386.76,4,18.34,1.6,442.76,14.0,14.0,14.0,14.0,,"The asset's fundamental value remains stable at $14 each period. Holding my current 4 shares allows me to benefit from potential dividends of $0.40 or $1.00, which will contribute to my overall wealth. Additionally, my cash is earning 5% interest, enhancing my financial position over time. Given that I cannot borrow cash or short shares, holding is the optimal strategy to maximize my final cash wealth."
baseline-s140926,baseline,trader-00,baseline,23,hold,0,0,0.0,0,,386.76,4,407.7,4,19.34,1.6,463.7,14.0,14.0,14.0,14.0,,"The market price is expected to remain stable at the fundamental value of $14 for the upcoming periods. Holding my 4 shares allows me to benefit from potential dividends without incurring trading costs or risking unfavorable price movements. My current cash position does not allow for purchasing additional shares at this price, making holding the best strategy to maximize wealth through dividends and the eventual redemption value."
baseline-s140926,baseline,trader-01,baseline,23,hold,0,0,0.0,0,,386.76,4,407.7,4,19.34,1.6,463.7,14.0,14.0,14.0,14.0,,"The asset's fundamental value remains stable at $14, and I expect this stability to continue. Holding my 4 shares allows me to benefit from potential dividends while avoiding the risk of selling at a potentially lower market price. Additionally, my cash balance is growing due to interest accumulation. Therefore, maintaining my current position is the best strategy to maximize my final cash wealth."
baseline-s140926,baseline,trader-02,baseline,23,sell,2,2,14.0,0,,386.76,4,407.7,4,19.34,1.6,463.7,14.0,14.0,14.0,14.0,,"Given that the fundamental value of the asset is $14 and I currently hold 4 shares, I will sell 2 shares at the limit price of $14. This allows me to realize some cash while still retaining a portion of my shares. The market price is expected to remain stable around the fundamental value, and selling now will help maximize my cash wealth."
baseline-s140926,baseline,trader-03,baseline,23,hold,0,0,0.0,0,,386.76,4,407.7,4,19.34,1.6,463.7,14.0,14.0,14.0,14.0,,"Given that the fundamental value of the asset is $14 and the market price is also at $14, it is prudent to hold my current position of 4 shares. This allows me to benefit from potential dividends, which can be either $0.40 or $1.00. With 8 trading periods remaining, maintaining this cautious approach will help maximize my overall wealth without taking unnecessary risks."
baseline-s140926,baseline,trader-04,baseline,23,hold,0,0,0.0,0,,386.76,4,407.7,4,19.34,1.6,463.7,14.0,14.0,14.0,14.0,,"The current market price is at the fundamental value of $14. Holding my position of 4 shares is prudent to benefit from potential dividends, which can vary between $0.40 and $1.00. Given that there are 8 trading periods remaining, it is wise to preserve my cash while maintaining my shares, allowing me to optimize my final cash wealth. This strategy aligns with my previous decisions and ensures that I remain positioned for any favorable dividend outcomes."
baseline-s140926,baseline,trader-05,baseline,23,hold,0,0,0.0,0,,386.76,4,407.7,4,19.34,1.6,463.7,14.0,14.0,14.0,14.0,,"Given the stable fundamental value of the asset at $14 and the historical consistency of dividends, I believe that holding my current position of 4 shares is the best strategy. Selling would not yield better returns, and buying would stretch my cash reserves without a clear upside in price. Retaining my cash allows for flexibility in future periods, ensuring I can redeem my shares at $14 each in the final period."
baseline-s140926,baseline,trader-06,baseline,23,hold,0,0,0.0,0,,386.76,4,407.7,4,19.34,1.6,463.7,14.0,14.0,14.0,14.0,,"The asset's fundamental value remains stable at $14, and I currently hold 4 shares. Holding my shares allows me to benefit from potential dividends this period, which could be either $0.40 or $1.00. Given my current cash position of $386.76, there is no immediate incentive to buy or sell. Maintaining my position maximizes my final cash wealth while awaiting the final redemption value at period 30."
baseline-s140926,baseline,trader-07,baseline,23,hold,0,0,0.0,0,,386.76,4,407.7,4,19.34,1.6,463.7,14.0,14.0,14.0,14.0,,"The asset's fundamental value remains at $14, which aligns with the current market price. Holding my current position of 4 shares is optimal, allowing me to benefit from dividends of either $0.40 or $1.00 each period and the eventual redemption value of $14 per share. There is no incentive to buy or sell at this price, so I will continue to hold."
baseline-s140926,baseline,trader-08,baseline,23,hold,0,0,0.0,0,,386.76,4,407.7,4,19.34,1.6,463.7,14.0,14.0,14.0,14.0,,"Given the stable fundamental value of the asset at $14 and the observed market conditions, holding my current position of 4 shares is prudent. I can benefit from potential dividends and the final redemption value of $14. With only 8 trading periods left, maintaining my shares minimizes risk while maximizing long-term wealth."
baseline-s140926,baseline,trader-09,baseline,23,hold,0,0,0.0,0,,386.76,4,407.7,4,19.34,1.6,463.7,14.0,14.0,14.0,14.0,,"The fundamental value of the asset remains stable at $14, and I currently hold 4 shares. Given that dividends are equally likely to be $0.40 or $1.00, holding my shares maximizes future cash wealth while maintaining a position for the final redemption value of $14. Therefore, I will hold my position this period."
baseline-s140926,baseline,trader-10,baseline,23,hold,0,0,0.0,0,,386.76,4,407.7,4,19.34,1.6,463.7,14.0,14.0,14.0,14.0,,"The asset's fundamental value remains stable at $14, and holding my current 4 shares is the most prudent decision to maximize cash wealth. Given the likelihood of receiving dividends of either $0.40 or $1.00 in the upcoming periods, maintaining my position allows me to benefit from these potential gains while continuing to earn interest on my cash. Selling now would not capitalize on future opportunities, especially with the redemption value being $14 at the end of the trading period."
baseline-s140926,baseline,trader-11,baseline,23,hold,0,0,0.0,0,,386.76,4,407.7,4,19.34,1.6,463.7,14.0,14.0,14.0,14.0,,"The asset's fundamental value is consistently at $14 each period. Holding my current 4 shares allows me to benefit from potential dividends of $0.40 or $1.00, which will contribute to my overall wealth. Additionally, my cash is earning 5% interest, enhancing my financial position over time. Given that I cannot borrow cash or short shares, holding is the optimal strategy to maximize my final cash wealth."
baseline-s140926,baseline,trader-00,baseline,24,hold,0,0,0.0,0,,407.7,4,432.09,4,20.39,4.0,488.09,14.0,14.0,14.0,14.0,,"The market price is stable at the fundamental value of $14, which is expected to remain consistent in the near term. Holding my 4 shares allows me to benefit from potential dividends while avoiding trading costs or unfavorable market movements. My current cash position does not allow for purchasing additional shares at this price, making holding the best strategy to maximize wealth through dividends and the eventual redemption value."
baseline-s140926,baseline,trader-01,baseline,24,hold,0,0,0.0,0,,407.7,4,432.09,4,20.39,4.0,488.09,14.0,14.0,14.0,14.0,,"The asset's fundamental value remains stable at $14, and I expect this trend to continue. Holding my 4 shares allows me to benefit from potential dividends while avoiding selling at a potentially lower market price. Additionally, my cash balance is growing due to interest accumulation. Therefore, maintaining my current position is the best strategy to maximize my final cash wealth."
baseline-s140926,baseline,trader-02,baseline,24,sell,2,2,14.0,0,,407.7,4,432.09,4,20.39,4.0,488.09,14.0,14.0,14.0,14.0,,"Given the fundamental value of the asset is $14 and I currently hold 4 shares, I will sell 2 shares at the limit price of $14. This allows me to realize some cash while still retaining a portion of my shares. The market price is expected to remain stable around the fundamental value, and selling now will help maximize my cash wealth."
baseline-s140926,baseline,trader-03,baseline,24,hold,0,0,0.0,0,,407.7,4,432.09,4,20.39,4.0,488.09,14.0,14.0,14.0,14.0,,"Given that the fundamental value of the asset is $14 and the current market price is also $14, it is prudent to hold my shares. I currently have 4 shares that may yield dividends of either $0.40 or $1.00. Holding allows me to benefit from these potential dividends while keeping cash available for future opportunities. With only 7 trading periods remaining, maintaining this cautious approach will help maximize my overall wealth without taking unnecessary risks."
baseline-s140926,baseline,trader-04,baseline,24,hold,0,0,0.0,0,,407.7,4,432.09,4,20.39,4.0,488.09,14.0,14.0,14.0,14.0,,"The current market price is at the fundamental value of $14, and I hold 4 shares. Given the potential for dividends and the stability of the asset's value, it is prudent to maintain my current position. Holding allows me to benefit from potential dividends while preserving cash for future trading opportunities. With only 7 periods remaining, it’s wise to stay positioned for any favorable dividend outcomes and optimize my final cash wealth."
baseline-s140926,baseline,trader-05,baseline,24,hold,0,0,0.0,0,,407.7,4,432.09,4,20.39,4.0,488.09,14.0,14.0,14.0,14.0,,"The asset's fundamental value remains stable at $14, and I expect this consistency to continue in the immediate future. Holding my current position of 4 shares allows me to benefit from potential dividends and ensures flexibility for future periods. Selling would not yield better returns, and buying would stretch my cash reserves without clear upside. Therefore, I will hold my shares and retain my cash for future opportunities."
baseline-s140926,baseline,trader-06,baseline,24,hold,0,0,0.0,0,,407.7,4,432.09,4,20.39,4.0,488.09,14.0,14.0,14.0,14.0,,"The asset's fundamental value remains stable at $14, and I currently hold 4 shares. By holding my shares, I can benefit from potential dividends this period, which could be either $0.40 or $1.00. Given my current cash position of $386.76 and the lack of immediate incentive to buy or sell, maintaining my position is the most prudent strategy to maximize my final cash wealth while awaiting the final redemption value at period 30."
baseline-s140926,baseline,trader-07,baseline,24,hold,0,0,0.0,0,,407.7,4,432.09,4,20.39,4.0,488.09,14.0,14.0,14.0,14.0,,"The asset's fundamental value remains at $14, which aligns with the current market price. Holding my current position of 4 shares is optimal, as I will benefit from potential dividends of $0.40 or $1.00 each period and the eventual redemption value of $14 per share. There is no incentive to buy or sell at this price, so I will maintain my position and hold."
baseline-s140926,baseline,trader-08,baseline,24,hold,0,0,0.0,0,,407.7,4,432.09,4,20.39,4.0,488.09,14.0,14.0,14.0,14.0,,"Given that the fundamental value of the asset remains consistently at $14 and considering the stable market conditions, I believe holding my current position of 4 shares is the most prudent approach. This strategy allows me to benefit from potential dividends, which can vary between $0.40 and $1.00, and also ensures that I will redeem my shares for $14 at the end of the trading periods. With only 7 trading periods left, maintaining my shares minimizes risk while maximizing long-term wealth."
baseline-s140926,baseline,trader-09,baseline,24,hold,0,0,0.0,0,,407.7,4,432.09,4,20.39,4.0,488.09,14.0,14.0,14.0,14.0,,"The fundamental value of the asset remains stable at $14, and I currently hold 4 shares. Given that dividends are equally likely to be $0.40 or $1.00, holding my shares maximizes future cash wealth while maintaining a position for the final redemption value of $14. Therefore, I will hold my position this period."
baseline-s140926,baseline,trader-10,baseline,24,hold,0,0,0.0,0,,407.7,4,432.09,4,20.39,4.0,488.09,14.0,14.0,14.0,14.0,,"The asset's fundamental value remains at $14. Holding my current 4 shares is prudent to maximize cash wealth, especially with the potential for dividends of $0.40 or $1.00 each period. I will continue to earn interest on my cash while holding these shares, and selling now would not capitalize on future gains."
baseline-s140926,baseline,trader-11,baseline,24,hold,0,0,0.0,0,,407.7,4,432.09,4,20.39,4.0,488.09,14.0,14.0,14.0,14.0,,"The asset's fundamental value is consistently at $14 each period. Holding my current 4 shares allows me to benefit from potential dividends of $0.40 or $1.00, which will contribute to my overall wealth. Additionally, my cash is earning 5% interest, enhancing my financial position over time. Given that I cannot borrow cash or short shares, holding is the optimal strategy to maximize my final cash wealth."
baseline-s140926,baseline,trader-00,baseline,25,hold,0,0,0.0,0,,432.09,4,455.29,4,21.6,1.6,511.29,14.0,14.0,14.0,14.0,,"The market price is stable at the fundamental value of $14, which is expected to remain consistent in the near future. Holding my 4 shares allows me to benefit from potential dividends and avoid trading costs or unfavorable market movements. Given my current cash position and the redemption value of shares at $14, maintaining my current position is the best strategy to maximize wealth."
baseline-s140926,baseline,trader-01,baseline,25,hold,0,0,0.0,0,,432.09,4,455.29,4,21.6,1.6,511.29,14.0,14.0,14.0,14.0,,"The asset's fundamental value remains stable at $14, and I expect it to continue this way. Holding my 4 shares allows me to benefit from potential dividends while avoiding the risk of selling at a potentially lower market price. Additionally, with $432.09 in cash, I can accumulate interest over the remaining periods, maximizing my final cash wealth."
baseline-s140926,baseline,trader-02,baseline,25,sell,2,2,14.0,0,,432.09,4,455.29,4,21.6,1.6,511.29,14.0,14.0,14.0,14.0,,"Given the fundamental value of the asset is $14 and I currently hold 4 shares, I will sell 2 shares at the limit price of $14. This allows me to realize some cash while still retaining a portion of my shares. The market price is expected to remain stable around the fundamental value, and selling now will help maximize my cash wealth."
baseline-s140926,baseline,trader-03,baseline,25,hold,0,0,0.0,0,,432.09,4,455.29,4,21.6,1.6,511.29,14.0,14.0,14.0,14.0,,"Given that the fundamental value of the asset is $14 and the current price is also $14, it is prudent to hold my shares. I currently have 4 shares that may yield dividends, which could be either $0.40 or $1.00. Holding allows me to benefit from potential dividends while maintaining cash for future opportunities. There is no immediate need to trade, and a cautious approach will help maximize my overall wealth over the remaining trading periods."
baseline-s140926,baseline,trader-04,baseline,25,hold,0,0,0.0,0,,432.09,4,455.29,4,21.6,1.6,511.29,14.0,14.0,14.0,14.0,,"The current market price is aligned with the fundamental value of $14. Holding my position of 4 shares is prudent to benefit from potential dividends, which can vary between $0.40 and $1.00. Given that there are only 6 trading periods remaining, preserving cash while maintaining my shares allows me to optimize my final cash wealth and remain positioned for any favorable dividend outcomes."
baseline-s140926,baseline,trader-05,baseline,25,hold,0,0,0.0,0,,432.09,4,455.29,4,21.6,1.6,511.29,14.0,14.0,14.0,14.0,,"Given the stable fundamental value of the asset at $14 and the historical consistency of dividends, I believe holding my current position of 4 shares is the best strategy. Selling would not yield better returns, and buying would stretch my cash reserves without clear upside in price. Retaining my cash allows for flexibility in future periods, ensuring I can redeem my shares at $14 each in the final period."
baseline-s140926,baseline,trader-06,baseline,25,hold,0,0,0.0,0,,432.09,4,455.29,4,21.6,1.6,511.29,14.0,14.0,14.0,14.0,,"The asset's fundamental value remains stable at $14, and I currently hold 4 shares. Holding my shares allows me to benefit from potential dividends this period, which could be either $0.40 or $1.00. Given my current cash position of $432.09 and no immediate incentive to buy or sell, maintaining my position is the most prudent strategy to maximize my final cash wealth while awaiting the final redemption value at period 30."
baseline-s140926,baseline,trader-07,baseline,25,hold,0,0,0.0,0,,432.09,4,455.29,4,21.6,1.6,511.29,14.0,14.0,14.0,14.0,,"The asset's fundamental value is $14, which is consistent with the current market price. Holding my 4 shares is optimal as I will benefit from the potential dividends (either $0.40 or $1.00 each period) and the eventual redemption value of $14 per share. Since there is no incentive to buy or sell at this price, I will continue to hold."
baseline-s140926,baseline,trader-08,baseline,25,hold,0,0,0.0,0,,432.09,4,455.29,4,21.6,1.6,511.29,14.0,14.0,14.0,14.0,,"Given the fundamental value of the asset remains stable at $14, and with only 6 trading periods left, maintaining my current position of 4 shares seems prudent. This allows me to benefit from potential dividends (which can vary between $0.40 and $1.00) over the remaining periods and ensures I will redeem my shares for $14 at the end. Holding minimizes risk while maximizing long-term wealth."
baseline-s140926,baseline,trader-09,baseline,25,hold,0,0,0.0,0,,432.09,4,455.29,4,21.6,1.6,511.29,14.0,14.0,14.0,14.0,,"The fundamental value of the asset remains stable at $14. Holding my 4 shares is optimal as it allows me to benefit from potential dividends of $0.40 or $1.00 while maintaining a position for the final redemption value of $14. Since there is no benefit in buying or selling at this time, I will continue to hold my position."
baseline-s140926,baseline,trader-10,baseline,25,hold,0,0,0.0,0,,432.09,4,455.29,4,21.6,1.6,511.29,14.0,14.0,14.0,14.0,,"The asset's fundamental value remains at $14, and holding my current 4 shares is the most prudent decision to maximize cash wealth. Given the potential for dividends of $0.40 or $1.00, retaining my shares allows me to benefit from these potential future gains while continuing to earn interest on my cash. Selling now would not capitalize on these potential gains, especially with the redemption value being $14 at the end of the trading period. Therefore, maintaining my position is the best strategy considering the current market conditions."
baseline-s140926,baseline,trader-11,baseline,25,hold,0,0,0.0,0,,432.09,4,455.29,4,21.6,1.6,511.29,14.0,14.0,14.0,14.0,,"The asset's fundamental value remains stable at $14. Holding my current 4 shares allows me to benefit from potential dividends of $0.40 or $1.00, which will contribute to my overall wealth. Additionally, my cash is earning 5% interest. Given that I cannot borrow cash or short shares, holding is the optimal strategy to maximize my final cash wealth as I await the redemption value of $14 after period 30."
baseline-s140926,baseline,trader-00,baseline,26,hold,0,0,0.0,0,,455.29,4,479.65,4,22.76,1.6,535.65,14.0,14.0,14.0,14.0,,"The market price is stable at the fundamental value of $14, which is expected to remain consistent in the near future. Holding my 4 shares allows me to benefit from potential dividends without incurring trading costs or unfavorable market movements. My current cash position does not allow for purchasing additional shares at this price, making holding the best strategy to maximize wealth through dividends and the eventual redemption value."
baseline-s140926,baseline,trader-01,baseline,26,hold,0,0,0.0,0,,455.29,4,479.65,4,22.76,1.6,535.65,14.0,14.0,14.0,14.0,,"The asset's fundamental value remains stable at $14, and I expect this trend to continue. Holding my 4 shares allows me to benefit from potential dividends while avoiding the risk of selling at a possibly lower market price. Additionally, with $455.29 in cash, I can accumulate interest over the remaining periods, further maximizing my final cash wealth."
baseline-s140926,baseline,trader-02,baseline,26,sell,2,2,14.0,0,,455.29,4,479.65,4,22.76,1.6,535.65,14.0,14.0,14.0,14.0,,"Given the current market conditions and the consistent fundamental value of the asset at $14, I will sell 2 shares at the limit price of $14. This allows me to realize cash while still retaining 2 shares for potential future gains. The market price is expected to remain stable around the fundamental value, and selling now will help maximize my cash wealth, especially considering the dividends and interest earned on my remaining cash."
baseline-s140926,baseline,trader-03,baseline,26,hold,0,0,0.0,0,,455.29,4,479.65,4,22.76,1.6,535.65,14.0,14.0,14.0,14.0,,"Given that the fundamental value of the asset is $14 and the current market price is also at $14, it is prudent to hold my shares. I currently have 4 shares which may yield dividends of either $0.40 or $1.00. Holding allows me to benefit from these potential dividends while maintaining cash for future opportunities. With only 5 trading periods remaining, maintaining this cautious approach will help maximize my overall wealth."
baseline-s140926,baseline,trader-04,baseline,26,hold,0,0,0.0,0,,455.29,4,479.65,4,22.76,1.6,535.65,14.0,14.0,14.0,14.0,,"The current market price is at the fundamental value of $14. Given that I hold 4 shares and the potential for dividends ranges between $0.40 and $1.00, it is prudent to maintain my current position. This allows me to benefit from potential dividends while preserving cash for future trading opportunities. With only 5 trading periods remaining, my strategy aligns with maximizing final cash wealth, as the asset's value is stable and I can redeem shares for $14 after the final period."
baseline-s140926,baseline,trader-05,baseline,26,hold,0,0,0.0,0,,455.29,4,479.65,4,22.76,1.6,535.65,14.0,14.0,14.0,14.0,,"Given the stable fundamental value of the asset at $14, I believe holding my current position of 4 shares is the best strategy. Selling would not yield better returns, and buying would stretch my cash reserves without clear upside in price. Retaining my cash allows for flexibility in future periods, ensuring I can redeem my shares at $14 each in the final period. Therefore, I will hold my shares and cash to maximize my wealth over the remaining periods."
baseline-s140926,baseline,trader-06,baseline,26,hold,0,0,0.0,0,,455.29,4,479.65,4,22.76,1.6,535.65,14.0,14.0,14.0,14.0,,"The asset's fundamental value remains stable at $14, and I currently hold 4 shares. Holding my shares allows me to benefit from potential dividends this period, which could be either $0.40 or $1.00. Given my current cash position of $432.09 and no immediate incentive to buy or sell, maintaining my position is the most prudent strategy to maximize my final cash wealth while awaiting the final redemption value at period 30."
baseline-s140926,baseline,trader-07,baseline,26,hold,0,0,0.0,0,,455.29,4,479.65,4,22.76,1.6,535.65,14.0,14.0,14.0,14.0,,"The asset's fundamental value is consistently $14, which reflects the current market price. I hold 4 shares, which will allow me to benefit from potential dividends of either $0.40 or $1.00 each period, and the eventual redemption value of $14 per share. There is no incentive to buy or sell at this price, so I will continue to hold."
baseline-s140926,baseline,trader-08,baseline,26,hold,0,0,0.0,0,,455.29,4,479.65,4,22.76,1.6,535.65,14.0,14.0,14.0,14.0,,"Given the consistent fundamental value of the asset is $14, I believe holding my current position of 4 shares is the most prudent decision. This strategy allows me to benefit from potential dividends and the final redemption value of $14 at the end of the trading periods. With only 5 trading periods left, maintaining my shares minimizes risk while maximizing long-term wealth."
baseline-s140926,baseline,trader-09,baseline,26,hold,0,0,0.0,0,,455.29,4,479.65,4,22.76,1.6,535.65,14.0,14.0,14.0,14.0,,"The fundamental value of the asset remains stable at $14. I currently hold 4 shares, and with dividends equally likely to be $0.40 or $1.00, holding my shares is optimal to maximize future cash wealth while maintaining a position for the final redemption value of $14. Therefore, I will hold my position this period."
baseline-s140926,baseline,trader-10,baseline,26,hold,0,0,0.0,0,,455.29,4,479.65,4,22.76,1.6,535.65,14.0,14.0,14.0,14.0,,"The asset's fundamental value remains at $14, and holding my current 4 shares is the most prudent decision to maximize cash wealth. Given the potential dividends of $0.40 or $1.00, retaining my shares allows me to benefit from these potential future gains while continuing to earn interest on my cash. Selling now would not capitalize on potential gains, especially with the redemption value being $14 at the end of the trading period. Therefore, maintaining my position is the best strategy considering the current market conditions."
baseline-s140926,baseline,trader-11,baseline,26,hold,0,0,0.0,0,,455.29,4,479.65,4,22.76,1.6,535.65,14.0,14.0,14.0,14.0,,"The asset's fundamental value remains stable at $14 each period. Holding my current 4 shares allows me to benefit from potential dividends of $0.40 or $1.00. Additionally, my cash is earning 5% interest, enhancing my financial position. Given that I cannot borrow cash or short shares, holding is the optimal strategy to maximize my final cash wealth as I await the redemption value of $14 after period 30."
baseline-s140926,baseline,trader-00,baseline,27,hold,0,0,0.0,0,,479.65,4,507.63,4,23.98,4.0,563.63,14.0,14.0,14.0,14.0,,"The market price is expected to remain stable at the fundamental value of $14 in the near term. Holding my 4 shares allows me to benefit from potential dividends without incurring trading costs or risking unfavorable price movements. My current cash position does not allow for purchasing additional shares at this price, making holding the best strategy to maximize wealth through dividends and the eventual redemption value."
baseline-s140926,baseline,trader-01,baseline,27,hold,0,0,0.0,0,,479.65,4,507.63,4,23.98,4.0,563.63,14.0,14.0,14.0,14.0,,"The asset's fundamental value is consistently $14, and I expect this stability to continue. Holding my 4 shares allows me to benefit from potential dividends while avoiding selling at a potentially lower market price. Additionally, with my current cash of $479.65, I can accumulate interest over the remaining periods, maximizing my final cash wealth. Therefore, maintaining my current position is the best strategy."
baseline-s140926,baseline,trader-02,baseline,27,sell,2,2,14.0,0,,479.65,4,507.63,4,23.98,4.0,563.63,14.0,14.0,14.0,14.0,,"Given the fundamental value of the asset is $14 and I currently hold 4 shares, I will sell 2 shares at the limit price of $14. This allows me to realize some cash while still retaining a portion of my shares. The market price is expected to remain stable around the fundamental value, and selling now will help maximize my cash wealth."
baseline-s140926,baseline,trader-03,baseline,27,hold,0,0,0.0,0,,479.65,4,507.63,4,23.98,4.0,563.63,14.0,14.0,14.0,14.0,,"Given that the fundamental value of the asset is $14 and current market conditions are stable, it is prudent to hold my shares. I have 4 shares that may yield dividends of either $0.40 or $1.00. Holding allows me to benefit from these potential dividends while keeping cash available for future opportunities. With only 4 trading periods remaining, maintaining this cautious approach will help maximize my overall wealth."
baseline-s140926,baseline,trader-04,baseline,27,hold,0,0,0.0,0,,479.65,4,507.63,4,23.98,4.0,563.63,14.0,14.0,14.0,14.0,,"The current market price aligns with the fundamental value of $14. Holding my position of 4 shares is prudent to benefit from potential dividends, which can vary between $0.40 and $1.00. Given that there are only 4 trading periods remaining, it is wise to preserve my cash while maintaining my shares, allowing me to optimize my final cash wealth. This strategy aligns with my previous decisions and ensures that I remain positioned for any favorable dividend outcomes."
baseline-s140926,baseline,trader-05,baseline,27,hold,0,0,0.0,0,,479.65,4,507.63,4,23.98,4.0,563.63,14.0,14.0,14.0,14.0,,"Given the stable fundamental value of the asset at $14 and the historical consistency of dividends, I believe holding my current position of 4 shares is the best strategy. Selling would not yield better returns, and buying would stretch my cash reserves without clear upside in price. Retaining my cash allows for flexibility in future periods, ensuring I can redeem my shares at $14 each in the final period."
baseline-s140926,baseline,trader-06,baseline,27,hold,0,0,0.0,0,,479.65,4,507.63,4,23.98,4.0,563.63,14.0,14.0,14.0,14.0,,"The asset's fundamental value is $14, and it is expected to remain stable in the near term. I currently hold 4 shares allowing me to benefit from potential dividends this period, which may be either $0.40 or $1.00. Given my cash position of $479.65 and the absence of immediate incentive to buy or sell, maintaining my position is the most prudent strategy to maximize my final cash wealth while awaiting the final redemption value at period 30."
baseline-s140926,baseline,trader-07,baseline,27,hold,0,0,0.0,0,,479.65,4,507.63,4,23.98,4.0,563.63,14.0,14.0,14.0,14.0,,"The asset's fundamental value is consistently $14, and the current market price reflects this. Holding my current position of 4 shares is optimal, as I will benefit from dividends (either $0.40 or $1.00) and the eventual redemption value of $14 per share. Given that there is no incentive to buy or sell at this price, I will continue to hold."
baseline-s140926,baseline,trader-08,baseline,27,hold,0,0,0.0,0,,479.65,4,507.63,4,23.98,4.0,563.63,14.0,14.0,14.0,14.0,,"Given the stable fundamental value of the asset at $14 and the historical consistency of dividends, I believe holding my current position of 4 shares is the most prudent decision. This strategy allows me to benefit from potential dividends and the final redemption value of $14 at the end of the trading periods. With only 4 trading periods remaining, maintaining my shares minimizes risk while maximizing long-term wealth."
baseline-s140926,baseline,trader-09,baseline,27,hold,0,0,0.0,0,,479.65,4,507.63,4,23.98,4.0,563.63,14.0,14.0,14.0,14.0,,"The fundamental value of the asset remains stable at $14, and I currently hold 4 shares. Given that dividends are equally likely to be $0.40 or $1.00, holding my shares maximizes future cash wealth while maintaining a position for the final redemption value of $14. Thus, I will hold my position this period."
baseline-s140926,baseline,trader-10,baseline,27,hold,0,0,0.0,0,,479.65,4,507.63,4,23.98,4.0,563.63,14.0,14.0,14.0,14.0,,"The asset's fundamental value remains at $14, and I currently hold 4 shares. Given the potential for dividends of $0.40 or $1.00 in the next trading periods, it is prudent to maintain my position. Selling now would not capitalize on these potential gains, especially since I will receive a redemption value of $14 per share at the end of the trading period. Therefore, holding my shares is the best strategy to maximize my cash wealth."
baseline-s140926,baseline,trader-11,baseline,27,hold,0,0,0.0,0,,479.65,4,507.63,4,23.98,4.0,563.63,14.0,14.0,14.0,14.0,,"The asset's fundamental value remains stable at $14 each period. Holding my current 4 shares allows me to benefit from potential dividends of $0.40 or $1.00 while my cash earns 5% interest. Given that I cannot borrow cash or short shares, holding is the optimal strategy to maximize my final cash wealth and take advantage of future dividends. After period 30, the shares will be redeemed at $14 each, ensuring that my final cash wealth is maximized."
baseline-s140926,baseline,trader-00,baseline,28,hold,0,0,0.0,0,,507.63,4,534.61,4,25.38,1.6,590.61,14.0,14.0,14.0,14.0,,"The market price remains stable at the fundamental value of $14, which is expected to hold steady in the near term. Holding my 4 shares allows me to benefit from potential dividends without incurring trading costs or unfavorable market movements. My current cash position is not sufficient to buy additional shares at this price, so maintaining my current position is the best strategy to maximize wealth through dividends and the eventual redemption value."
baseline-s140926,baseline,trader-01,baseline,28,hold,0,0,0.0,0,,507.63,4,534.61,4,25.38,1.6,590.61,14.0,14.0,14.0,14.0,,"The asset's fundamental value remains stable at $14, and I expect this to continue through the remaining periods. Holding my 4 shares allows me to benefit from potential dividends while avoiding selling at a possibly lower market price. With $507.63 in cash, I can also accumulate interest over the remaining periods, maximizing my final cash wealth."
baseline-s140926,baseline,trader-02,baseline,28,sell,2,2,14.0,0,,507.63,4,534.61,4,25.38,1.6,590.61,14.0,14.0,14.0,14.0,,"Given the fundamental value of the asset remains at $14 and I currently hold 4 shares, I will sell 2 shares at the limit price of $14. This allows me to realize some cash while still retaining 2 shares for potential future gains. The market price is expected to remain stable around the fundamental value, and selling now will help maximize my cash wealth as we approach the final periods."
baseline-s140926,baseline,trader-03,baseline,28,hold,0,0,0.0,0,,507.63,4,534.61,4,25.38,1.6,590.61,14.0,14.0,14.0,14.0,,"Given that the fundamental value of the asset is $14 and the current market price is also $14, it is prudent to hold my shares. I currently have 4 shares that may yield dividends of either $0.40 or $1.00. Holding allows me to benefit from these potential dividends while keeping cash available for future opportunities. With only 3 trading periods remaining, maintaining this cautious approach will help maximize my overall wealth without taking unnecessary risks."
baseline-s140926,baseline,trader-04,baseline,28,hold,0,0,0.0,0,,507.63,4,534.61,4,25.38,1.6,590.61,14.0,14.0,14.0,14.0,,"The current market price aligns with the fundamental value of $14. Given that I hold 4 shares and the potential for dividends, it is prudent to maintain my current position. This allows me to benefit from potential dividends while preserving cash for future trading opportunities. With only 3 trading periods remaining, my strategy aligns with maximizing final cash wealth, as the asset's value is stable and I can redeem shares for $14 after the final period."
baseline-s140926,baseline,trader-05,baseline,28,hold,0,0,0.0,0,,507.63,4,534.61,4,25.38,1.6,590.61,14.0,14.0,14.0,14.0,,"Given the stable fundamental value of the asset at $14, and the expected dividends of either $0.40 or $1.00, holding my current position of 4 shares is the best strategy. Selling would not yield better returns, and buying would stretch my cash reserves without clear upside in price. I plan to retain my cash for flexibility in future periods and ensure I can redeem my shares at $14 each in the final period."
baseline-s140926,baseline,trader-06,baseline,28,hold,0,0,0.0,0,,507.63,4,534.61,4,25.38,1.6,590.61,14.0,14.0,14.0,14.0,,"The asset's fundamental value is $14, and it is expected to remain stable in the near term. Holding my 4 shares allows me to benefit from potential dividends this period, which could be either $0.40 or $1.00. Given my current cash position of $507.63 and no immediate incentive to buy or sell, maintaining my position is the most prudent strategy to maximize my final cash wealth while awaiting the final redemption value at period 30."
baseline-s140926,baseline,trader-07,baseline,28,hold,0,0,0.0,0,,507.63,4,534.61,4,25.38,1.6,590.61,14.0,14.0,14.0,14.0,,"The asset's fundamental value remains at $14, and the market price reflects this. Holding my current position of 4 shares is optimal, as I will benefit from potential dividends (either $0.40 or $1.00) and the eventual redemption value of $14 per share. Since there is no incentive to buy or sell at this price, I will maintain my position and hold."
baseline-s140926,baseline,trader-08,baseline,28,hold,0,0,0.0,0,,507.63,4,534.61,4,25.38,1.6,590.61,14.0,14.0,14.0,14.0,,"Given the stable fundamental value of the asset at $14 and the consistency of dividends observed, holding my current position of 4 shares is the most prudent decision. This allows me to benefit from potential dividends over the next trading periods and ensures I will redeem my shares for $14 at the end. With only 3 trading periods remaining, maintaining my shares minimizes risk while maximizing long-term wealth."
baseline-s140926,baseline,trader-09,baseline,28,hold,0,0,0.0,0,,507.63,4,534.61,4,25.38,1.6,590.61,14.0,14.0,14.0,14.0,,"The fundamental value of the asset remains at $14, and I currently hold 4 shares. Given that dividends are equally likely to be $0.40 or $1.00, holding my shares maximizes future cash wealth while maintaining a position for the final redemption value of $14. There is no benefit in buying or selling at this time, thus I will continue to hold my position."
baseline-s140926,baseline,trader-10,baseline,28,hold,0,0,0.0,0,,507.63,4,534.61,4,25.38,1.6,590.61,14.0,14.0,14.0,14.0,,"The asset's fundamental value remains stable at $14. Holding my current 4 shares is the most prudent decision to maximize cash wealth, especially with the potential for dividends of $0.40 or $1.00 in the upcoming periods. Selling now would not capitalize on these potential gains, especially since I will receive a redemption value of $14 per share at the end of the trading period. Therefore, maintaining my position is the best strategy considering the current market conditions."
baseline-s140926,baseline,trader-11,baseline,28,hold,0,0,0.0,0,,507.63,4,534.61,4,25.38,1.6,590.61,14.0,14.0,14.0,14.0,,"The asset's fundamental value remains stable at $14 each period. Holding my current 4 shares allows me to benefit from potential dividends of $0.40 or $1.00. After period 30, the shares will be redeemed at $14 each, ensuring that my final cash wealth is maximized. Additionally, my cash is earning 5% interest, enhancing my financial position. Given that I cannot borrow cash or short shares, holding is the optimal strategy to maximize my final cash wealth."
baseline-s140926,baseline,trader-00,baseline,29,hold,0,0,0.0,0,,534.61,4,562.94,4,26.73,1.6,618.94,14.0,14.0,14.0,14.0,,"The current market price is stable at the fundamental value of $14, which is expected to remain consistent in the near term. Holding my 4 shares allows me to benefit from potential dividends without incurring trading costs or exposure to unfavorable price movements. Given that my cash position does not allow for purchasing additional shares at this price, maintaining my current position is the best strategy to maximize wealth through dividends and the eventual redemption value."
baseline-s140926,baseline,trader-01,baseline,29,hold,0,0,0.0,0,,534.61,4,562.94,4,26.73,1.6,618.94,14.0,14.0,14.0,14.0,,"The asset's fundamental value remains stable at $14, and I expect this to continue in the near future. Holding my 4 shares allows me to benefit from potential dividends while avoiding selling at a potentially lower market price. With $534.61 in cash, I can accumulate interest over the remaining periods, maximizing my final cash wealth."
baseline-s140926,baseline,trader-02,baseline,29,sell,2,2,14.0,0,,534.61,4,562.94,4,26.73,1.6,618.94,14.0,14.0,14.0,14.0,,"Given that the fundamental value of the asset is $14 and I currently hold 4 shares, I will sell 2 shares at the limit price of $14. This allows me to realize some cash while still retaining 2 shares for potential future gains. The market price is expected to remain stable around the fundamental value, and selling now helps maximize my overall cash wealth, especially as we approach the final periods."
baseline-s140926,baseline,trader-03,baseline,29,hold,0,0,0.0,0,,534.61,4,562.94,4,26.73,1.6,618.94,14.0,14.0,14.0,14.0,,"Given that the fundamental value remains at $14, and the current price is also at $14, it is prudent to hold my shares. I currently have 4 shares that may yield dividends, which could be either $0.40 or $1.00. Holding allows me to benefit from potential dividends while keeping cash available for future opportunities. With only 2 trading periods left, maintaining my position is the best strategy to maximize overall wealth without incurring unnecessary risks."
baseline-s140926,baseline,trader-04,baseline,29,hold,0,0,0.0,0,,534.61,4,562.94,4,26.73,1.6,618.94,14.0,14.0,14.0,14.0,,"The market price is currently at the fundamental value of $14, and given the potential for dividends that can vary between $0.40 and $1.00, holding my position of 4 shares is prudent. This strategy allows me to benefit from possible dividends while preserving my cash for future trading opportunities. With only 2 trading periods remaining, it is wise to maintain my shares and cash balance to maximize my final wealth, as the asset's value will be redeemed for $14 after the last period."
baseline-s140926,baseline,trader-05,baseline,29,hold,0,0,0.0,0,,534.61,4,562.94,4,26.73,1.6,618.94,14.0,14.0,14.0,14.0,,"Given the stable fundamental value of the asset at $14 and the expected dividends of $0.40 or $1.00, holding my current position of 4 shares is the best strategy. Selling would not yield better returns, and buying would stretch my cash reserves without a clear upside in price. I plan to retain my cash for flexibility in future periods and ensure I can redeem my shares at $14 each in the final period."
baseline-s140926,baseline,trader-06,baseline,29,hold,0,0,0.0,0,,534.61,4,562.94,4,26.73,1.6,618.94,14.0,14.0,14.0,14.0,,"The asset's fundamental value is consistently at $14, and I currently hold 4 shares. With only 2 trading periods remaining and the expected dividends providing additional cash, maintaining my current position is the most prudent strategy. I will benefit from potential dividends this period and the final redemption value of $14 per share at period 30."
baseline-s140926,baseline,trader-07,baseline,29,hold,0,0,0.0,0,,534.61,4,562.94,4,26.73,1.6,618.94,14.0,14.0,14.0,14.0,,"The asset's fundamental value remains at $14, and the current market price reflects this. Holding my current position of 4 shares is optimal, as I will benefit from dividends and the eventual redemption at $14 per share. With only 2 trading periods left, there is no incentive to buy or sell at this price."
baseline-s140926,baseline,trader-08,baseline,29,hold,0,0,0.0,0,,534.61,4,562.94,4,26.73,1.6,618.94,14.0,14.0,14.0,14.0,,"Given that the fundamental value of the asset remains consistent at $14 and with only 2 trading periods left, holding my current position of 4 shares is the most prudent decision. This allows me to benefit from potential dividends in the next periods and ensures that I will redeem my shares for $14 at the end. Selling or buying at this stage may introduce unnecessary risk, especially when market conditions appear stable."
baseline-s140926,baseline,trader-09,baseline,29,hold,0,0,0.0,0,,534.61,4,562.94,4,26.73,1.6,618.94,14.0,14.0,14.0,14.0,,"The fundamental value of the asset remains at $14. Holding my 4 shares is optimal as it allows me to benefit from the potential dividends of $0.40 or $1.00 while maintaining my position for the final redemption value of $14. Given that there are only two trading periods left, it is best to hold my shares to maximize future cash wealth."
baseline-s140926,baseline,trader-10,baseline,29,hold,0,0,0.0,0,,534.61,4,562.94,4,26.73,1.6,618.94,14.0,14.0,14.0,14.0,,"The asset's fundamental value remains stable at $14, and holding my current 4 shares is prudent to maximize cash wealth. Given that I will receive dividends of either $0.40 or $1.00 in the next two periods, maintaining my position allows me to benefit from these potential gains. Additionally, with only 2 periods left, I will also receive a redemption value of $14 per share at the end of the trading period. Thus, holding is the best strategy considering the current market conditions."
baseline-s140926,baseline,trader-11,baseline,29,hold,0,0,0.0,0,,534.61,4,562.94,4,26.73,1.6,618.94,14.0,14.0,14.0,14.0,,"The asset's fundamental value remains stable at $14. Holding my current 4 shares allows me to benefit from potential dividends of $0.40 or $1.00, which will contribute to my overall wealth. After period 30, the shares will be redeemed at $14 each, ensuring that my final cash wealth is maximized. Additionally, my cash is earning 5% interest, enhancing my financial position. Given that I cannot borrow cash or short shares, holding is the optimal strategy to maximize my final cash wealth."
baseline-s140926,baseline,trader-00,baseline,30,hold,0,0,0.0,0,,562.94,4,592.69,4,28.15,1.6,648.69,14.0,14.0,14.0,14.0,,"The market price is expected to remain stable at the fundamental value of $14 in the near term. Holding my 4 shares allows me to benefit from potential dividends without incurring trading costs or risking unfavorable price movements. Since my cash position does not allow for purchasing additional shares at this price, maintaining my current position is the best strategy to maximize wealth through dividends and the eventual redemption value."
baseline-s140926,baseline,trader-01,baseline,30,hold,0,0,0.0,0,,562.94,4,592.69,4,28.15,1.6,648.69,14.0,14.0,14.0,14.0,,"The asset's fundamental value remains stable at $14, and I expect this to continue. Holding my 4 shares allows me to benefit from potential dividends while avoiding selling at a potentially lower market price. Additionally, with $562.94 in cash, I can accumulate interest over the remaining period, which will maximize my final cash wealth."
baseline-s140926,baseline,trader-02,baseline,30,sell,4,4,14.0,0,,562.94,4,592.69,4,28.15,1.6,648.69,14.0,14.0,14.0,14.0,,"Given that the fundamental value of the asset remains at $14 and the market price is expected to stabilize around this value, I will sell all 4 shares at the limit price of $14. This allows me to realize cash while maximizing my cash wealth, especially since we are at the final period and the remaining shares will be redeemed at $14 each. Selling now ensures I capture the current value before the final redemption occurs."
baseline-s140926,baseline,trader-03,baseline,30,hold,0,0,0.0,0,,562.94,4,592.69,4,28.15,1.6,648.69,14.0,14.0,14.0,14.0,,"Given that the fundamental value of the asset is $14 and the current market price is also $14, it is prudent to hold my shares. I currently have 4 shares that may yield dividends, which could be either $0.40 or $1.00. Holding allows me to benefit from these potential dividends while keeping cash available for future opportunities. With only one trading period remaining, maintaining my position is the best strategy to maximize overall wealth without incurring unnecessary risks."
baseline-s140926,baseline,trader-04,baseline,30,hold,0,0,0.0,0,,562.94,4,592.69,4,28.15,1.6,648.69,14.0,14.0,14.0,14.0,,"The current market price aligns with the fundamental value of $14. Holding my position of 4 shares is prudent to benefit from potential dividends, which can vary between $0.40 and $1.00. With only one trading period remaining, preserving my cash while maintaining my shares maximizes my final cash wealth, as the asset will be redeemed for $14 after this period."
baseline-s140926,baseline,trader-05,baseline,30,hold,0,0,0.0,0,,562.94,4,592.69,4,28.15,1.6,648.69,14.0,14.0,14.0,14.0,,"Given that this is the final trading period and the fundamental value of the asset remains at $14, holding my current position of 4 shares is the best strategy. I will not sell, as it would not yield better returns, and buying is not an option given my cash situation. Furthermore, I will receive dividends and can redeem my shares for $14 each at the end of the period. Therefore, I will hold my shares to maximize my total cash wealth."
baseline-s140926,baseline,trader-06,baseline,30,hold,0,0,0.0,0,,562.94,4,592.69,4,28.15,1.6,648.69,14.0,14.0,14.0,14.0,,"The asset's fundamental value is stable at $14, and I currently hold 4 shares. With one trading period left, holding my shares allows me to potentially earn dividends this period while securing a final redemption value of $14 per share. Given my cash position and the lack of incentive to buy or sell, maintaining my position is the most prudent strategy to maximize my final cash wealth."
baseline-s140926,baseline,trader-07,baseline,30,hold,0,0,0.0,0,,562.94,4,592.69,4,28.15,1.6,648.69,14.0,14.0,14.0,14.0,,"The asset's fundamental value is consistently $14, which aligns with the current market price. Holding my current position of 4 shares is optimal, allowing me to benefit from dividends (either $0.40 or $1.00 each period) and the eventual redemption value of $14 per share. With only one trading period remaining, there is no incentive to buy or sell at this price, so I will maintain my position and hold."
baseline-s140926,baseline,trader-08,baseline,30,hold,0,0,0.0,0,,562.94,4,592.69,4,28.15,1.6,648.69,14.0,14.0,14.0,14.0,,"Given that the fundamental value of the asset remains stable at $14 and there are only one trading period left, holding my current position of 4 shares is the most prudent decision. This allows me to benefit from potential dividends in the next period and ensures that I will redeem my shares for $14 at the end of the trading. Selling or buying at this stage may introduce unnecessary risk, especially when market conditions appear stable."
baseline-s140926,baseline,trader-09,baseline,30,hold,0,0,0.0,0,,562.94,4,592.69,4,28.15,1.6,648.69,14.0,14.0,14.0,14.0,,"The fundamental value of the asset remains at $14, and I currently hold 4 shares. Given that dividends are equally likely to be $0.40 or $1.00, holding my shares maximizes future cash wealth while maintaining a position for the final redemption value of $14. There is no benefit in buying or selling at this time, thus I will continue to hold my position."
baseline-s140926,baseline,trader-10,baseline,30,hold,0,0,0.0,0,,562.94,4,592.69,4,28.15,1.6,648.69,14.0,14.0,14.0,14.0,,"The asset's fundamental value remains at $14, and with only one trading period left, holding my current 4 shares is the most prudent decision. I will receive a dividend of either $0.40 or $1.00, which adds to my cash wealth, and the redemption value of $14 per share will be received at the end of this period. Selling now would not capitalize on these potential gains, so maintaining my position maximizes my final cash wealth."
baseline-s140926,baseline,trader-11,baseline,30,hold,0,0,0.0,0,,562.94,4,592.69,4,28.15,1.6,648.69,14.0,14.0,14.0,14.0,,"The asset's fundamental value remains stable at $14 each period. Holding my current 4 shares allows me to benefit from potential dividends of $0.40 or $1.00. Additionally, after period 30, the shares will be redeemed at $14 each, ensuring that my final cash wealth is maximized. My cash is also earning 5% interest, enhancing my financial position. Given that I cannot borrow cash or short shares, holding is the optimal strategy to maximize my final cash wealth."
BT-OC-PC-s140926,BT+OC+PC,trader-00,OC,1,buy,7,7,13.0,0,,100.0,4,106.6,4,5.0,1.6,162.6,14.0,14.0,14.0,14.0,,"Given my contrarian nature, I believe the price will recover after any potential dip, so I plan to buy more shares at a lower price than the reference quote. I will place a limit order at $13, allowing me to purchase an additional 7 shares with my available cash ($10,000 cash allows for 769 shares at $13). This aligns with my strategy of buying after prices fall. I expect the market will recover, leading to increased cash wealth in future periods."
BT-OC-PC-s140926,BT+OC+PC,trader-01,BT,1,hold,0,0,0.0,0,,100.0,4,106.6,4,5.0,1.6,162.6,14.0,14.5,15.0,14.0,,"Considering the current price is at the initial reference of $14, which is also the fundamental value, I anticipate a slight increase in price in the next few periods due to potential market optimism. However, I will hold my position for now, as I want to avoid selling at or near the fundamental value and assess the market dynamics before making any trades."
BT-OC-PC-s140926,BT+OC+PC,trader-02,OC,1,buy,1,1,13.5,0,,100.0,4,106.6,4,5.0,1.6,162.6,14.0,14.0,14.0,14.0,,"I believe the price will recover after a recent fall, so I will buy one share at a limit price of $13.50. This is based on my contrarian strategy, and I trust that the market will rebound, allowing me to increase my holdings at a lower price."
BT-OC-PC-s140926,BT+OC+PC,trader-03,OC,1,buy,1,1,13.5,0,,100.0,4,106.6,4,5.0,1.6,162.6,14.0,14.0,14.0,14.0,,"Given my contrarian approach and the current market price being at $14, I expect a price drop in the near future. I believe that buying at $13.5 will provide an opportunity for recovery, as I expect prices to rise again, aligning with my overconfident belief in my judgment. With $10,000 cash available, I can buy one share at a limit price of $13.5, as this is a strategic move to capitalize on the anticipated recovery."
BT-OC-PC-s140926,BT+OC+PC,trader-04,BT,1,hold,0,0,0.0,0,,100.0,4,106.6,4,5.0,1.6,162.6,14.0,15.0,16.0,18.0,,"The initial reference price is at the fundamental value of $14. I expect the market to rise slowly over the next few periods, with potential prices of $15 in period 2, $16 in period 5, and $18 in period 10. Since I currently own shares, I will hold my position for now and evaluate the market further in the next period."
BT-OC-PC-s140926,BT+OC+PC,trader-05,PC,1,sell,2,2,14.0,0,,100.0,4,106.6,4,5.0,1.6,162.6,14.0,14.0,14.0,14.0,,"I plan to sell 2 shares this period. Given that I have 4 shares and the current price is at the fundamental value of $14, selling now allows me to maximize cash while still retaining 2 shares for potential future dividends. I expect the market price to remain stable around the fundamental value in the next few periods, leading me to sell now rather than holding onto shares that may not appreciate further."
BT-OC-PC-s140926,BT+OC+PC,trader-06,BT,1,hold,0,0,0.0,0,,100.0,4,106.6,4,5.0,1.6,162.6,14.0,14.5,15.0,14.0,,"The initial market price is at fundamental value, and I currently have 4 shares. Given the potential for price increases in the next few periods, holding allows me to capture any potential upside while minimizing risk. Forecasts indicate a slight rise in the short term, but I intend to exit before any significant peak based on market trends."
BT-OC-PC-s140926,BT+OC+PC,trader-07,PC,1,sell,2,2,14.0,0,,100.0,4,106.6,4,5.0,1.6,162.6,14.0,14.0,14.0,14.0,,"I plan to sell 2 shares at the current market price of $14. I believe this price reflects the fundamental value of the asset, and selling now allows me to secure cash while still retaining 2 shares for future dividends. I will hold the remaining shares for potential dividends in the upcoming periods, as I anticipate the market will stay around this value. This aligns with my commitment to sell shares in the early periods, securing cash for future trading periods."
BT-OC-PC-s140926,BT+OC+PC,trader-08,OC,1,buy,74,7,13.5,0,,100.0,4,106.6,4,5.0,1.6,162.6,14.0,14.0,14.0,14.0,,"I believe the price will recover after a temporary drop, so I will place a buy order at $13.50. Given my cash of $100.00 (or 10,000 cents), I can purchase 74 shares at this price. Since I'm confident that the price will rebound, holding a larger number of shares will maximize my potential cash wealth in the future."
BT-OC-PC-s140926,BT+OC+PC,trader-09,BT,1,hold,0,0,0.0,0,,100.0,4,106.6,4,5.0,1.6,162.6,14.0,14.0,14.0,14.0,,"The current market price is at the fundamental value of $14. Given that prices are likely to fluctuate around this level and considering the equally likely dividend payouts, I will hold my current position of 4 shares. I expect no immediate advantage in buying or selling at this moment since the market is stable at the fundamental value."
BT-OC-PC-s140926,BT+OC+PC,trader-10,PC,1,sell,2,2,14.0,0,,100.0,4,106.6,4,5.0,1.6,162.6,14.0,14.0,14.0,14.0,,"I plan to sell 2 shares in the first period to capitalize on the current reference price of $14. This decision aligns with my strategy of liquidating some assets early to ensure cash flow while still retaining 2 shares for potential future gains. Given the stable forecast of the asset's value, this approach allows me to maximize my cash wealth while minimizing risk."
BT-OC-PC-s140926,BT+OC+PC,trader-11,PC,1,hold,0,0,0.0,0,,100.0,4,106.6,4,5.0,1.6,162.6,14.0,14.0,14.0,14.0,,"I will hold my shares for now as I expect the price to remain stable at the fundamental value of $14. I plan to sell my shares in later periods, specifically in period 30 when I can redeem for $14 each. Holding allows me to potentially benefit from dividends paid out in the interim. My current cash position is sufficient to sustain my strategy without making unnecessary trades."
BT-OC-PC-s140926,BT+OC+PC,trader-00,OC,2,buy,7,7,13.0,0,,106.6,4,113.53,4,5.33,1.6,169.53,14.0,14.0,14.0,14.0,,"Given my contrarian nature, I believe that the price will recover after any potential dip. I plan to buy more shares at a lower price than the reference quote. I will place a limit order at $13, allowing me to purchase an additional 7 shares with my available cash ($10,660 cash allows for 820 shares at $13). This aligns with my strategy of buying after prices fall, and I expect the market will recover, leading to increased cash wealth in future periods."
BT-OC-PC-s140926,BT+OC+PC,trader-01,BT,2,buy,1,1,14.5,1,14.25,106.6,4,98.97,5,4.62,2.0,168.97,14.0,14.5,15.0,14.0,,"Given the current market dynamics and the potential for slight price increases, I forecast a price of $14.5 in the next period, indicating an upward trend. I plan to buy 1 share at this price, as it allows me to leverage my cash while still remaining cautious. This aligns with my strategy to capitalize on market optimism before prices peak."
BT-OC-PC-s140926,BT+OC+PC,trader-02,OC,2,buy,1,1,13.0,0,,106.6,4,113.53,4,5.33,1.6,169.53,14.0,14.0,14.0,14.0,,"I believe the price will recover after a recent fall, so I will buy one share at a limit price of $13.00. This aligns with my contrarian strategy, and I trust that the market will rebound, allowing me to increase my holdings at a lower price."
BT-OC-PC-s140926,BT+OC+PC,trader-03,OC,2,buy,1,1,13.0,0,,106.6,4,113.53,4,5.33,1.6,169.53,14.0,14.0,14.0,14.0,,"I believe the market price will drop further in the short term, given my contrarian approach and the current market dynamics. Buying at a limit price of $13.0 allows me to capitalize on the expected recovery. I can afford to buy one additional share with my current cash position, as it aligns with my strategy of waiting for price rebounds. This purchase enhances my position when the market turns, and I do not plan to sell any of my shares at a loss."
BT-OC-PC-s140926,BT+OC+PC,trader-04,BT,2,hold,0,0,0.0,0,,106.6,4,113.53,4,5.33,1.6,169.53,14.0,15.0,16.0,18.0,,"The market is expected to rise slowly over the next few periods, reaching $15 in period 2, $16 in period 5, and $18 in period 10. As I currently own 4 shares, I will hold my position for now to maximize potential gains from future price increases and dividends."
BT-OC-PC-s140926,BT+OC+PC,trader-05,PC,2,sell,2,2,14.0,0,,106.6,4,113.53,4,5.33,1.6,169.53,14.0,14.0,14.0,14.0,,"I plan to sell 2 shares this period. Given that I have 4 shares and the current price is at the fundamental value of $14, selling now allows me to maximize cash while still retaining 2 shares for potential future dividends. I expect the market price to remain stable around the fundamental value in the next few periods, leading me to sell now rather than holding onto shares that may not appreciate further."
BT-OC-PC-s140926,BT+OC+PC,trader-06,BT,2,hold,0,0,0.0,0,,106.6,4,113.53,4,5.33,1.6,169.53,14.0,14.5,15.0,14.0,,"The market is currently at fundamental value, and my forecasts indicate a slight rise in the short term, followed by stabilization. Given that I hold 4 shares, I will continue to hold to capture potential dividends and any price appreciation in the coming periods. I plan to monitor price movements closely and will consider selling if I observe a deceleration in price increases."
BT-OC-PC-s140926,BT+OC+PC,trader-07,PC,2,sell,2,2,14.0,0,,106.6,4,113.53,4,5.33,1.6,169.53,14.0,14.0,14.0,14.0,,"I plan to sell 2 shares at the current market price of $14. I believe this price reflects the fundamental value of the asset, and selling now allows me to secure cash while still retaining 2 shares for future dividends. I will hold the remaining shares for potential dividends in the upcoming periods, as I anticipate the market will stay around this value. This aligns with my commitment to sell shares in the early periods, securing cash for future trading periods."
BT-OC-PC-s140926,BT+OC+PC,trader-08,OC,2,buy,74,7,13.5,0,,106.6,4,113.53,4,5.33,1.6,169.53,14.0,14.0,14.0,14.0,,"I believe the price will recover after a temporary drop, so I will place a buy order at $13.50. Given my cash of $106.60 (or 10,660 cents), I can purchase 74 shares at this price. I am confident that the price will rebound, and holding a larger number of shares will maximize my potential cash wealth in the future."
BT-OC-PC-s140926,BT+OC+PC,trader-09,BT,2,hold,0,0,0.0,0,,106.6,4,113.53,4,5.33,1.6,169.53,14.0,14.0,14.0,14.0,,"The market price remains stable at the fundamental value of $14. Given the equally likely dividend payouts and no immediate pressure to buy or sell, I will hold my current position of 4 shares. There is no clear advantage in making a trade at this moment, and I prefer to wait for potential price increases before deciding to exit."
BT-OC-PC-s140926,BT+OC+PC,trader-10,PC,2,sell,2,2,14.0,-1,14.25,106.6,4,128.09,3,6.04,1.2,170.09,14.0,14.0,14.0,14.0,,"I plan to sell 2 shares in this period to capitalize on the current reference price of $14. This decision aligns with my previous strategy of liquidating some assets early to ensure cash flow while still retaining 2 shares for potential future gains. Given the stable forecast of the asset's value, this approach allows me to maximize my cash wealth while minimizing risk."
BT-OC-PC-s140926,BT+OC+PC,trader-11,PC,2,hold,0,0,0.0,0,,106.6,4,113.53,4,5.33,1.6,169.53,14.0,14.0,14.0,14.0,,"I will hold my shares for now as I expect the price to remain stable at the fundamental value of $14. I plan to sell my shares in later periods, specifically in period 30 when I can redeem for $14 each. Holding allows me to potentially benefit from dividends paid out in the interim. My current cash position is sufficient to sustain my strategy without making unnecessary trades."
BT-OC-PC-s140926,BT+OC+PC,trader-00,OC,3,buy,7,7,13.0,0,,113.53,4,123.21,4,5.68,4.0,179.21,14.25,14.0,14.0,14.0,,"The current price of $14.25 is above the reference price of $14, but I believe it will drop back down based on my contrarian nature and previous observations. I expect a recovery after any dips, so I'm placing a buy limit order at $13 to acquire more shares at a better price. This aligns with my strategy of buying after prices fall, and I am confident that the market will recover in subsequent periods, increasing my overall cash wealth."
BT-OC-PC-s140926,BT+OC+PC,trader-01,BT,3,sell,1,1,15.0,0,,98.97,5,108.92,5,4.95,5.0,178.92,14.25,14.5,15.0,14.0,,"Given the recent price trend and forecast of $15.0 in the next 5 periods, I believe we are approaching a peak. I will sell 1 share at $15.00 to take profits, capitalizing on the market optimism before potential price stabilization or decline. This aligns with my strategy to exit before the peak while still holding onto a majority of my shares."
BT-OC-PC-s140926,BT+OC+PC,trader-02,OC,3,buy,1,1,13.0,0,,113.53,4,123.21,4,5.68,4.0,179.21,14.25,14.0,14.0,14.0,,"The current market price of $14.25 is above my contrarian buying strategy. I believe that after the recent price fluctuations, the price will stabilize and recover. Therefore, I will buy one share at a limit price of $13.00, anticipating that it will rebound. This aligns with my approach of buying after prices fall."
BT-OC-PC-s140926,BT+OC+PC,trader-03,OC,3,buy,1,1,13.5,0,,113.53,4,123.21,4,5.68,4.0,179.21,14.25,14.0,14.0,14.0,,"Given that the last transaction price was $14.25 and considering my contrarian approach, I expect the price to dip slightly in the short term before recovering. I believe buying at a limit price of $13.5 will position me well for a rebound, aligning with my overconfident belief in my judgment. With $11,353 cash available, I can afford to buy one additional share, which strengthens my position for future gains, as I do not plan to sell any shares at a loss."
BT-OC-PC-s140926,BT+OC+PC,trader-04,BT,3,hold,0,0,0.0,0,,113.53,4,123.21,4,5.68,4.0,179.21,14.25,15.0,16.0,18.0,,"The market price is currently at $14.25, and I expect it to rise to $15 in period 2, $16 in period 5, and $18 in period 10. Since I already own 4 shares, I will hold my position to maximize potential gains from future price increases and dividends, as the market appears to be on an upward trend."
BT-OC-PC-s140926,BT+OC+PC,trader-05,PC,3,sell,2,2,14.25,0,,113.53,4,123.21,4,5.68,4.0,179.21,14.25,14.0,14.0,14.0,,"I plan to sell 2 shares this period. Given that I have 4 shares and the current price is at $14.25, which is slightly above the fundamental value of $14, selling now allows me to maximize cash while still retaining 2 shares for potential future dividends. I expect the market price to stabilize around the fundamental value in the next few periods, leading me to sell now rather than holding onto shares that may not appreciate further."
BT-OC-PC-s140926,BT+OC+PC,trader-06,BT,3,hold,0,0,0.0,0,,113.53,4,123.21,4,5.68,4.0,179.21,14.25,14.5,15.0,14.0,,"The current market price is $14.25, slightly above fundamental value. Given my forecasts, I anticipate a small increase to $14.5 in two periods and $15.0 in five periods, but then expect stabilization back to the fundamental value of $14 in ten periods. As I currently hold 4 shares, I will hold to capture potential dividends while watching for signs of price deceleration before deciding to sell."
BT-OC-PC-s140926,BT+OC+PC,trader-07,PC,3,sell,2,2,14.0,-2,14.0,113.53,4,150.61,2,7.08,2.0,178.61,14.25,14.0,14.0,14.0,,"I plan to sell 2 shares at a limit price of $14. I believe this price reflects the fundamental value of the asset, and selling now allows me to secure cash while still retaining 2 shares for potential dividends. This aligns with my commitment to sell shares in the early periods, ensuring I have cash available for future trading periods."
BT-OC-PC-s140926,BT+OC+PC,trader-08,OC,3,buy,8,8,14.0,3,14.0,113.53,4,82.11,7,3.58,7.0,180.11,14.25,14.0,14.0,14.0,,I believe the price is temporarily at a higher level and will stabilize around the fundamental value of $14. I will buy 8 shares at $14.00 as I expect the price to recover and appreciate in the future. This aligns with my contrarian strategy of buying after minor fluctuations. My current cash allows for the purchase of these additional shares while maintaining a strong belief in the asset's recovery.
BT-OC-PC-s140926,BT+OC+PC,trader-09,BT,3,sell,2,2,14.5,0,,113.53,4,123.21,4,5.68,4.0,179.21,14.25,14.5,15.0,14.0,,"The market price has recently increased to $14.25, suggesting a potential upward trend. I forecast it will reach $14.50 in the next period, driven by positive sentiment and potential demand. Given that I hold 4 shares, I will sell 2 shares at this limit price to take some profits while still retaining exposure to potential further price increases. This strategy balances risk and reward as I anticipate prices may stabilize around the fundamental value thereafter."
BT-OC-PC-s140926,BT+OC+PC,trader-10,PC,3,sell,1,1,14.0,-1,14.0,128.09,3,151.19,2,7.1,2.0,179.19,14.25,14.0,14.0,14.0,,"I plan to sell 1 share this period to capitalize on the current market price of $14.25 while still retaining 2 shares for potential future gains. Given the stable forecast of the asset's value, this decision aligns with my previous strategy of liquidating some assets to ensure cash flow while positioning myself for future opportunities. Selling now allows me to take advantage of the current market conditions and maximize cash wealth."
BT-OC-PC-s140926,BT+OC+PC,trader-11,PC,3,hold,0,0,0.0,0,,113.53,4,123.21,4,5.68,4.0,179.21,14.25,14.0,14.0,14.0,,"I will hold my shares for now as I expect the price to remain stable at the fundamental value of $14. I plan to sell my shares in later periods, specifically in period 30 when I can redeem for $14 each. Holding allows me to potentially benefit from dividends paid out in the interim. My current cash position is sufficient to sustain my strategy without making unnecessary trades."
BT-OC-PC-s140926,BT+OC+PC,trader-00,OC,4,buy,6,6,13.0,0,,123.21,4,130.97,4,6.16,1.6,186.97,14.0,14.0,14.0,14.0,,"I believe the price will recover after the recent dip to $14.0. Given my contrarian approach, I plan to buy 6 shares at a limit price of $13.0, which will allow me to take advantage of the lower price and increase my holdings. I remain confident that the market will rebound, leading to greater cash wealth in future periods."
BT-OC-PC-s140926,BT+OC+PC,trader-01,BT,4,sell,1,1,15.0,0,,108.92,5,116.37,5,5.45,2.0,186.37,14.0,14.5,15.0,14.0,,"Given the recent price dynamics and the forecast of $15.0 in the next 5 periods, I anticipate a peak in the near term. I plan to sell 1 share at $15.00 to take profits, as the market sentiment remains optimistic but could stabilize or decline afterwards. This aligns with my strategy to exit before the potential peak while still retaining a majority of my shares."
BT-OC-PC-s140926,BT+OC+PC,trader-02,OC,4,buy,1,1,13.0,0,,123.21,4,130.97,4,6.16,1.6,186.97,14.0,14.0,14.0,14.0,,"The market price is currently at $14.0. However, given my contrarian strategy and belief that the price will recover after recent fluctuations, I will buy one share at a limit price of $13.00. This aligns with my approach of increasing my holdings at lower prices, anticipating a rebound."
BT-OC-PC-s140926,BT+OC+PC,trader-03,OC,4,buy,1,1,13.5,0,,123.21,4,130.97,4,6.16,1.6,186.97,14.0,14.0,14.0,14.0,,"Given my contrarian approach and the current market price being at $14.0, I expect a price dip, and I believe that buying at a limit price of $13.5 will provide an opportunity for recovery. With $12,321 cash available, I can buy one share at this price, as I am confident in my judgment that prices will rise again. This acquisition aligns with my strategy of capitalizing on anticipated recoveries, and I do not plan to sell any shares at a loss."
BT-OC-PC-s140926,BT+OC+PC,trader-04,BT,4,hold,0,0,0.0,0,,123.21,4,130.97,4,6.16,1.6,186.97,14.0,15.0,16.0,18.0,,"The current market price is at $14.0, and I expect it to rise to $15 in period 2, $16 in period 5, and $18 in period 10. As I currently own 4 shares, I will hold my position to maximize potential gains from future price increases and dividends."
BT-OC-PC-s140926,BT+OC+PC,trader-05,PC,4,sell,2,2,14.0,0,,123.21,4,130.97,4,6.16,1.6,186.97,14.0,14.25,14.0,14.0,,"I plan to sell 2 shares this period. I have 4 shares and the current price is at the fundamental value of $14. Selling now allows me to maximize cash while still retaining 2 shares for potential future dividends. I expect the market price to stabilize around the fundamental value in the next few periods, leading me to sell now rather than holding onto shares that may not appreciate further."
BT-OC-PC-s140926,BT+OC+PC,trader-06,BT,4,hold,0,0,0.0,0,,123.21,4,130.97,4,6.16,1.6,186.97,14.0,14.5,15.0,14.0,,"The current market price is at fundamental value, and my forecasts suggest a slight increase in the next few periods. Given that I hold 4 shares, I will continue to hold to capture potential dividends and any price appreciation. I plan to monitor the market closely for signs of price deceleration before considering any sales."
BT-OC-PC-s140926,BT+OC+PC,trader-07,PC,4,sell,2,2,14.0,0,,150.61,2,158.94,2,7.53,0.8,186.94,14.0,14.0,14.0,14.0,,"I plan to sell 2 shares at the current market price of $14. I believe this price reflects the fundamental value of the asset, and selling now allows me to secure cash while still retaining 0 shares for future dividends. This aligns with my commitment to sell shares in the early periods, securing cash for future trading periods."
BT-OC-PC-s140926,BT+OC+PC,trader-08,OC,4,buy,6,6,13.5,0,,82.11,7,89.02,7,4.11,2.8,187.02,14.0,14.0,14.0,14.0,,"The current price is $14.0, and I believe the market will stabilize around the fundamental value. Since I am an overconfident contrarian, I see the price as temporarily high and expect it to drop. Therefore, I will place a buy order at $13.50 for 6 shares, which I can afford with my current cash. I believe this strategy will maximize my wealth as the price recovers and dividends accumulate."
BT-OC-PC-s140926,BT+OC+PC,trader-09,BT,4,sell,2,2,14.25,0,,123.21,4,130.97,4,6.16,1.6,186.97,14.0,14.5,15.0,14.0,,"The market price is at $14.0 currently, with recent trends suggesting an upward movement to $14.25 and potentially $14.5 in the next period. Given I hold 4 shares, I will sell 2 shares at this limit price to realize some profits while still maintaining exposure to further increases. This approach balances risk and reward as I expect prices may stabilize around the fundamental value thereafter."
BT-OC-PC-s140926,BT+OC+PC,trader-10,PC,4,hold,0,0,0.0,0,,151.19,2,159.55,2,7.56,0.8,187.55,14.0,14.0,14.0,14.0,,"I plan to hold my shares in this period as I have already liquidated my positions in the previous periods to ensure cash flow. With 2 shares remaining, I will wait to see how the market develops in the upcoming periods while benefiting from the potential dividends. Given the stable forecast of the asset's value, this approach allows me to maximize my cash wealth while mitigating risks associated with further trades at this stage."
BT-OC-PC-s140926,BT+OC+PC,trader-11,PC,4,hold,0,0,0.0,0,,123.21,4,130.97,4,6.16,1.6,186.97,14.0,14.0,14.0,14.0,,I will continue to hold my shares as I expect the price to remain stable at the fundamental value of $14. I plan to sell my shares in period 30 when I can redeem them for $14 each. Holding allows me to benefit from dividends paid out in the interim. My current cash position is sufficient to sustain my strategy without making unnecessary trades.
BT-OC-PC-s140926,BT+OC+PC,trader-00,OC,5,buy,6,6,13.0,0,,130.97,4,139.12,4,6.55,1.6,195.12,14.0,14.0,14.0,14.0,,"Given my contrarian nature, I believe that the price will recover after any potential dips. Currently, the price is at $14.0, and I expect it to drop back down, allowing me to buy more shares at a lower price. My strategy is to buy after prices fall, and I will place a limit order at $13.0 to acquire 6 additional shares, as this aligns with my expectations of a market recovery."
BT-OC-PC-s140926,BT+OC+PC,trader-01,BT,5,sell,1,1,15.0,0,,116.37,5,124.19,5,5.82,2.0,194.19,14.0,14.5,15.0,14.0,,"Given the recent price dynamics and the forecast of $15.0 in the next 5 periods, I anticipate we are at or near a peak in the market. I will sell 1 share at $15.00 to take profits while market sentiment remains optimistic, which aligns with my strategy to exit before a potential stabilization or decline in price."
BT-OC-PC-s140926,BT+OC+PC,trader-02,OC,5,buy,1,1,13.0,0,,130.97,4,139.12,4,6.55,1.6,195.12,14.0,14.0,14.0,14.0,,"The market price is currently at $14.0, but given my contrarian strategy and belief that the price will recover after recent fluctuations, I will buy one share at a limit price of $13.00. I expect that this will allow me to increase my holdings at a lower price, anticipating a rebound."
BT-OC-PC-s140926,BT+OC+PC,trader-03,OC,5,buy,1,1,13.5,0,,130.97,4,139.12,4,6.55,1.6,195.12,14.0,14.0,14.0,14.0,,"Given my contrarian approach and the current market price being at $14.0, I expect a price dip before a recovery. I believe that buying at a limit price of $13.5 will provide an opportunity to capitalize on anticipated rebounds in the market. With $13,097 cash available, I can buy one additional share at this price, further strengthening my position for future gains, as I do not plan to sell any shares at a loss."
BT-OC-PC-s140926,BT+OC+PC,trader-04,BT,5,hold,0,0,0.0,0,,130.97,4,139.12,4,6.55,1.6,195.12,14.0,15.0,16.0,18.0,,"The current market price is at $14.0, and I expect it to rise to $15 in period 2, $16 in period 5, and $18 in period 10. As I currently own 4 shares, I will hold my position to maximize potential gains from future price increases and dividends. Holding allows me to benefit from anticipated price increases while avoiding potential losses from selling too early."
BT-OC-PC-s140926,BT+OC+PC,trader-05,PC,5,sell,2,2,14.0,0,,130.97,4,139.12,4,6.55,1.6,195.12,14.0,14.0,14.0,14.0,,"I plan to sell 2 shares this period. Given that I currently have 4 shares and the price is at the fundamental value of $14, selling now allows me to maximize cash while still retaining 2 shares for potential future dividends. I expect the market price to remain stable around the fundamental value in the next few periods, making this a prudent time to sell."
BT-OC-PC-s140926,BT+OC+PC,trader-06,BT,5,hold,0,0,0.0,0,,130.97,4,139.12,4,6.55,1.6,195.12,14.0,14.5,15.0,14.0,,"The current market price is at fundamental value, and my forecasts indicate a slight rise in the next few periods. I currently hold 4 shares and will continue to hold to capture potential dividends and any price appreciation. I plan to monitor the market closely for signs of price deceleration before considering any sales."
BT-OC-PC-s140926,BT+OC+PC,trader-07,PC,5,hold,0,0,0.0,0,,158.94,2,167.69,2,7.95,0.8,195.69,14.0,14.0,14.0,14.0,,"I plan to hold my remaining 2 shares at this time. The market price is currently at the fundamental value of $14, and I anticipate that the price will remain stable over the next periods. Holding allows me to benefit from potential dividends in the coming periods while retaining the option to sell later if conditions change. This aligns with my commitment to manage my shares carefully and secure cash for future trading periods."
BT-OC-PC-s140926,BT+OC+PC,trader-08,OC,5,buy,6,6,13.5,0,,89.02,7,96.27,7,4.45,2.8,194.27,14.0,14.0,14.0,14.0,,"I believe the price is temporarily low at $13.50 and will recover back to the fundamental value of $14.0. I will buy 6 shares at this limit price, as my cash allows for this purchase. I am confident in a market recovery, and this aligns with my contrarian strategy of buying after price drops."
BT-OC-PC-s140926,BT+OC+PC,trader-09,BT,5,sell,2,2,14.25,0,,130.97,4,139.12,4,6.55,1.6,195.12,14.0,14.5,15.0,14.0,,"The current market price is at $14.0, and I anticipate it will rise to $14.25 in the next period and possibly reach $14.5 in two periods. Given my current holding of 4 shares, I will sell 2 shares at a limit price of $14.25 to capture potential profits while retaining some exposure to further price increases. This strategy allows me to benefit from the expected upward trend while managing my risk."
BT-OC-PC-s140926,BT+OC+PC,trader-10,PC,5,hold,0,0,0.0,0,,159.55,2,168.33,2,7.98,0.8,196.33,14.0,14.0,14.0,14.0,,"I plan to hold my shares in this period as I have already liquidated my positions in the previous periods to ensure cash flow. With 2 shares remaining, I will wait to see how the market develops in the upcoming periods while benefiting from the potential dividends. Given the stable forecast of the asset's value, this approach allows me to maximize my cash wealth while mitigating risks associated with further trades at this stage."
BT-OC-PC-s140926,BT+OC+PC,trader-11,PC,5,hold,0,0,0.0,0,,130.97,4,139.12,4,6.55,1.6,195.12,14.0,14.0,14.0,14.0,,I will hold my shares for now as I expect the price to remain stable at the fundamental value of $14. I plan to sell my shares in period 30 when I can redeem them for $14 each. Holding allows me to potentially benefit from dividends paid out in the interim. My current cash position is sufficient to sustain my strategy without making unnecessary trades.
BT-OC-PC-s140926,BT+OC+PC,trader-00,OC,6,buy,6,6,13.0,0,,139.12,4,150.08,4,6.96,4.0,206.08,14.0,14.0,14.0,14.0,,"Given my contrarian nature and the current price of $14.0, I believe it may dip, allowing me to buy shares at a lower price. I plan to place a limit order at $13.0 to acquire 6 additional shares, as this aligns with my expectation of a market recovery and my strategy of buying after prices fall. I am confident that the market will rebound, increasing my overall cash wealth in future periods."
BT-OC-PC-s140926,BT+OC+PC,trader-01,BT,6,sell,1,1,15.0,0,,124.19,5,135.4,5,6.21,5.0,205.4,14.0,14.5,15.0,14.0,,"Given the recent price dynamics and the anticipated peak around $15.0 in the near term, I will sell 1 share at $15.00 to take profits while market sentiment remains optimistic. This aligns with my strategy to exit before a potential stabilization or decline in price."
BT-OC-PC-s140926,BT+OC+PC,trader-02,OC,6,buy,1,1,13.0,0,,139.12,4,150.08,4,6.96,4.0,206.08,14.0,14.0,14.0,14.0,,"The current market price is stable at 14.0, aligning with my contrarian strategy. I believe the price will recover after recent fluctuations, so I will buy one share at a limit price of $13.00. This allows me to increase my holdings at a lower price, anticipating a rebound."
BT-OC-PC-s140926,BT+OC+PC,trader-03,OC,6,buy,1,1,13.5,0,,139.12,4,150.08,4,6.96,4.0,206.08,14.0,14.0,14.0,14.0,,"Given my contrarian approach, I believe the market price will dip slightly before recovering, and I expect to buy at a limit price of $13.5 to capitalize on this anticipated rebound. With $13,097 cash available, I can afford to buy one additional share, which will enhance my position for future gains as I remain confident in my judgment that prices will rise again."
BT-OC-PC-s140926,BT+OC+PC,trader-04,BT,6,hold,0,0,0.0,0,,139.12,4,150.08,4,6.96,4.0,206.08,14.0,15.0,16.0,18.0,,"The current market price is at $14.0, with expectations of gradual increases to $15 in period 2, $16 in period 5, and $18 in period 10. Given my current holdings of 4 shares, I will hold my position to maximize potential gains from future price increases and dividends. This strategy allows me to benefit from anticipated upward trends while avoiding losses from premature selling."
BT-OC-PC-s140926,BT+OC+PC,trader-05,PC,6,sell,2,2,14.0,0,,139.12,4,150.08,4,6.96,4.0,206.08,14.0,14.0,14.0,14.0,,"I plan to sell 2 shares this period. I currently have 4 shares and the market price is at the fundamental value of $14. Selling now allows me to maximize cash while still retaining 2 shares for potential future dividends. I expect the market price to remain stable around the fundamental value in the next few periods, making this a prudent time to sell."
BT-OC-PC-s140926,BT+OC+PC,trader-06,BT,6,hold,0,0,0.0,0,,139.12,4,150.08,4,6.96,4.0,206.08,14.0,14.5,15.0,14.0,,"The current market price is at fundamental value. My forecasts indicate a slight increase to $14.5 in two periods and $15.0 in five periods, followed by stabilization back to $14 in ten periods. Given that I hold 4 shares, I will continue to hold to capture potential dividends and any price appreciation while monitoring for signs of price deceleration before considering any sales."
BT-OC-PC-s140926,BT+OC+PC,trader-07,PC,6,hold,0,0,0.0,0,,167.69,2,178.07,2,8.38,2.0,206.07,14.0,14.0,14.0,14.0,,"I plan to hold my remaining 2 shares at this time. The market price is currently at the fundamental value of $14, and I anticipate that the price will remain stable over the next periods. Holding allows me to benefit from potential dividends in the coming periods while retaining the option to sell later if conditions change. This aligns with my commitment to manage my shares carefully and secure cash for future trading periods."
BT-OC-PC-s140926,BT+OC+PC,trader-08,OC,6,buy,6,6,13.5,0,,96.27,7,108.08,7,4.81,7.0,206.08,14.0,14.0,14.0,14.0,,"I believe the price is temporarily low at $13.50 and will recover back to the fundamental value of $14.0. Based on my previous decisions, I am confident in a market recovery and will buy 6 shares at this limit price, as my cash allows for this purchase. This aligns with my contrarian strategy of buying after price drops."
BT-OC-PC-s140926,BT+OC+PC,trader-09,BT,6,sell,2,2,14.25,0,,139.12,4,150.08,4,6.96,4.0,206.08,14.0,14.25,14.5,14.0,,"The current market price is at $14.0, and I anticipate it will rise to $14.25 in the next period and possibly reach $14.5 in five periods. Given my current holding of 4 shares, I will sell 2 shares at a limit price of $14.25 to capture potential profits while retaining some exposure to further price increases. This strategy allows me to benefit from the expected upward trend while managing my risk."
BT-OC-PC-s140926,BT+OC+PC,trader-10,PC,6,hold,0,0,0.0,0,,168.33,2,178.75,2,8.42,2.0,206.75,14.0,14.0,14.0,14.0,,"I plan to hold my 2 shares this period as I have already liquidated some positions in previous periods to ensure cash flow. With the stable forecast of the asset's value at $14, I believe it is prudent to wait and see how the market develops while benefiting from potential dividends. This strategy aligns with my goal to maximize cash wealth while minimizing risks associated with further trades at this stage."
BT-OC-PC-s140926,BT+OC+PC,trader-11,PC,6,hold,0,0,0.0,0,,139.12,4,150.08,4,6.96,4.0,206.08,14.0,14.0,14.0,14.0,,I will continue to hold my shares as I expect the price to remain stable at the fundamental value of $14. I plan to sell my shares in period 30 when I can redeem them for $14 each. Holding allows me to benefit from dividends paid out in the interim. My current cash position is sufficient to sustain my strategy without making unnecessary trades.
BT-OC-PC-s140926,BT+OC+PC,trader-00,OC,7,buy,6,6,13.0,0,,150.08,4,161.58,4,7.5,4.0,217.58,14.0,14.0,14.0,14.0,,"Given my contrarian nature and the current price of $14.0, I believe it may dip, allowing me to buy shares at a lower price. I plan to place a limit order at $13.0 to acquire 6 additional shares, as this aligns with my expectation of a market recovery and my strategy of buying after prices fall. I am confident that the market will rebound, increasing my overall cash wealth in future periods."
BT-OC-PC-s140926,BT+OC+PC,trader-01,BT,7,sell,1,1,15.0,0,,135.4,5,147.17,5,6.77,5.0,217.17,14.0,14.5,15.0,14.0,,"Given the recent price dynamics and forecasts, I anticipate we are approaching a peak around $15.0 in the near term. I will sell 1 share at $15.00 to take profits while market sentiment remains optimistic. This aligns with my strategy to exit before a potential stabilization or decline in price, ensuring I capitalize on gains before the market potentially corrects."
BT-OC-PC-s140926,BT+OC+PC,trader-02,OC,7,buy,1,1,13.0,0,,150.08,4,161.58,4,7.5,4.0,217.58,14.0,14.0,14.0,14.0,,"I believe the price will recover after recent fluctuations, and given my contrarian strategy, I will buy one share at a limit price of $13.00. This aligns with my belief that increasing my holdings at lower prices will be beneficial as the market stabilizes."
BT-OC-PC-s140926,BT+OC+PC,trader-03,OC,7,buy,1,1,13.5,0,,150.08,4,161.58,4,7.5,4.0,217.58,14.0,14.0,14.0,14.0,,"Based on my contrarian approach, I believe the current price of $14.0 is likely to dip slightly before rebounding. I expect to capitalize on this anticipated recovery by buying one share at a limit price of $13.5. This aligns with my strategy of buying after price declines, as I trust my judgment in predicting future price movements. With my current cash position, this purchase will strengthen my holdings, and I remain confident that prices will rise again in the near future."
BT-OC-PC-s140926,BT+OC+PC,trader-04,BT,7,hold,0,0,0.0,0,,150.08,4,161.58,4,7.5,4.0,217.58,14.0,15.0,16.0,18.0,,"The current market price is at $14.0. I expect gradual price increases to $15 in period 2, $16 in period 5, and $18 in period 10. Holding my 4 shares allows me to benefit from potential future price increases and dividends, as I anticipate an upward trend in the market. Therefore, I will hold my position for now."
BT-OC-PC-s140926,BT+OC+PC,trader-05,PC,7,sell,2,2,14.0,0,,150.08,4,161.58,4,7.5,4.0,217.58,14.0,14.0,14.0,14.0,,"I plan to sell 2 shares this period. Given that I currently have 4 shares and the market price is at the fundamental value of $14, selling now allows me to maximize cash while still retaining 2 shares for potential future dividends. I expect the market price to remain stable around the fundamental value in the next few periods, making this a prudent time to sell."
BT-OC-PC-s140926,BT+OC+PC,trader-06,BT,7,hold,0,0,0.0,0,,150.08,4,161.58,4,7.5,4.0,217.58,14.0,14.5,15.0,14.0,,"The current price is at fundamental value, and my forecasts indicate a slight increase to $14.5 in two periods and $15.0 in five periods before stabilizing back to $14 in ten periods. I currently hold 4 shares, and holding allows me to capture potential dividends and any price appreciation while monitoring for signs of price deceleration before considering selling."
BT-OC-PC-s140926,BT+OC+PC,trader-07,PC,7,hold,0,0,0.0,0,,178.07,2,188.97,2,8.9,2.0,216.97,14.0,14.0,14.0,14.0,,"I plan to hold my remaining 2 shares at this time. The market price is currently at the fundamental value of $14, and I anticipate that the price will remain stable over the next periods. Holding allows me to benefit from potential dividends in the coming periods while retaining the option to sell later if conditions change. This aligns with my commitment to manage my shares carefully and secure cash for future trading periods."
BT-OC-PC-s140926,BT+OC+PC,trader-08,OC,7,buy,6,6,13.5,0,,108.08,7,120.48,7,5.4,7.0,218.48,14.0,14.0,14.0,14.0,,"I believe the price is currently low at $13.50 and will recover back to the fundamental value of $14.0. Given my cash position, I can afford to buy 6 shares at this limit price. As an overconfident contrarian, I trust my judgment that the market will rebound, and this aligns with my strategy of buying after price drops to maximize my wealth in the future."
BT-OC-PC-s140926,BT+OC+PC,trader-09,BT,7,sell,2,2,14.25,0,,150.08,4,161.58,4,7.5,4.0,217.58,14.0,14.25,14.5,14.0,,"The current market price is at $14.0, with an expectation that it will rise to $14.25 in the next period. Given my holding of 4 shares, I will sell 2 shares at a limit price of $14.25 to capitalize on the anticipated price increase while still maintaining exposure to the market. This strategy allows me to take profits while managing my risk."
BT-OC-PC-s140926,BT+OC+PC,trader-10,PC,7,hold,0,0,0.0,0,,178.75,2,189.69,2,8.94,2.0,217.69,14.0,14.0,14.0,14.0,,"I plan to hold my 2 shares this period as I have already liquidated some positions in previous periods to ensure cash flow. With the stable forecast of the asset's value at $14, I believe it is prudent to wait and see how the market develops while benefiting from potential dividends. This strategy aligns with my goal to maximize cash wealth while minimizing risks associated with further trades at this stage."
BT-OC-PC-s140926,BT+OC+PC,trader-11,PC,7,hold,0,0,0.0,0,,150.08,4,161.58,4,7.5,4.0,217.58,14.0,14.0,14.0,14.0,,I will continue to hold my shares as I expect the price to remain stable at the fundamental value of $14. I plan to sell my shares in period 30 when I can redeem them for $14 each. Holding allows me to benefit from dividends paid out in the interim. My current cash position is sufficient to sustain my strategy without making unnecessary trades.
BT-OC-PC-s140926,BT+OC+PC,trader-00,OC,8,buy,6,6,13.0,0,,161.58,4,171.26,4,8.08,1.6,227.26,14.0,14.0,14.0,14.0,,"Given my contrarian nature, I believe the price will recover after any potential dip. Since the last transaction price is at $14.0, I anticipate it may dip below this level again, allowing me to buy additional shares at a lower price. I plan to place a limit order to buy 6 shares at $13.0. This aligns with my strategy of buying after prices fall, and I am confident that the market will rebound, increasing my overall cash wealth in future periods."
BT-OC-PC-s140926,BT+OC+PC,trader-01,BT,8,sell,1,1,15.0,0,,147.17,5,156.53,5,7.36,2.0,226.53,14.0,14.5,15.0,14.0,,"Given the recent price trends and my forecasts, I anticipate that the market price will rise to around $15.0 in the near term due to optimism. Therefore, I will sell 1 share at $15.00 to take profits, as I believe we are nearing a peak. This aligns with my strategy to exit before a potential market stabilization or decline."
BT-OC-PC-s140926,BT+OC+PC,trader-02,OC,8,buy,1,1,13.0,0,,161.58,4,171.26,4,8.08,1.6,227.26,14.0,14.0,14.0,14.0,,"I believe the market price will recover from current fluctuations, and since my contrarian strategy dictates buying after price drops, I will place a buy order for one share at a limit price of $13.00. This aligns with my belief that increasing my holdings at lower prices will be beneficial as the market stabilizes."
BT-OC-PC-s140926,BT+OC+PC,trader-03,OC,8,buy,1,1,13.5,0,,161.58,4,171.26,4,8.08,1.6,227.26,14.0,14.0,14.0,14.0,,"Given my contrarian approach and the current market price being at $14.0, I expect a price dip and believe that buying at a limit price of $13.5 will provide an opportunity for recovery. I am confident that this acquisition will strengthen my position as I do not plan to sell any shares at a loss. With my current cash position, I can afford to buy one additional share, aligning with my strategy of capitalizing on anticipated rebounds."
BT-OC-PC-s140926,BT+OC+PC,trader-04,BT,8,hold,0,0,0.0,0,,161.58,4,171.26,4,8.08,1.6,227.26,14.0,15.0,16.0,18.0,,"The current market price is at $14.0, and I expect it to gradually rise to $15 in period 2, $16 in period 5, and $18 in period 10. Holding my 4 shares allows me to benefit from potential future price increases and dividends, as I anticipate an upward trend in the market. Therefore, I will hold my position for now."
BT-OC-PC-s140926,BT+OC+PC,trader-05,PC,8,sell,2,2,14.0,0,,161.58,4,171.26,4,8.08,1.6,227.26,14.0,14.0,14.0,14.0,,"I plan to sell 2 shares this period. Given that I currently have 4 shares and the market price is at the fundamental value of $14, selling now allows me to maximize cash while still retaining 2 shares for potential future dividends. I expect the market price to remain stable around the fundamental value in the next few periods, making this a prudent time to sell."
BT-OC-PC-s140926,BT+OC+PC,trader-06,BT,8,hold,0,0,0.0,0,,161.58,4,171.26,4,8.08,1.6,227.26,14.0,14.5,15.0,14.0,,"The current market price is at fundamental value, and my forecasts indicate a slight increase to $14.5 in two periods and $15.0 in five periods, followed by stabilization back to $14 in ten periods. Given that I hold 4 shares, holding allows me to capture potential dividends and any price appreciation while monitoring for signs of price deceleration before considering any sales."
BT-OC-PC-s140926,BT+OC+PC,trader-07,PC,8,hold,0,0,0.0,0,,188.97,2,199.22,2,9.45,0.8,227.22,14.0,14.0,14.0,14.0,,"I plan to hold my remaining 2 shares at this time. The market price is currently at the fundamental value of $14, and I anticipate that the price will remain stable over the next periods. Holding allows me to benefit from potential dividends in the coming periods while retaining the option to sell later if conditions change. This aligns with my commitment to manage my shares carefully and secure cash for future trading periods."
BT-OC-PC-s140926,BT+OC+PC,trader-08,OC,8,buy,6,6,13.5,0,,120.48,7,129.3,7,6.02,2.8,227.3,14.0,14.0,14.0,14.0,,"The current price is at the fundamental value of $14.0, but I believe it may have temporary fluctuations. Since I am an overconfident contrarian, I see the price as slightly high and will place a buy order at $13.50 for 6 shares, as my cash allows for this purchase. I am confident in a market recovery and this aligns with my strategy of buying after price drops to maximize my wealth."
BT-OC-PC-s140926,BT+OC+PC,trader-09,BT,8,sell,2,2,14.25,0,,161.58,4,171.26,4,8.08,1.6,227.26,14.0,14.5,15.0,14.0,,"The market price is currently at $14.0, with recent trends indicating a potential rise to $14.25 in the next period and possibly $14.5 in two periods. Given I hold 4 shares, selling 2 shares at a limit price of $14.25 allows me to realize some profits while still maintaining exposure to further price increases. This strategy is consistent with my previous decisions and balances risk and reward as I anticipate a slight upward trend."
BT-OC-PC-s140926,BT+OC+PC,trader-10,PC,8,hold,0,0,0.0,0,,189.69,2,199.97,2,9.48,0.8,227.97,14.0,14.0,14.0,14.0,,"I plan to hold my 2 shares this period. Having already liquidated some positions in previous periods, I will wait to see how the market develops while benefiting from potential dividends. The stable forecast of the asset's value at $14 supports my decision to hold, maximizing cash wealth while minimizing risks associated with further trades at this stage."
BT-OC-PC-s140926,BT+OC+PC,trader-11,PC,8,hold,0,0,0.0,0,,161.58,4,171.26,4,8.08,1.6,227.26,14.0,14.0,14.0,14.0,,I will continue to hold my shares as I expect the price to remain stable at the fundamental value of $14. I plan to sell my shares in period 30 when I can redeem them for $14 each. Holding allows me to benefit from potential dividends paid out in the interim. My current cash position is sufficient to sustain my strategy without making unnecessary trades.
BT-OC-PC-s140926,BT+OC+PC,trader-00,OC,9,buy,6,6,13.0,0,,171.26,4,183.82,4,8.56,4.0,239.82,14.0,14.0,14.0,14.0,,"Given my contrarian nature, I believe the price may dip below the current level, allowing me to buy more shares at a lower price. I plan to place a limit order to buy 6 shares at $13.0. This aligns with my expectation of a market recovery, and I'm confident that the price will rebound in future periods, increasing my overall cash wealth."
BT-OC-PC-s140926,BT+OC+PC,trader-01,BT,9,sell,1,1,15.0,0,,156.53,5,169.36,5,7.83,5.0,239.36,14.0,14.5,15.0,14.0,,"Given the recent price trends and the forecast of $15.0 in the next 5 periods, I believe we are nearing a peak in the market. To maximize my cash wealth, I will sell 1 share at $15.00, capitalizing on the market optimism before a potential price stabilization or decline."
BT-OC-PC-s140926,BT+OC+PC,trader-02,OC,9,buy,1,1,13.0,0,,171.26,4,183.82,4,8.56,4.0,239.82,14.0,14.0,14.0,14.0,,"The current market price is at $14.0, and I believe it may stabilize or recover after recent fluctuations. Following my contrarian strategy, I'm placing a buy order for one share at a limit price of $13.00, anticipating that the price will rebound and allowing me to increase my holdings at a lower price."
BT-OC-PC-s140926,BT+OC+PC,trader-03,OC,9,buy,1,1,13.5,0,,171.26,4,183.82,4,8.56,4.0,239.82,14.0,14.0,14.0,14.0,,"Given my contrarian approach and the current market price being at $14.0, I expect a price dip before a recovery. Buying at a limit price of $13.5 will allow me to capitalize on this anticipated rebound, as I trust my judgment that prices will rise again. With $17,126 cash available, I can afford to buy one additional share at this price, which aligns with my strategy of buying after price declines. I do not plan to sell any shares at a loss."
BT-OC-PC-s140926,BT+OC+PC,trader-04,BT,9,hold,0,0,0.0,0,,171.26,4,183.82,4,8.56,4.0,239.82,14.0,15.0,16.0,18.0,,"The current market price is at $14.0, and I expect it to gradually rise to $15 in period 2, $16 in period 5, and $18 in period 10. As I currently own 4 shares, holding my position allows me to benefit from potential future price increases and dividends. I will continue to monitor market trends and consider selling when price increases begin to decelerate."
BT-OC-PC-s140926,BT+OC+PC,trader-05,PC,9,sell,2,2,14.0,0,,171.26,4,183.82,4,8.56,4.0,239.82,14.0,14.0,14.0,14.0,,"I plan to sell 2 shares this period. I currently have 4 shares, and the market price is at the fundamental value of $14. Selling now allows me to maximize cash while still retaining 2 shares for potential future dividends. I expect the market price to remain stable around the fundamental value in the next few periods, making this a prudent time to sell."
BT-OC-PC-s140926,BT+OC+PC,trader-06,BT,9,hold,0,0,0.0,0,,171.26,4,183.82,4,8.56,4.0,239.82,14.0,14.5,15.0,14.0,,"The current market price is at fundamental value. My forecasts indicate a slight increase to $14.5 in two periods and $15.0 in five periods, followed by stabilization back to $14 in ten periods. Given that I hold 4 shares, holding allows me to capture potential dividends and any price appreciation while monitoring for signs of price deceleration before considering selling."
BT-OC-PC-s140926,BT+OC+PC,trader-07,PC,9,hold,0,0,0.0,0,,199.22,2,211.18,2,9.96,2.0,239.18,14.0,14.0,14.0,14.0,,"I plan to hold my remaining 2 shares at this time. The market price is currently at the fundamental value of $14, and I anticipate that the price will remain stable over the next periods. Holding allows me to benefit from potential dividends in the coming periods while retaining the option to sell later if conditions change. This aligns with my commitment to manage my shares carefully and secure cash for future trading periods."
BT-OC-PC-s140926,BT+OC+PC,trader-08,OC,9,buy,6,6,13.5,0,,129.3,7,142.77,7,6.47,7.0,240.77,14.0,14.0,14.0,14.0,,"I believe the price has temporarily dipped below the fundamental value of $14.0 and will recover back to that level. As an overconfident contrarian, I see this as an opportunity to buy more shares at $13.50, which aligns with my strategy of purchasing after a price drop. I can afford to buy 6 shares with my current cash position, which will maximize my potential wealth as the price rebounds."
BT-OC-PC-s140926,BT+OC+PC,trader-09,BT,9,sell,2,2,14.25,0,,171.26,4,183.82,4,8.56,4.0,239.82,14.0,14.5,15.0,14.0,,"The current market price is at $14.0, showing signs of upward momentum. I forecast it will rise to $14.5 in the next 2 periods and potentially reach $15.0 in 5 periods, driven by positive sentiment. To maximize my cash wealth, I will sell 2 shares at a limit price of $14.25 to capture profits while still retaining 2 shares for future potential increases. This strategy balances risk and profit-taking as I anticipate price stabilization around the fundamental value thereafter."
BT-OC-PC-s140926,BT+OC+PC,trader-10,PC,9,hold,0,0,0.0,0,,199.97,2,211.97,2,10.0,2.0,239.97,14.0,14.0,14.0,14.0,,"I plan to hold my 2 shares this period as I have already liquidated some positions in previous periods to ensure cash flow. With the stable forecast of the asset's value at $14, I believe it is prudent to wait and see how the market develops while benefiting from potential dividends. This strategy aligns with my goal to maximize cash wealth while minimizing risks associated with further trades at this stage."
BT-OC-PC-s140926,BT+OC+PC,trader-11,PC,9,hold,0,0,0.0,0,,171.26,4,183.82,4,8.56,4.0,239.82,14.0,14.0,14.0,14.0,,I will continue to hold my shares as I expect the price to remain stable at the fundamental value of $14. I plan to sell my shares in period 30 when I can redeem them for $14 each. Holding allows me to benefit from potential dividends paid out in the interim. My current cash position is sufficient to sustain my strategy without making unnecessary trades.
BT-OC-PC-s140926,BT+OC+PC,trader-00,OC,10,buy,6,6,13.0,0,,183.82,4,197.01,4,9.19,4.0,253.01,14.0,14.0,14.0,14.0,,"Given my contrarian nature, I believe the price may dip below the current level, allowing me to buy more shares at a lower price. I plan to place a limit order to buy 6 shares at $13.0. This aligns with my expectation of a market recovery, and I'm confident that the price will rebound in future periods, increasing my overall cash wealth."
BT-OC-PC-s140926,BT+OC+PC,trader-01,BT,10,sell,1,1,15.0,0,,169.36,5,182.83,5,8.47,5.0,252.83,14.0,14.5,15.0,14.0,,"Given the recent price trends and my forecasts, I believe the market price is likely at or near a peak around $15.0. To maximize my cash wealth, I will sell 1 share at $15.00, taking advantage of the current market optimism before a potential decline. This aligns with my strategy to exit before any stabilization or downturn in price."
BT-OC-PC-s140926,BT+OC+PC,trader-02,OC,10,buy,1,1,13.0,0,,183.82,4,197.01,4,9.19,4.0,253.01,14.0,14.0,14.0,14.0,,"I believe the market price will recover from current fluctuations, and since my contrarian strategy dictates buying after price drops, I will place a buy order for one share at a limit price of $13.00. This aligns with my belief that increasing my holdings at lower prices will be beneficial as the market stabilizes."
BT-OC-PC-s140926,BT+OC+PC,trader-03,OC,10,buy,1,1,13.5,0,,183.82,4,197.01,4,9.19,4.0,253.01,14.0,14.0,14.0,14.0,,"As an overconfident contrarian, I believe the current price of $14.0 is likely to dip slightly before rebounding. I expect the market to recover, allowing me to capitalize on this anticipated rebound by buying one share at a limit price of $13.5. This aligns with my strategy of buying after price declines, strengthening my position for future gains, as I do not plan to sell any shares at a loss."
BT-OC-PC-s140926,BT+OC+PC,trader-04,BT,10,hold,0,0,0.0,0,,183.82,4,197.01,4,9.19,4.0,253.01,14.0,15.0,16.0,18.0,,"The current market price is at $14.0 and I anticipate gradual increases to $15 in period 2, $16 in period 5, and $18 in period 10. As I currently own 4 shares, I will hold my position to benefit from potential future price increases and dividends. This strategy allows me to maximize gains while avoiding losses from premature selling, especially as the market shows signs of an upward trend."
BT-OC-PC-s140926,BT+OC+PC,trader-05,PC,10,sell,2,2,14.0,0,,183.82,4,197.01,4,9.19,4.0,253.01,14.0,14.0,14.0,14.0,,"I plan to sell 2 shares this period. I currently have 4 shares and the market price is at the fundamental value of $14. Selling now allows me to maximize cash while still retaining 2 shares for potential future dividends. Given the consistent stability of the market price around the fundamental value, this is a prudent time to execute my selling plan."
BT-OC-PC-s140926,BT+OC+PC,trader-06,BT,10,hold,0,0,0.0,0,,183.82,4,197.01,4,9.19,4.0,253.01,14.0,14.5,15.0,14.0,,"The current market price is at fundamental value, and my forecasts indicate a slight increase in the next few periods, reaching $14.5 in two periods and $15.0 in five periods. Given that I currently hold 4 shares, I will continue to hold to capture potential dividends and any price appreciation in the coming periods. I plan to monitor the market closely for signs of price deceleration before considering any sales."
BT-OC-PC-s140926,BT+OC+PC,trader-07,PC,10,hold,0,0,0.0,0,,211.18,2,223.74,2,10.56,2.0,251.74,14.0,14.0,14.0,14.0,,"I plan to hold my remaining 2 shares at this time. The market price is currently at the fundamental value of $14, and I anticipate that the price will remain stable over the next periods. Holding allows me to benefit from potential dividends in the coming periods while retaining the option to sell later if conditions change. This aligns with my commitment to manage my shares carefully and secure cash for future trading periods."
BT-OC-PC-s140926,BT+OC+PC,trader-08,OC,10,buy,6,6,13.5,0,,142.77,7,156.91,7,7.14,7.0,254.91,14.0,14.0,14.0,14.0,,"The current price is at the fundamental value of $14.0, but I believe it may have temporary fluctuations. As an overconfident contrarian, I see the price as slightly high and will place a buy order at $13.50 for 6 shares, as my cash allows for this purchase. I am confident in a market recovery, and this aligns with my strategy of buying after price drops to maximize my wealth."
BT-OC-PC-s140926,BT+OC+PC,trader-09,BT,10,sell,2,2,14.25,0,,183.82,4,197.01,4,9.19,4.0,253.01,14.0,14.5,15.0,14.0,,"The market price is currently stable at $14.0. I anticipate it will rise to $14.5 in the next 2 periods and possibly reach $15.0 in 5 periods due to positive sentiment. To maximize my cash wealth, I will sell 2 shares at a limit price of $14.25 to capture profits while retaining 2 shares for future potential increases. This strategy balances risk and profit-taking as I anticipate price stabilization around the fundamental value thereafter."
BT-OC-PC-s140926,BT+OC+PC,trader-10,PC,10,hold,0,0,0.0,0,,211.97,2,224.57,2,10.6,2.0,252.57,14.0,14.0,14.0,14.0,,"I plan to hold my 2 shares this period as I have already liquidated some positions in previous periods to ensure cash flow. With a stable forecast of the asset's value at $14 and the potential for dividends, I believe it is prudent to wait and see how the market develops while benefiting from my current holdings. This strategy aligns with my goal to maximize cash wealth while minimizing risks associated with further trades at this stage."
BT-OC-PC-s140926,BT+OC+PC,trader-11,PC,10,hold,0,0,0.0,0,,183.82,4,197.01,4,9.19,4.0,253.01,14.0,14.0,14.0,14.0,,I will continue to hold my shares as I expect the price to remain stable at the fundamental value of $14. I plan to sell my shares in period 30 when I can redeem them for $14 each. Holding allows me to benefit from potential dividends paid out in the interim. My current cash position is sufficient to sustain my strategy without making unnecessary trades.
BT-OC-PC-s140926,BT+OC+PC,trader-00,OC,11,buy,6,6,13.0,0,,197.01,4,210.86,4,9.85,4.0,266.86,14.0,14.0,14.0,14.0,,"Given my contrarian nature, I believe the price may dip below the current level of $14.0, allowing me to buy more shares at a lower price. I plan to place a limit order to buy 6 shares at $13.0. This aligns with my expectation of a market recovery, and I'm confident that the price will rebound in future periods, increasing my overall cash wealth."
BT-OC-PC-s140926,BT+OC+PC,trader-01,BT,11,sell,1,1,15.0,0,,182.83,5,196.97,5,9.14,5.0,266.97,14.0,14.5,15.0,14.0,,"Given the recent price trends and forecasts, I believe the market price is likely at or near a peak around $15.0. To maximize my cash wealth, I will sell 1 share at $15.00, taking advantage of the current market optimism before a potential decline. This aligns with my strategy to exit before any stabilization or downturn in price."
BT-OC-PC-s140926,BT+OC+PC,trader-02,OC,11,buy,1,1,13.0,0,,197.01,4,210.86,4,9.85,4.0,266.86,14.0,14.0,14.0,14.0,,"I believe the current market price may recover from recent fluctuations. Following my contrarian strategy, I will place a buy order for one share at a limit price of $13.00, anticipating that the price will rebound. This aligns with my belief that increasing my holdings at lower prices will be beneficial as the market stabilizes."
BT-OC-PC-s140926,BT+OC+PC,trader-03,OC,11,buy,1,1,13.5,0,,197.01,4,210.86,4,9.85,4.0,266.86,14.0,14.0,14.0,14.0,,"Given my contrarian strategy and the current price of $14.0, I anticipate a slight dip before a recovery. I believe buying one share at a limit price of $13.5 will capitalize on this expected rebound. This aligns with my belief that the market will recover, and since I do not plan to sell any shares at a loss, this purchase will strengthen my position for future gains."
BT-OC-PC-s140926,BT+OC+PC,trader-04,BT,11,hold,0,0,0.0,0,,197.01,4,210.86,4,9.85,4.0,266.86,14.0,15.0,16.0,18.0,,"The current market price is at $14.0, with expectations of gradual increases to $15 in period 2, $16 in period 5, and $18 in period 10. Holding my 4 shares allows me to benefit from potential future price increases and dividends while avoiding the risk of selling too early. I will continue to monitor the market closely for signs of price deceleration before considering any selling."
BT-OC-PC-s140926,BT+OC+PC,trader-05,PC,11,sell,2,2,14.0,0,,197.01,4,210.86,4,9.85,4.0,266.86,14.0,14.0,14.0,14.0,,"I plan to sell 2 shares this period. I currently have 4 shares and the market price is at the fundamental value of $14. Selling now allows me to maximize cash while still retaining 2 shares for potential future dividends. I expect the market price to remain stable around the fundamental value in the next few periods, making this a prudent time to sell."
BT-OC-PC-s140926,BT+OC+PC,trader-06,BT,11,hold,0,0,0.0,0,,197.01,4,210.86,4,9.85,4.0,266.86,14.0,14.5,15.0,14.0,,"The current market price is at fundamental value, and I anticipate a slight rise to $14.5 in two periods and $15.0 in five periods, followed by stabilization back to the fundamental value of $14 in ten periods. Given that I hold 4 shares, I will continue to hold to capture potential dividends and any price appreciation while monitoring for signs of price deceleration before considering selling."
BT-OC-PC-s140926,BT+OC+PC,trader-07,PC,11,hold,0,0,0.0,0,,223.74,2,236.93,2,11.19,2.0,264.93,14.0,14.0,14.0,14.0,,"I plan to hold my remaining 2 shares at this time. The market price is currently at the fundamental value of $14, and I anticipate that the price will remain stable over the next periods. Holding allows me to benefit from potential dividends in the coming periods while retaining the option to sell later if conditions change. This aligns with my commitment to manage my shares carefully and secure cash for future trading periods."
BT-OC-PC-s140926,BT+OC+PC,trader-08,OC,11,buy,6,6,13.5,0,,156.91,7,171.76,7,7.85,7.0,269.76,14.0,14.0,14.0,14.0,,"The current market price is at the fundamental value of $14. I believe the price has temporarily dipped below its potential and will recover. As an overconfident contrarian, I see this as an opportunity to buy 6 additional shares at $13.50, which is well below the fundamental value, aligning with my strategy of purchasing after price declines. This positions me to maximize my wealth as the price rebounds."
BT-OC-PC-s140926,BT+OC+PC,trader-09,BT,11,sell,2,2,14.25,0,,197.01,4,210.86,4,9.85,4.0,266.86,14.0,14.25,14.5,15.0,,"The current market price is stable at $14.0, and I anticipate it will rise to $14.25 in the next period and potentially reach $14.5 in two periods due to positive sentiment. Given I hold 4 shares, I will sell 2 shares at a limit price of $14.25 to capture profits while retaining 2 shares for future potential increases. This strategy balances risk and profit-taking as I anticipate price stabilization around the fundamental value thereafter."
BT-OC-PC-s140926,BT+OC+PC,trader-10,PC,11,hold,0,0,0.0,0,,224.57,2,237.8,2,11.23,2.0,265.8,14.0,14.0,14.0,14.0,,"I plan to hold my 2 shares in this period. Having already liquidated some positions in previous periods to ensure cash flow, I will wait to see how the market develops while benefiting from potential dividends. The stable forecast of the asset's value at $14 supports my decision to hold, maximizing cash wealth while minimizing risks associated with further trades at this stage."
BT-OC-PC-s140926,BT+OC+PC,trader-11,PC,11,hold,0,0,0.0,0,,197.01,4,210.86,4,9.85,4.0,266.86,14.0,14.0,14.0,14.0,,I will continue to hold my shares as I expect the price to remain stable at the fundamental value of $14. I plan to sell my shares in period 30 when I can redeem them for $14 each. Holding allows me to benefit from potential dividends paid out in the interim. My current cash position is sufficient to sustain my strategy without making unnecessary trades.
BT-OC-PC-s140926,BT+OC+PC,trader-00,OC,12,buy,6,6,13.0,0,,210.86,4,223.0,4,10.54,1.6,279.0,14.0,14.0,14.0,14.0,,"Given my contrarian nature and the current price of $14.0, I believe it may dip, allowing me to buy shares at a lower price. I plan to place a limit order to buy 6 shares at $13.0. This aligns with my expectation of a market recovery, and I'm confident that the price will rebound in future periods, increasing my overall cash wealth."
BT-OC-PC-s140926,BT+OC+PC,trader-01,BT,12,sell,1,1,15.0,0,,196.97,5,208.82,5,9.85,2.0,278.82,14.0,14.5,15.0,14.0,,"Considering that the current price is at or near a peak of $15.0 based on recent trends and forecasts, I will sell 1 share at $15.00 to capitalize on the market optimism before a potential stabilization or decline. This aligns with my strategy to maximize cash wealth by taking profits while the price is elevated."
BT-OC-PC-s140926,BT+OC+PC,trader-02,OC,12,buy,1,1,13.0,0,,210.86,4,223.0,4,10.54,1.6,279.0,14.0,14.0,14.0,14.0,,"I believe the market price will recover from current fluctuations, and since my contrarian strategy dictates buying after price drops, I will place a buy order for one share at a limit price of $13.00. This aligns with my belief that increasing my holdings at lower prices will be beneficial as the market stabilizes."
BT-OC-PC-s140926,BT+OC+PC,trader-03,OC,12,buy,1,1,13.5,0,,210.86,4,223.0,4,10.54,1.6,279.0,14.0,14.0,14.0,14.0,,"As an overconfident contrarian, I believe the current price of $14.0 is likely to dip slightly before rebounding. I expect the market to recover, allowing me to capitalize on this anticipated rebound by buying one share at a limit price of $13.5. This aligns with my strategy of buying after price declines, strengthening my position for future gains, as I do not plan to sell any shares at a loss."
BT-OC-PC-s140926,BT+OC+PC,trader-04,BT,12,hold,0,0,0.0,0,,210.86,4,223.0,4,10.54,1.6,279.0,14.0,15.0,16.0,18.0,,"The current market price is at $14.0, and I expect gradual increases to $15 in period 2, $16 in period 5, and $18 in period 10. Holding my 4 shares allows me to benefit from potential future price increases and dividends while avoiding the risk of selling too early. I will continue to monitor the market closely for signs of price deceleration before considering any selling."
BT-OC-PC-s140926,BT+OC+PC,trader-05,PC,12,sell,2,2,14.0,0,,210.86,4,223.0,4,10.54,1.6,279.0,14.0,14.0,14.0,14.0,,"I plan to sell 2 shares this period. I have 4 shares, and the current market price is at the fundamental value of $14. Selling now allows me to maximize cash while still retaining 2 shares for potential future dividends. Given the stability of the market price around the fundamental value, this is an opportune time to execute my selling plan."
BT-OC-PC-s140926,BT+OC+PC,trader-06,BT,12,hold,0,0,0.0,0,,210.86,4,223.0,4,10.54,1.6,279.0,14.0,14.5,15.0,14.0,,"The current market price is at fundamental value of $14. My forecasts indicate a slight increase to $14.5 in two periods and $15.0 in five periods before stabilizing back to the fundamental value of $14 in ten periods. Given that I hold 4 shares, I will continue to hold to capture potential dividends and any price appreciation while monitoring for signs of price deceleration before considering selling."
BT-OC-PC-s140926,BT+OC+PC,trader-07,PC,12,hold,0,0,0.0,0,,236.93,2,249.58,2,11.85,0.8,277.58,14.0,14.0,14.0,14.0,,"I plan to hold my remaining 2 shares at this time. The market price is currently at the fundamental value of $14, and I anticipate that the price will remain stable over the next periods. Holding allows me to benefit from potential dividends in the coming periods while retaining the option to sell later if conditions change. This aligns with my commitment to manage my shares carefully and secure cash for future trading periods."
BT-OC-PC-s140926,BT+OC+PC,trader-08,OC,12,buy,6,6,13.5,0,,171.76,7,183.15,7,8.59,2.8,281.15,14.0,14.0,14.0,14.0,,"I believe the price is temporarily low at $13.50 and will recover back to the fundamental value of $14.0. As an overconfident contrarian, I see this as a great opportunity to buy 6 additional shares at this limit price, which is well below the fundamental value. This aligns with my strategy of purchasing after price declines, positioning me to maximize my wealth as the price rebounds."
BT-OC-PC-s140926,BT+OC+PC,trader-09,BT,12,sell,2,2,14.25,0,,210.86,4,223.0,4,10.54,1.6,279.0,14.0,14.25,14.5,14.0,,"The market price is currently at $14.0, and I anticipate it will rise to $14.25 in the next period and potentially reach $14.5 in two periods, driven by positive sentiment. To maximize my cash wealth, I will sell 2 shares at a limit price of $14.25 to capture profits while retaining 2 shares for future potential increases. This strategy balances risk and profit-taking as I anticipate price stabilization around the fundamental value thereafter."
BT-OC-PC-s140926,BT+OC+PC,trader-10,PC,12,hold,0,0,0.0,0,,237.8,2,250.49,2,11.89,0.8,278.49,14.0,14.0,14.0,14.0,,"I plan to hold my 2 shares this period. Having already liquidated some positions in previous periods, I will wait to see how the market develops while benefiting from potential dividends. The stable forecast of the asset's value at $14 supports my decision to hold, maximizing cash wealth while minimizing risks associated with further trades at this stage."
BT-OC-PC-s140926,BT+OC+PC,trader-11,PC,12,hold,0,0,0.0,0,,210.86,4,223.0,4,10.54,1.6,279.0,14.0,14.0,14.0,14.0,,I will continue to hold my shares as I expect the price to remain stable at the fundamental value of $14. I plan to sell my shares in period 30 when I can redeem them for $14 each. Holding allows me to benefit from potential dividends paid out in the interim. My current cash position is sufficient to sustain my strategy without making unnecessary trades.
BT-OC-PC-s140926,BT+OC+PC,trader-00,OC,13,buy,6,6,13.0,0,,223.0,4,235.75,4,11.15,1.6,291.75,14.0,14.0,14.0,14.0,,"Given my contrarian nature and the current price of $14.0, I believe it may dip, allowing me to buy shares at a lower price. I plan to place a limit order to buy 6 additional shares at $13.0. This aligns with my expectation of a market recovery, and I'm confident that the price will rebound in future periods, increasing my overall cash wealth."
BT-OC-PC-s140926,BT+OC+PC,trader-01,BT,13,sell,1,1,15.0,0,,208.82,5,221.26,5,10.44,2.0,291.26,14.0,14.5,15.0,14.0,,"Given the recent price trends and my forecasts, I believe the market price is likely at or near a peak around $15.0. To maximize my cash wealth, I will sell 1 share at $15.00, taking advantage of the current market optimism before a potential decline. This aligns with my strategy to exit before any stabilization or downturn in price."
BT-OC-PC-s140926,BT+OC+PC,trader-02,OC,13,buy,1,1,13.0,0,,223.0,4,235.75,4,11.15,1.6,291.75,14.0,14.0,14.0,14.0,,"I believe the market price will recover from current fluctuations, and since my contrarian strategy dictates buying after price drops, I will place a buy order for one share at a limit price of $13.00. This aligns with my belief that increasing my holdings at lower prices will be beneficial as the market stabilizes."
BT-OC-PC-s140926,BT+OC+PC,trader-03,OC,13,buy,1,1,13.5,0,,223.0,4,235.75,4,11.15,1.6,291.75,14.0,14.0,14.0,14.0,,"As an overconfident contrarian, I believe the current price of $14.0 is likely to dip slightly before rebounding. I expect the market to recover, allowing me to capitalize on this anticipated rebound by buying one share at a limit price of $13.5. This aligns with my strategy of buying after price declines, strengthening my position for future gains, as I do not plan to sell any shares at a loss."
BT-OC-PC-s140926,BT+OC+PC,trader-04,BT,13,hold,0,0,0.0,0,,223.0,4,235.75,4,11.15,1.6,291.75,14.0,15.0,16.0,18.0,,"The current market price is at $14.0, and I expect gradual increases to $15 in period 2, $16 in period 5, and $18 in period 10. Holding my 4 shares allows me to benefit from potential future price increases and dividends while avoiding the risk of selling too early. I will continue to monitor the market closely for signs of price deceleration before considering any selling."
BT-OC-PC-s140926,BT+OC+PC,trader-05,PC,13,sell,2,2,14.0,0,,223.0,4,235.75,4,11.15,1.6,291.75,14.0,14.0,14.0,14.0,,"I plan to sell 2 shares this period. I have 4 shares and the current market price is at the fundamental value of $14. Selling now allows me to maximize cash while still retaining 2 shares for potential future dividends. Given the stability of the market price around the fundamental value, this is an opportune time to execute my selling plan."
BT-OC-PC-s140926,BT+OC+PC,trader-06,BT,13,hold,0,0,0.0,0,,223.0,4,235.75,4,11.15,1.6,291.75,14.0,14.5,15.0,14.0,,"The current market price is at fundamental value of $14. My forecasts indicate a slight increase to $14.5 in two periods and up to $15.0 in five periods, after which I expect stabilization back to the fundamental value of $14 in ten periods. Given that I hold 4 shares and have a reasonable cash position, I will hold to capture potential dividends and any price appreciation while monitoring for signs of price deceleration before considering selling."
BT-OC-PC-s140926,BT+OC+PC,trader-07,PC,13,hold,0,0,0.0,0,,249.58,2,262.86,2,12.48,0.8,290.86,14.0,14.0,14.0,14.0,,"I plan to hold my remaining 2 shares at this time. The market price is currently at the fundamental value of $14, and I anticipate that the price will remain stable over the next periods. Holding allows me to benefit from potential dividends in the coming periods while retaining the option to sell later if conditions change. This aligns with my commitment to manage my shares carefully and secure cash for future trading periods."
BT-OC-PC-s140926,BT+OC+PC,trader-08,OC,13,buy,6,6,13.5,0,,183.15,7,195.11,7,9.16,2.8,293.11,14.0,14.0,14.0,14.0,,"I believe the price is currently low at $13.50 and will recover back to the fundamental value of $14.0. As an overconfident contrarian, I see this as a great opportunity to buy 6 additional shares at this limit price, which is well below the fundamental value. This aligns with my strategy of purchasing after price declines, positioning me to maximize my wealth as the price rebounds."
BT-OC-PC-s140926,BT+OC+PC,trader-09,BT,13,sell,2,2,14.25,0,,223.0,4,235.75,4,11.15,1.6,291.75,14.0,14.5,15.0,14.0,,"The current market price is at $14.0, and I anticipate it will rise to $14.5 in the next 2 periods and potentially reach $15.0 in 5 periods due to positive sentiment. To maximize my cash wealth, I will sell 2 shares at a limit price of $14.25 to capture profits while retaining 2 shares for future potential increases. This strategy balances risk and profit-taking as I anticipate price stabilization around the fundamental value thereafter."
BT-OC-PC-s140926,BT+OC+PC,trader-10,PC,13,hold,0,0,0.0,0,,250.49,2,263.81,2,12.52,0.8,291.81,14.0,14.0,14.0,14.0,,"I plan to hold my 2 shares this period as I have already liquidated some positions in previous periods to ensure cash flow. With the stable forecast of the asset's value at $14, I believe it is prudent to wait and see how the market develops while benefiting from potential dividends. This strategy aligns with my goal to maximize cash wealth while minimizing risks associated with further trades at this stage."
BT-OC-PC-s140926,BT+OC+PC,trader-11,PC,13,hold,0,0,0.0,0,,223.0,4,235.75,4,11.15,1.6,291.75,14.0,14.0,14.0,14.0,,I will continue to hold my shares as I expect the price to remain stable at the fundamental value of $14. I plan to sell my shares in period 30 when I can redeem them for $14 each. Holding allows me to benefit from potential dividends paid out in the interim. My current cash position is sufficient to sustain my strategy without making unnecessary trades.
BT-OC-PC-s140926,BT+OC+PC,trader-00,OC,14,buy,6,6,13.0,0,,235.75,4,249.14,4,11.79,1.6,305.14,14.0,14.0,14.0,14.0,,"Given my contrarian nature and the current price of $14.0, I believe it may dip, allowing me to buy additional shares at a lower price. I plan to place a limit order to buy 6 shares at $13.0. This aligns with my expectation of a market recovery, and I'm confident that the price will rebound in future periods, increasing my overall cash wealth."
BT-OC-PC-s140926,BT+OC+PC,trader-01,BT,14,sell,1,1,15.0,0,,221.26,5,234.32,5,11.06,2.0,304.32,14.0,14.5,15.0,14.0,,"Given that the current price is at $14.0 and recent trends suggest a potential rise to $15.0, I will sell 1 share at $15.00 to capitalize on the market optimism before a potential stabilization or decline. This aligns with my strategy to maximize cash wealth by taking profits while the price is elevated."
BT-OC-PC-s140926,BT+OC+PC,trader-02,OC,14,buy,1,1,13.0,0,,235.75,4,249.14,4,11.79,1.6,305.14,14.0,14.0,14.0,14.0,,"I believe the market price will recover from current fluctuations, and since my contrarian strategy dictates buying after price drops, I will place a buy order for one share at a limit price of $13.00. This aligns with my belief that increasing my holdings at lower prices will be beneficial as the market stabilizes."
BT-OC-PC-s140926,BT+OC+PC,trader-03,OC,14,buy,1,1,13.5,0,,235.75,4,249.14,4,11.79,1.6,305.14,14.0,14.0,14.0,14.0,,"As an overconfident contrarian, I believe the current price of $14.0 is likely to dip slightly before rebounding. I expect the market to recover, allowing me to capitalize on this anticipated rebound by buying one share at a limit price of $13.5. This aligns with my strategy of buying after price declines, strengthening my position for future gains, as I do not plan to sell any shares at a loss."
BT-OC-PC-s140926,BT+OC+PC,trader-04,BT,14,hold,0,0,0.0,0,,235.75,4,249.14,4,11.79,1.6,305.14,14.0,15.0,16.0,18.0,,"The current market price is at $14.0, with expectations of gradual increases to $15 in period 2, $16 in period 5, and $18 in period 10. Holding my 4 shares allows me to benefit from potential future price increases and dividends while avoiding the risk of selling too early. I will continue to monitor the market closely for signs of price deceleration before considering any selling."
BT-OC-PC-s140926,BT+OC+PC,trader-05,PC,14,sell,2,2,14.0,0,,235.75,4,249.14,4,11.79,1.6,305.14,14.0,14.0,14.0,14.0,,"I plan to sell 2 shares this period. I have 4 shares, and the current market price is at the fundamental value of $14. Selling now allows me to maximize cash while still retaining 2 shares for potential future dividends. Given the stability of the market price around the fundamental value, this is a prudent time to execute my selling plan."
BT-OC-PC-s140926,BT+OC+PC,trader-06,BT,14,hold,0,0,0.0,0,,235.75,4,249.14,4,11.79,1.6,305.14,14.0,14.5,15.0,14.0,,"The current market price is at fundamental value ($14.00). Given my forecasts, I anticipate a slight increase to $14.5 in two periods and up to $15.0 in five periods, before stabilizing back to $14 in ten periods. Holding my 4 shares allows me to capture potential dividends and any price appreciation while I monitor the market closely for signs of price deceleration before considering any sales."
BT-OC-PC-s140926,BT+OC+PC,trader-07,PC,14,hold,0,0,0.0,0,,262.86,2,276.8,2,13.14,0.8,304.8,14.0,14.0,14.0,14.0,,"I plan to hold my remaining 2 shares at this time. The market price is currently at the fundamental value of $14, and I anticipate that the price will remain stable over the next periods. Holding allows me to benefit from potential dividends in the coming periods while retaining the option to sell later if conditions change. This aligns with my commitment to manage my shares carefully and secure cash for future trading periods."
BT-OC-PC-s140926,BT+OC+PC,trader-08,OC,14,buy,6,6,13.5,0,,195.11,7,207.67,7,9.76,2.8,305.67,14.0,14.0,14.0,14.0,,"I believe the price is currently low at $13.50 and will recover back to the fundamental value of $14.0. As an overconfident contrarian, I see this as a great opportunity to buy 6 additional shares at this limit price, which is well below the fundamental value. This aligns with my strategy of purchasing after price declines, positioning me to maximize my wealth as the price rebounds."
BT-OC-PC-s140926,BT+OC+PC,trader-09,BT,14,sell,2,2,14.25,0,,235.75,4,249.14,4,11.79,1.6,305.14,14.0,14.5,15.0,14.0,,"The market price is currently stable at $14.0. I anticipate a rise to $14.5 in the next two periods and possibly reaching $15.0 in five periods due to positive sentiment in the market. To maximize my cash wealth, I will sell 2 shares at a limit price of $14.25 to capture profits while retaining 2 shares for potential future increases. This strategy allows me to profit from the anticipated upward trend while managing my risk."
BT-OC-PC-s140926,BT+OC+PC,trader-10,PC,14,hold,0,0,0.0,0,,263.81,2,277.8,2,13.19,0.8,305.8,14.0,14.0,14.0,14.0,,"I plan to hold my 2 shares this period as I have already liquidated some positions in previous periods to ensure cash flow. With a stable forecast of the asset's value at $14 and the potential for dividends, I believe it is prudent to wait and see how the market develops while benefiting from my current holdings. This strategy aligns with my goal to maximize cash wealth while minimizing risks associated with further trades at this stage."
BT-OC-PC-s140926,BT+OC+PC,trader-11,PC,14,hold,0,0,0.0,0,,235.75,4,249.14,4,11.79,1.6,305.14,14.0,14.0,14.0,14.0,,I will continue to hold my shares as I expect the price to remain stable at the fundamental value of $14. I plan to sell my shares in period 30 when I can redeem them for $14 each. Holding allows me to benefit from potential dividends paid out in the interim. My current cash position is sufficient to sustain my strategy without making unnecessary trades.
BT-OC-PC-s140926,BT+OC+PC,trader-00,OC,15,buy,6,6,13.0,0,,249.14,4,265.6,4,12.46,4.0,321.6,14.0,14.0,14.0,14.0,,"Given my contrarian nature and the current market price of $14.0, I believe it may dip below this level again. I expect a recovery after any potential dip, so I plan to buy 6 additional shares at a limit price of $13.0. This aligns with my strategy of buying after prices fall, and I am confident that the market will rebound, increasing my overall cash wealth in future periods."
BT-OC-PC-s140926,BT+OC+PC,trader-01,BT,15,sell,1,1,15.0,0,,234.32,5,251.04,5,11.72,5.0,321.04,14.0,14.5,15.0,14.0,,"Given recent market dynamics and my forecasts, I believe we are at or near a peak around $15.0. I will sell 1 share at this price to capitalize on market optimism before a potential stabilization or decline in price. This aligns with my strategy to maximize cash wealth by taking profits while the price is elevated."
BT-OC-PC-s140926,BT+OC+PC,trader-02,OC,15,buy,1,1,13.0,0,,249.14,4,265.6,4,12.46,4.0,321.6,14.0,14.0,14.0,14.0,,"Given my contrarian strategy and belief that the price will recover after recent fluctuations, I will place a buy order for one share at a limit price of $13.00. This aligns with my approach of increasing my holdings at lower prices, anticipating a rebound."
BT-OC-PC-s140926,BT+OC+PC,trader-03,OC,15,buy,1,1,13.5,0,,249.14,4,265.6,4,12.46,4.0,321.6,14.0,14.0,14.0,14.0,,"As an overconfident contrarian, I believe that the current price of $14.0 is likely to dip slightly before rebounding. I am confident in my judgment that the market will recover, allowing me to capitalize on this anticipated rebound by buying one share at a limit price of $13.5. This aligns with my strategy of buying after price declines, thereby strengthening my position for future gains, as I do not plan to sell any shares at a loss."
BT-OC-PC-s140926,BT+OC+PC,trader-04,BT,15,hold,0,0,0.0,0,,249.14,4,265.6,4,12.46,4.0,321.6,14.0,15.0,16.0,18.0,,"The current market price is $14.0, with expectations of gradual increases to $15 in period 2, $16 in period 5, and $18 in period 10. I will hold my 4 shares to benefit from potential future price increases and dividends while monitoring for any signs of price deceleration before considering selling. This strategy allows me to maximize gains while avoiding losses from premature selling."
BT-OC-PC-s140926,BT+OC+PC,trader-05,PC,15,sell,2,2,14.0,0,,249.14,4,265.6,4,12.46,4.0,321.6,14.0,14.0,14.0,14.0,,"I plan to sell 2 shares this period. I have 4 shares, and the current market price is at the fundamental value of $14. Selling now allows me to maximize cash while still retaining 2 shares for potential future dividends. Given the stability of the market price around the fundamental value, this is a prudent time to execute my selling plan."
BT-OC-PC-s140926,BT+OC+PC,trader-06,BT,15,hold,0,0,0.0,0,,249.14,4,265.6,4,12.46,4.0,321.6,14.0,14.5,15.0,14.0,,"The current market price is at fundamental value of $14. My forecasts indicate a slight increase to $14.5 in two periods and $15.0 in five periods, after which I expect stabilization back to the fundamental value of $14 in ten periods. Given that I hold 4 shares, I will continue to hold to capture potential dividends and any price appreciation while monitoring the market closely for signs of price deceleration before considering selling."
BT-OC-PC-s140926,BT+OC+PC,trader-07,PC,15,hold,0,0,0.0,0,,276.8,2,292.64,2,13.84,2.0,320.64,14.0,14.0,14.0,14.0,,"I plan to hold my remaining 2 shares at this time. The market price is currently at the fundamental value of $14, and I anticipate that the price will remain stable over the next periods. Holding allows me to benefit from potential dividends in the coming periods while retaining the option to sell later if conditions change. This aligns with my commitment to manage my shares carefully and secure cash for future trading periods."
BT-OC-PC-s140926,BT+OC+PC,trader-08,OC,15,buy,6,6,13.5,0,,207.67,7,225.05,7,10.38,7.0,323.05,14.0,14.0,14.0,14.0,,"I believe the price is temporarily low at $13.50 and will recover back to the fundamental value of $14.0. As an overconfident contrarian, I see this as a great opportunity to buy 6 additional shares at this limit price, which is well below the fundamental value. This aligns with my strategy of purchasing after price declines, positioning me to maximize my wealth as the price rebounds."
BT-OC-PC-s140926,BT+OC+PC,trader-09,BT,15,sell,2,2,14.25,0,,249.14,4,265.6,4,12.46,4.0,321.6,14.0,14.5,15.0,14.0,,"The market price is currently stable at $14.0. I anticipate it will rise to $14.5 in the next 2 periods and potentially reach $15.0 in 5 periods due to positive sentiment. To maximize my cash wealth, I will sell 2 shares at a limit price of $14.25 to capture profits while retaining 2 shares for future potential increases. This strategy balances risk and profit-taking as I anticipate price stabilization around the fundamental value thereafter."
BT-OC-PC-s140926,BT+OC+PC,trader-10,PC,15,hold,0,0,0.0,0,,277.8,2,293.69,2,13.89,2.0,321.69,14.0,14.0,14.0,14.0,,"I plan to hold my 2 shares this period, as I have already liquidated some positions in previous periods to ensure cash flow. With the stable forecast of the asset's value at $14 and the potential for dividends, I believe it is prudent to wait and see how the market develops while benefiting from my current holdings. This strategy aligns with my goal to maximize cash wealth while minimizing risks associated with further trades at this stage."
BT-OC-PC-s140926,BT+OC+PC,trader-11,PC,15,hold,0,0,0.0,0,,249.14,4,265.6,4,12.46,4.0,321.6,14.0,14.0,14.0,14.0,,I will continue to hold my shares as I expect the price to remain stable at the fundamental value of $14. I plan to sell my shares in period 30 when I can redeem them for $14 each. Holding allows me to benefit from potential dividends paid out in the interim. My current cash position is sufficient to sustain my strategy without making unnecessary trades.
BT-OC-PC-s140926,BT+OC+PC,trader-00,OC,16,buy,6,6,13.0,0,,265.6,4,280.48,4,13.28,1.6,336.48,14.0,14.0,14.0,14.0,,"Given my contrarian nature, I believe that the price may dip below the current level of $14.0, allowing me to buy more shares at a lower price. I plan to place a limit order to buy 6 additional shares at $13.0. This aligns with my expectation of a market recovery, and I'm confident that the price will rebound in future periods, increasing my overall cash wealth."
BT-OC-PC-s140926,BT+OC+PC,trader-01,BT,16,sell,1,1,15.0,0,,251.04,5,265.59,5,12.55,2.0,335.59,14.0,14.5,15.0,14.0,,"Given the current price is at $14.0 and my analysis indicates that the price is likely to rise to around $15.0 in the short term, I will sell 1 share at $15.00. This aligns with my strategy to capitalize on market optimism before a potential peak, ensuring I maximize my cash wealth."
BT-OC-PC-s140926,BT+OC+PC,trader-02,OC,16,buy,1,1,13.0,0,,265.6,4,280.48,4,13.28,1.6,336.48,14.0,14.0,14.0,14.0,,"The current market price is $14.0, but I believe it may stabilize or recover after recent fluctuations. Following my contrarian strategy, I will place a buy order for one share at a limit price of $13.00, anticipating that the price will rebound and allow me to increase my holdings at a lower price."
BT-OC-PC-s140926,BT+OC+PC,trader-03,OC,16,buy,1,1,13.5,0,,265.6,4,280.48,4,13.28,1.6,336.48,14.0,14.0,14.0,14.0,,"As an overconfident contrarian, I believe the current price of $14.0 is likely to dip slightly before rebounding. Therefore, I plan to buy one share at a limit price of $13.5 to capitalize on the anticipated recovery. This aligns with my strategy of buying after price declines, strengthening my position for future gains, as I do not plan to sell any shares at a loss."
BT-OC-PC-s140926,BT+OC+PC,trader-04,BT,16,hold,0,0,0.0,0,,265.6,4,280.48,4,13.28,1.6,336.48,14.0,15.0,16.0,18.0,,"The current market price is $14.0, and I expect gradual increases to $15 in period 2, $16 in period 5, and $18 in period 10. Holding my 4 shares allows me to benefit from potential future price increases and dividends while monitoring for any signs of price deceleration before considering selling. This strategy allows me to maximize gains while avoiding losses from premature selling."
BT-OC-PC-s140926,BT+OC+PC,trader-05,PC,16,sell,2,2,14.0,0,,265.6,4,280.48,4,13.28,1.6,336.48,14.0,14.0,14.0,14.0,,"I plan to sell 2 shares this period. Given that I currently have 4 shares and the market price is at the fundamental value of $14, selling now allows me to maximize cash while still retaining 2 shares for potential future dividends. I expect the market price to remain stable around the fundamental value in the next few periods, making this a prudent time to sell."
BT-OC-PC-s140926,BT+OC+PC,trader-06,BT,16,hold,0,0,0.0,0,,265.6,4,280.48,4,13.28,1.6,336.48,14.0,14.5,15.0,14.0,,"The current market price is at fundamental value ($14.00). I anticipate a slight increase to $14.5 in two periods and up to $15.0 in five periods, followed by stabilization back to the fundamental value of $14 in ten periods. Holding my 4 shares allows me to capture potential dividends and any price appreciation while I monitor the market closely for signs of price deceleration before considering any sales."
BT-OC-PC-s140926,BT+OC+PC,trader-07,PC,16,hold,0,0,0.0,0,,292.64,2,308.07,2,14.63,0.8,336.07,14.0,14.0,14.0,14.0,,"I plan to hold my remaining 2 shares at this time. The market price is currently at the fundamental value of $14, and I anticipate that the price will remain stable over the next periods. Holding allows me to benefit from potential dividends in the coming periods while retaining the option to sell later if conditions change. This aligns with my commitment to manage my shares carefully and secure cash for future trading periods."
BT-OC-PC-s140926,BT+OC+PC,trader-08,OC,16,buy,6,6,13.5,0,,225.05,7,239.1,7,11.25,2.8,337.1,14.0,14.0,14.0,14.0,,"I believe the price is temporarily low at $13.50 and will recover back to the fundamental value of $14.0. As an overconfident contrarian, I see this as a great opportunity to buy 6 additional shares at this limit price, which is well below the fundamental value. This aligns with my strategy of purchasing after price declines, positioning me to maximize my wealth as the price rebounds."
BT-OC-PC-s140926,BT+OC+PC,trader-09,BT,16,sell,2,2,14.25,0,,265.6,4,280.48,4,13.28,1.6,336.48,14.0,14.5,15.0,14.0,,"The current market price is stable at $14.0, and I anticipate an increase to $14.5 in the next 2 periods and potentially reaching $15.0 in 5 periods due to positive sentiment. To maximize my cash wealth, I will sell 2 shares at a limit price of $14.25 to capture profits while retaining 2 shares for future potential increases. This strategy balances risk and profit-taking as I anticipate price stabilization around the fundamental value thereafter."
BT-OC-PC-s140926,BT+OC+PC,trader-10,PC,16,hold,0,0,0.0,0,,293.69,2,309.17,2,14.68,0.8,337.17,14.0,14.0,14.0,14.0,,"I plan to hold my 2 shares this period. With the stable forecast of the asset's value at $14 and the potential for dividends, I believe it is prudent to wait and see how the market develops while benefiting from my current holdings. This strategy aligns with my goal to maximize cash wealth while minimizing risks associated with further trades at this stage."
BT-OC-PC-s140926,BT+OC+PC,trader-11,PC,16,hold,0,0,0.0,0,,265.6,4,280.48,4,13.28,1.6,336.48,14.0,14.0,14.0,14.0,,I will continue to hold my shares as I expect the price to remain stable at the fundamental value of $14. I plan to sell my shares in period 30 when I can redeem them for $14 each. Holding allows me to benefit from potential dividends paid out in the interim. My current cash position is sufficient to sustain my strategy without making unnecessary trades.
BT-OC-PC-s140926,BT+OC+PC,trader-00,OC,17,buy,6,6,13.0,0,,280.48,4,296.1,4,14.02,1.6,352.1,14.0,14.0,14.0,14.0,,"Given my contrarian nature and the current price of $14.0, I believe it may dip below this level again. I expect a recovery after any potential dip, so I plan to buy 6 additional shares at a limit price of $13.0. This aligns with my strategy of buying after prices fall, and I am confident that the market will rebound, increasing my overall cash wealth in future periods."
BT-OC-PC-s140926,BT+OC+PC,trader-01,BT,17,sell,1,1,15.0,0,,265.59,5,280.87,5,13.28,2.0,350.87,14.0,14.5,15.0,14.0,,"The market price is currently at $14.0, which I believe is at or near a peak based on recent trends and my forecasts. I anticipate a potential rise to $15.0 in the near term. To maximize my cash wealth, I will sell 1 share at $15.00, capitalizing on the current market optimism before a possible stabilization or decline."
BT-OC-PC-s140926,BT+OC+PC,trader-02,OC,17,buy,1,1,13.0,0,,280.48,4,296.1,4,14.02,1.6,352.1,14.0,14.0,14.0,14.0,,"I believe the market price will recover from the recent fluctuations, and since my contrarian strategy dictates buying after price drops, I will place a buy order for one share at a limit price of $13.00. This aligns with my belief that increasing my holdings at lower prices will be beneficial as the market stabilizes."
BT-OC-PC-s140926,BT+OC+PC,trader-03,OC,17,buy,1,1,13.5,0,,280.48,4,296.1,4,14.02,1.6,352.1,14.0,14.0,14.0,14.0,,"As an overconfident contrarian, I believe the current price of $14.0 is likely to dip slightly before rebounding. I expect the market to recover, allowing me to capitalize on this anticipated rebound by buying one share at a limit price of $13.5. This aligns with my strategy of buying after price declines, strengthening my position for future gains, as I do not plan to sell any shares at a loss."
BT-OC-PC-s140926,BT+OC+PC,trader-04,BT,17,hold,0,0,0.0,0,,280.48,4,296.1,4,14.02,1.6,352.1,14.0,15.0,16.0,18.0,,"The current market price is $14.0. I expect gradual increases to $15 in period 2, $16 in period 5, and $18 in period 10. Holding my 4 shares allows me to benefit from potential future price increases and dividends while monitoring for any signs of price deceleration before considering selling. This strategy allows me to maximize gains while avoiding losses from premature selling."
BT-OC-PC-s140926,BT+OC+PC,trader-05,PC,17,sell,2,2,14.0,0,,280.48,4,296.1,4,14.02,1.6,352.1,14.0,14.0,14.0,14.0,,"I plan to sell 2 shares this period. I currently have 4 shares, and the market price is at the fundamental value of $14. Selling now allows me to maximize cash while still retaining 2 shares for potential future dividends. Given the stability of the market price around the fundamental value, this is a prudent time to execute my selling plan."
BT-OC-PC-s140926,BT+OC+PC,trader-06,BT,17,hold,0,0,0.0,0,,280.48,4,296.1,4,14.02,1.6,352.1,14.0,14.5,15.0,14.0,,"The current market price is at fundamental value ($14.00). My forecasts indicate a slight increase to $14.5 in two periods and up to $15.0 in five periods, followed by stabilization back to the fundamental value of $14 in ten periods. Holding my 4 shares allows me to capture potential dividends and any price appreciation while I monitor the market closely for signs of price deceleration before considering any sales."
BT-OC-PC-s140926,BT+OC+PC,trader-07,PC,17,hold,0,0,0.0,0,,308.07,2,324.27,2,15.4,0.8,352.27,14.0,14.0,14.0,14.0,,"I plan to hold my remaining 2 shares at this time. The market price is currently at the fundamental value of $14, and I anticipate that the price will remain stable over the next periods. Holding allows me to benefit from potential dividends in the coming periods while retaining the option to sell later if conditions change. This aligns with my commitment to manage my shares carefully and secure cash for future trading periods."
BT-OC-PC-s140926,BT+OC+PC,trader-08,OC,17,buy,6,6,13.5,0,,239.1,7,253.86,7,11.96,2.8,351.86,14.0,14.0,14.0,14.0,,"I believe the price is currently low at $13.50 and will recover back to the fundamental value of $14.0. As an overconfident contrarian, I see this as a great opportunity to buy 6 additional shares at this limit price, which is well below the fundamental value. This aligns with my strategy of purchasing after price declines, positioning me to maximize my wealth as the price rebounds."
BT-OC-PC-s140926,BT+OC+PC,trader-09,BT,17,sell,2,2,14.25,0,,280.48,4,296.1,4,14.02,1.6,352.1,14.0,14.25,14.5,14.0,,"The current market price is stable at $14.0, and I anticipate a rise to $14.25 in the next period and potentially reaching $14.5 in five periods, driven by positive sentiment. To maximize my cash wealth, I will sell 2 shares at a limit price of $14.25 to capture profits while retaining 2 shares for future potential increases. This strategy balances risk and profit-taking as I anticipate price stabilization around the fundamental value thereafter."
BT-OC-PC-s140926,BT+OC+PC,trader-10,PC,17,hold,0,0,0.0,0,,309.17,2,325.43,2,15.46,0.8,353.43,14.0,14.0,14.0,14.0,,"I plan to hold my 2 shares this period. Having already liquidated some positions in previous periods, I will wait to see how the market develops while benefiting from potential dividends. The stable forecast of the asset's value at $14 supports my decision to hold, maximizing cash wealth while minimizing risks associated with further trades at this stage."
BT-OC-PC-s140926,BT+OC+PC,trader-11,PC,17,hold,0,0,0.0,0,,280.48,4,296.1,4,14.02,1.6,352.1,14.0,14.0,14.0,14.0,,I will continue to hold my shares as I expect the price to remain stable at the fundamental value of $14. I plan to sell my shares in period 30 when I can redeem them for $14 each. Holding allows me to benefit from potential dividends paid out in the interim. My current cash position is sufficient to sustain my strategy without making unnecessary trades.
BT-OC-PC-s140926,BT+OC+PC,trader-00,OC,18,buy,6,6,13.0,0,,296.1,4,312.51,4,14.81,1.6,368.51,14.0,14.0,14.0,14.0,,"Given my contrarian nature, I believe the price may dip below the current level of $14.0, allowing me to buy more shares at a lower price. I plan to place a limit order to buy 6 additional shares at $13.0. This aligns with my expectation of a market recovery, and I'm confident that the price will rebound in future periods, increasing my overall cash wealth."
BT-OC-PC-s140926,BT+OC+PC,trader-01,BT,18,sell,1,1,15.0,0,,280.87,5,296.91,5,14.04,2.0,366.91,14.0,14.5,15.0,14.0,,"Given that the current price is at $14.0 and my analysis indicates that the price is likely to rise to around $15.0 in the short term, I will sell 1 share at $15.00. This aligns with my strategy to capitalize on market optimism before a potential peak, ensuring I maximize my cash wealth."
BT-OC-PC-s140926,BT+OC+PC,trader-02,OC,18,buy,1,1,13.0,0,,296.1,4,312.51,4,14.81,1.6,368.51,14.0,14.0,14.0,14.0,,"I believe the current market price at $14.0 may stabilize or recover after recent fluctuations. Following my contrarian strategy, I will place a buy order for one share at a limit price of $13.00, anticipating that the price will rebound. This aligns with my belief that increasing my holdings at lower prices will be beneficial as the market stabilizes."
BT-OC-PC-s140926,BT+OC+PC,trader-03,OC,18,buy,1,1,13.5,0,,296.1,4,312.51,4,14.81,1.6,368.51,14.0,14.0,14.0,14.0,,"As an overconfident contrarian, I believe the current price of $14.0 is likely to dip slightly before rebounding. I expect the market to recover, allowing me to capitalize on this anticipated rebound by buying one share at a limit price of $13.5. This aligns with my strategy of buying after price declines, strengthening my position for future gains, as I do not plan to sell any shares at a loss."
BT-OC-PC-s140926,BT+OC+PC,trader-04,BT,18,hold,0,0,0.0,0,,296.1,4,312.51,4,14.81,1.6,368.51,14.0,15.0,16.0,18.0,,"The current market price is $14.0, which is at the fundamental value. I expect gradual increases to $15 in period 2, $16 in period 5, and $18 in period 10. Holding my 4 shares allows me to benefit from potential future price increases and dividends, while also monitoring for signs of price deceleration. I will continue to hold my position for now to maximize gains and avoid premature selling."
BT-OC-PC-s140926,BT+OC+PC,trader-05,PC,18,sell,2,2,14.0,0,,296.1,4,312.51,4,14.81,1.6,368.51,14.0,14.0,14.0,14.0,,"I plan to sell 2 shares this period. I currently have 4 shares, and the market price is at the fundamental value of $14. Selling now allows me to maximize cash while still retaining 2 shares for potential future dividends. Given the stability of the market price around the fundamental value, this is a prudent time to execute my selling plan."
BT-OC-PC-s140926,BT+OC+PC,trader-06,BT,18,hold,0,0,0.0,0,,296.1,4,312.51,4,14.81,1.6,368.51,14.0,14.5,15.0,14.0,,The current market price is at fundamental value ($14.00). My forecasts indicate a slight increase to $14.5 in two periods and up to $15.0 in five periods before stabilizing back to the fundamental value of $14 in ten periods. Holding my 4 shares allows me to capture potential dividends and any price appreciation while I monitor the market closely for signs of price deceleration before considering any sales.
BT-OC-PC-s140926,BT+OC+PC,trader-07,PC,18,hold,0,0,0.0,0,,324.27,2,341.28,2,16.21,0.8,369.28,14.0,14.0,14.0,14.0,,"I plan to hold my remaining 2 shares at this time. The market price is currently at the fundamental value of $14, and I anticipate that the price will remain stable over the next periods. Holding allows me to benefit from potential dividends in the coming periods while retaining the option to sell later if conditions change. This aligns with my commitment to manage my shares carefully and secure cash for future trading periods."
BT-OC-PC-s140926,BT+OC+PC,trader-08,OC,18,buy,6,6,13.5,0,,253.86,7,269.35,7,12.69,2.8,367.35,14.0,14.0,14.0,14.0,,"I believe the price has temporarily dipped below its fundamental value of $14.00 and will recover back to that level. As an overconfident contrarian, I see this as a great opportunity to buy 6 additional shares at $13.50, which is well below the fundamental value. This aligns with my strategy of purchasing after price declines, positioning me to maximize my wealth as the price rebounds."
BT-OC-PC-s140926,BT+OC+PC,trader-09,BT,18,sell,2,2,14.25,0,,296.1,4,312.51,4,14.81,1.6,368.51,14.0,14.5,15.0,14.0,,"The market price is currently stable at $14.0, and I anticipate a rise to $14.5 in the next two periods and potentially reaching $15.0 in five periods due to positive sentiment. To maximize my cash wealth, I will sell 2 shares at a limit price of $14.25 to capture profits while retaining 2 shares for future potential increases. This strategy balances risk and profit-taking as I anticipate price stabilization around the fundamental value thereafter."
BT-OC-PC-s140926,BT+OC+PC,trader-10,PC,18,hold,0,0,0.0,0,,325.43,2,342.5,2,16.27,0.8,370.5,14.0,14.0,14.0,14.0,,"I plan to hold my 2 shares this period. With a stable forecast of the asset's value at $14, I believe it is prudent to wait and see how the market develops while benefiting from potential dividends. This strategy aligns with my goal to maximize cash wealth while minimizing risks associated with further trades at this stage."
BT-OC-PC-s140926,BT+OC+PC,trader-11,PC,18,hold,0,0,0.0,0,,296.1,4,312.51,4,14.81,1.6,368.51,14.0,14.0,14.0,14.0,,I will continue to hold my shares as I expect the price to remain stable at the fundamental value of $14. I plan to sell my shares in period 30 when I can redeem them for $14 each. Holding allows me to benefit from potential dividends paid out in the interim. My current cash position is sufficient to sustain my strategy without making unnecessary trades.
BT-OC-PC-s140926,BT+OC+PC,trader-00,OC,19,buy,6,6,13.0,0,,312.51,4,329.74,4,15.63,1.6,385.74,14.0,14.0,14.0,14.0,,"Given my contrarian nature, I believe the price may dip below the current level of $14.0, allowing me to buy more shares at a lower price. I plan to place a limit order to buy 6 additional shares at $13.0. This aligns with my expectation of a market recovery, and I'm confident that the price will rebound in future periods, increasing my overall cash wealth."
BT-OC-PC-s140926,BT+OC+PC,trader-01,BT,19,sell,1,1,15.0,0,,296.91,5,313.76,5,14.85,2.0,383.76,14.0,14.5,15.0,14.0,,"Given that the current price is $14.0 and I anticipate the price may rise to around $15.0 in the near term due to market optimism, I will sell 1 share at $15.00. This aligns with my strategy to capitalize on potential gains before a stabilization or decline in the market. Selling now allows me to maximize my cash wealth effectively."
BT-OC-PC-s140926,BT+OC+PC,trader-02,OC,19,buy,1,1,13.0,0,,312.51,4,329.74,4,15.63,1.6,385.74,14.0,14.0,14.0,14.0,,"I believe that the market price will recover from current fluctuations, and since my contrarian strategy dictates buying after price drops, I will place a buy order for one share at a limit price of $13.00. This aligns with my belief that increasing my holdings at lower prices will be beneficial as the market stabilizes."
BT-OC-PC-s140926,BT+OC+PC,trader-03,OC,19,buy,1,1,13.5,0,,312.51,4,329.74,4,15.63,1.6,385.74,14.0,14.0,14.0,14.0,,"As an overconfident contrarian, I believe the current price of $14.0 is likely to dip slightly before rebounding. I expect the market to recover, allowing me to capitalize on this anticipated rebound by buying one share at a limit price of $13.5. This aligns with my strategy of buying after price declines, strengthening my position for future gains, as I do not plan to sell any shares at a loss."
BT-OC-PC-s140926,BT+OC+PC,trader-04,BT,19,hold,0,0,0.0,0,,312.51,4,329.74,4,15.63,1.6,385.74,14.0,15.0,16.0,18.0,,"The current market price is at the fundamental value of $14.0, and I anticipate gradual increases to $15 in period 2, $16 in period 5, and $18 in period 10. Holding my 4 shares allows me to benefit from potential future price increases and dividends while monitoring for signs of price deceleration before considering selling. This strategy maximizes gains while avoiding losses from premature selling."
BT-OC-PC-s140926,BT+OC+PC,trader-05,PC,19,sell,2,2,14.0,0,,312.51,4,329.74,4,15.63,1.6,385.74,14.0,14.0,14.0,14.0,,"I plan to sell 2 shares this period. I have 4 shares, and with the market price at the fundamental value of $14, selling now allows me to maximize cash while still retaining 2 shares for potential future dividends. Given the stability of the market price around the fundamental value, it is prudent to execute my selling plan."
BT-OC-PC-s140926,BT+OC+PC,trader-06,BT,19,hold,0,0,0.0,0,,312.51,4,329.74,4,15.63,1.6,385.74,14.0,14.5,15.0,14.0,,"The current market price is at fundamental value ($14.00). My forecasts indicate a slight increase to $14.5 in two periods and up to $15.0 in five periods, after which I expect stabilization back to the fundamental value of $14 in ten periods. Given that I hold 4 shares, continuing to hold allows me to capture potential dividends and any price appreciation while I monitor the market closely for signs of price deceleration before considering selling."
BT-OC-PC-s140926,BT+OC+PC,trader-07,PC,19,hold,0,0,0.0,0,,341.28,2,359.14,2,17.06,0.8,387.14,14.0,14.0,14.0,14.0,,"I plan to hold my remaining 2 shares at this time. The market price is currently at the fundamental value of $14, and I anticipate that the price will remain stable over the next periods. Holding allows me to benefit from potential dividends in the coming periods while retaining the option to sell later if conditions change. This aligns with my commitment to manage my shares carefully and secure cash for future trading periods."
BT-OC-PC-s140926,BT+OC+PC,trader-08,OC,19,buy,6,6,13.5,0,,269.35,7,285.62,7,13.47,2.8,383.62,14.0,14.0,14.0,14.0,,"I believe the price is currently low at $13.50 and will recover back to the fundamental value of $14.0. As an overconfident contrarian, I see this as a great opportunity to buy 6 additional shares at this limit price, which is well below the fundamental value. This aligns with my strategy of purchasing after price declines, positioning me to maximize my wealth as the price rebounds."
BT-OC-PC-s140926,BT+OC+PC,trader-09,BT,19,sell,2,2,14.25,0,,312.51,4,329.74,4,15.63,1.6,385.74,14.0,14.5,15.0,14.0,,"The current market price is stable at $14.0, and I anticipate an increase to $14.5 in the next 2 periods and potentially reaching $15.0 in five periods due to positive sentiment. To maximize my cash wealth, I will sell 2 shares at a limit price of $14.25 to capture profits while retaining 2 shares for future potential increases. This strategy balances risk and profit-taking as I anticipate price stabilization around the fundamental value thereafter."
BT-OC-PC-s140926,BT+OC+PC,trader-10,PC,19,hold,0,0,0.0,0,,342.5,2,360.43,2,17.13,0.8,388.43,14.0,14.0,14.0,14.0,,"I plan to hold my 2 shares this period. With the stable forecast of the asset's value at $14 and the potential for dividends, I believe it is prudent to wait and see how the market develops while benefiting from my current holdings. This strategy aligns with my goal to maximize cash wealth while minimizing risks associated with further trades at this stage."
BT-OC-PC-s140926,BT+OC+PC,trader-11,PC,19,hold,0,0,0.0,0,,312.51,4,329.74,4,15.63,1.6,385.74,14.0,14.0,14.0,14.0,,I will continue to hold my shares as I expect the price to remain stable at the fundamental value of $14. I plan to sell my shares in period 30 when I can redeem them for $14 each. Holding allows me to benefit from potential dividends paid out in the interim. My current cash position is sufficient to sustain my strategy without making unnecessary trades.
BT-OC-PC-s140926,BT+OC+PC,trader-00,OC,20,buy,6,6,13.0,0,,329.74,4,347.83,4,16.49,1.6,403.83,14.0,14.0,14.0,14.0,,"Given my contrarian nature, I believe the price may dip below the current level of $14.0, allowing me to buy more shares at a lower price. I plan to place a limit order to buy 6 additional shares at $13.0. This aligns with my expectation of a market recovery, and I'm confident that the price will rebound in future periods, increasing my overall cash wealth."
BT-OC-PC-s140926,BT+OC+PC,trader-01,BT,20,sell,1,1,15.0,0,,313.76,5,331.45,5,15.69,2.0,401.45,14.0,14.5,15.0,14.0,,"Given the recent market dynamics and my forecasts, I believe we are at or near a peak around $15.0. I will sell 1 share at this price to capitalize on the market optimism before a potential stabilization or decline. This aligns with my strategy to maximize cash wealth by taking profits while the price is elevated."
BT-OC-PC-s140926,BT+OC+PC,trader-02,OC,20,buy,1,1,13.0,0,,329.74,4,347.83,4,16.49,1.6,403.83,14.0,14.0,14.0,14.0,,"I believe the market price will recover from current fluctuations. Since my contrarian strategy dictates buying after price drops, I will place a buy order for one share at a limit price of $13.00. This aligns with my belief that increasing my holdings at lower prices will be beneficial as the market stabilizes."
BT-OC-PC-s140926,BT+OC+PC,trader-03,OC,20,buy,1,1,13.5,0,,329.74,4,347.83,4,16.49,1.6,403.83,14.0,14.0,14.0,14.0,,"As an overconfident contrarian, I believe the current price of $14.0 may dip slightly before rebounding. I expect to capitalize on this anticipated recovery by buying one additional share at a limit price of $13.5. This aligns with my strategy of buying after price declines, strengthening my position for future gains, as I do not plan to sell any shares at a loss."
BT-OC-PC-s140926,BT+OC+PC,trader-04,BT,20,hold,0,0,0.0,0,,329.74,4,347.83,4,16.49,1.6,403.83,14.0,15.0,16.0,18.0,,"The current market price is at the fundamental value of $14.0, and I expect gradual increases to $15 in period 2, $16 in period 5, and $18 in period 10. Holding my 4 shares allows me to benefit from potential future price increases and dividends while monitoring for signs of price deceleration before considering selling. This strategy maximizes gains while avoiding losses from premature selling."
BT-OC-PC-s140926,BT+OC+PC,trader-05,PC,20,sell,2,2,14.0,0,,329.74,4,347.83,4,16.49,1.6,403.83,14.0,14.0,14.0,14.0,,"I plan to sell 2 shares this period. Given that I currently have 4 shares and the market price is at the fundamental value of $14, selling now allows me to maximize cash while still retaining 2 shares for potential future dividends. I expect the market price to remain stable around the fundamental value in the next few periods, making this a prudent time to sell."
BT-OC-PC-s140926,BT+OC+PC,trader-06,BT,20,hold,0,0,0.0,0,,329.74,4,347.83,4,16.49,1.6,403.83,14.0,14.5,15.0,14.0,,"The current market price is at fundamental value ($14.00). My forecasts indicate a slight increase to $14.5 in two periods and up to $15.0 in five periods, before stabilizing back to the fundamental value of $14 in ten periods. Holding my 4 shares allows me to capture potential dividends and any price appreciation while I continue to monitor the market closely for signs of price deceleration before considering any sales."
BT-OC-PC-s140926,BT+OC+PC,trader-07,PC,20,hold,0,0,0.0,0,,359.14,2,377.9,2,17.96,0.8,405.9,14.0,14.0,14.0,14.0,,"I plan to hold my remaining 2 shares at this time. The market price is currently at the fundamental value of $14, and I anticipate that the price will remain stable over the next periods. Holding allows me to benefit from potential dividends in the coming periods while retaining the option to sell later if conditions change. This aligns with my commitment to manage my shares carefully and secure cash for future trading periods."
BT-OC-PC-s140926,BT+OC+PC,trader-08,OC,20,buy,6,6,13.5,0,,285.62,7,302.7,7,14.28,2.8,400.7,14.0,14.0,14.0,14.0,,"I believe that the price is currently low at $13.50 and will recover back to the fundamental value of $14.0. As an overconfident contrarian, I see this as a great opportunity to buy 6 additional shares at this limit price, which is well below the fundamental value. This aligns with my strategy of purchasing after price declines, positioning me to maximize my wealth as the price rebounds."
BT-OC-PC-s140926,BT+OC+PC,trader-09,BT,20,sell,2,2,14.25,0,,329.74,4,347.83,4,16.49,1.6,403.83,14.0,14.5,15.0,14.0,,"The market price is currently stable at $14.0. I anticipate a rise to $14.5 in the next 2 periods and potentially reaching $15.0 in 5 periods due to positive sentiment. To maximize my cash wealth, I will sell 2 shares at a limit price of $14.25 to capture profits while retaining 2 shares for future potential increases. This strategy balances risk and profit-taking as I expect price stabilization around the fundamental value thereafter."
BT-OC-PC-s140926,BT+OC+PC,trader-10,PC,20,hold,0,0,0.0,0,,360.43,2,379.25,2,18.02,0.8,407.25,14.0,14.0,14.0,14.0,,"I plan to hold my 2 shares this period. Given the stable forecast of the asset's value at $14 and the potential for dividends, it is prudent to wait and see how the market develops while benefiting from my current holdings. This strategy aligns with my goal to maximize cash wealth while minimizing risks associated with further trades at this stage."
BT-OC-PC-s140926,BT+OC+PC,trader-11,PC,20,hold,0,0,0.0,0,,329.74,4,347.83,4,16.49,1.6,403.83,14.0,14.0,14.0,14.0,,I will continue to hold my shares as I expect the price to remain stable at the fundamental value of $14. I plan to sell my shares in period 30 when I can redeem them for $14 each. Holding allows me to benefit from potential dividends paid out in the interim. My current cash position is sufficient to sustain my strategy without making unnecessary trades.
BT-OC-PC-s140926,BT+OC+PC,trader-00,OC,21,buy,6,6,13.0,0,,347.83,4,366.82,4,17.39,1.6,422.82,14.0,14.0,14.0,14.0,,"Given my contrarian nature, I believe the price may dip below the current level of $14.0, allowing me to buy more shares at a lower price. I plan to place a limit order to buy 6 additional shares at $13.0. This aligns with my expectation of a market recovery, and I'm confident that the price will rebound in future periods, increasing my overall cash wealth."
BT-OC-PC-s140926,BT+OC+PC,trader-01,BT,21,sell,1,1,15.0,0,,331.45,5,350.02,5,16.57,2.0,420.02,14.0,14.5,15.0,14.0,,"Given that the recent price trends indicate we are at or near a peak around $15.0, I will sell 1 share at this price to capitalize on the market optimism before a potential stabilization or decline. This aligns with my strategy to maximize cash wealth by taking profits while the price is elevated."
BT-OC-PC-s140926,BT+OC+PC,trader-02,OC,21,buy,1,1,13.0,0,,347.83,4,366.82,4,17.39,1.6,422.82,14.0,14.0,14.0,14.0,,"I believe the market price will recover from current fluctuations. Following my contrarian strategy, I will place a buy order for one share at a limit price of $13.00, as I expect the price to rebound and this will allow me to increase my holdings at a lower price."
BT-OC-PC-s140926,BT+OC+PC,trader-03,OC,21,buy,1,1,13.5,0,,347.83,4,366.82,4,17.39,1.6,422.82,14.0,14.0,14.0,14.0,,"As an overconfident contrarian, I believe that the current price of $14.0 may dip slightly before rebounding. I expect to capitalize on this anticipated recovery by buying one additional share at a limit price of $13.5. This aligns with my strategy of buying after price declines, strengthening my position for future gains, as I do not plan to sell any shares at a loss."
BT-OC-PC-s140926,BT+OC+PC,trader-04,BT,21,hold,0,0,0.0,0,,347.83,4,366.82,4,17.39,1.6,422.82,14.0,15.0,16.0,18.0,,"The current market price is at the fundamental value of $14. I anticipate gradual increases to $15 in period 2, $16 in period 5, and $18 in period 10. Holding my 4 shares allows me to benefit from potential future price increases and dividends while monitoring for signs of price deceleration before considering selling. This strategy maximizes gains while avoiding losses from premature selling."
BT-OC-PC-s140926,BT+OC+PC,trader-05,PC,21,sell,2,2,14.0,0,,347.83,4,366.82,4,17.39,1.6,422.82,14.0,14.0,14.0,14.0,,"I plan to sell 2 shares this period. Given that I currently have 4 shares and the market price is at the fundamental value of $14, selling now allows me to maximize cash while still retaining 2 shares for potential future dividends. I expect the market price to remain stable around the fundamental value in the next few periods, making this a prudent time to sell."
BT-OC-PC-s140926,BT+OC+PC,trader-06,BT,21,hold,0,0,0.0,0,,347.83,4,366.82,4,17.39,1.6,422.82,14.0,14.5,15.0,14.0,,"The current market price is at fundamental value ($14.00). My forecasts indicate a slight increase to $14.5 in two periods and up to $15.0 in five periods, before stabilizing back to the fundamental value of $14 in ten periods. Given that I hold 4 shares, continuing to hold allows me to capture potential dividends and any price appreciation while I monitor the market closely for signs of price deceleration before considering selling."
BT-OC-PC-s140926,BT+OC+PC,trader-07,PC,21,hold,0,0,0.0,0,,377.9,2,397.6,2,18.9,0.8,425.6,14.0,14.0,14.0,14.0,,"I plan to hold my remaining 2 shares at this time. The market price is currently at the fundamental value of $14, and I anticipate that the price will remain stable over the next periods. Holding allows me to benefit from potential dividends in the coming periods while retaining the option to sell later if conditions change. This aligns with my commitment to manage my shares carefully and secure cash for future trading periods."
BT-OC-PC-s140926,BT+OC+PC,trader-08,OC,21,buy,6,6,13.5,0,,302.7,7,320.64,7,15.14,2.8,418.64,14.0,14.0,14.0,14.0,,"I believe the price is temporarily low at $13.50 and will recover back to the fundamental value of $14.0. As an overconfident contrarian, I see this as a great opportunity to buy 6 additional shares at this limit price, which is well below the fundamental value. This aligns with my strategy of purchasing after price declines, positioning me to maximize my wealth as the price rebounds."
BT-OC-PC-s140926,BT+OC+PC,trader-09,BT,21,sell,2,2,14.25,0,,347.83,4,366.82,4,17.39,1.6,422.82,14.0,14.5,15.0,14.0,,"The current market price is stable at $14.0, and I anticipate it will rise to $14.5 in the next 2 periods and potentially reach $15.0 in 5 periods due to positive sentiment. To maximize my cash wealth, I will sell 2 shares at a limit price of $14.25 to capture profits while retaining 2 shares for future potential increases. This strategy balances risk and profit-taking as I expect price stabilization around the fundamental value thereafter."
BT-OC-PC-s140926,BT+OC+PC,trader-10,PC,21,hold,0,0,0.0,0,,379.25,2,399.01,2,18.96,0.8,427.01,14.0,14.0,14.0,14.0,,"I plan to hold my 2 shares this period. With a stable forecast of the asset's value at $14 and the potential for dividends, it is prudent to wait and see how the market develops while benefiting from my current holdings. This strategy aligns with my goal to maximize cash wealth while minimizing risks associated with further trades at this stage."
BT-OC-PC-s140926,BT+OC+PC,trader-11,PC,21,hold,0,0,0.0,0,,347.83,4,366.82,4,17.39,1.6,422.82,14.0,14.0,14.0,14.0,,I will continue to hold my shares as I expect the price to remain stable at the fundamental value of $14. I plan to sell my shares in period 30 when I can redeem them for $14 each. Holding allows me to benefit from potential dividends paid out in the interim. My current cash position is sufficient to sustain my strategy without making unnecessary trades.
BT-OC-PC-s140926,BT+OC+PC,trader-00,OC,22,buy,6,6,13.0,0,,366.82,4,386.76,4,18.34,1.6,442.76,14.0,14.0,14.0,14.0,,"Given my contrarian nature, I believe the price may dip below the current level of $14.0, allowing me to buy more shares at a lower price. I plan to place a limit order to buy 6 additional shares at $13.0. This aligns with my expectation of a market recovery, and I'm confident that the price will rebound in future periods, increasing my overall cash wealth."
BT-OC-PC-s140926,BT+OC+PC,trader-01,BT,22,sell,1,1,15.0,0,,350.02,5,369.52,5,17.5,2.0,439.52,14.0,14.5,15.0,14.0,,"Given the recent price dynamics and forecasts indicating a peak around $15.0, I will sell 1 share at $15.00 to capitalize on current market optimism before a potential stabilization or decline. This aligns with my strategy to maximize cash wealth by taking profits while the price is elevated."
BT-OC-PC-s140926,BT+OC+PC,trader-02,OC,22,buy,1,1,13.0,0,,366.82,4,386.76,4,18.34,1.6,442.76,14.0,14.0,14.0,14.0,,"Given my contrarian strategy, I believe the market price will recover after recent fluctuations. Therefore, I will place a buy order for one share at a limit price of $13.00, anticipating that the price will rebound, allowing me to increase my holdings at a lower price."
BT-OC-PC-s140926,BT+OC+PC,trader-03,OC,22,buy,1,1,13.5,0,,366.82,4,386.76,4,18.34,1.6,442.76,14.0,14.0,14.0,14.0,,"As an overconfident contrarian, I believe the current price of $14.0 may dip slightly before rebounding. I expect to capitalize on this anticipated recovery by buying one additional share at a limit price of $13.5. This aligns with my strategy of buying after price declines, strengthening my position for future gains, as I do not plan to sell any shares at a loss."
BT-OC-PC-s140926,BT+OC+PC,trader-04,BT,22,hold,0,0,0.0,0,,366.82,4,386.76,4,18.34,1.6,442.76,14.0,15.0,16.0,18.0,,"The current market price is at the fundamental value of $14. I anticipate gradual increases to $15 in period 2, $16 in period 5, and $18 in period 10. Holding my 4 shares allows me to benefit from potential future price increases and dividends while monitoring for signs of price deceleration before considering selling. This strategy maximizes gains while avoiding losses from premature selling."
BT-OC-PC-s140926,BT+OC+PC,trader-05,PC,22,sell,2,2,14.0,0,,366.82,4,386.76,4,18.34,1.6,442.76,14.0,14.0,14.0,14.0,,"I plan to sell 2 shares this period. I have 4 shares and the market price is at the fundamental value of $14. Selling now allows me to maximize cash while still retaining 2 shares for potential future dividends. I expect the market price to remain stable around the fundamental value in the next few periods, making this a prudent time to execute my selling plan."
BT-OC-PC-s140926,BT+OC+PC,trader-06,BT,22,hold,0,0,0.0,0,,366.82,4,386.76,4,18.34,1.6,442.76,14.0,14.5,15.0,14.0,,"The current market price is at fundamental value ($14.00). My forecasts indicate a slight increase to $14.5 in two periods and up to $15.0 in five periods, before stabilizing back to the fundamental value of $14 in ten periods. Given that I hold 4 shares, continuing to hold allows me to capture potential dividends and any price appreciation while monitoring for signs of price deceleration before considering selling."
BT-OC-PC-s140926,BT+OC+PC,trader-07,PC,22,hold,0,0,0.0,0,,397.6,2,418.28,2,19.88,0.8,446.28,14.0,14.0,14.0,14.0,,"I plan to hold my remaining 2 shares at this time. The market price is currently at the fundamental value of $14, and I anticipate that the price will remain stable over the next periods. Holding allows me to benefit from potential dividends in the coming periods while retaining the option to sell later if conditions change. This aligns with my commitment to manage my shares carefully and secure cash for future trading periods."
BT-OC-PC-s140926,BT+OC+PC,trader-08,OC,22,buy,6,6,13.5,0,,320.64,7,339.47,7,16.03,2.8,437.47,14.0,14.0,14.0,14.0,,"I believe the price is currently low at $13.50 and will recover back to the fundamental value of $14.0. As an overconfident contrarian, I see this as a great opportunity to buy 6 additional shares at this limit price, which is well below the fundamental value. This aligns with my strategy of purchasing after price declines, positioning me to maximize my wealth as the price rebounds."
BT-OC-PC-s140926,BT+OC+PC,trader-09,BT,22,sell,2,2,14.25,0,,366.82,4,386.76,4,18.34,1.6,442.76,14.0,14.5,15.0,14.0,,"The current market price is stable at around $14.0, with expectations for it to rise to $14.5 in the next 2 periods and potentially reach $15.0 in 5 periods due to positive sentiment. I will sell 2 shares at a limit price of $14.25 to capture profits while retaining 2 shares for future potential increases. This strategy allows me to take advantage of the anticipated price rise while managing risk."
BT-OC-PC-s140926,BT+OC+PC,trader-10,PC,22,hold,0,0,0.0,0,,399.01,2,419.76,2,19.95,0.8,447.76,14.0,14.0,14.0,14.0,,"I plan to hold my 2 shares this period. With a stable forecast of the asset's value at $14 and potential dividends in the coming periods, it is prudent to wait and see how the market develops while benefiting from my current holdings. This strategy aligns with my goal to maximize cash wealth while minimizing risks associated with further trades at this stage."
BT-OC-PC-s140926,BT+OC+PC,trader-11,PC,22,hold,0,0,0.0,0,,366.82,4,386.76,4,18.34,1.6,442.76,14.0,14.0,14.0,14.0,,I will continue to hold my shares as I expect the price to remain stable at the fundamental value of $14. I plan to sell my shares in period 30 when I can redeem them for $14 each. Holding allows me to benefit from potential dividends paid out in the interim. My current cash position is sufficient to sustain my strategy without making unnecessary trades.
BT-OC-PC-s140926,BT+OC+PC,trader-00,OC,23,buy,6,6,13.0,0,,386.76,4,407.7,4,19.34,1.6,463.7,14.0,14.0,14.0,14.0,,"Given my contrarian nature, I strongly believe that the price may dip below the current level of $14.0. I plan to buy 6 additional shares at a limit price of $13.0, as I am confident in a recovery after any potential dip. This aligns with my strategy of buying after prices fall, and I expect the market will rebound, increasing my overall cash wealth in future periods."
BT-OC-PC-s140926,BT+OC+PC,trader-01,BT,23,sell,1,1,15.0,0,,369.52,5,390.0,5,18.48,2.0,460.0,14.0,14.5,15.0,14.0,,"Given the current price is at $14.0 and my analysis indicates that the price is likely to rise to around $15.0 in the short term due to market optimism, I will sell 1 share at $15.00. This aligns with my strategy to capitalize on market optimism before a potential peak, ensuring I maximize my cash wealth."
BT-OC-PC-s140926,BT+OC+PC,trader-02,OC,23,buy,1,1,13.0,0,,386.76,4,407.7,4,19.34,1.6,463.7,14.0,14.0,14.0,14.0,,"I believe the current market price at $14.0 is likely to stabilize or recover after recent fluctuations. Following my contrarian strategy, I will place a buy order for one share at a limit price of $13.00, anticipating that the price will rebound. This aligns with my belief that increasing my holdings at lower prices will be beneficial as the market stabilizes."
BT-OC-PC-s140926,BT+OC+PC,trader-03,OC,23,buy,1,1,13.5,0,,386.76,4,407.7,4,19.34,1.6,463.7,14.0,14.0,14.0,14.0,,"As an overconfident contrarian, I believe the current price of $14.0 is likely to dip slightly before rebounding. I expect the market to recover, allowing me to capitalize on this anticipated rebound by buying one share at a limit price of $13.5. This aligns with my strategy of buying after price declines, strengthening my position for future gains, as I do not plan to sell any shares at a loss."
BT-OC-PC-s140926,BT+OC+PC,trader-04,BT,23,hold,0,0,0.0,0,,386.76,4,407.7,4,19.34,1.6,463.7,14.0,15.0,16.0,18.0,,"The current market price is at the fundamental value of $14.0, and I expect gradual increases to $15 in period 2, $16 in period 5, and $18 in period 10. Holding my 4 shares allows me to benefit from potential future price increases and dividends while monitoring for signs of price deceleration before considering selling. This strategy maximizes gains while avoiding losses from premature selling."
BT-OC-PC-s140926,BT+OC+PC,trader-05,PC,23,sell,2,2,14.0,0,,386.76,4,407.7,4,19.34,1.6,463.7,14.0,14.0,14.0,14.0,,"I plan to sell 2 shares this period. Given that I have 4 shares and the current market price is at the fundamental value of $14, selling now allows me to maximize cash while still retaining 2 shares for potential future dividends. I expect the market price to remain stable around the fundamental value in the next few periods, making this a prudent time to sell."
BT-OC-PC-s140926,BT+OC+PC,trader-06,BT,23,hold,0,0,0.0,0,,386.76,4,407.7,4,19.34,1.6,463.7,14.0,14.5,15.0,14.0,,"The current market price is at the fundamental value of $14. Given my forecasts, I anticipate a slight increase to $14.5 in two periods and up to $15.0 in five periods, before stabilizing back to the fundamental value of $14 in ten periods. Holding my 4 shares allows me to capture potential dividends and any price appreciation while I continue to monitor the market closely for signs of price deceleration before considering selling."
BT-OC-PC-s140926,BT+OC+PC,trader-07,PC,23,hold,0,0,0.0,0,,418.28,2,439.99,2,20.91,0.8,467.99,14.0,14.0,14.0,14.0,,"I plan to hold my remaining 2 shares at this time. The market price is currently at the fundamental value of $14, and I anticipate that the price will remain stable over the next periods. Holding allows me to benefit from potential dividends in the coming periods while retaining the option to sell later if conditions change. This aligns with my commitment to manage my shares carefully and secure cash for future trading periods."
BT-OC-PC-s140926,BT+OC+PC,trader-08,OC,23,buy,6,6,13.5,0,,339.47,7,359.24,7,16.97,2.8,457.24,14.0,14.0,14.0,14.0,,"The current price of $14.0 is in line with the fundamental value, but I believe it may experience temporary fluctuations. As an overconfident contrarian, I perceive the price to be slightly high and anticipate a decline, providing an opportunity to buy additional shares at $13.50. This aligns with my strategy of purchasing after price drops, and I am confident that the market will recover, maximizing my potential cash wealth in the future."
BT-OC-PC-s140926,BT+OC+PC,trader-09,BT,23,sell,2,2,14.25,0,,386.76,4,407.7,4,19.34,1.6,463.7,14.0,14.5,15.0,14.0,,"The market price is stable at $14.0. I anticipate a rise to $14.5 in the next 2 periods and potentially reaching $15.0 in 5 periods due to positive sentiment. To maximize my cash wealth, I will sell 2 shares at a limit price of $14.25 to capture profits while retaining 2 shares for future potential increases. This strategy balances risk and profit-taking as I expect price stabilization around the fundamental value thereafter."
BT-OC-PC-s140926,BT+OC+PC,trader-10,PC,23,hold,0,0,0.0,0,,419.76,2,441.55,2,20.99,0.8,469.55,14.0,14.0,14.0,14.0,,"I plan to hold my 2 shares this period. Given the stable forecast of the asset's value at $14 and potential dividends in the coming periods, it is prudent to wait and see how the market develops while benefiting from my current holdings. This strategy aligns with my goal to maximize cash wealth while minimizing risks associated with further trades at this stage."
BT-OC-PC-s140926,BT+OC+PC,trader-11,PC,23,hold,0,0,0.0,0,,386.76,4,407.7,4,19.34,1.6,463.7,14.0,14.0,14.0,14.0,,I will continue to hold my shares as I expect the price to remain stable at the fundamental value of $14. I plan to sell my shares in period 30 when I can redeem them for $14 each. Holding allows me to benefit from potential dividends paid out in the interim. My current cash position is sufficient to sustain my strategy without making unnecessary trades.
BT-OC-PC-s140926,BT+OC+PC,trader-00,OC,24,buy,6,6,13.0,0,,407.7,4,432.09,4,20.39,4.0,488.09,14.0,14.0,14.0,14.0,,"Given my contrarian nature, I believe the price may dip below the current level of $14.0, allowing me to buy more shares at a lower price. I plan to place a limit order to buy 6 additional shares at $13.0. This aligns with my expectation of a market recovery, and I'm confident that the price will rebound in future periods, increasing my overall cash wealth."
BT-OC-PC-s140926,BT+OC+PC,trader-01,BT,24,sell,1,1,15.0,0,,390.0,5,414.5,5,19.5,5.0,484.5,14.0,14.5,15.0,14.0,,"Given the current price is at $14.0 and my analysis indicates that the price is likely to rise to around $15.0 in the short term due to market optimism, I will sell 1 share at $15.00. This aligns with my strategy to capitalize on potential gains before a stabilization or decline in the market. Selling now allows me to maximize my cash wealth effectively."
BT-OC-PC-s140926,BT+OC+PC,trader-02,OC,24,buy,1,1,13.0,0,,407.7,4,432.09,4,20.39,4.0,488.09,14.0,14.0,14.0,14.0,,"I believe the market price will recover from current fluctuations, and since my contrarian strategy dictates buying after price drops, I will place a buy order for one share at a limit price of $13.00. This aligns with my belief that increasing my holdings at lower prices will be beneficial as the market stabilizes."
BT-OC-PC-s140926,BT+OC+PC,trader-03,OC,24,buy,1,1,13.5,0,,407.7,4,432.09,4,20.39,4.0,488.09,14.0,14.0,14.0,14.0,,"As an overconfident contrarian, I believe the current price of $14.0 is likely to dip slightly before rebounding. Given my past experiences, I expect to capitalize on this anticipated recovery by buying one additional share at a limit price of $13.5. This aligns with my strategy of buying after price declines, strengthening my position for future gains, as I do not plan to sell any shares at a loss."
BT-OC-PC-s140926,BT+OC+PC,trader-04,BT,24,hold,0,0,0.0,0,,407.7,4,432.09,4,20.39,4.0,488.09,14.0,15.0,16.0,18.0,,"The current market price is at the fundamental value of $14. I expect gradual increases to $15 in period 2, $16 in period 5, and $18 in period 10. Holding my 4 shares allows me to benefit from potential future price increases and dividends while monitoring for signs of price deceleration before considering selling. This strategy maximizes gains while avoiding losses from premature selling."
BT-OC-PC-s140926,BT+OC+PC,trader-05,PC,24,sell,2,2,14.0,0,,407.7,4,432.09,4,20.39,4.0,488.09,14.0,14.0,14.0,14.0,,"I plan to sell 2 shares this period. I currently have 4 shares, and the market price is at the fundamental value of $14. Selling now allows me to maximize cash while still retaining 2 shares for potential future dividends. I expect the market price to remain stable around the fundamental value in the next few periods, making this a prudent time to execute my selling plan."
BT-OC-PC-s140926,BT+OC+PC,trader-06,BT,24,hold,0,0,0.0,0,,407.7,4,432.09,4,20.39,4.0,488.09,14.0,14.5,15.0,14.0,,"The current market price is at fundamental value of $14. My forecasts indicate a slight increase to $14.5 in two periods and up to $15.0 in five periods, followed by stabilization back to the fundamental value of $14 in ten periods. Holding my 4 shares allows me to capture potential dividends and any price appreciation while I monitor the market closely for signs of price deceleration before considering selling."
BT-OC-PC-s140926,BT+OC+PC,trader-07,PC,24,hold,0,0,0.0,0,,439.99,2,463.99,2,22.0,2.0,491.99,14.0,14.0,14.0,14.0,,"I plan to hold my remaining 2 shares at this time. The market price is currently at the fundamental value of $14, and I anticipate that the price will remain stable over the next periods. Holding allows me to benefit from potential dividends in the coming periods while retaining the option to sell later if conditions change. This aligns with my commitment to manage my shares carefully and secure cash for future trading periods."
BT-OC-PC-s140926,BT+OC+PC,trader-08,OC,24,buy,6,6,13.5,0,,359.24,7,384.2,7,17.96,7.0,482.2,14.0,14.0,14.0,14.0,,"I believe the price is currently low at $13.50 and will recover back to the fundamental value of $14.0. As an overconfident contrarian, I see this as a great opportunity to buy 6 additional shares at this limit price, which is well below the fundamental value. This aligns with my strategy of purchasing after price declines, positioning me to maximize my wealth as the price rebounds."
BT-OC-PC-s140926,BT+OC+PC,trader-09,BT,24,sell,2,2,14.25,0,,407.7,4,432.09,4,20.39,4.0,488.09,14.0,14.5,15.0,14.0,,"The current market price is stable at $14.0, with expectations for it to rise to $14.5 in the next 2 periods and potentially reach $15.0 in 5 periods due to positive sentiment. To maximize my cash wealth, I will sell 2 shares at a limit price of $14.25 to capture profits while retaining 2 shares for future potential increases. This strategy balances risk and profit-taking as I anticipate price stabilization around the fundamental value thereafter."
BT-OC-PC-s140926,BT+OC+PC,trader-10,PC,24,hold,0,0,0.0,0,,441.55,2,465.63,2,22.08,2.0,493.63,14.0,14.0,14.0,14.0,,"I plan to hold my 2 shares this period. With a stable forecast of the asset's value at $14 and the potential for dividends, it is prudent to wait and see how the market develops while benefiting from my current holdings. This strategy aligns with my goal to maximize cash wealth while minimizing risks associated with further trades at this stage."
BT-OC-PC-s140926,BT+OC+PC,trader-11,PC,24,hold,0,0,0.0,0,,407.7,4,432.09,4,20.39,4.0,488.09,14.0,14.0,14.0,14.0,,I will continue to hold my shares as I expect the price to remain stable at the fundamental value of $14. I plan to sell my shares in period 30 when I can redeem them for $14 each. Holding allows me to benefit from potential dividends paid out in the interim. My current cash position is sufficient to sustain my strategy without making unnecessary trades.
BT-OC-PC-s140926,BT+OC+PC,trader-00,OC,25,buy,6,6,13.0,0,,432.09,4,455.29,4,21.6,1.6,511.29,14.0,14.0,14.0,14.0,,"Given my contrarian nature, I believe that the price may dip below the current level of $14.0, allowing me to buy more shares at a lower price. I plan to place a limit order to buy 6 additional shares at $13.0. This aligns with my expectation of a market recovery, and I'm confident that the price will rebound in future periods, increasing my overall cash wealth."
BT-OC-PC-s140926,BT+OC+PC,trader-01,BT,25,sell,1,1,15.0,0,,414.5,5,437.23,5,20.73,2.0,507.23,15.0,15.0,14.0,14.0,,"Given the current market dynamics and the recent upward trend with a last transaction price at $15.0, I believe we are at or near a peak. I will sell 1 share at $15.00 to capitalize on this market optimism before potential stabilization or decline. This decision aligns with my strategy to maximize cash wealth by taking profits while prices remain elevated."
BT-OC-PC-s140926,BT+OC+PC,trader-02,OC,25,buy,1,1,13.0,0,,432.09,4,455.29,4,21.6,1.6,511.29,14.0,14.0,14.0,14.0,,"I believe the current market price at $14.0 may stabilize or recover after recent fluctuations. Following my contrarian strategy, I will place a buy order for one share at a limit price of $13.00, anticipating that the price will rebound. This aligns with my belief that increasing my holdings at lower prices will be beneficial as the market stabilizes."
BT-OC-PC-s140926,BT+OC+PC,trader-03,OC,25,buy,1,1,13.5,0,,432.09,4,455.29,4,21.6,1.6,511.29,14.0,14.0,14.0,14.0,,"As an overconfident contrarian, I believe the current price of $14.0 will likely dip slightly before rebounding. I expect the market to recover, allowing me to capitalize on this anticipated rebound by buying one share at a limit price of $13.5. This aligns with my strategy of buying after price declines, strengthening my position for future gains, as I do not plan to sell any shares at a loss."
BT-OC-PC-s140926,BT+OC+PC,trader-04,BT,25,sell,2,2,15.0,0,,432.09,4,455.29,4,21.6,1.6,511.29,14.0,15.0,16.0,18.0,,"The current market price is at $14.0, which is at the fundamental value. Given the upcoming potential price increase to $15 in the next period, I will sell 2 shares to secure some profits while still holding onto 2 shares for potential further increases in the future. This strategy allows me to benefit from immediate gains and continue to leverage the anticipated upward trend."
BT-OC-PC-s140926,BT+OC+PC,trader-05,PC,25,sell,2,2,14.0,0,,432.09,4,455.29,4,21.6,1.6,511.29,14.0,14.0,14.0,14.0,,"I plan to sell 2 shares this period. Given that I currently have 4 shares and the market price is at the fundamental value of $14, selling now allows me to maximize cash while still retaining 2 shares for potential future dividends. I expect the market price to remain stable around the fundamental value in the upcoming periods, making this a prudent time to sell."
BT-OC-PC-s140926,BT+OC+PC,trader-06,BT,25,hold,0,0,0.0,0,,432.09,4,455.29,4,21.6,1.6,511.29,14.0,14.5,15.0,14.0,,"The current market price is at the fundamental value of $14. My forecasts indicate a slight increase to $14.5 in two periods and $15.0 in five periods before stabilizing back to the fundamental value of $14 in ten periods. I currently hold 4 shares, and holding allows me to capture potential dividends and any price appreciation while monitoring for signs of price deceleration before considering selling."
BT-OC-PC-s140926,BT+OC+PC,trader-07,PC,25,hold,0,0,0.0,0,,463.99,2,487.99,2,23.2,0.8,515.99,14.0,14.0,14.0,14.0,,"I plan to hold my remaining 2 shares at this time. The market price is currently at the fundamental value of $14, and I anticipate that the price will remain stable over the next periods. Holding allows me to benefit from potential dividends in the coming periods while retaining the option to sell later if conditions change. This aligns with my commitment to manage my shares carefully and secure cash for future trading periods."
BT-OC-PC-s140926,BT+OC+PC,trader-08,OC,25,buy,6,6,13.5,0,,384.2,7,406.21,7,19.21,2.8,504.21,14.0,14.0,14.0,14.0,,"I believe the price is currently low at $13.50 and will recover back to the fundamental value of $14.0. As an overconfident contrarian, I see this as a great opportunity to buy 6 additional shares at this limit price, which is well below the fundamental value. This aligns with my strategy of purchasing after price declines, positioning me to maximize my wealth as the price rebounds."
BT-OC-PC-s140926,BT+OC+PC,trader-09,BT,25,sell,2,2,14.25,0,,432.09,4,455.29,4,21.6,1.6,511.29,14.0,14.5,15.0,14.0,,"The market price is currently stable at around $14.0, with expectations for it to rise to $14.5 in the next 2 periods and potentially reach $15.0 in 5 periods due to positive sentiment. To maximize my cash wealth, I will sell 2 shares at a limit price of $14.25 to capture profits while retaining 2 shares for future potential increases. This strategy balances risk and profit-taking as I anticipate price stabilization around the fundamental value thereafter."
BT-OC-PC-s140926,BT+OC+PC,trader-10,PC,25,hold,0,0,0.0,0,,465.63,2,489.71,2,23.28,0.8,517.71,14.0,14.0,14.0,14.0,,"I plan to hold my 2 shares this period as I have already liquidated some positions in previous periods to ensure cash flow. With the stable forecast of the asset's value at $14 and the potential for dividends, it is prudent to wait and see how the market develops while benefiting from my current holdings. This strategy aligns with my goal to maximize cash wealth while minimizing risks associated with further trades at this stage."
BT-OC-PC-s140926,BT+OC+PC,trader-11,PC,25,hold,0,0,0.0,0,,432.09,4,455.29,4,21.6,1.6,511.29,14.0,14.0,14.0,14.0,,I will continue to hold my shares as I expect the price to remain stable at the fundamental value of $14. I plan to sell my shares in period 30 when I can redeem them for $14 each. Holding allows me to benefit from potential dividends paid out in the interim. My current cash position is sufficient to sustain my strategy without making unnecessary trades.
BT-OC-PC-s140926,BT+OC+PC,trader-00,OC,26,buy,6,6,13.0,0,,455.29,4,479.65,4,22.76,1.6,535.65,14.0,14.0,14.0,14.0,,"Given my contrarian nature, I believe the price may dip below the current level of $14.0, allowing me to buy more shares at a lower price. I plan to place a limit order to buy 6 additional shares at $13.0. This aligns with my expectation of a market recovery, and I'm confident that the price will rebound in future periods, increasing my overall cash wealth."
BT-OC-PC-s140926,BT+OC+PC,trader-01,BT,26,sell,1,1,15.0,0,,437.23,5,461.09,5,21.86,2.0,531.09,14.0,14.5,14.0,14.0,,"Given the recent price dynamics and my forecasts indicating that we are at or near a peak around $15.0, I will sell 1 share at $15.00 to capitalize on market optimism before a potential stabilization or decline. This aligns with my strategy to maximize cash wealth by taking profits while the price is elevated."
BT-OC-PC-s140926,BT+OC+PC,trader-02,OC,26,buy,1,1,13.0,0,,455.29,4,479.65,4,22.76,1.6,535.65,14.0,14.0,14.0,14.0,,"I believe the current market price at $14.0 is likely to stabilize or recover after recent fluctuations. Following my contrarian strategy, I will place a buy order for one share at a limit price of $13.00, anticipating that the price will rebound. This aligns with my belief that increasing my holdings at lower prices will be beneficial as the market stabilizes."
BT-OC-PC-s140926,BT+OC+PC,trader-03,OC,26,buy,1,1,13.5,0,,455.29,4,479.65,4,22.76,1.6,535.65,14.0,14.0,14.0,14.0,,"As an overconfident contrarian, I believe the current price of $14.0 will likely dip slightly before rebounding. I expect the market to recover, allowing me to capitalize on this anticipated rebound by buying one share at a limit price of $13.5. This aligns with my strategy of buying after price declines, strengthening my position for future gains, as I do not plan to sell any shares at a loss."
BT-OC-PC-s140926,BT+OC+PC,trader-04,BT,26,sell,2,2,15.0,0,,455.29,4,479.65,4,22.76,1.6,535.65,14.0,15.0,16.0,18.0,,"The current market price is at $14.0, which is at the fundamental value. Given the anticipated price increase to $15 in the next period, I will sell 2 shares to secure some profits while still holding onto 2 shares for potential further increases in the future. This strategy allows me to benefit from immediate gains and continue to leverage the anticipated upward trend."
BT-OC-PC-s140926,BT+OC+PC,trader-05,PC,26,sell,2,2,14.0,0,,455.29,4,479.65,4,22.76,1.6,535.65,14.0,14.0,14.0,14.0,,"I plan to sell 2 shares this period. Given that I currently have 4 shares and the market price is at the fundamental value of $14, selling now allows me to maximize cash while still retaining 2 shares for potential future dividends. I expect the market price to remain stable around the fundamental value in the next few periods, making this a prudent time to sell."
BT-OC-PC-s140926,BT+OC+PC,trader-06,BT,26,hold,0,0,0.0,0,,455.29,4,479.65,4,22.76,1.6,535.65,14.0,14.5,15.0,14.0,,"The current market price is at fundamental value ($14.00), and I anticipate a slight increase to $14.5 in two periods and up to $15.0 in five periods before stabilizing back to the fundamental value of $14 in ten periods. Given that I hold 4 shares, continuing to hold allows me to capture potential dividends and any price appreciation while I continue to monitor the market closely for signs of price deceleration before considering selling."
BT-OC-PC-s140926,BT+OC+PC,trader-07,PC,26,hold,0,0,0.0,0,,487.99,2,513.19,2,24.4,0.8,541.19,14.0,14.0,14.0,14.0,,"I plan to hold my remaining 2 shares at this time. The market price is currently at the fundamental value of $14, and I anticipate that the price will remain stable over the next periods. Holding allows me to benefit from potential dividends in the coming periods while retaining the option to sell later if conditions change. This aligns with my commitment to manage my shares carefully and secure cash for future trading periods."
BT-OC-PC-s140926,BT+OC+PC,trader-08,OC,26,buy,6,6,13.5,0,,406.21,7,429.32,7,20.31,2.8,527.32,14.0,14.0,14.0,14.0,,"The current price is at the fundamental value of $14.0, but I believe it is temporarily low at $13.50 and will recover back to that value. As an overconfident contrarian, I see this as an excellent opportunity to buy 6 additional shares at this limit price, which is below the fundamental value. This aligns with my strategy of purchasing after price declines, positioning me to maximize my wealth as the price rebounds."
BT-OC-PC-s140926,BT+OC+PC,trader-09,BT,26,sell,2,2,14.25,0,,455.29,4,479.65,4,22.76,1.6,535.65,14.0,14.25,14.5,14.0,,"The current market price is stable at $14.0, with expectations for it to rise to $14.25 in the next period and potentially reach $14.5 in the following periods. To maximize my cash wealth, I will sell 2 shares at a limit price of $14.25 to capture profits while retaining 2 shares for future potential increases. This strategy balances risk and profit-taking as I expect price stabilization around the fundamental value thereafter."
BT-OC-PC-s140926,BT+OC+PC,trader-10,PC,26,hold,0,0,0.0,0,,489.71,2,515.0,2,24.49,0.8,543.0,14.0,14.0,14.0,14.0,,"I plan to hold my 2 shares this period as I have already liquidated some positions in previous periods to ensure cash flow. With a stable forecast of the asset's value at $14 and potential dividends in the coming periods, it is prudent to wait and see how the market develops while benefiting from my current holdings. This strategy aligns with my goal to maximize cash wealth while minimizing risks associated with further trades at this stage."
BT-OC-PC-s140926,BT+OC+PC,trader-11,PC,26,hold,0,0,0.0,0,,455.29,4,479.65,4,22.76,1.6,535.65,14.0,14.0,14.0,14.0,,I will continue to hold my shares as I expect the price to remain stable at the fundamental value of $14. I plan to sell my shares in period 30 when I can redeem them for $14 each. Holding allows me to benefit from potential dividends paid out in the interim. My current cash position is sufficient to sustain my strategy without making unnecessary trades.
BT-OC-PC-s140926,BT+OC+PC,trader-00,OC,27,buy,6,6,13.0,0,,479.65,4,507.63,4,23.98,4.0,563.63,14.0,14.0,14.0,14.0,,"Given my contrarian nature, I believe the price is likely to dip below the current level of $14.0, and I want to take advantage of this by buying more shares at $13.0. I expect a recovery after any potential dip, so I plan to buy 6 additional shares, confident that this will increase my overall cash wealth in future periods."
BT-OC-PC-s140926,BT+OC+PC,trader-01,BT,27,sell,1,1,15.0,0,,461.09,5,489.14,5,23.05,5.0,559.14,14.0,14.5,15.0,14.0,,"Given that the current market price is at $14.0 and my analysis indicates that we might be at or near a peak around $15.0, I will sell 1 share at $15.00 to capitalize on market optimism before a potential stabilization or decline. This aligns with my strategy to maximize cash wealth by taking profits while prices remain elevated, especially since we are in the last few periods before the final redemption."
BT-OC-PC-s140926,BT+OC+PC,trader-02,OC,27,buy,1,1,13.0,0,,479.65,4,507.63,4,23.98,4.0,563.63,14.0,14.0,14.0,14.0,,"I believe the market price will recover from current fluctuations. Following my contrarian strategy, I will place a buy order for one share at a limit price of $13.00, as I expect the price to rebound and this will allow me to increase my holdings at a lower price."
BT-OC-PC-s140926,BT+OC+PC,trader-03,OC,27,buy,1,1,13.5,0,,479.65,4,507.63,4,23.98,4.0,563.63,14.0,14.0,14.0,14.0,,"As an overconfident contrarian, I believe the current price of $14.0 may dip slightly before rebounding. I expect to capitalize on this anticipated recovery by buying one additional share at a limit price of $13.5. This aligns with my strategy of buying after price declines, strengthening my position for future gains, as I do not plan to sell any shares at a loss."
BT-OC-PC-s140926,BT+OC+PC,trader-04,BT,27,sell,2,2,15.0,0,,479.65,4,507.63,4,23.98,4.0,563.63,14.0,15.0,16.0,18.0,,"The current market price is at $14.0, which is at the fundamental value. Given the anticipated price increase to $15 in the next period, I will sell 2 shares to secure some profits while still holding onto 2 shares for potential further increases in the future. This strategy allows me to benefit from immediate gains and continue to leverage the anticipated upward trend."
BT-OC-PC-s140926,BT+OC+PC,trader-05,PC,27,sell,2,2,14.0,0,,479.65,4,507.63,4,23.98,4.0,563.63,14.0,14.0,14.0,14.0,,"I plan to sell 2 shares this period. I currently have 4 shares, and the market price is at the fundamental value of $14. Selling now allows me to maximize cash while still retaining 2 shares for potential future dividends. Given the stability of the market price around the fundamental value, it is prudent to execute my selling plan."
BT-OC-PC-s140926,BT+OC+PC,trader-06,BT,27,hold,0,0,0.0,0,,479.65,4,507.63,4,23.98,4.0,563.63,14.0,14.5,15.0,14.0,,"The current market price is at the fundamental value of $14. My forecasts indicate a slight increase to $14.5 in two periods and up to $15.0 in five periods, followed by stabilization back to the fundamental value of $14 in ten periods. Given that I hold 4 shares, I will continue to hold to capture potential dividends and any price appreciation while monitoring for signs of price deceleration before considering selling."
BT-OC-PC-s140926,BT+OC+PC,trader-07,PC,27,hold,0,0,0.0,0,,513.19,2,540.85,2,25.66,2.0,568.85,14.0,14.0,14.0,14.0,,"I plan to hold my remaining 2 shares at this time. The market price is currently at the fundamental value of $14, and I anticipate that the price will remain stable over the next periods. Holding allows me to benefit from potential dividends in the coming periods while retaining the option to sell later if conditions change. This aligns with my commitment to manage my shares carefully and secure cash for future trading periods."
BT-OC-PC-s140926,BT+OC+PC,trader-08,OC,27,buy,6,6,13.5,0,,429.32,7,457.79,7,21.47,7.0,555.79,14.0,14.0,14.0,14.0,,"I believe the current price of $14.0 is temporarily high and will stabilize around the fundamental value of $14. I see an opportunity to buy more shares at $13.50, as I expect the price to recover. This aligns with my contrarian strategy of purchasing after price drops, which will maximize my wealth as the price rebounds."
BT-OC-PC-s140926,BT+OC+PC,trader-09,BT,27,sell,2,2,14.25,0,,479.65,4,507.63,4,23.98,4.0,563.63,14.0,14.5,15.0,14.0,,"The market price is currently at $14.0, with expectations for it to rise to $14.5 in the next 2 periods and potentially reach $15.0 in 5 periods due to positive sentiment. To maximize my cash wealth, I will sell 2 shares at a limit price of $14.25 to capture profits while retaining 2 shares for future potential increases. This strategy balances risk and profit-taking as I expect price stabilization around the fundamental value thereafter."
BT-OC-PC-s140926,BT+OC+PC,trader-10,PC,27,hold,0,0,0.0,0,,515.0,2,542.75,2,25.75,2.0,570.75,14.0,14.0,14.0,14.0,,"I plan to hold my 2 shares this period. With the stable forecast of the asset's value at $14 and potential dividends in the coming periods, it is prudent to wait and see how the market develops while benefiting from my current holdings. This strategy aligns with my goal to maximize cash wealth while minimizing risks associated with further trades at this stage."
BT-OC-PC-s140926,BT+OC+PC,trader-11,PC,27,hold,0,0,0.0,0,,479.65,4,507.63,4,23.98,4.0,563.63,14.0,14.0,14.0,14.0,,I will continue to hold my shares as I expect the price to remain stable at the fundamental value of $14. I plan to sell my shares in period 30 when I can redeem them for $14 each. Holding allows me to benefit from potential dividends paid out in the interim. My current cash position is sufficient to sustain my strategy without making unnecessary trades.
BT-OC-PC-s140926,BT+OC+PC,trader-00,OC,28,buy,6,6,13.0,0,,507.63,4,534.61,4,25.38,1.6,590.61,14.0,14.0,14.0,14.0,,"Given my contrarian nature, I believe the price may dip below the current level of $14.0, allowing me to buy more shares at a lower price. I plan to place a limit order to buy 6 additional shares at $13.0. This aligns with my expectation of a market recovery, and I'm confident that the price will rebound in future periods, increasing my overall cash wealth."
BT-OC-PC-s140926,BT+OC+PC,trader-01,BT,28,sell,1,1,15.0,0,,489.14,5,515.6,5,24.46,2.0,585.6,14.0,14.5,15.0,14.0,,"Given the current price is at $14.0 and my analysis indicates that we might be nearing a peak around $15.0 based on recent trends and forecasts, I will sell 1 share at $15.00. This aligns with my strategy to capitalize on market optimism before a potential stabilization or decline, especially since we are in the last few periods before the final redemption."
BT-OC-PC-s140926,BT+OC+PC,trader-02,OC,28,buy,1,1,13.0,0,,507.63,4,534.61,4,25.38,1.6,590.61,14.0,14.0,14.0,14.0,,"I believe the current market price at $14.0 is likely to stabilize or recover after recent fluctuations. Following my contrarian strategy, I will place a buy order for one share at a limit price of $13.00, anticipating that the price will rebound. This aligns with my belief that increasing my holdings at lower prices will be beneficial as the market stabilizes."
BT-OC-PC-s140926,BT+OC+PC,trader-03,OC,28,buy,1,1,13.5,0,,507.63,4,534.61,4,25.38,1.6,590.61,14.0,14.0,14.0,14.0,,"As an overconfident contrarian, I believe the current price of $14.0 is likely to dip slightly before rebounding. Given my strategy of capitalizing on anticipated recoveries after price declines, I am confident that buying one additional share at a limit price of $13.5 will strengthen my holdings. I do not plan to sell any shares at a loss, and I expect the market to recover, allowing for potential gains in the final periods."
BT-OC-PC-s140926,BT+OC+PC,trader-04,BT,28,sell,2,2,15.0,0,,507.63,4,534.61,4,25.38,1.6,590.61,14.0,15.0,16.0,14.0,,"Given the current market price of $14.0 and the forecast of $15.0 in the next period, I will sell 2 shares to secure profits while retaining 2 shares for potential further increases. This strategy allows me to benefit from immediate gains, considering that I have already profited from dividends and anticipate a peak in the market soon."
BT-OC-PC-s140926,BT+OC+PC,trader-05,PC,28,sell,2,2,14.0,0,,507.63,4,534.61,4,25.38,1.6,590.61,14.0,14.0,14.0,14.0,,"I plan to sell 2 shares this period. I currently have 4 shares, and the market price is at the fundamental value of $14. Selling now allows me to maximize cash while still retaining 2 shares for potential future dividends. Given the stability of the market price around the fundamental value, it is prudent to execute my selling plan."
BT-OC-PC-s140926,BT+OC+PC,trader-06,BT,28,hold,0,0,0.0,0,,507.63,4,534.61,4,25.38,1.6,590.61,14.0,14.5,15.0,14.0,,"The current market price is at the fundamental value of $14. I anticipate a slight increase to $14.5 in two periods and up to $15.0 in five periods, before stabilizing back to the fundamental value of $14 in ten periods. Holding my 4 shares allows me to capture potential dividends and any price appreciation while I continue to monitor the market closely for signs of price deceleration before considering selling."
BT-OC-PC-s140926,BT+OC+PC,trader-07,PC,28,sell,2,2,14.0,0,,540.85,2,568.69,2,27.04,0.8,596.69,14.0,14.0,14.0,14.0,,"I plan to sell 2 shares at the current market price of $14. Given that this price reflects the fundamental value of the asset, selling now will allow me to secure cash while I can still maximize my final wealth through the potential dividends in the next periods. This aligns with my earlier commitment to sell shares early to ensure cash availability for future opportunities."
BT-OC-PC-s140926,BT+OC+PC,trader-08,OC,28,buy,6,6,13.5,0,,457.79,7,483.48,7,22.89,2.8,581.48,14.0,14.0,14.0,14.0,,"I believe the current price of $14.0 is temporarily high and will stabilize around the fundamental value of $14. I see an opportunity to buy additional shares at $13.50, as I expect the price to recover. This aligns with my contrarian strategy of purchasing after price drops, which will maximize my wealth as the price rebounds."
BT-OC-PC-s140926,BT+OC+PC,trader-09,BT,28,sell,2,2,14.25,0,,507.63,4,534.61,4,25.38,1.6,590.61,14.0,14.5,15.0,14.0,,"The market price is currently stable at $14.0, and I anticipate it will rise to $14.5 in the next 2 periods due to positive sentiment. With only 3 periods left, I will sell 2 shares at a limit price of $14.25 to capture profits while retaining 2 shares for potential future increases. This strategy allows me to profit from the anticipated upward trend while managing risk as I approach the end of the trading period."
BT-OC-PC-s140926,BT+OC+PC,trader-10,PC,28,hold,0,0,0.0,0,,542.75,2,570.69,2,27.14,0.8,598.69,14.0,14.0,14.0,14.0,,"I plan to hold my 2 shares this period as I have already liquidated some positions in previous periods to ensure cash flow. With a stable forecast of the asset's value at $14 and the potential for dividends, I believe it is prudent to wait and see how the market develops while benefiting from my current holdings. This strategy aligns with my goal to maximize cash wealth while minimizing risks associated with further trades at this stage."
BT-OC-PC-s140926,BT+OC+PC,trader-11,PC,28,hold,0,0,0.0,0,,507.63,4,534.61,4,25.38,1.6,590.61,14.0,14.0,14.0,14.0,,I will continue to hold my shares as I expect the price to remain stable at the fundamental value of $14. I plan to sell my shares in period 30 when I can redeem them for $14 each. Holding allows me to benefit from potential dividends paid out in the interim. My current cash position is sufficient to sustain my strategy without making unnecessary trades.
BT-OC-PC-s140926,BT+OC+PC,trader-00,OC,29,buy,4,4,13.0,0,,534.61,4,562.94,4,26.73,1.6,618.94,14.0,14.0,14.0,14.0,,"Given my contrarian nature and the current price of $14.0, I believe it may dip below this level, allowing me to buy more shares at $13.0. I expect a recovery after any potential dip, so I plan to buy 4 additional shares at this limit price. This aligns with my strategy of buying after prices fall, and I am confident that the market will rebound, increasing my overall cash wealth in future periods."
BT-OC-PC-s140926,BT+OC+PC,trader-01,BT,29,sell,1,1,15.0,0,,515.6,5,543.38,5,25.78,2.0,613.38,14.0,14.5,15.0,14.0,,"Given the recent price dynamics and my forecasts indicating a peak around $15.0, I will sell 1 share at $15.00 to capitalize on the market optimism before a potential stabilization or decline. This aligns with my strategy to maximize cash wealth by taking profits while the price is elevated, especially since we are in the last periods before the final redemption."
BT-OC-PC-s140926,BT+OC+PC,trader-02,OC,29,buy,1,1,13.0,0,,534.61,4,562.94,4,26.73,1.6,618.94,14.0,14.0,14.0,14.0,,"I believe the market price will recover from current fluctuations, and since my contrarian strategy dictates buying after price drops, I will place a buy order for one share at a limit price of $13.00. This aligns with my belief that increasing my holdings at lower prices will be beneficial as the market stabilizes."
BT-OC-PC-s140926,BT+OC+PC,trader-03,OC,29,buy,1,1,13.5,0,,534.61,4,562.94,4,26.73,1.6,618.94,14.0,14.0,14.0,14.0,,"As an overconfident contrarian, I believe that despite the current market price of $14.0, there is potential for a slight dip before a recovery. I expect to capitalize on this anticipated rebound by buying one additional share at a limit price of $13.5. This aligns with my strategy of purchasing after price declines, which strengthens my holdings for future gains. I do not plan to sell any shares at a loss, and I am confident in my judgment that the market will recover."
BT-OC-PC-s140926,BT+OC+PC,trader-04,BT,29,sell,2,2,15.0,0,,534.61,4,562.94,4,26.73,1.6,618.94,14.0,15.0,16.0,14.0,,"The current market price is at $14.0, and I expect it to rise to $15 in the next period. Given that this is the penultimate period, selling 2 shares now will secure profits while retaining 2 shares for potential gains in the final period. This strategy allows me to benefit from immediate gains and reduces exposure before the market potentially peaks."
BT-OC-PC-s140926,BT+OC+PC,trader-05,PC,29,sell,2,2,14.0,0,,534.61,4,562.94,4,26.73,1.6,618.94,14.0,14.0,14.0,14.0,,"I plan to sell 2 shares this period. I have 4 shares, and the current market price is at the fundamental value of $14. Selling now allows me to maximize cash while still retaining 2 shares for potential future dividends. With 2 trading periods remaining, this is a prudent decision to ensure I capitalize on the stable price before the final redemption."
BT-OC-PC-s140926,BT+OC+PC,trader-06,BT,29,hold,0,0,0.0,0,,534.61,4,562.94,4,26.73,1.6,618.94,14.0,14.5,15.0,14.0,,"The current market price is at fundamental value, and my forecasts indicate a slight increase to $14.5 in two periods and $15.0 in five periods, followed by stabilization back to $14 in ten periods. I will hold my 4 shares to capture potential dividends and any price appreciation, while closely monitoring for signs of price deceleration before considering selling."
BT-OC-PC-s140926,BT+OC+PC,trader-07,PC,29,sell,2,2,14.0,0,,568.69,2,597.92,2,28.43,0.8,625.92,14.0,14.0,14.0,14.0,,"I plan to sell my remaining 2 shares at the current market price of $14. Given that this price reflects the fundamental value of the asset, selling now will allow me to secure cash while maximizing my final wealth through the potential dividends in the next period. This aligns with my commitment to sell shares early to ensure cash availability for future opportunities."
BT-OC-PC-s140926,BT+OC+PC,trader-08,OC,29,buy,6,6,13.5,0,,483.48,7,510.45,7,24.17,2.8,608.45,14.0,14.0,14.0,14.0,,"I believe the price is temporarily low at $13.50 and will recover back to the fundamental value of $14.0. As an overconfident contrarian, I see this as a great opportunity to buy 6 additional shares at this limit price, which is below the fundamental value. This aligns with my strategy of purchasing after price declines, positioning me to maximize my wealth as the price rebounds."
BT-OC-PC-s140926,BT+OC+PC,trader-09,BT,29,sell,2,2,14.25,0,,534.61,4,562.94,4,26.73,1.6,618.94,14.0,14.5,15.0,14.0,,"The market price is currently stable at $14.0, and I anticipate a rise to $14.5 in the next 2 periods and potentially reaching $15.0 in 5 periods due to positive sentiment. With only 2 trading periods left, I will sell 2 shares at a limit price of $14.25 to capture profits while retaining 2 shares for potential future increases. This strategy allows me to profit from the anticipated upward trend while managing risk as I approach the end of the trading period."
BT-OC-PC-s140926,BT+OC+PC,trader-10,PC,29,hold,0,0,0.0,0,,570.69,2,600.02,2,28.53,0.8,628.02,14.0,14.0,14.0,14.0,,"I plan to hold my 2 shares this period as I have already liquidated some positions in previous periods to ensure cash flow. With the stable forecast of the asset's value at $14 and potential dividends in the upcoming period, it is prudent to wait and see how the market develops while benefiting from my current holdings. This strategy aligns with my goal to maximize cash wealth while minimizing risks associated with further trades at this stage."
BT-OC-PC-s140926,BT+OC+PC,trader-11,PC,29,sell,4,4,14.0,0,,534.61,4,562.94,4,26.73,1.6,618.94,14.0,14.0,14.0,14.0,,"I will sell all my shares this period at the expected fundamental value of $14 each. I committed to selling my shares in period 30 when I can redeem them for $14 each. Selling now allows me to realize the cash value of my shares before the redemption phase. Additionally, I will benefit from the dividends received during the last periods. My cash position is sufficient to execute this plan."
BT-OC-PC-s140926,BT+OC+PC,trader-00,OC,30,buy,4,4,13.0,0,,562.94,4,592.69,4,28.15,1.6,648.69,14.0,14.0,14.0,14.0,,"Given my contrarian nature, I strongly believe that the price may dip below the current level of $14.0. I plan to buy 4 additional shares at a limit price of $13.0, as I am confident in a recovery after any potential dip. This aligns with my strategy of buying after prices fall, and I expect the market will rebound, increasing my overall cash wealth in future periods."
BT-OC-PC-s140926,BT+OC+PC,trader-01,BT,30,sell,1,1,15.0,0,,543.38,5,572.55,5,27.17,2.0,642.55,14.0,14.5,14.0,14.0,,"Given that we are in the final period and the last transaction price is at $14.0, I anticipate a slight increase to around $15.0 in this final trading period due to the potential for buyers to capitalize on market sentiment before the redemption. To maximize my cash wealth, I will sell 1 share at $15.00, capturing profits while the price is elevated before redemption occurs."
BT-OC-PC-s140926,BT+OC+PC,trader-02,OC,30,buy,4,4,13.0,0,,562.94,4,592.69,4,28.15,1.6,648.69,14.0,14.0,14.0,14.0,,"I believe the market price will recover after recent fluctuations. Following my contrarian strategy, I will place a buy order for 4 shares at a limit price of $13.00. This aligns with my belief that increasing my holdings at lower prices will be beneficial as the market stabilizes, especially since I expect a rebound."
BT-OC-PC-s140926,BT+OC+PC,trader-03,OC,30,buy,1,1,13.5,0,,562.94,4,592.69,4,28.15,1.6,648.69,14.0,14.0,14.0,14.0,,"As an overconfident contrarian, I believe that despite the current price of $14.0, there is potential for a slight dip before a recovery. I expect to capitalize on this anticipated rebound by buying one additional share at a limit price of $13.5. This aligns with my strategy of purchasing after price declines, which strengthens my holdings for future gains. I do not plan to sell any shares at a loss, and I am confident in my judgment that the market will recover."
BT-OC-PC-s140926,BT+OC+PC,trader-04,BT,30,sell,2,2,15.0,0,,562.94,4,592.69,4,28.15,1.6,648.69,14.0,15.0,16.0,14.0,,"The current market price is at $14.0, and I expect it to rise to $15 in the next period. Given that this is the final trading period, selling 2 shares now will secure profits while retaining 2 shares for potential gains in the final period. This strategy allows me to benefit from immediate gains and reduces exposure before the market potentially peaks."
BT-OC-PC-s140926,BT+OC+PC,trader-05,PC,30,sell,2,2,14.0,0,,562.94,4,592.69,4,28.15,1.6,648.69,14.0,14.0,14.0,14.0,,"I plan to sell 2 shares this period. Given that I currently have 4 shares and the market price is at the fundamental value of $14, selling now allows me to maximize cash while still retaining 2 shares for potential future dividends. With only one trading period remaining, this is a prudent decision to ensure I capitalize on the stable price before the final redemption."
BT-OC-PC-s140926,BT+OC+PC,trader-06,BT,30,sell,4,4,15.0,0,,562.94,4,592.69,4,28.15,1.6,648.69,14.0,14.5,15.0,14.0,,"The current market price is at fundamental value of $14.0. My forecasts indicate a slight increase to $14.5 in 2 periods and up to $15.0 in 5 periods before stabilizing back to $14 in 10 periods. Given that I hold 4 shares, I will sell all of them now at $15.0 to maximize my cash wealth before the price potentially drops back to the fundamental value."
BT-OC-PC-s140926,BT+OC+PC,trader-07,PC,30,sell,2,2,14.0,0,,597.92,2,628.62,2,29.9,0.8,656.62,14.0,14.0,14.0,14.0,,"I plan to sell my remaining 2 shares at the current market price of $14. Given that this price reflects the fundamental value of the asset, selling now will allow me to secure cash while maximizing my final wealth through the potential dividends in the next period. This aligns with my commitment to sell shares early to ensure cash availability for future opportunities."
BT-OC-PC-s140926,BT+OC+PC,trader-08,OC,30,buy,6,6,13.5,0,,510.45,7,538.77,7,25.52,2.8,636.77,14.0,14.0,14.0,14.0,,"I believe the price is currently low at $13.50 and will recover back to the fundamental value of $14.0. As an overconfident contrarian, I see this as a great opportunity to buy 6 additional shares at this limit price, which is below the fundamental value. This aligns with my strategy of purchasing after price declines, positioning me to maximize my wealth as the price rebounds."
BT-OC-PC-s140926,BT+OC+PC,trader-09,BT,30,sell,2,2,14.25,0,,562.94,4,592.69,4,28.15,1.6,648.69,14.0,14.0,14.0,14.0,,"The market price is stable at $14.0, with expectations for it to rise slightly to $14.25 in the final period. Given that I hold 4 shares, I will sell 2 shares at a limit price of $14.25 to capture profits while still retaining 2 shares. This strategy allows me to benefit from the anticipated price stabilization around the fundamental value while managing my risk as I approach the end of the trading period."
BT-OC-PC-s140926,BT+OC+PC,trader-10,PC,30,sell,2,2,14.0,0,,600.02,2,630.82,2,30.0,0.8,658.82,14.0,14.0,14.0,14.0,,"I plan to sell my 2 shares this period to capitalize on the current reference price of $14. This decision aligns with my strategy of liquidating my remaining assets to maximize cash flow right before the final period. Given the stable forecast of the asset's value and the upcoming redemption of shares, this approach allows me to maximize my cash wealth while ensuring I have the best possible return on my investment."
BT-OC-PC-s140926,BT+OC+PC,trader-11,PC,30,sell,4,4,14.0,0,,562.94,4,592.69,4,28.15,1.6,648.69,14.0,14.0,14.0,14.0,,"I will sell all my shares this period at the expected fundamental value of $14 each. I committed to selling my shares in period 30 when I can redeem them for $14 each. Selling now allows me to realize the cash value of my shares before the redemption phase. Additionally, I will benefit from the dividends received during the last periods. My cash position is sufficient to execute this plan."
evolved-s140926,evolved,trader-00,noise,1,buy,1,1,13.8,0,,100.0,4,106.6,4,5.0,1.6,162.6,14.0,13.0,15.0,14.0,,"I feel like the price might dip slightly from the initial reference, so I’ll set a limit price just below it. With my impulsive trading style, I’m not confident in the long-term trend, but I want to take advantage of any potential short-term fluctuations. Buying one more share could also help increase my overall wealth with dividends."
evolved-s140926,evolved,trader-01,trend_reader,1,hold,0,0,0.0,0,,100.0,4,106.6,4,5.0,1.6,162.6,14.2,14.4,14.6,14.0,,"The last traded price is $14. Since the price trend is slightly upwards based on the recent drift, I forecast a small increase in the near future. However, given that I currently hold shares and have a relatively stable cash position, it's prudent to hold rather than trade at this moment. My forecasts reflect a cautious optimism but not enough to justify buying or selling."
evolved-s140926,evolved,trader-02,reversion_rider,1,buy,1,1,14.1,0,,100.0,4,106.6,4,5.0,1.6,162.6,14.0,14.5,15.0,14.0,,"The current price is at the reference value of $14. Given that I am an aggressive momentum trader, I expect a slight upward trend in the short term due to the recent price stability. This leads me to forecast a modest increase to $14.5 in 2 periods and $15.0 in 5 periods. Given my cash position and the current price, I will quote a buy at $14.1 for 1 share, as this aligns with the momentum strategy while ensuring I get filled."
evolved-s140926,evolved,trader-03,trend_reader,1,hold,0,0,0.0,0,,100.0,4,106.6,4,5.0,1.6,162.6,14.0,14.5,15.0,14.0,,"Given the initial reference price of $14 and the current position of 4 shares, I believe that the market will remain around this level in the short term. While there may be slight upward movement in the next few periods due to potential dividends, I do not see a significant enough deviation to warrant buying or selling at this time. Thus, I will hold my position and wait for clearer signals in future rounds."
evolved-s140926,evolved,trader-04,trend_reader,1,hold,0,0,0.0,0,,100.0,4,106.6,4,5.0,1.6,162.6,14.0,14.2,14.5,15.0,,"Given the last traded price is $14.0 and the fundamental value remains consistent at $14, I anticipate only a slight upward drift in the near term as trends are typically sustained but damped. I expect a minor increase in the next periods due to potential dividend payouts influencing demand. However, I currently hold shares and have sufficient cash; therefore, I will hold rather than trade, as my view does not justify a significant movement in price."
evolved-s140926,evolved,trader-05,reversion_rider,1,buy,1,1,14.1,0,,100.0,4,106.6,4,5.0,1.6,162.6,14.0,14.5,15.0,14.5,,"The current price is at 14.0, and I expect a slight upward trend due to momentum, forecasting 14.5 in 2 periods and 15.0 in 5 periods before a partial give-back towards 14.5 at period 10. Therefore, I'll place a buy order at 14.1 to capitalize on the expected upward movement."
evolved-s140926,evolved,trader-06,trend_reader,1,buy,1,1,14.2,0,,100.0,4,106.6,4,5.0,1.6,162.6,14.0,14.3,14.6,14.0,,"The last traded price is $14.0, and I anticipate a slight upward trend based on the market conditions. I expect the price to increase slightly over the next periods, carrying forward part of the recent move. Therefore, I will place a buy order at $14.2 for 1 share, which is within my cash limits and aligns with my forecast."
evolved-s140926,evolved,trader-07,noise,1,buy,1,1,13.5,0,,100.0,4,106.6,4,5.0,1.6,162.6,13.6,12.0,16.0,14.0,,"I'm feeling impulsive and think the price might dip slightly below the initial reference of $14. I want to buy because I'm bored and hope to catch a good deal. I'll submit a limit order to buy at $13.5, which is a bit lower than my forecast for now."
evolved-s140926,evolved,trader-08,trend_reader,1,hold,0,0,0.0,0,,100.0,4,106.6,4,5.0,1.6,162.6,14.0,14.0,14.0,14.0,,"The last traded price is $14, which I consider my anchor. Given the fundamental value is also $14 and there is no observable trend or strong rationale to deviate from this anchor, I will hold my position. I will wait for clearer signals in future periods before making any trades."
evolved-s140926,evolved,trader-09,noise,1,buy,1,1,13.5,0,,100.0,4,106.6,4,5.0,1.6,162.6,13.6,14.0,12.0,14.0,,"I feel like the price might dip a bit from the last reference price of $14, so I'll guess $13.5. I'm also impulsively deciding to buy one share since I want to trade and it's possible the price could go back up after this dip."
evolved-s140926,evolved,trader-10,trend_reader,1,hold,0,0,0.0,0,,100.0,4,106.6,4,5.0,1.6,162.6,14.0,14.0,14.0,14.0,,"The last traded price is $14, which serves as the anchor. Given the absence of any prior trades and the fundamental value remaining constant at $14, my forecast for the next periods remains unchanged. Holding is appropriate since my view does not significantly diverge from the current price, and I want to avoid unnecessary trading. I will wait for clearer opportunities in the subsequent periods."
evolved-s140926,evolved,trader-11,trend_reader,1,hold,0,0,0.0,0,,100.0,4,106.6,4,5.0,1.6,162.6,14.0,14.0,14.0,14.0,,"The last traded price is $14, which is also the initial reference price. Given the market's tendency to gravitate towards this anchor price and the absence of any significant upward or downward momentum, I expect the price to remain stable at $14 over the next periods. Since holding shares provides potential dividends regardless of short-term price fluctuations, I will hold my current position."
evolved-s140926,evolved,trader-00,noise,2,buy,1,1,13.5,0,,106.6,4,113.53,4,5.33,1.6,169.53,13.2,13.0,14.0,14.0,,"I feel like the price might dip slightly from the initial reference, so I'll set a limit price just below it. I want to buy one more share to increase my wealth with dividends. Even though I think the price could stabilize at $14 in the long run, I’m impulsively looking for a short-term opportunity."
evolved-s140926,evolved,trader-01,trend_reader,2,hold,0,0,0.0,0,,106.6,4,113.53,4,5.33,1.6,169.53,14.2,14.4,14.6,14.0,,"The last traded price is $14.0, and I forecast a slight upward movement to $14.2 based on the recent trend. However, given my current holdings and cash position, it's prudent to hold rather than trade this period. I anticipate gradual increases in price in the near periods, but not enough to justify buying or selling right now."
evolved-s140926,evolved,trader-02,reversion_rider,2,buy,1,1,14.2,0,,106.6,4,113.53,4,5.33,1.6,169.53,14.1,14.5,15.0,14.0,,"The current price is slightly above the reference value of $14. I expect a continued upward trend in the short term, with a forecast of $14.5 in 2 periods and $15.0 in 5 periods. I will quote a buy at $14.2 to increase my position, ensuring I quote just above the current price to get filled, while still maintaining a momentum trading approach."
evolved-s140926,evolved,trader-03,trend_reader,2,hold,0,0,0.0,0,,106.6,4,113.53,4,5.33,1.6,169.53,14.0,14.5,15.0,14.0,,"With the last transaction price at $14.0 and a slight forecast upward drift to $14.5 in the next period, I believe the market might see a modest increase. However, the market remains around the initial reference price, and given my current position of 4 shares, I do not see enough deviation to warrant a buy or sell action at this moment. Thus, I will hold my position and monitor for clearer signals in future rounds."
evolved-s140926,evolved,trader-04,trend_reader,2,hold,0,0,0.0,0,,106.6,4,113.53,4,5.33,1.6,169.53,14.0,14.4,14.7,15.0,,"Given the last traded price is $14.0, I expect slight upward movement towards $14.4 in the next period due to anticipated demand from potential dividend payouts influencing market sentiment. However, I believe the price movement will remain muted, and holding my shares is the best strategy right now as I have sufficient cash and my forecast does not justify a significant trade."
evolved-s140926,evolved,trader-05,reversion_rider,2,buy,1,1,14.2,0,,106.6,4,113.53,4,5.33,1.6,169.53,14.1,14.5,15.0,14.5,,"The current price is at 14.0, and I expect a slight upward trend due to momentum, forecasting 14.5 in 2 periods and 15.0 in 5 periods before a partial give-back towards 14.5 at period 10. Therefore, I'll place a buy order at 14.2, just above the current price, to capitalize on the expected upward movement while being mindful of the momentum."
evolved-s140926,evolved,trader-06,trend_reader,2,buy,1,1,14.2,0,,106.6,4,113.53,4,5.33,1.6,169.53,14.0,14.3,14.6,14.0,,"The last traded price is $14.0. I expect a slight upward trend based on the recent drift, carrying forward part of the move. My forecast for the next period is $14.0, and I anticipate it will rise to around $14.3 in two periods, $14.6 in five periods, and return to $14.0 by ten periods, aligning with the redemption value. Therefore, I will place a buy order at $14.2 for 1 share, which fits within my cash limits and supports my forecast."
evolved-s140926,evolved,trader-07,noise,2,buy,1,1,13.0,0,,106.6,4,113.53,4,5.33,1.6,169.53,13.6,14.0,14.0,14.0,,"I'm feeling impulsive and think the price might drop a bit more. I want to buy because I think I can catch a deal lower than the reference price. I'll submit a limit order to buy at $13.0, which is a wild guess but feels right in the moment."
evolved-s140926,evolved,trader-08,trend_reader,2,hold,0,0,0.0,0,,106.6,4,113.53,4,5.33,1.6,169.53,14.0,14.0,14.0,14.0,,The last traded price and the fundamental value remain at $14. There is no observable trend or compelling reason to deviate from this anchor at this time. I will hold my position and await more definitive signals in future periods to inform my trading decisions.
evolved-s140926,evolved,trader-09,noise,2,buy,1,1,13.5,0,,106.6,4,113.53,4,5.33,1.6,169.53,13.5,14.0,12.0,14.0,,"I feel like the price might dip a bit from the last reference price of $14, so I'll guess $13.5. I'm also impulsively deciding to buy one share since I want to trade and it's possible the price could go back up after this dip."
evolved-s140926,evolved,trader-10,trend_reader,2,hold,0,0,0.0,0,,106.6,4,113.53,4,5.33,1.6,169.53,14.0,14.0,14.0,14.0,,"The last traded price is $14, which remains my anchor. Given the consistent fundamental value and the absence of significant price movement, my forecasts remain unchanged at $14 for all horizons. I will hold my position, as my view does not deviate from the current price, and I'm waiting for clearer opportunities in future periods."
evolved-s140926,evolved,trader-11,trend_reader,2,hold,0,0,0.0,0,,106.6,4,113.53,4,5.33,1.6,169.53,14.0,14.0,14.0,14.0,,"The last traded price remains anchored at $14, with no significant price movement observed. I expect the price to hold steady at $14 in the near term due to the absence of upward or downward momentum. Holding shares provides me with potential dividends while I wait for any future price movements. Therefore, I will maintain my current position without trading this period."
evolved-s140926,evolved,trader-00,noise,3,buy,1,1,13.0,0,,113.53,4,123.21,4,5.68,4.0,179.21,13.2,14.0,14.0,14.0,,"I feel like the price could dip a bit more, so I'm going to set my limit price lower. I want to buy one more share to take advantage of the potential for dividends. Even though I think the price might stabilize around $14 in the long run, I want to act on this impulsive feeling now."
evolved-s140926,evolved,trader-01,trend_reader,3,hold,0,0,0.0,0,,113.53,4,123.21,4,5.68,4.0,179.21,14.2,14.4,14.6,14.0,,"The last traded price is $14.0. Based on the recent price trends, I forecast a slight increase to $14.2 for this period, and I see potential upward movement to $14.4 in the next two periods. However, given my current holdings of 4 shares and a cash position of $113.53, I believe it is prudent to hold for now, as my forecasts indicate a gradual increase that does not justify immediate buying or selling."
evolved-s140926,evolved,trader-02,reversion_rider,3,buy,1,1,14.3,0,,113.53,4,123.21,4,5.68,4.0,179.21,14.1,14.5,15.0,14.0,,"The current price is 14.0, and I expect a slight upward trend based on recent stability and momentum. My short-term forecast is 14.5 in 2 periods and 15.0 in 5 periods. Given my cash position of $113.53 and the current price, I will quote a buy at $14.3 for 1 share, which is slightly above the current price to increase my position while aligning with the momentum trading strategy."
evolved-s140926,evolved,trader-03,trend_reader,3,hold,0,0,0.0,0,,113.53,4,123.21,4,5.68,4.0,179.21,14.0,14.5,15.0,14.0,,"With the last transaction price at $14.0 and a slight forecast upward drift to $14.5 in the next period, I see a modest increase but not enough to warrant a buy or sell. My current position of 4 shares and the overall stability around the reference price indicates that holding is the best strategy for now. I will continue to monitor for clearer signals in future rounds."
evolved-s140926,evolved,trader-04,trend_reader,3,hold,0,0,0.0,0,,113.53,4,123.21,4,5.68,4.0,179.21,14.2,14.5,14.7,14.0,,"Given the last traded price is $14.0, I expect a slight upward movement to $14.2 in this period due to anticipated demand from potential dividend payouts influencing market sentiment. However, as my view remains cautious and does not justify a significant trade, I will hold my shares and not place an order this round."
evolved-s140926,evolved,trader-05,reversion_rider,3,buy,1,1,14.3,0,,113.53,4,123.21,4,5.68,4.0,179.21,14.2,14.5,15.0,14.5,,"The current price is at 14.0, and I expect the price to continue its upward trend. My forecast for the immediate next period (forecast_0) is 14.2, followed by 14.5 in 2 periods and 15.0 in 5 periods before a partial give-back toward 14.5 in 10 periods. I will place a buy order at 14.3, just above the current price, to capitalize on the anticipated momentum while being mindful of the price trend."
evolved-s140926,evolved,trader-06,trend_reader,3,buy,1,1,14.3,0,,113.53,4,123.21,4,5.68,4.0,179.21,14.2,14.5,14.8,14.0,,"The last traded price is $14.0, and based on the recent drift, I expect a slight upward trend. My forecast for the current period is $14.2, taking into account the previous market behavior. For the next periods, I anticipate the price to increase to $14.5 in two periods and to $14.8 in five periods before settling back to $14.0 by ten periods. Therefore, I will place a buy order at $14.3 for 1 share, as it is a reasonable step towards my forecast and fits within my cash limits."
evolved-s140926,evolved,trader-07,noise,3,buy,1,1,13.0,0,,113.53,4,123.21,4,5.68,4.0,179.21,13.5,14.0,14.0,14.0,,"I'm feeling impulsive and think the price might dip a bit more. Since the last reference price was $14, I want to buy 1 share at $13.0, which feels like a good deal in the moment. I know I need to keep trading, so I'll throw out a limit order to buy at this price."
evolved-s140926,evolved,trader-08,trend_reader,3,hold,0,0,0.0,0,,113.53,4,123.21,4,5.68,4.0,179.21,14.0,14.0,14.0,14.0,,"The last traded price remains at $14, and the fundamental value is also $14. There is no observable trend or strong rationale to deviate from this anchor. Given my current position and the lack of clear signals, I will hold my shares and cash this period, awaiting more definitive movements in future periods."
evolved-s140926,evolved,trader-09,noise,3,buy,1,1,13.0,0,,113.53,4,123.21,4,5.68,4.0,179.21,13.0,14.0,14.0,14.0,,"I'm feeling like the price might drop a little from the last reference price of $14, so I'll guess $13.0. I want to keep trading since I have some cash and I think the price could bounce back up soon, so I'll impulsively decide to buy one share."
evolved-s140926,evolved,trader-10,trend_reader,3,hold,0,0,0.0,0,,113.53,4,123.21,4,5.68,4.0,179.21,14.0,14.0,14.0,14.0,,"The last traded price is $14, which serves as my anchor. With no significant changes in market sentiment or price movement, I believe the price will remain stable at $14 over the next periods. Given the consistent fundamental value, I will hold my position, as my view does not deviate from the current price, and I am waiting for clearer opportunities in future periods."
evolved-s140926,evolved,trader-11,trend_reader,3,hold,0,0,0.0,0,,113.53,4,123.21,4,5.68,4.0,179.21,14.0,14.0,14.0,14.0,,"The last traded price remains anchored at $14, and there has been no significant movement in the price over the previous periods. Given the current lack of momentum, I expect the price to remain stable around $14 in the near term. Moreover, holding my shares allows me to benefit from potential dividends while waiting for any future price movements. Therefore, I will maintain my current position without trading this period."
evolved-s140926,evolved,trader-00,noise,4,buy,1,1,13.0,0,,123.21,4,130.97,4,6.16,1.6,186.97,13.5,13.0,14.0,14.0,,"I feel like the price might dip a bit further, so I'm going to set my limit price lower at $13.0. I want to buy one more share to increase my holdings for potential dividends, and even though I think it could stabilize around $14 in the long run, I'm acting on my impulsive feeling right now."
evolved-s140926,evolved,trader-01,trend_reader,4,hold,0,0,0.0,0,,123.21,4,130.97,4,6.16,1.6,186.97,14.2,14.4,14.6,14.0,,"The last traded price is $14.0, and I forecast a slight upward movement to $14.2 based on the recent trend. The recent price movements suggest a gradual increase, but I currently hold 4 shares and have enough cash to consider buying, yet the anticipated increase is not significant enough to justify buying this round. Therefore, I will hold my current position as it aligns with my cautious approach."
evolved-s140926,evolved,trader-02,reversion_rider,4,buy,1,1,14.4,0,,123.21,4,130.97,4,6.16,1.6,186.97,14.3,14.5,15.0,14.0,,"The current price is 14.3, and given the recent upward momentum, I expect the price to continue rising slightly in the short term. My forecast for the next two periods is 14.5, and for five periods ahead, 15.0. I will quote a buy at 14.4 to increase my holdings, as this is just above the current price and aligns with my momentum trading strategy while ensuring I get filled."
evolved-s140926,evolved,trader-03,trend_reader,4,hold,0,0,0.0,0,,123.21,4,130.97,4,6.16,1.6,186.97,14.0,14.5,15.0,14.0,,"Given the current price of $14.0 and my analysis, I see a potential slight upward drift to $14.5 in the next period, and $15.0 in five periods. However, the market remains fairly stable around the reference price, and my current position of 4 shares doesn't necessitate immediate trading action. Thus, I will hold my position for now and continue to monitor for clearer signals in future rounds."
evolved-s140926,evolved,trader-04,trend_reader,4,hold,0,0,0.0,0,,123.21,4,130.97,4,6.16,1.6,186.97,14.2,14.5,14.7,14.0,,"Given the last traded price is $14.0 and my forecast indicates a slight upward drift to $14.2 due to potential dividend influences, I will hold my shares. The market trends appear to be muted, and my current cash position does not justify making a trade. I expect continued slight increases but will remain cautious."
evolved-s140926,evolved,trader-05,reversion_rider,4,buy,1,1,14.4,0,,123.21,4,130.97,4,6.16,1.6,186.97,14.3,14.5,15.0,14.5,,"The current price is at 14.3, and based on the recent upward trend, I expect the price to continue to rise slightly in the near term, forecasting 14.5 in 2 periods and 15.0 in 5 periods before a partial give-back towards 14.5 at period 10. I will place a buy order at 14.4, just above the current price, to capitalize on the expected momentum while being mindful of the price trend."
evolved-s140926,evolved,trader-06,trend_reader,4,buy,1,1,14.4,0,,123.21,4,130.97,4,6.16,1.6,186.97,14.3,14.6,14.9,14.0,,"Based on the last traded price of $14.0 and the recent upward trend, I anticipate a slight increase to $14.3 for the current period. My forecast for the next periods indicates continued growth, reaching around $14.6 in two periods and $14.9 in five periods. However, I expect a return to the redemption value of $14.0 by ten periods. Therefore, I will place a buy order at $14.4 for 1 share, which is a reasonable step up from the last price and aligns with my expectations."
evolved-s140926,evolved,trader-07,noise,4,buy,1,1,13.5,0,,123.21,4,130.97,4,6.16,1.6,186.97,13.0,14.0,14.0,14.0,,I'm feeling impulsive and think the price might bounce back slightly from the last reference. I'll submit a limit order to buy at $13.5 because it feels like a good deal and I want to keep trading. I don’t want to miss out on the chance to add more shares.
evolved-s140926,evolved,trader-08,trend_reader,4,hold,0,0,0.0,0,,123.21,4,130.97,4,6.16,1.6,186.97,14.0,14.0,14.0,14.0,,"The last traded price remains at $14, which is also the fundamental value. There are no observable trends or signals indicating a shift in price direction. Given my current position of 4 shares and my cautious trading approach, I will hold my shares and cash this period, waiting for clearer signals in future periods before making any trades."
evolved-s140926,evolved,trader-09,noise,4,buy,1,1,13.0,0,,123.21,4,130.97,4,6.16,1.6,186.97,13.5,14.0,14.0,14.0,,"I think the price might dip a bit from the last reference price of $14, so I'll guess $13.0. I'm feeling impulsive and want to trade, so I'll buy one share since I have some cash available and I believe the price could bounce back soon."
evolved-s140926,evolved,trader-10,trend_reader,4,hold,0,0,0.0,0,,123.21,4,130.97,4,6.16,1.6,186.97,14.0,14.0,14.0,14.0,,"The last traded price is $14, which remains my anchor. Given the stable fundamental value and consistent price behavior observed, my forecasts for the next periods do not indicate any significant movement. Therefore, I will hold my position as there is no clear opportunity to buy or sell at this time."
evolved-s140926,evolved,trader-11,trend_reader,4,hold,0,0,0.0,0,,123.21,4,130.97,4,6.16,1.6,186.97,14.0,14.0,14.0,14.0,,"The last traded price remains anchored at $14, and there has been no significant movement in price over the previous periods. Given the current lack of momentum and the consistent reference price, I expect the price to hold steady at $14 in the near term. Holding my shares allows me to benefit from potential dividends while waiting for any future price movements. Therefore, I will maintain my current position without trading this period."
evolved-s140926,evolved,trader-00,noise,5,buy,1,1,13.0,0,,130.97,4,139.12,4,6.55,1.6,195.12,13.0,14.0,14.0,14.0,,"I feel like the price might dip a bit more, so I'm going to set my limit price lower at $13.0. I want to buy one more share to increase my holdings for potential dividends, and even though I think it could stabilize around $14 in the long run, I'm acting on my impulsive feeling right now."
evolved-s140926,evolved,trader-01,trend_reader,5,hold,0,0,0.0,0,,130.97,4,139.12,4,6.55,1.6,195.12,14.2,14.4,14.6,14.0,,"The last traded price is $14.0, and I forecast a slight increase to $14.2 based on the recent trend. The forecasts indicate a gradual upward movement, but given my current holdings of 4 shares and cash position of $130.97, it is prudent to hold my position for now. I believe the anticipated increases are not significant enough to justify buying or selling at this moment."
evolved-s140926,evolved,trader-02,reversion_rider,5,buy,1,1,14.5,0,,130.97,4,139.12,4,6.55,1.6,195.12,14.4,14.8,15.5,14.0,,"The current price is 14.4, and based on the recent upward momentum, I anticipate the price will continue to rise slightly in the short term. My forecasts reflect this trend, with expectations of 14.8 in 2 periods and 15.5 in 5 periods. I will quote a buy at 14.5 to increase my holdings, as this is just above the current price and aligns with my momentum trading strategy while ensuring I get filled."
evolved-s140926,evolved,trader-03,trend_reader,5,buy,1,1,14.25,0,,130.97,4,139.12,4,6.55,1.6,195.12,14.0,14.5,15.0,14.0,,"The last traded price is $14.0, and I see a slight upward drift to $14.5 in the next period and $15.0 in five periods. Given the current cash position of $130.97 and the potential for dividends in the next rounds, I believe it is a reasonable opportunity to buy 1 share at $14.25, which is slightly above the last price but reflects my expectation of a modest upward movement."
evolved-s140926,evolved,trader-04,trend_reader,5,buy,1,1,14.2,0,,130.97,4,139.12,4,6.55,1.6,195.12,14.2,14.5,14.8,14.0,,"Based on the last observed price of $14.0 and an expected slight upward drift influenced by potential dividend payouts, I forecast a price of $14.2 for this period. Since I have the cash available and my forecast suggests a movement above the current price, I will place a buy order for 1 share at $14.2. This is a cautious approach, allowing me to capitalize on the anticipated upward trend while maintaining a conservative position."
evolved-s140926,evolved,trader-05,reversion_rider,5,buy,1,1,14.5,0,,130.97,4,139.12,4,6.55,1.6,195.12,14.4,14.5,15.0,14.5,,"The current price is at 14.4 and I expect the momentum to continue slightly upwards. My immediate forecast (forecast_0) is 14.4, with expectations of reaching 14.5 in 2 periods and 15.0 in 5 periods before a partial give-back toward 14.5 in 10 periods. I will place a buy order at 14.5, just above the current price, to capitalize on the expected upward movement while being mindful of the trend."
evolved-s140926,evolved,trader-06,trend_reader,5,buy,1,1,14.2,0,,130.97,4,139.12,4,6.55,1.6,195.12,14.1,14.4,14.7,14.0,,"Given the recent upward trend observed in the previous periods, I anticipate a slight increase in price for the current period, settling at around $14.1. For the next two periods, I expect the price to rise to approximately $14.4, followed by further growth to $14.7 in five periods, before returning to the redemption value of $14.0 by ten periods. I will place a buy order at $14.2 for 1 share, which is aligned with my forecast and within my cash limits."
evolved-s140926,evolved,trader-07,noise,5,buy,1,1,13.5,0,,130.97,4,139.12,4,6.55,1.6,195.12,13.6,14.0,14.0,14.0,,"I'm feeling impulsive and think the price might dip slightly below the initial reference of $14. I want to buy because I'm bored and hope to catch a good deal. I'll submit a limit order to buy at $13.5, which is a bit lower than my forecast for now."
evolved-s140926,evolved,trader-08,trend_reader,5,hold,0,0,0.0,0,,130.97,4,139.12,4,6.55,1.6,195.12,14.0,14.0,14.0,14.0,,"The last traded price remains at $14, which is also the fundamental value. There are no observable trends or signals indicating a shift in price direction. Given my cautious trading approach and current position, I will hold my shares and cash this period, waiting for clearer signals in future periods before making any trades."
evolved-s140926,evolved,trader-09,noise,5,buy,1,1,14.5,0,,130.97,4,139.12,4,6.55,1.6,195.12,13.8,14.0,14.0,14.0,,"I feel like the price might go a bit higher than the last reference price of $14, so I'll guess $14.5. I'm feeling impulsive and want to trade, so I'll buy one share since I think the price could keep rising after this period."
evolved-s140926,evolved,trader-10,trend_reader,5,hold,0,0,0.0,0,,130.97,4,139.12,4,6.55,1.6,195.12,14.0,14.0,14.0,14.0,,"The last traded price remains at $14, which serves as my anchor. Given that the fundamental value is stable and there has been no significant price movement, my forecast for all horizons remains unchanged at $14. Therefore, I will hold my position as my view does not deviate from the current price, waiting for clearer opportunities in the future."
evolved-s140926,evolved,trader-11,trend_reader,5,hold,0,0,0.0,0,,130.97,4,139.12,4,6.55,1.6,195.12,14.0,14.0,14.0,14.0,,"The last traded price remains anchored at $14, and there is no significant price movement observed. Given the absence of momentum and the stability around the reference price, I expect the price to hold steady at $14. Holding my shares allows me to benefit from potential dividends in the upcoming periods, while I wait for any future price movements. Therefore, I will maintain my current position without trading this period."
evolved-s140926,evolved,trader-00,noise,6,buy,1,1,13.0,0,,139.12,4,150.08,4,6.96,4.0,206.08,13.5,14.0,14.0,14.0,,"I feel like the price might dip slightly again, so I'm setting my limit price at $13.0. Even though the long-term outlook seems to stabilize at $14, I'm acting on my impulsive feeling to buy one more share for potential dividends."
evolved-s140926,evolved,trader-01,trend_reader,6,hold,0,0,0.0,0,,139.12,4,150.08,4,6.96,4.0,206.08,14.2,14.4,14.6,14.0,,"The last traded price is $14.0, and I forecast a slight increase to $14.2 based on the recent trend. Given my current holdings of 4 shares and cash position of $139.12, I believe it is prudent to hold my position for now as the anticipated increases are not significant enough to justify buying or selling at this moment."
evolved-s140926,evolved,trader-02,reversion_rider,6,buy,1,1,14.5,0,,139.12,4,150.08,4,6.96,4.0,206.08,14.4,14.8,15.5,14.0,,"The current price is 14.4, and based on the recent upward momentum, I expect the price to continue to rise slightly in the short term. My forecasts reflect this trend, with expectations of 14.8 in 2 periods and 15.5 in 5 periods. I will quote a buy at 14.5 to increase my holdings, as this is just above the current price and aligns with my momentum trading strategy while ensuring I get filled."
evolved-s140926,evolved,trader-03,trend_reader,6,buy,1,1,14.25,0,,139.12,4,150.08,4,6.96,4.0,206.08,14.0,14.5,15.0,14.0,,"Given the last transaction price of $14.0 and a forecast of slight upward movement to $14.5 in the next period and $15.0 in five periods, I see an opportunity to purchase 1 share at $14.25. This price reflects my expectation of a modest rise in the market, and buying now allows me to capitalize on potential future dividends while still maintaining a healthy cash reserve."
evolved-s140926,evolved,trader-04,trend_reader,6,buy,1,1,14.2,0,,139.12,4,150.08,4,6.96,4.0,206.08,14.2,14.4,14.7,14.0,,"Given the last traded price is $14.0 and my forecast indicates a slight upward movement to $14.2 due to anticipated demand influenced by potential dividend payouts, I will place a buy order for 1 share at $14.2. This forecast reflects a cautious optimism about continued upward price movement, and I have sufficient cash to execute this trade."
evolved-s140926,evolved,trader-05,reversion_rider,6,buy,1,1,14.6,0,,139.12,4,150.08,4,6.96,4.0,206.08,14.5,15.0,15.0,14.5,,"I expect the price to continue its upward trend, forecasting 14.5 in the immediate next period and 15.0 in 5 periods before a partial give-back to 14.5 at period 10. Therefore, I will place a buy order at 14.6, just above the current price, to capitalize on the anticipated momentum while being mindful of the price trend."
evolved-s140926,evolved,trader-06,trend_reader,6,buy,1,1,14.3,0,,139.12,4,150.08,4,6.96,4.0,206.08,14.1,14.4,14.7,14.0,,"Based on the recent upward trend and the last traded price of $14.0, I expect the current market price to settle at around $14.1. My forecasts for the next periods indicate a gradual increase, reaching approximately $14.4 in two periods and $14.7 in five periods before returning to the redemption value of $14.0 by ten periods. Therefore, I will place a buy order at $14.3 for 1 share, which aligns with my expectations and is within my cash limits."
evolved-s140926,evolved,trader-07,noise,6,buy,1,1,13.0,0,,139.12,4,150.08,4,6.96,4.0,206.08,13.5,14.0,14.0,14.0,,"I'm feeling impulsive again and think the price might dip slightly below the last reference of $14. I want to buy because I feel like it and hope to catch a good deal. I'll submit a limit order to buy at $13.0, which feels right in the moment."
evolved-s140926,evolved,trader-08,trend_reader,6,hold,0,0,0.0,0,,139.12,4,150.08,4,6.96,4.0,206.08,14.0,14.0,14.0,14.0,,"The last traded price is $14, which aligns with the fundamental value. There are no observable trends or signals suggesting a shift in price direction. Given my cautious trading approach and the lack of compelling reasons to deviate from my anchor, I will hold my position and wait for clearer signals in future periods."
evolved-s140926,evolved,trader-09,noise,6,buy,1,1,14.5,0,,139.12,4,150.08,4,6.96,4.0,206.08,13.8,14.0,14.0,14.0,,"I feel like the price might go a bit higher than the last reference price of $14, so I'll guess $14.5. I'm impulsively deciding to buy one share because I want to keep trading and I think the price could rise after this period."
evolved-s140926,evolved,trader-10,trend_reader,6,hold,0,0,0.0,0,,139.12,4,150.08,4,6.96,4.0,206.08,14.0,14.0,14.0,14.0,,"The last traded price remains anchored at $14, which aligns with the consistent fundamental value. Given the absence of significant price movement or market sentiment changes, my forecasts for the immediate future remain stable at $14. Therefore, I will hold my position, as I do not see a clear opportunity to buy or sell at this time."
evolved-s140926,evolved,trader-11,trend_reader,6,hold,0,0,0.0,0,,139.12,4,150.08,4,6.96,4.0,206.08,14.0,14.0,14.0,14.0,,"The last traded price is $14, which has been stable with no significant price movement observed. Given the absence of momentum and the stability around the reference price, I expect the price to hold steady at $14 in the near term. Additionally, holding my shares allows me to benefit from potential dividends while waiting for any future price movements. Therefore, I will maintain my current position without trading this period."
evolved-s140926,evolved,trader-00,noise,7,buy,1,1,13.0,0,,150.08,4,161.58,4,7.5,4.0,217.58,13.0,14.0,14.0,14.0,,"I feel like the price might dip slightly again, so I'm setting my limit price at $13.0. Even though the long-term outlook seems to stabilize at $14, I'm acting on my impulsive feeling to buy one more share for potential dividends."
evolved-s140926,evolved,trader-01,trend_reader,7,hold,0,0,0.0,0,,150.08,4,161.58,4,7.5,4.0,217.58,14.2,14.4,14.6,14.0,,"The last traded price is $14.0. Given the slight upward trend reflected in my forecast of $14.2 for the current period, I believe it is prudent to hold my current position. I currently hold 4 shares and have a solid cash position of $150.08. While I anticipate gradual increases in the coming periods, the forecasted movements are not significant enough to justify buying or selling at this moment."
evolved-s140926,evolved,trader-02,reversion_rider,7,buy,1,1,14.6,0,,150.08,4,161.58,4,7.5,4.0,217.58,14.5,15.0,15.5,14.0,,"Given the recent upward momentum in prices, I expect the current price to rise slightly to $14.5 in the short term. My forecasts are for $15.0 in 2 periods and $15.5 in 5 periods, indicating a strong upward trend. I will quote a buy at $14.6, which is just above the current price to ensure I get filled while still aligning with my aggressive momentum trading strategy."
evolved-s140926,evolved,trader-03,trend_reader,7,buy,1,1,14.25,0,,150.08,4,161.58,4,7.5,4.0,217.58,14.0,14.5,15.0,14.0,,"Given the last traded price of $14.0 and the forecast of slight upward movement to $14.5 in the next period, I believe buying 1 share at $14.25 is a reasonable decision. This price reflects my expectation of a modest rise in the market, allowing me to capitalize on potential future dividends while still maintaining a healthy cash reserve."
evolved-s140926,evolved,trader-04,trend_reader,7,buy,1,1,14.2,0,,150.08,4,161.58,4,7.5,4.0,217.58,14.2,14.5,14.8,14.0,,"Given the last traded price is $14.0 and my recent forecasts indicate a slight upward drift due to anticipated demand from potential dividend payouts, I anticipate a price of $14.2 for this period. As I have enough cash to purchase at this price, I will place a buy order for 1 share at $14.2, reflecting my cautious optimism for the immediate term."
evolved-s140926,evolved,trader-05,reversion_rider,7,buy,1,1,14.7,0,,150.08,4,161.58,4,7.5,4.0,217.58,14.6,15.0,15.0,14.5,,"The current price is at 14.6, and I expect the momentum to continue slightly upwards with a forecast of 15.0 in 5 periods. Given the recent trend, placing a buy order at 14.7, just above the current price, allows me to capitalize on this expected upward movement while still staying aligned with the market."
evolved-s140926,evolved,trader-06,trend_reader,7,buy,1,1,14.2,0,,150.08,4,161.58,4,7.5,4.0,217.58,14.1,14.4,14.7,14.0,,"The last traded price is $14.0, and I expect a slight upward trend based on the recent drift. My forecast for the current period is $14.1, with expectations of increasing to $14.4 in two periods and $14.7 in five periods before settling back to $14.0 by ten periods. I will place a buy order at $14.2 for 1 share, which is within my cash limits and aligns with my forecast."
evolved-s140926,evolved,trader-07,noise,7,buy,1,1,13.5,0,,150.08,4,161.58,4,7.5,4.0,217.58,13.5,14.0,14.0,14.0,,"I'm feeling impulsive and think the price might dip slightly below the last reference of $14. I want to buy because I'm bored and hope to catch a good deal. I'll submit a limit order to buy at $13.5, which feels like a good price to jump in."
evolved-s140926,evolved,trader-08,trend_reader,7,hold,0,0,0.0,0,,150.08,4,161.58,4,7.5,4.0,217.58,14.0,14.0,14.0,14.0,,"The last traded price is $14, and there has been no observable trend or shift in price direction. Given my cautious trading approach and current position of 4 shares, I will hold my shares and cash this period, awaiting clearer signals in future periods before making any trades."
evolved-s140926,evolved,trader-09,noise,7,buy,1,1,13.5,0,,150.08,4,161.58,4,7.5,4.0,217.58,13.0,14.0,14.0,14.0,,"I feel like the price might bounce back a bit from the last reference price of $14, so I'll guess $13.5. I'm impulsively deciding to buy one share since I have cash available and want to keep trading."
evolved-s140926,evolved,trader-10,trend_reader,7,hold,0,0,0.0,0,,150.08,4,161.58,4,7.5,4.0,217.58,14.0,14.0,14.0,14.0,,"The last traded price is $14, which serves as my anchor. Given the consistent fundamental value and the absence of significant price movement, my forecasts remain unchanged at $14 for all horizons. I will hold my position, as my view does not deviate from the current price, and I prefer to wait for clearer opportunities in future periods."
evolved-s140926,evolved,trader-11,trend_reader,7,hold,0,0,0.0,0,,150.08,4,161.58,4,7.5,4.0,217.58,14.0,14.0,14.0,14.0,,"The last traded price remains stable at $14, and there's been no significant movement in previous periods. Given the absence of momentum, I expect the price to hold steady at $14 over the next periods. Holding my shares allows me to benefit from potential dividends while waiting for future price movements. Therefore, I will maintain my current position without trading this period."
evolved-s140926,evolved,trader-00,noise,8,buy,1,1,13.0,0,,161.58,4,171.26,4,8.08,1.6,227.26,13.0,14.0,14.0,14.0,,"I feel like the price might dip slightly, so I'm going to set my limit price at $13.0. I want to buy one more share to increase my holdings for potential dividends, acting on my impulsive feeling right now."
evolved-s140926,evolved,trader-01,trend_reader,8,hold,0,0,0.0,0,,161.58,4,171.26,4,8.08,1.6,227.26,14.2,14.4,14.6,14.0,,"The last traded price is $14.0, and I forecast a slight upward movement to $14.2 for this period based on a recent upward trend. However, given my current holdings of 4 shares and a solid cash position, I believe it is prudent to hold my position for now. The anticipated increases are not significant enough to justify buying or selling at this moment."
evolved-s140926,evolved,trader-02,reversion_rider,8,buy,1,1,14.7,0,,161.58,4,171.26,4,8.08,1.6,227.26,14.6,15.0,15.5,14.0,,"The current price is 14.6, and based on the recent upward momentum, I expect the price to continue rising slightly in the short term. My forecasts reflect this trend, with expectations of 15.0 in 2 periods and 15.5 in 5 periods. I will quote a buy at 14.7 to increase my holdings, as this is just above the current price and aligns with my aggressive momentum trading strategy while ensuring I get filled."
evolved-s140926,evolved,trader-03,trend_reader,8,buy,1,1,14.25,0,,161.58,4,171.26,4,8.08,1.6,227.26,14.25,14.5,15.0,14.0,,"Given the last traded price of $14.0 and my analysis indicating a slight upward drift to $14.25, I believe this is a reasonable price to buy 1 additional share. With a potential forecast of $14.5 in two periods and $15.0 in five periods, purchasing now allows me to capitalize on expected future dividends while still maintaining a healthy cash reserve."
evolved-s140926,evolved,trader-04,trend_reader,8,buy,1,1,14.2,0,,161.58,4,171.26,4,8.08,1.6,227.26,14.2,14.5,14.7,14.0,,"Given the last traded price is $14.0 and my forecast indicates a slight upward movement to $14.2 for this period due to anticipated demand influenced by potential dividend payouts, I will place a buy order for 1 share at $14.2. This reflects my cautious optimism about continued upward price movement while maintaining a conservative position."
evolved-s140926,evolved,trader-05,reversion_rider,8,buy,1,1,14.8,0,,161.58,4,171.26,4,8.08,1.6,227.26,14.7,14.9,15.0,14.5,,"The momentum continues to be strong, and with the price currently at 14.7, I expect it to rise slightly further in the near term, forecasting 14.9 in 2 periods and 15.0 in 5 periods before a partial give-back toward 14.5 in 10 periods. I will place a buy order at 14.8 to capitalize on this anticipated upward movement, maintaining alignment with the market trend."
evolved-s140926,evolved,trader-06,trend_reader,8,buy,1,1,14.2,0,,161.58,4,171.26,4,8.08,1.6,227.26,14.1,14.4,14.7,14.0,,"Based on the last traded price of $14.0 and the recent upward trend, I expect the current market price to settle at around $14.1. My forecasts for the next periods indicate a gradual increase, reaching approximately $14.4 in two periods and $14.7 in five periods, before returning to the redemption value of $14.0 by ten periods. Therefore, I will place a buy order at $14.2 for 1 share, which aligns with my expectations and is within my cash limits."
evolved-s140926,evolved,trader-07,noise,8,buy,1,1,13.5,0,,161.58,4,171.26,4,8.08,1.6,227.26,13.0,14.0,14.0,14.0,,"I'm feeling impulsive and think the price might dip slightly below the last reference of $14. I want to buy because I feel like it and hope to catch a good deal. I'll submit a limit order to buy at $13.5, which feels like a good price to jump in."
evolved-s140926,evolved,trader-08,trend_reader,8,hold,0,0,0.0,0,,161.58,4,171.26,4,8.08,1.6,227.26,14.0,14.0,14.0,14.0,,"The last traded price is $14, which aligns with the fundamental value. There are no observable trends or signals suggesting a shift in price direction. Given my cautious trading approach and the lack of compelling reasons to deviate from my anchor, I will hold my position and wait for clearer signals in future periods."
evolved-s140926,evolved,trader-09,noise,8,buy,1,1,14.5,0,,161.58,4,171.26,4,8.08,1.6,227.26,13.5,14.0,14.0,14.0,,"I feel like the price might go higher than the last reference price of $14, so I'll guess $14.5. I'm impulsively deciding to buy one share since I'm eager to trade and I think the price could rise after this period."
evolved-s140926,evolved,trader-10,trend_reader,8,hold,0,0,0.0,0,,161.58,4,171.26,4,8.08,1.6,227.26,14.0,14.0,14.0,14.0,,"The last traded price is $14, which serves as my anchor. Given the consistent fundamental value and the absence of significant price movement, my forecasts remain unchanged at $14 for all horizons. I will hold my position, as my view does not deviate from the current price, and I prefer to wait for clearer opportunities in future periods."
evolved-s140926,evolved,trader-11,trend_reader,8,hold,0,0,0.0,0,,161.58,4,171.26,4,8.08,1.6,227.26,14.0,14.0,14.0,14.0,,"The last traded price remains stable at $14, and there has been no significant price movement observed in recent periods. Given the lack of momentum and the consistent reference price, I expect the price to hold steady at $14 in the near term. Holding my shares allows me to benefit from potential dividends while waiting for any future price movements. Therefore, I will maintain my current position without trading this period."
evolved-s140926,evolved,trader-00,noise,9,buy,1,1,13.0,0,,171.26,4,183.82,4,8.56,4.0,239.82,13.5,14.0,14.0,14.0,,"I feel like the price might dip slightly again, so I'm setting my limit price at $13.0. I'm impulsively looking to buy one more share to increase my holdings for potential dividends, despite the long-term outlook stabilizing around $14."
evolved-s140926,evolved,trader-01,trend_reader,9,buy,3,3,14.1,0,,171.26,4,183.82,4,8.56,4.0,239.82,14.2,14.4,14.6,14.0,,"The last traded price is $14.0, and I forecast a slight increase to $14.2 based on the recent trend. Given my current cash position of $171.26 (or 17126 cents), I can afford to buy shares at a price slightly below my forecast. I will set my limit price at $14.1 to balance my forecast and the last price. I believe the upward trend will continue, and buying 3 shares at this price aligns with my strategy to capitalize on this gradual increase."
evolved-s140926,evolved,trader-02,reversion_rider,9,buy,1,1,14.8,0,,171.26,4,183.82,4,8.56,4.0,239.82,14.7,15.0,15.5,14.0,,"The current price is $14.7, showing an upward momentum. I expect the price to continue rising slightly in the short term, forecasting $15.0 in 2 periods and $15.5 in 5 periods. Given my cash position, I will quote a buy at $14.8, which is just above the current price to ensure I get filled while aligning with my aggressive momentum trading strategy."
evolved-s140926,evolved,trader-03,trend_reader,9,buy,1,1,14.25,0,,171.26,4,183.82,4,8.56,4.0,239.82,14.0,14.5,15.0,14.0,,"Given the last traded price of $14.0 and my forecast indicating a slight upward drift to $14.5 in the next period and $15.0 in five periods, I see an opportunity to buy 1 share at $14.25. This price reflects my expectation of a modest rise in the market, allowing me to capitalize on potential future dividends while still maintaining a healthy cash reserve."
evolved-s140926,evolved,trader-04,trend_reader,9,buy,1,1,14.2,0,,171.26,4,183.82,4,8.56,4.0,239.82,14.2,14.5,14.8,14.0,,"Given the last traded price is $14.0 and my forecast indicates a slight upward movement to $14.2 due to potential dividend payouts influencing market sentiment, I believe there is a justification to buy 1 share at this price. My cash position allows for this trade, and I anticipate that this upward trend will continue, albeit modestly."
evolved-s140926,evolved,trader-05,reversion_rider,9,buy,1,1,14.9,0,,171.26,4,183.82,4,8.56,4.0,239.82,14.8,15.0,15.0,14.5,,"The current price is at 14.8, and I expect the momentum to continue slightly upwards, forecasting 15.0 in the next few periods and anticipating a partial give-back towards 14.5 in 10 periods. Therefore, I will place a buy order at 14.9, just above the current price, to capitalize on the expected upward movement while being mindful of the market trend."
evolved-s140926,evolved,trader-06,trend_reader,9,buy,1,1,14.2,0,,171.26,4,183.82,4,8.56,4.0,239.82,14.1,14.4,14.7,14.0,,"Based on the last traded price of $14.0 and the recent upward trend, I expect the current market price to settle at around $14.1. My forecasts for the next periods indicate a gradual increase, reaching approximately $14.4 in two periods and $14.7 in five periods, before returning to the redemption value of $14.0 by ten periods. Therefore, I will place a buy order at $14.2 for 1 share, which aligns with my expectations and is within my cash limits."
evolved-s140926,evolved,trader-07,noise,9,buy,1,1,13.0,0,,171.26,4,183.82,4,8.56,4.0,239.82,13.0,14.0,14.0,14.0,,"I'm feeling impulsive and think the price might dip slightly below the last reference of $14. I want to buy because I feel like it and hope to catch a good deal. I'll submit a limit order to buy at $13.0, which feels right in the moment."
evolved-s140926,evolved,trader-08,trend_reader,9,hold,0,0,0.0,0,,171.26,4,183.82,4,8.56,4.0,239.82,14.0,14.0,14.0,14.0,,"The last traded price is $14, which remains stable and aligns with the fundamental value. There are no observable trends or indications to deviate from this anchor, and I prefer to wait for clearer signals in future periods before making any trades."
evolved-s140926,evolved,trader-09,noise,9,buy,1,1,14.5,0,,171.26,4,183.82,4,8.56,4.0,239.82,13.5,14.0,14.0,14.0,,"I feel like the price might go a bit higher than the last reference price of $14, so I'll guess $14.5. I'm impulsively deciding to buy one share since I'm eager to trade and I think the price could rise after this period."
evolved-s140926,evolved,trader-10,trend_reader,9,hold,0,0,0.0,0,,171.26,4,183.82,4,8.56,4.0,239.82,14.0,14.0,14.0,14.0,,"The last traded price remains anchored at $14, which aligns with the stable fundamental value. Given the absence of significant price movement or trends, my forecasts for the immediate future remain unchanged at $14. Therefore, I will hold my position, as there are no clear opportunities to buy or sell at this time."
evolved-s140926,evolved,trader-11,trend_reader,9,hold,0,0,0.0,0,,171.26,4,183.82,4,8.56,4.0,239.82,14.0,14.0,14.0,14.0,,"The last traded price remains stable at $14 with no significant movement observed. Given the absence of momentum and stability around the reference price, I expect the price to hold steady at $14 in the near term. Holding my shares allows me to benefit from potential dividends while waiting for any future price movements. Therefore, I will maintain my current position without trading this period."
evolved-s140926,evolved,trader-00,noise,10,buy,1,1,13.0,0,,183.82,4,197.01,4,9.19,4.0,253.01,13.5,14.0,14.0,14.0,,"I feel like the price might dip slightly again, so I'm setting my limit price at $13.0. I want to buy one more share to increase my holdings for potential dividends, acting on my impulsive feeling right now."
evolved-s140926,evolved,trader-01,trend_reader,10,buy,3,3,14.1,0,,183.82,4,197.01,4,9.19,4.0,253.01,14.1,14.4,14.6,14.0,,"The last traded price is $14.0. Based on recent trends, I forecast a slight increase to $14.1 for the current period. I have a solid cash position and can afford to buy shares at this price. With my forecast indicating a gradual increase in the near future, buying 3 shares at $14.1 aligns with my strategy to capitalize on this upward movement."
evolved-s140926,evolved,trader-02,reversion_rider,10,buy,1,1,14.9,0,,183.82,4,197.01,4,9.19,4.0,253.01,14.8,15.0,15.5,14.0,,"The current price is $14.8, reflecting a strong upward momentum. I anticipate that the price will slightly increase in the short term, with a forecast of $15.0 in 2 periods and $15.5 in 5 periods. Given my cash position of $183.82, I will quote a buy at $14.9, which is just above the current price to ensure I get filled while aligning with my aggressive momentum trading strategy."
evolved-s140926,evolved,trader-03,trend_reader,10,buy,1,1,14.25,0,,183.82,4,197.01,4,9.19,4.0,253.01,14.25,14.5,15.0,14.0,,"Given the last traded price at $14.0 and my analysis indicating a slight upward drift to $14.25, I believe buying 1 share at this price is a reasonable decision. This price reflects my expectation of modest future increases in the market, allowing me to capitalize on expected dividends while maintaining a healthy cash reserve."
evolved-s140926,evolved,trader-04,trend_reader,10,buy,1,1,14.2,0,,183.82,4,197.01,4,9.19,4.0,253.01,14.2,14.5,14.8,14.0,,"Given the last traded price is $14.0 and my forecasts indicate a slight upward movement to $14.2 due to anticipated demand influenced by potential dividend payouts, I will place a buy order for 1 share at $14.2. My cash position allows for this trade, and I believe that the upward trend will continue, albeit modestly."
evolved-s140926,evolved,trader-05,reversion_rider,10,buy,1,1,15.0,0,,183.82,4,197.01,4,9.19,4.0,253.01,14.9,15.0,15.0,14.5,,"The current price is at 14.9, and I expect the momentum to continue slightly upwards with a forecast of 15.0 in the next few periods and a partial give-back towards 14.5 in 10 periods. Therefore, I will place a buy order at 15.0, just above the current price, to capitalize on the expected upward movement while being mindful of the market trend."
evolved-s140926,evolved,trader-06,trend_reader,10,buy,1,1,14.2,0,,183.82,4,197.01,4,9.19,4.0,253.01,14.1,14.4,14.7,14.0,,"The last traded price is $14.0, and based on the recent upward trend I expect a slight increase to around $14.1 for the current period. My forecasts for the next periods indicate a gradual increase, reaching approximately $14.4 in two periods and $14.7 in five periods, before returning to the redemption value of $14.0 by ten periods. Therefore, I will place a buy order at $14.2 for 1 share, which is within my cash limits and aligns with my forecast."
evolved-s140926,evolved,trader-07,noise,10,buy,1,1,13.5,0,,183.82,4,197.01,4,9.19,4.0,253.01,13.8,14.0,14.0,14.0,,"I'm feeling impulsive and think the price might dip slightly below the reference of $14. I want to keep trading and hope to catch a good deal, so I'll submit a limit order to buy at $13.5."
evolved-s140926,evolved,trader-08,trend_reader,10,hold,0,0,0.0,0,,183.82,4,197.01,4,9.19,4.0,253.01,14.0,14.0,14.0,14.0,,"The last traded price is $14, which aligns with the fundamental value. Given the lack of observable trends or compelling reasons to deviate from this anchor and my cautious trading approach, I will hold my shares and cash this period, waiting for clearer signals in future periods before making any trades."
evolved-s140926,evolved,trader-09,noise,10,buy,1,1,13.5,0,,183.82,4,197.01,4,9.19,4.0,253.01,13.2,14.0,14.0,14.0,,"I feel like the price might dip a bit from the last reference price of $14, so I'll guess $13.5. I'm impulsively deciding to buy one share since I want to keep trading and think the price could bounce back soon."
evolved-s140926,evolved,trader-10,trend_reader,10,hold,0,0,0.0,0,,183.82,4,197.01,4,9.19,4.0,253.01,14.0,14.0,14.0,14.0,,"The last traded price remains at $14, which serves as my anchor. Given the consistent fundamental value and the absence of significant price movement, my forecasts for the next periods remain unchanged at $14. Therefore, I will hold my position as my view does not deviate from the current price, and I prefer to wait for clearer opportunities in future periods."
evolved-s140926,evolved,trader-11,trend_reader,10,hold,0,0,0.0,0,,183.82,4,197.01,4,9.19,4.0,253.01,14.0,14.0,14.0,14.0,,"The last traded price remains anchored at $14, with no significant price movement observed in recent periods. Given the consistent reference price and the absence of momentum, I expect the price to hold steady at $14 in the near term. Holding my shares allows me to benefit from potential dividends while waiting for any future price movements. Therefore, I will maintain my current position without trading this period."
evolved-s140926,evolved,trader-00,noise,11,buy,1,1,13.0,0,,197.01,4,210.86,4,9.85,4.0,266.86,13.5,14.0,14.0,14.0,,"I feel like the price might dip slightly, so I'm setting my limit price at $13.0. I want to buy one more share to increase my holdings for potential dividends, and even though I think the long-term outlook stabilizes around $14, I'm acting on my impulsive feeling right now."
evolved-s140926,evolved,trader-01,trend_reader,11,buy,3,3,14.1,0,,197.01,4,210.86,4,9.85,4.0,266.86,14.1,14.4,14.6,14.0,,"The last traded price is $14.0, and I forecast a slight increase to $14.1 based on the recent trend. Given my current cash position of $197.01 (or 19701 cents), I can afford to buy shares at this price. With my forecast indicating a gradual increase in the near future, buying 3 shares at $14.1 aligns with my strategy to capitalize on this upward movement."
evolved-s140926,evolved,trader-02,reversion_rider,11,buy,1,1,14.9,0,,197.01,4,210.86,4,9.85,4.0,266.86,14.9,15.0,15.5,14.0,,"The current price is $14.8, reflecting a strong upward momentum. I anticipate that the price will continue to slightly increase in the short term, with a forecast of $15.0 in 2 periods and $15.5 in 5 periods. Given my cash position of $197.01, I will quote a buy at $14.9, which is just above the current price to ensure I get filled while aligning with my aggressive momentum trading strategy."
evolved-s140926,evolved,trader-03,trend_reader,11,buy,1,1,14.25,0,,197.01,4,210.86,4,9.85,4.0,266.86,14.25,14.5,15.0,14.0,,"Given the last traded price of $14.0, my analysis indicates a slight upward drift to $14.25 in this period. I expect a continued modest increase in the market with a forecast of $14.5 in two periods and $15.0 in five periods. Purchasing an additional share at $14.25 reflects my expectation of modest future increases, allowing me to capitalize on potential dividends while maintaining a healthy cash reserve."
evolved-s140926,evolved,trader-04,trend_reader,11,buy,1,1,14.2,0,,197.01,4,210.86,4,9.85,4.0,266.86,14.2,14.5,14.8,14.0,,"Given the last traded price of $14.0 and my forecast indicating a slight upward movement to $14.2 due to anticipated demand influenced by potential dividend payouts, I will place a buy order for 1 share at $14.2. This reflects my cautious optimism about continued upward price movement while maintaining a conservative position. My cash position allows for this trade, and I expect the upward trend to sustain."
evolved-s140926,evolved,trader-05,reversion_rider,11,buy,1,1,15.1,0,,197.01,4,210.86,4,9.85,4.0,266.86,15.0,15.0,15.0,14.5,,"The current price is at 15.0, and I expect the momentum to continue slightly upwards in the near term, forecasting 15.0 in the next few periods and anticipating a partial give-back towards 14.5 in 10 periods. Therefore, I will place a buy order at 15.1, just above the current price, to capitalize on the expected upward movement while being mindful of the market trend."
evolved-s140926,evolved,trader-06,trend_reader,11,buy,1,1,14.2,0,,197.01,4,210.86,4,9.85,4.0,266.86,14.1,14.4,14.7,14.0,,"Based on the last traded price of $14.0 and the recent upward trend, I expect the current market price to settle at around $14.1. My forecasts for the next periods indicate a gradual increase, reaching approximately $14.4 in two periods and $14.7 in five periods, before returning to the redemption value of $14.0 by ten periods. Therefore, I will place a buy order at $14.2 for 1 share, which aligns with my expectations and is within my cash limits."
evolved-s140926,evolved,trader-07,noise,11,buy,1,1,13.5,0,,197.01,4,210.86,4,9.85,4.0,266.86,13.5,14.0,14.0,14.0,,"I'm feeling impulsive and think the price might dip slightly below the initial reference of $14. I want to increase my holdings, so I'll submit a limit order to buy at $13.5, which feels like a good deal in the moment. This way, I can keep trading and possibly benefit from future price increases."
evolved-s140926,evolved,trader-08,trend_reader,11,hold,0,0,0.0,0,,197.01,4,210.86,4,9.85,4.0,266.86,14.0,14.0,14.0,14.0,,"The last traded price remains at $14, aligning with the fundamental value. Given the stable price and lack of observable trends or compelling reasons to deviate from my anchor, I will hold my position. I prefer to wait for clearer signals in future periods before making any trades."
evolved-s140926,evolved,trader-09,noise,11,buy,1,1,14.0,0,,197.01,4,210.86,4,9.85,4.0,266.86,13.0,14.0,14.0,14.0,,"I feel like the price might be around the last reference price of $14, but I think it could dip a little. Still, I'm impulsively deciding to buy one share since I want to keep trading and believe the price could bounce back after this period."
evolved-s140926,evolved,trader-10,trend_reader,11,hold,0,0,0.0,0,,197.01,4,210.86,4,9.85,4.0,266.86,14.0,14.0,14.0,14.0,,"The last traded price remains at $14, which serves as my anchor. Given the stable fundamental value and the absence of significant price movement, my forecasts for the next periods remain unchanged at $14. Therefore, I will hold my position as my view does not deviate from the current price, waiting for clearer opportunities in future periods."
evolved-s140926,evolved,trader-11,trend_reader,11,hold,0,0,0.0,0,,197.01,4,210.86,4,9.85,4.0,266.86,14.0,14.0,14.0,14.0,,"The last traded price is $14, which remains stable with no significant movement observed. Given the absence of momentum and the consistent reference price, I anticipate the price will hold steady at $14 in the near term. Holding my shares allows me to benefit from potential dividends while I wait for future price movements. Therefore, I will maintain my current position without trading this period."
evolved-s140926,evolved,trader-00,noise,12,buy,1,1,13.0,0,,210.86,4,223.0,4,10.54,1.6,279.0,13.0,14.0,14.0,14.0,,"I feel like the price might dip slightly again, so I'm setting my limit price at $13.0. I'm impulsively looking to buy one more share to increase my holdings for potential dividends, despite the long-term outlook stabilizing around $14."
evolved-s140926,evolved,trader-01,trend_reader,12,buy,3,3,14.2,0,,210.86,4,223.0,4,10.54,1.6,279.0,14.1,14.4,14.6,14.0,,"The last traded price is $14.0. Based on a slight upward trend, I forecast a current price of $14.1, with potential increases to $14.4 in two periods and $14.6 in five periods. Given my cash position of approximately $210.86 (or 21086 cents), I can afford to buy shares at a price slightly above my forecast. I will place a limit order at $14.2 to capitalize on the anticipated upward movement."
evolved-s140926,evolved,trader-02,reversion_rider,12,buy,1,1,14.9,0,,210.86,4,223.0,4,10.54,1.6,279.0,14.9,15.0,15.5,14.0,,"The current price is $14.8, and I expect the price to continue rising slightly in the short term, forecasting $15.0 in 2 periods and $15.5 in 5 periods based on recent upward momentum. Given my cash position of $197.01, I will quote a buy at $14.9, which is just above the current price to ensure I get filled while aligning with my aggressive momentum trading strategy."
evolved-s140926,evolved,trader-03,trend_reader,12,buy,1,1,14.25,0,,210.86,4,223.0,4,10.54,1.6,279.0,14.25,14.5,15.0,14.0,,"Given the last traded price at $14.0, my analysis indicates a slight upward drift to $14.25 in this period. I expect a continued modest increase in the market with a forecast of $14.5 in two periods and $15.0 in five periods. Purchasing an additional share at $14.25 reflects my expectation of modest future increases, allowing me to capitalize on potential dividends while maintaining a healthy cash reserve."
evolved-s140926,evolved,trader-04,trend_reader,12,buy,1,1,14.2,0,,210.86,4,223.0,4,10.54,1.6,279.0,14.2,14.5,14.7,14.0,,"Given the last traded price of $14.0 and my forecast indicating a slight upward movement to $14.2 due to anticipated demand influenced by potential dividend payouts, I will place a buy order for 1 share at $14.2. This decision reflects my cautious optimism about continued upward price movement while maintaining a conservative position. My cash position allows for this trade, and I expect the upward trend to sustain."
evolved-s140926,evolved,trader-05,reversion_rider,12,buy,1,1,15.2,0,,210.86,4,223.0,4,10.54,1.6,279.0,15.1,15.0,15.0,14.5,,"The current price is at 15.1, and I expect the momentum to continue in the near term, forecasting 15.0 in the next few periods with a slight upward trend. Therefore, I will place a buy order at 15.2, just above the current price, to capitalize on the anticipated upward movement while being mindful of the market trend."
evolved-s140926,evolved,trader-06,trend_reader,12,buy,1,1,14.2,0,,210.86,4,223.0,4,10.54,1.6,279.0,14.1,14.4,14.7,14.0,,"Based on the last traded price of $14.0 and the recent upward trend, I expect the current market price to settle at around $14.1. My forecasts for the next periods indicate a gradual increase, reaching approximately $14.4 in two periods and $14.7 in five periods, before returning to the redemption value of $14.0 by ten periods. Therefore, I will place a buy order at $14.2 for 1 share, as it aligns with my expectations and is within my cash limits."
evolved-s140926,evolved,trader-07,noise,12,buy,1,1,13.5,0,,210.86,4,223.0,4,10.54,1.6,279.0,13.5,13.0,14.0,14.0,,"I'm feeling impulsive and think the price might dip slightly below the reference of $14. I want to buy because I feel like it and hope to catch a good deal. I'll submit a limit order to buy at $13.5, which feels like a good opportunity to increase my holdings."
evolved-s140926,evolved,trader-08,trend_reader,12,hold,0,0,0.0,0,,210.86,4,223.0,4,10.54,1.6,279.0,14.0,14.0,14.0,14.0,,"The last traded price is $14, which aligns with the fundamental value. There are no observable trends or compelling reasons to deviate from my anchor at this time. Given my cautious approach and the stable environment, I will hold my current position of 4 shares and cash."
evolved-s140926,evolved,trader-09,noise,12,buy,1,1,14.5,0,,210.86,4,223.0,4,10.54,1.6,279.0,13.5,14.0,14.0,14.0,,"I feel like the price might go a bit higher than the last reference price of $14, so I'll guess $14.5. I'm impulsively deciding to buy one share since I want to keep trading, and I think the price could rise after this period."
evolved-s140926,evolved,trader-10,trend_reader,12,hold,0,0,0.0,0,,210.86,4,223.0,4,10.54,1.6,279.0,14.0,14.0,14.0,14.0,,"The last traded price remains at $14, which serves as my anchor. Given the stable fundamental value and the absence of significant market movement, my forecasts for the immediate future remain unchanged at $14. Therefore, I will hold my position, as my view does not deviate from the current price, and I prefer to wait for clearer opportunities in the following periods."
evolved-s140926,evolved,trader-11,trend_reader,12,hold,0,0,0.0,0,,210.86,4,223.0,4,10.54,1.6,279.0,14.0,14.0,14.0,14.0,,"The last traded price remains at $14, which is the stable reference price. Given the absence of any significant momentum and the consistent level of dividends received in previous periods, I expect the price to hold steady at $14 in the near term. Holding my shares allows me to benefit from potential dividends while waiting for possible future price movements. Therefore, I will maintain my current position without trading this period."
evolved-s140926,evolved,trader-00,noise,13,buy,1,1,13.0,0,,223.0,4,235.75,4,11.15,1.6,291.75,13.0,14.0,14.0,14.0,,"I feel like the price might dip slightly again, so I'm setting my limit price at $13.0. I'm impulsively looking to buy one more share to increase my holdings for potential dividends, despite the long-term outlook stabilizing around $14."
evolved-s140926,evolved,trader-01,trend_reader,13,buy,3,3,14.2,0,,223.0,4,235.75,4,11.15,1.6,291.75,14.2,14.4,14.6,14.0,,"The last traded price is $14.0. Based on the recent upward trend, I forecast a slight increase to $14.2 for this period. My current cash position allows me to purchase 3 shares at this price. I anticipate a gradual increase in the near future, making it a good opportunity to capitalize on the expected upward movement. Therefore, I will place a buy order for 3 shares at $14.2."
evolved-s140926,evolved,trader-02,reversion_rider,13,buy,1,1,15.0,0,,223.0,4,235.75,4,11.15,1.6,291.75,14.9,15.0,15.5,14.0,,"The current price shows a strong upward momentum at $14.9, and I expect this trend to continue slightly into the short term with a forecast of $15.0 in 2 periods and $15.5 in 5 periods. Therefore, I will quote a buy at $15.0 to increase my position, as this aligns with my aggressive momentum trading strategy while ensuring I get filled."
evolved-s140926,evolved,trader-03,trend_reader,13,buy,1,1,14.25,0,,223.0,4,235.75,4,11.15,1.6,291.75,14.25,14.5,15.0,14.0,,"Given the last traded price of $14.0, I see a slight upward drift to $14.25 as reasonable, reflecting my expectation of modest future increases. This price allows me to capitalize on expected dividends while still maintaining a healthy cash reserve. Buying now is a strategic move to enhance my position in anticipation of future price appreciation."
evolved-s140926,evolved,trader-04,trend_reader,13,buy,1,1,14.2,0,,223.0,4,235.75,4,11.15,1.6,291.75,14.2,14.5,14.8,14.0,,"Given the last traded price is $14.0 and there is a slight upward drift in my forecast to $14.2 due to potential dividend payouts influencing demand, I believe that buying 1 share at $14.2 is a justified decision. This reflects my cautious optimism about continued upward price movement while allowing me to take advantage of the anticipated price increase."
evolved-s140926,evolved,trader-05,reversion_rider,13,buy,1,1,15.1,0,,223.0,4,235.75,4,11.15,1.6,291.75,15.0,15.0,15.0,14.5,,"The current price is at 15.0, and I expect the momentum to continue slightly upwards in the near term, forecasting 15.0 in the next few periods before a partial give-back towards 14.5 in 10 periods. I will place a buy order at 15.1, just above the current price, to capitalize on the expected upward movement while being mindful of the market trend."
evolved-s140926,evolved,trader-06,trend_reader,13,buy,1,1,14.3,0,,223.0,4,235.75,4,11.15,1.6,291.75,14.1,14.4,14.7,14.0,,"Based on the last traded price of $14.0 and the recent upward trend, I expect the current market price to settle at around $14.1. My forecasts for the next two periods indicate a gradual increase to approximately $14.4 in two periods and $14.7 in five periods, before returning to the redemption value of $14.0 by ten periods. Therefore, I will place a buy order at $14.3 for 1 share, which aligns with my expectations and is within my cash limits."
evolved-s140926,evolved,trader-07,noise,13,buy,1,1,13.5,0,,223.0,4,235.75,4,11.15,1.6,291.75,13.6,14.0,14.0,14.0,,"I'm feeling impulsive and think the price might dip slightly below the reference of $14. I want to buy another share because I'm bored and hope to catch a good deal at $13.5, which feels like a fair price to jump in."
evolved-s140926,evolved,trader-08,trend_reader,13,hold,0,0,0.0,0,,223.0,4,235.75,4,11.15,1.6,291.75,14.0,14.0,14.0,14.0,,"The last traded price remains at $14, which aligns with the fundamental value. There are no observable trends or signals indicating a shift in price direction. Given my cautious trading approach and stable environment, I will hold my current position of 4 shares and cash, waiting for clearer signals in future periods before making any trades."
evolved-s140926,evolved,trader-09,noise,13,buy,1,1,13.5,0,,223.0,4,235.75,4,11.15,1.6,291.75,13.0,14.0,14.0,14.0,,"I feel like the price might dip a bit from the last reference price of $14, so I'll guess $13.5. I'm impulsively deciding to buy one share since I want to keep trading and I think the price could bounce back up soon."
evolved-s140926,evolved,trader-10,trend_reader,13,hold,0,0,0.0,0,,223.0,4,235.75,4,11.15,1.6,291.75,14.0,14.0,14.0,14.0,,"The last traded price remains anchored at $14, which aligns with the stable fundamental value. Given that there has been no significant price movement or change in market sentiment, my forecasts for the immediate future remain unchanged at $14. Therefore, I will hold my position as my view does not deviate from the current price, waiting for clearer opportunities in future periods."
evolved-s140926,evolved,trader-11,trend_reader,13,hold,0,0,0.0,0,,223.0,4,235.75,4,11.15,1.6,291.75,14.0,14.0,14.0,14.0,,"The last traded price is $14, with no significant movements observed in recent periods. The market has shown stability around this price, and I expect the price to hold steady at $14 for the immediate future. Holding my shares allows me to benefit from potential dividends while I wait for future price movements. Therefore, I will maintain my current position without trading this period."
evolved-s140926,evolved,trader-00,noise,14,buy,1,1,13.8,0,,235.75,4,249.14,4,11.79,1.6,305.14,13.6,14.0,14.0,14.0,,"I feel like the price might be slightly lower than the reference price, so I'm setting my limit price at $13.8 to buy one more share. Even though the fundamentals suggest it should stabilize around $14, I'm acting on my impulsive instincts for a short-term opportunity."
evolved-s140926,evolved,trader-01,trend_reader,14,buy,3,3,14.2,0,,235.75,4,249.14,4,11.79,1.6,305.14,14.1,14.4,14.6,14.0,,"The last traded price is $14.0, and I forecast a slight increase to $14.1 based on recent trends. Given my cash position of approximately $2829 (or 2829 cents), I can afford to buy shares at this price. I anticipate a gradual increase in the near future, making it a good opportunity to capitalize on the expected upward movement. Therefore, I will place a buy order for 3 shares at $14.2."
evolved-s140926,evolved,trader-02,reversion_rider,14,buy,1,1,15.0,0,,235.75,4,249.14,4,11.79,1.6,305.14,15.0,15.5,16.0,14.0,,"The current price is $14.9, reflecting strong upward momentum. I expect the price to continue to rise slightly, forecasting $15.0 in the next period, $15.5 in 2 periods, and $16.0 in 5 periods. Given my cash position of $235.75 and the current price, I will quote a buy at $15.0 for 1 share to increase my holdings while aligning with my aggressive momentum trading strategy and ensuring I get filled."
evolved-s140926,evolved,trader-03,trend_reader,14,hold,0,0,0.0,0,,235.75,4,249.14,4,11.79,1.6,305.14,14.0,14.5,15.0,14.0,,"Given the last traded price of $14.0 and the forecasts indicating a slight upward drift to $14.5 in two periods and $15.0 in five periods, I believe it is prudent to hold my current position of 4 shares. The market remains stable around the reference price, and my cash position is healthy. I will continue to monitor for clearer signals in future rounds, as there is no significant deviation to warrant buying or selling at this time."
evolved-s140926,evolved,trader-04,trend_reader,14,buy,1,1,14.2,0,,235.75,4,249.14,4,11.79,1.6,305.14,14.2,14.5,14.8,14.0,,"Given the last traded price of $14.0, I anticipate a slight upward movement to $14.2 due to potential dividend payouts influencing demand. My forecast shows a continued upward trend, and I have sufficient cash to buy one more share at this price, which reflects my cautious optimism about the immediate future."
evolved-s140926,evolved,trader-05,reversion_rider,14,buy,1,1,15.1,0,,235.75,4,249.14,4,11.79,1.6,305.14,15.0,15.0,15.0,14.5,,"The current price is at 15.0, and I expect the momentum to continue slightly upwards in the near term, forecasting 15.0 in the next few periods with a slight downward adjustment towards 14.5 in 10 periods. Therefore, I will place a buy order at 15.1, just above the current price, to capitalize on the anticipated upward movement while being mindful of the market trend."
evolved-s140926,evolved,trader-06,trend_reader,14,buy,1,1,14.2,0,,235.75,4,249.14,4,11.79,1.6,305.14,14.1,14.4,14.7,14.0,,"Based on the last traded price of $14.0 and the recent upward trend, I expect the current market price to settle at around $14.1. My forecasts for the next periods indicate a gradual increase, reaching approximately $14.4 in two periods and $14.7 in five periods, before returning to the redemption value of $14.0 by ten periods. Therefore, I will place a buy order at $14.2 for 1 share, as it aligns with my expectations and is within my cash limits."
evolved-s140926,evolved,trader-07,noise,14,buy,1,1,13.5,0,,235.75,4,249.14,4,11.79,1.6,305.14,13.6,14.0,14.0,14.0,,"I'm feeling impulsive again and think the price might dip slightly below the reference of $14. I want to buy another share because I'm bored and hope to catch a good deal at $13.5, which feels like a fair price to jump in."
evolved-s140926,evolved,trader-08,trend_reader,14,hold,0,0,0.0,0,,235.75,4,249.14,4,11.79,1.6,305.14,14.0,14.0,14.0,14.0,,"The last traded price is $14, which aligns with the fundamental value. There are no observable trends or signals suggesting a shift in price direction. Given my cautious trading approach and current position of 4 shares, I will hold my shares and cash this period, waiting for clearer signals in future periods before making any trades."
evolved-s140926,evolved,trader-09,noise,14,buy,1,1,14.5,0,,235.75,4,249.14,4,11.79,1.6,305.14,13.5,14.0,14.0,14.0,,"I'm feeling impulsive and think the price might go higher than $14, so I'll set my limit price at $14.5 and decide to buy one share. I want to keep trading since I have cash available, and I believe there's a chance for a price increase."
evolved-s140926,evolved,trader-10,trend_reader,14,hold,0,0,0.0,0,,235.75,4,249.14,4,11.79,1.6,305.14,14.0,14.0,14.0,14.0,,"The last traded price remains at $14, which serves as my anchor. Given the stable fundamental value and the absence of significant market movement, my forecasts for the immediate future remain unchanged at $14. Therefore, I will hold my position, as my view does not deviate from the current price, and I prefer to wait for clearer opportunities in future periods."
evolved-s140926,evolved,trader-11,trend_reader,14,hold,0,0,0.0,0,,235.75,4,249.14,4,11.79,1.6,305.14,14.0,14.0,14.0,14.0,,"The last traded price remains at $14, which has been consistent with the reference price. Given the lack of significant momentum and the stability observed in previous periods, I expect the price to hold steady at $14 over the next periods. Holding my shares allows me to benefit from potential dividends while waiting for future price movements. Therefore, I will maintain my current position without trading this period."
evolved-s140926,evolved,trader-00,noise,15,buy,1,1,13.0,0,,249.14,4,265.6,4,12.46,4.0,321.6,13.0,14.0,14.0,14.0,,"I feel like the price might dip slightly again, so I'm setting my limit price at $13.0. I'm impulsively looking to buy one more share to increase my holdings for potential dividends, despite the long-term outlook stabilizing around $14."
evolved-s140926,evolved,trader-01,trend_reader,15,buy,3,3,14.1,0,,249.14,4,265.6,4,12.46,4.0,321.6,14.1,14.4,14.6,14.0,,"The last traded price is $14.0, and I forecast a slight increase to $14.1 for this period based on recent trends. Given my current cash position of approximately $249.14 (or 24914 cents), I can afford to buy 3 shares at this price. I anticipate gradual increases in the near future, making it a good opportunity to capitalize on the expected upward movement. Purchasing at $14.1 aligns with my strategy to leverage the upward trend."
evolved-s140926,evolved,trader-02,reversion_rider,15,buy,1,1,15.0,0,,249.14,4,265.6,4,12.46,4.0,321.6,15.0,15.5,16.0,14.0,,"The current price is $14.9, reflecting strong upward momentum. I expect the price to continue to rise slightly, forecasting $15.0 in the next period, $15.5 in 2 periods, and $16.0 in 5 periods based on recent trends. Given my cash position of $235.75 and the current price, I will quote a buy at $15.0 for 1 share to increase my holdings while aligning with my aggressive momentum trading strategy and ensuring I get filled."
evolved-s140926,evolved,trader-03,trend_reader,15,buy,1,1,14.25,0,,249.14,4,265.6,4,12.46,4.0,321.6,14.25,14.5,15.0,14.0,,"Given the last traded price at $14.0 and my analysis indicating a slight upward drift to $14.25, I believe buying 1 additional share at this price is a reasonable decision. This price reflects my expectation of modest future increases in the market, allowing me to capitalize on expected dividends while maintaining a healthy cash reserve."
evolved-s140926,evolved,trader-04,trend_reader,15,buy,1,1,14.2,0,,249.14,4,265.6,4,12.46,4.0,321.6,14.2,14.5,14.7,14.0,,"Given the last traded price of $14.0 and my analysis indicating a slight upward movement to $14.2 due to potential dividend payouts influencing market sentiment, I believe buying 1 share at $14.2 is justified. My forecasts suggest continued upward pressure, and I have sufficient cash to execute this trade."
evolved-s140926,evolved,trader-05,reversion_rider,15,buy,1,1,15.2,0,,249.14,4,265.6,4,12.46,4.0,321.6,15.1,15.0,15.0,14.5,,"The current price is at 15.1, and I expect the momentum to continue slightly upwards, with a forecast of 15.0 in the next few periods before a partial give-back towards 14.5 in 10 periods. Therefore, I will place a buy order at 15.2, just above the current price, to capitalize on the anticipated upward movement while staying aligned with the market trend."
evolved-s140926,evolved,trader-06,trend_reader,15,buy,1,1,14.2,0,,249.14,4,265.6,4,12.46,4.0,321.6,14.1,14.4,14.7,14.0,,"Given the last traded price of $14.0 and the recent upward trend, I forecast a slight increase to $14.1 for the current period. My expectations for the next periods indicate continued growth, reaching approximately $14.4 in two periods and $14.7 in five periods, before settling back to the redemption value of $14.0 by ten periods. Therefore, I will place a buy order at $14.2 for 1 share, which fits within my cash limits and aligns with my forecast."
evolved-s140926,evolved,trader-07,noise,15,buy,1,1,13.0,0,,249.14,4,265.6,4,12.46,4.0,321.6,13.5,14.0,14.0,14.0,,"I'm feeling impulsive and think the price might dip slightly below the reference of $14. I want to buy because I'm bored and hope to catch a good deal. I'll submit a limit order to buy at $13.0, which feels right in the moment."
evolved-s140926,evolved,trader-08,trend_reader,15,hold,0,0,0.0,0,,249.14,4,265.6,4,12.46,4.0,321.6,14.0,14.0,14.0,14.0,,"The last traded price is $14, which I consider my anchor. There has been no observable trend or signal indicating a shift in price direction. The fundamental value remains at $14, and given my cautious trading approach and current position of 4 shares, I will hold my shares and cash this period, awaiting clearer signals in future periods."
evolved-s140926,evolved,trader-09,noise,15,buy,1,1,14.5,0,,249.14,4,265.6,4,12.46,4.0,321.6,13.0,14.0,14.0,14.0,,"I feel like the price might go a bit higher than the last reference price of $14, so I'm going to set my limit at $14.5 and buy one share. I'm eager to trade and think the price could rise."
evolved-s140926,evolved,trader-10,trend_reader,15,hold,0,0,0.0,0,,249.14,4,265.6,4,12.46,4.0,321.6,14.0,14.0,14.0,14.0,,"The last traded price is $14, which remains my anchor. Given the stable fundamental value and the absence of significant price movement in recent periods, my forecasts for the next periods remain unchanged at $14. Therefore, I will hold my position as there is no clear opportunity to buy or sell at this time."
evolved-s140926,evolved,trader-11,trend_reader,15,hold,0,0,0.0,0,,249.14,4,265.6,4,12.46,4.0,321.6,14.0,14.0,14.0,14.0,,"The last traded price remains stable at $14, which is also the reference price. Given the absence of significant price movements and a steady trend, I expect the price to hold steady at $14 over the next periods. Holding my shares allows me to benefit from potential dividends while waiting for any future price movements. Therefore, I will maintain my current position without trading this period."
evolved-s140926,evolved,trader-00,noise,16,buy,1,1,13.0,0,,265.6,4,280.48,4,13.28,1.6,336.48,13.0,14.0,14.0,14.0,,"I feel like the price might dip slightly, so I'm setting my limit price at $13.0. I want to buy one more share to increase my holdings for potential dividends, acting on my impulsive feeling right now."
evolved-s140926,evolved,trader-01,trend_reader,16,buy,3,3,14.2,0,,265.6,4,280.48,4,13.28,1.6,336.48,14.1,14.4,14.6,14.0,,"The last traded price is $14.0. Based on the recent upward trend and my forecast of $14.1 for this period, I anticipate a slight increase to $14.2 as a reasonable price to buy 3 shares. My cash position allows for this purchase, and I believe the upward momentum will continue, making it a good opportunity to capitalize on expected price movements."
evolved-s140926,evolved,trader-02,reversion_rider,16,buy,1,1,15.0,0,,265.6,4,280.48,4,13.28,1.6,336.48,15.0,15.5,16.0,14.0,,"The current price is $15.0, reflecting strong upward momentum. I expect the price to continue to rise slightly in the short term, forecasting $15.5 in 2 periods and $16.0 in 5 periods based on recent trends. Given my cash position of $265.60 and the current price, I will quote a buy at $15.0 for 1 share to increase my holdings while aligning with my aggressive momentum trading strategy and ensuring I get filled."
evolved-s140926,evolved,trader-03,trend_reader,16,buy,1,1,14.25,0,,265.6,4,280.48,4,13.28,1.6,336.48,14.25,14.5,15.0,14.0,,"Given the recent upward drift in prices and my forecast of a modest increase to $14.25, I believe buying 1 additional share at this price is reasonable. This price reflects my expectation of continued modest increases, allowing me to capitalize on potential future dividends while maintaining a healthy cash reserve."
evolved-s140926,evolved,trader-04,trend_reader,16,buy,1,1,14.2,0,,265.6,4,280.48,4,13.28,1.6,336.48,14.2,14.4,14.7,15.0,,"Considering the last traded price is $14.0 and my analysis projects a slight upward movement to $14.2, I believe it’s a good opportunity to buy 1 share at this price. The forecast indicates a continued upward trend influenced by potential dividends, and I have sufficient cash to make this purchase."
evolved-s140926,evolved,trader-05,reversion_rider,16,buy,1,1,15.3,0,,265.6,4,280.48,4,13.28,1.6,336.48,15.2,15.0,15.0,14.5,,"The current price is at 15.2, and I expect the momentum to continue slightly upwards. My forecast for the immediate next period (forecast_0) is 15.2, with expectations of reaching 15.0 in 2 periods and 15.0 in 5 periods before a partial give-back towards 14.5 in 10 periods. Therefore, I will place a buy order at 15.3, just above the current price, to capitalize on the expected upward movement while being mindful of the market trend."
evolved-s140926,evolved,trader-06,trend_reader,16,hold,0,0,0.0,0,,265.6,4,280.48,4,13.28,1.6,336.48,14.1,14.4,14.7,14.0,,"Based on the last traded price of $14.0 and the recent upward trend, I expect the current market price to settle at around $14.1. My forecasts for the next periods indicate a gradual increase, reaching approximately $14.4 in two periods and $14.7 in five periods, before returning to the redemption value of $14.0 by ten periods. Given that my current cash position and shares held suggest that I should hold off on trading this period."
evolved-s140926,evolved,trader-07,noise,16,buy,1,1,13.5,0,,265.6,4,280.48,4,13.28,1.6,336.48,13.5,14.0,14.0,14.0,,"I'm feeling impulsive and think the price might dip slightly below the initial reference of $14. I want to keep trading and hope to catch a good deal, so I'll submit a limit order to buy at $13.5, which feels like a fair price to jump in."
evolved-s140926,evolved,trader-08,trend_reader,16,hold,0,0,0.0,0,,265.6,4,280.48,4,13.28,1.6,336.48,14.0,14.0,14.0,14.0,,"The last traded price is $14, which is consistent with the fundamental value. There are no observable trends or compelling reasons to deviate from this anchor at this time. Given my current cautious approach and the fact that I hold 4 shares, I will hold my position and wait for clearer signals in future periods."
evolved-s140926,evolved,trader-09,noise,16,buy,1,1,13.5,0,,265.6,4,280.48,4,13.28,1.6,336.48,13.0,13.0,14.0,14.0,,"I feel like the price might dip a bit from the last reference price of $14, so I'm going to set my limit at $13.5 and buy one share. I want to keep trading since I have some cash available, and I think there's a chance for a price increase soon."
evolved-s140926,evolved,trader-10,trend_reader,16,hold,0,0,0.0,0,,265.6,4,280.48,4,13.28,1.6,336.48,14.0,14.0,14.0,14.0,,"The last traded price is $14, which continues to serve as my anchor. Given the stable fundamental value and the absence of significant price movement in recent periods, my forecasts for the next periods remain unchanged at $14. Therefore, I will hold my position, as I do not see a clear opportunity to buy or sell at this time, and I prefer to wait for clearer opportunities in future periods."
evolved-s140926,evolved,trader-11,trend_reader,16,hold,0,0,0.0,0,,265.6,4,280.48,4,13.28,1.6,336.48,14.0,14.0,14.0,14.0,,"The last traded price remains stable at $14, aligning with the reference price. Given the consistent market behavior and the absence of significant momentum, I expect the price to hold steady at $14 for the immediate future. Holding my shares allows me to benefit from potential dividends while waiting for any future price movements. Therefore, I will maintain my current position without trading this period."
evolved-s140926,evolved,trader-00,noise,17,buy,1,1,13.0,0,,280.48,4,296.1,4,14.02,1.6,352.1,13.5,14.0,14.0,14.0,,"I feel like the price might dip slightly below the reference price, so I'm setting my limit price at $13.0 to buy one more share. I'm impulsively looking to increase my holdings for potential dividends, even though I think it will stabilize around $14 in the long run."
evolved-s140926,evolved,trader-01,trend_reader,17,hold,0,0,0.0,0,,280.48,4,296.1,4,14.02,1.6,352.1,14.2,14.4,14.6,14.0,,"The last traded price is $14.0. Based on the recent upward trend, I forecast a slight increase to $14.2 for this period. However, given my current holdings of 4 shares and a solid cash position of approximately $28,048, I believe it is prudent to hold my position. The anticipated increases are not significant enough to justify buying or selling at this moment."
evolved-s140926,evolved,trader-02,reversion_rider,17,buy,1,1,15.0,0,,280.48,4,296.1,4,14.02,1.6,352.1,15.0,15.5,16.0,14.0,,"The current price is $15.0, reflecting strong upward momentum. I expect this trend to continue slightly into the short term, forecasting $15.5 in 2 periods and $16.0 in 5 periods based on recent trends. Given my cash position, I will quote a buy at $15.0 for 1 share to increase my holdings while aligning with my aggressive momentum trading strategy and ensuring I get filled."
evolved-s140926,evolved,trader-03,trend_reader,17,buy,1,1,14.25,0,,280.48,4,296.1,4,14.02,1.6,352.1,14.25,14.5,15.0,14.0,,"Given the last traded price of $14.0, I see a slight upward drift to $14.25 as reasonable. This price reflects my expectation of modest future increases, allowing me to capitalize on potential dividends while still maintaining a healthy cash reserve. Buying now is a strategic move to enhance my position in anticipation of future price appreciation."
evolved-s140926,evolved,trader-04,trend_reader,17,buy,1,1,14.2,0,,280.48,4,296.1,4,14.02,1.6,352.1,14.2,14.5,14.7,14.0,,"Given the last traded price is $14.0 and my analysis indicates a slight upward movement to $14.2 due to potential dividend payouts influencing demand. This reflects my cautious optimism about continued upward price movement. I have sufficient cash to buy one more share at this price, which allows me to take advantage of the anticipated price increase."
evolved-s140926,evolved,trader-05,reversion_rider,17,buy,1,1,15.4,0,,280.48,4,296.1,4,14.02,1.6,352.1,15.3,15.0,15.0,14.5,,"The current price is at 15.3, and I expect the momentum to continue slightly upwards. My immediate forecast (forecast_0) is 15.3, with expectations of reaching 15.0 in 2 periods and 15.0 in 5 periods before a partial give-back towards 14.5 in 10 periods. Therefore, I will place a buy order at 15.4, just above the current price, to capitalize on the expected upward movement while being mindful of the market trend."
evolved-s140926,evolved,trader-06,trend_reader,17,buy,1,1,14.2,0,,280.48,4,296.1,4,14.02,1.6,352.1,14.1,14.4,14.7,14.0,,"Given the last traded price of $14.0 and the recent upward trend, I forecast a slight increase to $14.1 for the current period. My expectations for the next periods indicate continued growth, reaching approximately $14.4 in two periods and $14.7 in five periods, before settling back to the redemption value of $14.0 by ten periods. Therefore, I will place a buy order at $14.2 for 1 share, which aligns with my forecast and is within my cash limits."
evolved-s140926,evolved,trader-07,noise,17,buy,2,2,13.5,0,,280.48,4,296.1,4,14.02,1.6,352.1,13.8,14.0,14.0,14.0,,I'm feeling impulsive and think the price might bounce back slightly from the last reference of $14. I'll submit a limit order to buy 2 shares at $13.5 because it feels like a good deal. I want to keep trading and increase my holdings.
evolved-s140926,evolved,trader-08,trend_reader,17,hold,0,0,0.0,0,,280.48,4,296.1,4,14.02,1.6,352.1,14.0,14.0,14.0,14.0,,"The last traded price is $14, which I consider my anchor. Given the stable price and lack of observable trends, as well as the fundamental value also being $14, I will hold my position of 4 shares and cash this period. I prefer to wait for clearer signals in future periods before making any trades."
evolved-s140926,evolved,trader-09,noise,17,buy,1,1,14.5,0,,280.48,4,296.1,4,14.02,1.6,352.1,13.5,14.0,14.0,14.0,,"I feel like the price might go a bit higher than the last reference price of $14, so I'm going to set my limit at $14.5 and buy one share. I'm eager to trade and think the price could rise."
evolved-s140926,evolved,trader-10,trend_reader,17,hold,0,0,0.0,0,,280.48,4,296.1,4,14.02,1.6,352.1,14.0,14.0,14.0,14.0,,"The last traded price remains anchored at $14, which corresponds with the stable fundamental value. Given the lack of significant price movement in recent periods and the absence of new information suggesting a change, my forecasts for now and the near future remain at $14. Therefore, I will hold my position, as there is no clear opportunity to buy or sell at this time, and I prefer to wait for clearer opportunities in future periods."
evolved-s140926,evolved,trader-11,trend_reader,17,hold,0,0,0.0,0,,280.48,4,296.1,4,14.02,1.6,352.1,14.0,14.0,14.0,14.0,,"The last traded price remains stable at $14 with no significant movement observed in recent periods. Given the consistent reference price and the absence of momentum, I expect the price to hold steady at $14 for the immediate future. Holding my shares allows me to benefit from potential dividends while waiting for possible future price movements. Therefore, I will maintain my current position without trading this period."
evolved-s140926,evolved,trader-00,noise,18,buy,1,1,13.0,0,,296.1,4,312.51,4,14.81,1.6,368.51,13.0,14.0,14.0,14.0,,"I feel like the price might dip slightly again, so I'm setting my limit price at $13.0. I'm impulsively looking to buy one more share to increase my holdings for potential dividends, despite the long-term outlook stabilizing around $14."
evolved-s140926,evolved,trader-01,trend_reader,18,buy,3,3,14.3,0,,296.1,4,312.51,4,14.81,1.6,368.51,14.2,14.4,14.6,14.0,,"The last traded price is $14.0. Given the recent upward trend, I forecast a current price of $14.2, with potential increases to $14.4 in two periods and $14.6 in five periods. My cash position allows me to purchase 3 shares at $14.3, which is slightly above my short-term forecast but aligns with the anticipated upward movement. This purchase will help leverage the expected price increase in the near future."
evolved-s140926,evolved,trader-02,reversion_rider,18,buy,1,1,15.0,0,,296.1,4,312.51,4,14.81,1.6,368.51,15.0,15.5,16.0,14.0,,"The current price is $15.0, reflecting strong upward momentum. I expect this trend to continue slightly into the short term, forecasting $15.5 in 2 periods and $16.0 in 5 periods based on recent trends. Given my cash position of $29,610, I will quote a buy at $15.0 for 1 share to increase my holdings while aligning with my aggressive momentum trading strategy and ensuring I get filled."
evolved-s140926,evolved,trader-03,trend_reader,18,hold,0,0,0.0,0,,296.1,4,312.51,4,14.81,1.6,368.51,14.0,14.5,15.0,14.0,,"Given the last traded price of $14.0 and my forecasts indicating a slight upward drift to $14.5 in two periods and $15.0 in five periods, I believe it is prudent to hold my current position of 4 shares. The market remains stable around the reference price, and my cash position is healthy. I will continue to monitor for clearer signals in future rounds, as there is no significant deviation to warrant buying or selling at this time."
evolved-s140926,evolved,trader-04,trend_reader,18,buy,1,1,14.2,0,,296.1,4,312.51,4,14.81,1.6,368.51,14.2,14.5,14.7,14.0,,"Given the last traded price is $14.0 and my analysis indicates a slight upward movement to $14.2 due to potential dividend payouts influencing demand, I believe buying 1 share at this price is justified. My forecast shows a continued upward trend, and I have sufficient cash to make this purchase while capitalizing on anticipated price increases."
evolved-s140926,evolved,trader-05,reversion_rider,18,buy,1,1,15.4,0,,296.1,4,312.51,4,14.81,1.6,368.51,15.3,15.0,15.0,14.5,,"The current price is at 15.3, and I expect the momentum to continue slightly upwards, with my forecast for the immediate next period (forecast_0) at 15.3 and 15.0 in 2 and 5 periods, followed by a partial give-back towards 14.5 in 10 periods. Therefore, I will place a buy order at 15.4, just above the current price, to capitalize on the expected upward movement while being mindful of the market trend."
evolved-s140926,evolved,trader-06,trend_reader,18,buy,1,1,14.2,0,,296.1,4,312.51,4,14.81,1.6,368.51,14.1,14.4,14.7,14.0,,"Given the last traded price of $14.0 and the recent upward trend, I expect the current market price to settle at around $14.1. My forecasts indicate a gradual increase to approximately $14.4 in two periods and $14.7 in five periods, before returning to the redemption value of $14.0 by ten periods. Therefore, I will place a buy order at $14.2 for 1 share, which aligns with my forecast and is within my cash limits."
evolved-s140926,evolved,trader-07,noise,18,buy,2,2,13.5,0,,296.1,4,312.51,4,14.81,1.6,368.51,13.6,14.0,14.0,14.0,,"I'm feeling impulsive and think the price might dip slightly below the reference of $14. I want to keep trading and increase my holdings, so I'll submit a limit order to buy 2 shares at $13.5, which feels like a good deal. I want to take advantage of the current price and add to my shares."
evolved-s140926,evolved,trader-08,trend_reader,18,hold,0,0,0.0,0,,296.1,4,312.51,4,14.81,1.6,368.51,14.0,14.0,14.0,14.0,,"The last traded price is $14, which aligns with the fundamental value. There are no observable trends or compelling reasons to deviate from this anchor at this time. Given my cautious trading approach and the fact that I hold 4 shares, I will hold my position and wait for clearer signals in future periods."
evolved-s140926,evolved,trader-09,noise,18,buy,1,1,14.5,0,,296.1,4,312.51,4,14.81,1.6,368.51,13.5,14.0,14.0,14.0,,"I feel like the price might go a bit higher than the last reference price of $14, so I'm going to set my limit at $14.5 and buy one share. I'm eager to trade since I have cash available, and I think the price could rise after this period."
evolved-s140926,evolved,trader-10,trend_reader,18,hold,0,0,0.0,0,,296.1,4,312.51,4,14.81,1.6,368.51,14.0,14.0,14.0,14.0,,"The last traded price remains at $14, which serves as my anchor. Given the stable fundamental value and the absence of significant market movement or changes in sentiment, my forecasts for the immediate future remain unchanged at $14. Therefore, I will hold my position, as my view does not deviate from the current price, and I prefer to wait for clearer opportunities in future periods."
evolved-s140926,evolved,trader-11,trend_reader,18,hold,0,0,0.0,0,,296.1,4,312.51,4,14.81,1.6,368.51,14.0,14.0,14.0,14.0,,"The last traded price remains stable at $14, which aligns with the reference price. Given the absence of significant momentum, I expect the price to hold steady at $14 in the near term. Holding my shares allows me to benefit from potential dividends while waiting for future price movements. Therefore, I will maintain my current position without trading this period."
evolved-s140926,evolved,trader-00,noise,19,buy,1,1,13.2,0,,312.51,4,329.74,4,15.63,1.6,385.74,13.2,14.0,14.0,14.0,,"I feel like the price might dip a bit from the last reference price, so I'm setting my limit price a little lower at $13.2. I'm feeling impulsive and want to buy one more share to increase my holdings for potential dividends, despite the long-term outlook stabilizing around $14."
evolved-s140926,evolved,trader-01,trend_reader,19,buy,3,3,14.3,0,,312.51,4,329.74,4,15.63,1.6,385.74,14.3,14.4,14.6,14.0,,"The last traded price is $14.0. Given the recent upward trend, I forecast a slight increase to $14.3 for this period. My current cash position allows me to purchase 3 shares at this price, which aligns with my strategy to capitalize on expected upward movements. This purchase will help leverage the anticipated price increase in the near future."
evolved-s140926,evolved,trader-02,reversion_rider,19,buy,1,1,15.0,0,,312.51,4,329.74,4,15.63,1.6,385.74,15.0,15.5,16.0,14.0,,"The current price is $15.0, reflecting strong upward momentum. I expect the price to continue to rise slightly in the short term, forecasting $15.5 in 2 periods and $16.0 in 5 periods based on recent trends. Given my cash position of $29,610, I will quote a buy at $15.0 for 1 share to increase my holdings while aligning with my aggressive momentum trading strategy and ensuring I get filled."
evolved-s140926,evolved,trader-03,trend_reader,19,buy,1,1,14.25,0,,312.51,4,329.74,4,15.63,1.6,385.74,14.25,14.5,15.0,14.0,,"Given the last traded price of $14.0 and my forecast indicating a slight upward drift to $14.25, I believe buying 1 additional share at this price is a reasonable decision. This price reflects my expectation of modest future increases, allowing me to capitalize on expected dividends while maintaining a healthy cash reserve."
evolved-s140926,evolved,trader-04,trend_reader,19,buy,1,1,14.2,0,,312.51,4,329.74,4,15.63,1.6,385.74,14.2,14.5,14.7,14.0,,"Given the last traded price of $14.0 and my forecast indicating a slight upward movement to $14.2 due to anticipated demand influenced by potential dividend payouts, I believe buying 1 share at this price is justified. The upward trend appears to be continuing, and I have sufficient cash to execute this trade."
evolved-s140926,evolved,trader-05,reversion_rider,19,buy,2,2,15.3,0,,312.51,4,329.74,4,15.63,1.6,385.74,15.2,15.0,15.0,14.5,,"The current price is at 15.2, and I expect the momentum to continue slightly upwards, with a forecast of 15.0 in 2 and 5 periods before a partial give-back towards 14.5 in 10 periods. Given my current cash position of $312.51, I can afford to buy 2 shares at a limit price of 15.3, which is just above the current price to capitalize on the expected upward movement while being aligned with the market trend."
evolved-s140926,evolved,trader-06,trend_reader,19,buy,1,1,14.2,0,,312.51,4,329.74,4,15.63,1.6,385.74,14.1,14.4,14.7,14.0,,"Based on the last traded price of $14.0 and the recent upward trend, I expect the current market price to be around $14.1. My forecasts for the next periods indicate continued growth, reaching approximately $14.4 in two periods and $14.7 in five periods, before returning to the redemption value of $14.0 by ten periods. Therefore, I will place a buy order at $14.2 for 1 share, as it aligns with my forecast and is within my cash limits."
evolved-s140926,evolved,trader-07,noise,19,buy,1,1,13.5,0,,312.51,4,329.74,4,15.63,1.6,385.74,13.5,14.0,14.0,14.0,,"I'm feeling impulsive and think the price might dip slightly below the reference of $14. I want to buy because I'm bored and hope to catch a good deal. I'll submit a limit order to buy at $13.5, which feels like a fair price to jump in."
evolved-s140926,evolved,trader-08,trend_reader,19,hold,0,0,0.0,0,,312.51,4,329.74,4,15.63,1.6,385.74,14.0,14.0,14.0,14.0,,"The last traded price is $14, which aligns with the fundamental value. There are no observable trends or signals indicating a shift in price direction. Given my cautious trading approach and the stable environment, I will hold my current position of 4 shares and cash, waiting for clearer signals in future periods before making any trades."
evolved-s140926,evolved,trader-09,noise,19,buy,1,1,14.5,0,,312.51,4,329.74,4,15.63,1.6,385.74,13.5,14.0,14.0,14.0,,"I feel like the price might go a bit higher than the last reference price of $14, so I'm going to set my limit at $14.5 and buy one share to keep trading and to take advantage of a potential price increase."
evolved-s140926,evolved,trader-10,trend_reader,19,hold,0,0,0.0,0,,312.51,4,329.74,4,15.63,1.6,385.74,14.0,14.0,14.0,14.0,,"The last traded price is $14, which continues to serve as my anchor. Given the stable fundamental value and the absence of significant market movement, my forecasts for the immediate future remain unchanged at $14. Therefore, I will hold my position, as my view does not deviate from the current price, and I prefer to wait for clearer opportunities in future periods."
evolved-s140926,evolved,trader-11,trend_reader,19,hold,0,0,0.0,0,,312.51,4,329.74,4,15.63,1.6,385.74,14.0,14.0,14.0,14.0,,"The last traded price remains anchored at $14, with no significant price movement observed in recent periods. Given the consistent reference price and the absence of momentum, I expect the price to hold steady at $14 for the immediate future. Holding my shares allows me to benefit from potential dividends while waiting for any future price movements. Therefore, I will maintain my current position without trading this period."
evolved-s140926,evolved,trader-00,noise,20,buy,1,1,13.5,0,,329.74,4,347.83,4,16.49,1.6,403.83,13.5,14.0,14.0,14.0,,"I feel like the price might dip a little below the last reference, so I'm setting my limit price at $13.5 to impulsively buy one more share. Even though I think it could stabilize around $14 in the long run, I want to act on my gut feeling for a potential short-term opportunity."
evolved-s140926,evolved,trader-01,trend_reader,20,buy,3,3,14.3,0,,329.74,4,347.83,4,16.49,1.6,403.83,14.2,14.4,14.6,14.0,,"The last traded price is $14.0. Given the recent upward trend, I forecast the current price to be around $14.2, with potential increases to $14.4 in two periods and $14.6 in five periods. My cash position allows me to purchase 3 shares at $14.3, which is slightly above my short-term forecast but aligns with the anticipated upward movement. This purchase will help leverage the expected price increase in the near future."
evolved-s140926,evolved,trader-02,reversion_rider,20,buy,1,1,15.0,0,,329.74,4,347.83,4,16.49,1.6,403.83,15.0,15.5,16.0,14.0,,"The current price is at $15.0, reflecting strong upward momentum. Given my aggressive momentum trading strategy, I expect the price to hold or slightly increase, with forecasts of $15.5 in 2 periods and $16.0 in 5 periods. I will quote a buy at $15.0 for 1 share, ensuring I align with the momentum while still getting filled."
evolved-s140926,evolved,trader-03,trend_reader,20,hold,0,0,0.0,0,,329.74,4,347.83,4,16.49,1.6,403.83,14.0,14.5,15.0,14.0,,"Given the last traded price of $14.0 and my forecast indicating a slight upward drift to $14.5 in two periods and $15.0 in five periods, I believe it is prudent to hold my current position of 4 shares. The market remains stable around the reference price, and my cash position is healthy. I will continue to monitor for clearer signals in future rounds, as there is no significant deviation to warrant buying or selling at this time."
evolved-s140926,evolved,trader-04,trend_reader,20,buy,1,1,14.2,0,,329.74,4,347.83,4,16.49,1.6,403.83,14.2,14.5,14.7,14.0,,"Given the last traded price is $14.0 and my analysis indicates a slight upward movement to $14.2 due to potential dividend payouts influencing demand. I believe buying 1 share at this price is justified as my forecasts suggest continued upward pressure, and I have sufficient cash to execute this trade."
evolved-s140926,evolved,trader-05,reversion_rider,20,buy,2,2,15.2,0,,329.74,4,347.83,4,16.49,1.6,403.83,15.1,15.0,15.0,14.5,,"The current price is at 15.1, and I expect the momentum to continue slightly upwards, forecasting 15.0 in the next few periods before a partial give-back towards 14.5 in 10 periods. Given my current cash position of $329.74, I can afford to buy 2 shares at a limit price of 15.2, which is just above the current price to capitalize on the expected upward movement while being aligned with the market trend."
evolved-s140926,evolved,trader-06,trend_reader,20,buy,1,1,14.2,0,,329.74,4,347.83,4,16.49,1.6,403.83,14.1,14.4,14.7,14.0,,"Given the last traded price of $14.0 and the recent upward trend, I expect the current market price to be around $14.1. My forecasts for the next periods indicate growth, reaching approximately $14.4 in two periods and $14.7 in five periods, before settling back to the redemption value of $14.0 by ten periods. Therefore, I will place a buy order at $14.2 for 1 share, which aligns with my forecast and is within my cash limits."
evolved-s140926,evolved,trader-07,noise,20,buy,1,1,13.0,0,,329.74,4,347.83,4,16.49,1.6,403.83,13.5,14.0,14.0,14.0,,"I'm feeling impulsive and think the price might dip again slightly below $14. I want to buy because I'm bored and hope to catch a good deal. I'll submit a limit order to buy at $13.0, which feels right in the moment."
evolved-s140926,evolved,trader-08,trend_reader,20,hold,0,0,0.0,0,,329.74,4,347.83,4,16.49,1.6,403.83,14.0,14.0,14.0,14.0,,"The last traded price is $14, which is consistent with the fundamental value. I see no observable trends or compelling reasons to deviate from this anchor at this time. Given my cautious trading approach and my current position of 4 shares, holding seems to be the best decision. I will wait for clearer signals in future periods before making any trades."
evolved-s140926,evolved,trader-09,noise,20,buy,1,1,14.5,0,,329.74,4,347.83,4,16.49,1.6,403.83,14.5,14.0,14.0,14.0,,"I feel like the price might go a bit higher than the last reference price of $14, so I'm going to impulsively decide to buy one share at $14.5. I want to keep trading and take advantage of a potential price increase."
evolved-s140926,evolved,trader-10,trend_reader,20,hold,0,0,0.0,0,,329.74,4,347.83,4,16.49,1.6,403.83,14.0,14.0,14.0,14.0,,"The last traded price remains at $14, which serves as my anchor. Given the stable fundamental value and the absence of significant market movement, my forecasts for the immediate future remain unchanged at $14. Therefore, I will hold my position as my view does not deviate from the current price, and I prefer to wait for clearer opportunities in future periods."
evolved-s140926,evolved,trader-11,trend_reader,20,hold,0,0,0.0,0,,329.74,4,347.83,4,16.49,1.6,403.83,14.0,14.0,14.0,14.0,,"The last traded price remains anchored at $14, which aligns with the reference price. Given the consistent market behavior and the absence of significant momentum, I expect the price to hold steady at $14 for the immediate future. Holding my shares allows me to benefit from potential dividends while waiting for possible future price movements. Therefore, I will maintain my current position without trading this period."
evolved-s140926,evolved,trader-00,noise,21,buy,1,1,13.0,0,,347.83,4,366.82,4,17.39,1.6,422.82,13.0,14.0,14.0,14.0,,"I feel like the price might dip slightly below the reference price, so I'm setting my limit price at $13.0 to buy one more share. I'm impulsively looking to increase my holdings for potential dividends, even though I think it will stabilize around $14 in the long run."
evolved-s140926,evolved,trader-01,trend_reader,21,buy,3,3,14.3,0,,347.83,4,366.82,4,17.39,1.6,422.82,14.3,14.4,14.6,14.0,,"The last traded price is $14.0 and I forecast a current price of $14.3 based on the recent upward trends. The forecasts indicate a gradual increase, and my cash position allows me to purchase 3 shares at this price. Buying now positions me to capitalize on expected upward movements in the coming periods."
evolved-s140926,evolved,trader-02,reversion_rider,21,buy,1,1,15.0,0,,347.83,4,366.82,4,17.39,1.6,422.82,15.0,15.5,16.0,14.0,,"The current price is $15.0, reflecting strong upward momentum. I expect this trend to continue slightly into the short term, forecasting $15.5 in 2 periods and $16.0 in 5 periods based on recent trends. Given my cash position of $29,610, I will quote a buy at $15.0 for 1 share to increase my holdings while aligning with my aggressive momentum trading strategy and ensuring I get filled."
evolved-s140926,evolved,trader-03,trend_reader,21,buy,1,1,14.25,0,,347.83,4,366.82,4,17.39,1.6,422.82,14.25,14.5,15.0,14.0,,"Given the last traded price of $14.0, I see a slight upward drift to $14.25 as reasonable. This price reflects my expectation of modest future increases, allowing me to capitalize on potential dividends while still maintaining a healthy cash reserve. Buying now is a strategic move to enhance my position in anticipation of future price appreciation."
evolved-s140926,evolved,trader-04,trend_reader,21,buy,1,1,14.2,0,,347.83,4,366.82,4,17.39,1.6,422.82,14.2,14.5,14.7,14.0,,"Given the last traded price of $14.0 and my analysis indicating a slight upward movement to $14.2 due to anticipated demand influenced by potential dividend payouts, I believe buying 1 share at this price is justified. My forecasts suggest continued upward pressure, and I have sufficient cash to execute this trade while capitalizing on anticipated price increases."
evolved-s140926,evolved,trader-05,reversion_rider,21,buy,2,2,15.4,0,,347.83,4,366.82,4,17.39,1.6,422.82,15.3,15.0,15.0,14.0,,"The current price is at 15.3, and I expect the momentum to continue slightly upwards, forecasting 15.3 for this period and 15.0 for the next few periods before a partial give-back towards 14.0 in 10 periods. Given my current cash position of approximately $347.83, I can afford to buy 2 shares at a limit price of 15.4, which is just above the current price. This positions me to capitalize on the expected upward movement."
evolved-s140926,evolved,trader-06,trend_reader,21,buy,1,1,14.2,0,,347.83,4,366.82,4,17.39,1.6,422.82,14.1,14.4,14.7,14.0,,"Given the last traded price of $14.0 and the recent upward trend, I expect the current market price to be around $14.1. My forecasts for the next periods indicate growth, reaching approximately $14.4 in two periods and $14.7 in five periods, before settling back to the redemption value of $14.0 by ten periods. Therefore, I will place a buy order at $14.2 for 1 share, which aligns with my expectations and is within my cash limits."
evolved-s140926,evolved,trader-07,noise,21,buy,2,2,13.5,0,,347.83,4,366.82,4,17.39,1.6,422.82,13.8,14.0,14.0,14.0,,"I'm feeling impulsive and think the price might dip slightly below the reference of $14. I want to keep trading and increase my holdings, so I'll submit a limit order to buy 2 shares at $13.5, which feels like a good deal. I want to take advantage of the current price and add to my shares."
evolved-s140926,evolved,trader-08,trend_reader,21,hold,0,0,0.0,0,,347.83,4,366.82,4,17.39,1.6,422.82,14.0,14.0,14.0,14.0,,"The last traded price remains at $14, which aligns with the fundamental value. Given the stable price and lack of observable trends or compelling reasons to deviate from this anchor, I will hold my position of 4 shares and cash this period. I prefer to wait for clearer signals in future periods before making any trades."
evolved-s140926,evolved,trader-09,noise,21,buy,1,1,14.5,0,,347.83,4,366.82,4,17.39,1.6,422.82,13.0,14.0,14.0,14.0,,I feel like the price might bounce back a bit from the last reference price of $14. I'm impulsively deciding to buy one share since I want to keep trading and think the price could rise after this period.
evolved-s140926,evolved,trader-10,trend_reader,21,hold,0,0,0.0,0,,347.83,4,366.82,4,17.39,1.6,422.82,14.0,14.0,14.0,14.0,,"The last traded price is $14, which continues to serve as my anchor. Given the stable fundamental value and the absence of significant market movement, my forecasts for the immediate future remain unchanged at $14. Therefore, I will hold my position as my view does not deviate from the current price, and I prefer to wait for clearer opportunities in future periods."
evolved-s140926,evolved,trader-11,trend_reader,21,hold,0,0,0.0,0,,347.83,4,366.82,4,17.39,1.6,422.82,14.0,14.0,14.0,14.0,,"The last traded price remains anchored at $14, with no significant price movement observed in recent periods. Given the consistent reference price and the absence of momentum, I expect the price to hold steady at $14 for the immediate future. Holding my shares allows me to benefit from potential dividends while waiting for future price movements. Therefore, I will maintain my current position without trading this period."
evolved-s140926,evolved,trader-00,noise,22,buy,1,1,13.2,0,,366.82,4,386.76,4,18.34,1.6,442.76,13.2,14.0,14.0,14.0,,"I feel like the price might dip slightly from the last reference, so I'm setting my limit price a little lower at $13.2. I'm feeling impulsive and want to buy one more share to increase my holdings for potential dividends, despite the long-term outlook stabilizing around $14."
evolved-s140926,evolved,trader-01,trend_reader,22,buy,3,3,14.3,0,,366.82,4,386.76,4,18.34,1.6,442.76,14.3,14.4,14.6,14.0,,"The last traded price is $14.0. Based on the recent upward trend, I forecast the current price to be around $14.3, with potential increases to $14.4 in two periods and $14.6 in five periods. My cash position allows me to purchase 3 shares at this price, which aligns with my strategy to capitalize on expected upward movements. This purchase will help leverage the anticipated price increase in the near future."
evolved-s140926,evolved,trader-02,reversion_rider,22,buy,1,1,15.0,0,,366.82,4,386.76,4,18.34,1.6,442.76,15.0,15.5,16.0,14.0,,"The current price is at $15.0, reflecting strong upward momentum. I expect this trend to continue slightly into the short term, with forecasts of $15.5 in 2 periods and $16.0 in 5 periods. Therefore, I will quote a buy at $15.0 for 1 share to increase my holdings while aligning with my aggressive momentum trading strategy and ensuring I get filled."
evolved-s140926,evolved,trader-03,trend_reader,22,buy,1,1,14.25,0,,366.82,4,386.76,4,18.34,1.6,442.76,14.25,14.5,15.0,14.0,,"Given the last traded price of $14.0 and my analysis indicating a slight upward drift to $14.25, I believe buying 1 additional share at this price is a reasonable decision. This price reflects my expectation of modest future increases in the market, allowing me to capitalize on expected dividends while maintaining a healthy cash reserve."
evolved-s140926,evolved,trader-04,trend_reader,22,buy,1,1,14.2,0,,366.82,4,386.76,4,18.34,1.6,442.76,14.2,14.5,14.7,14.0,,"Given the last traded price is $14.0, I anticipate a slight upward movement to $14.2 due to potential demand influenced by forthcoming dividend payouts. My analysis indicates a cautious optimism about continued upward price movement, and I have sufficient cash to buy one more share at this price. This decision aligns with my past trading patterns, which suggest a consistent upward drift in market sentiment."
evolved-s140926,evolved,trader-05,reversion_rider,22,buy,2,2,15.5,0,,366.82,4,386.76,4,18.34,1.6,442.76,15.4,15.0,15.0,14.5,,"The current price is at 15.4, and I expect the upward momentum to continue slightly in the immediate term, forecasting 15.4 for this period and 15.0 in the next few periods before a partial give-back towards 14.5 in 10 periods. Given my cash position of $366.82 and the current trend, I can afford to buy 2 shares at a limit price of 15.5, which is just above the current price to capitalize on the expected upward movement."
evolved-s140926,evolved,trader-06,trend_reader,22,buy,1,1,14.2,0,,366.82,4,386.76,4,18.34,1.6,442.76,14.1,14.4,14.7,14.0,,"Given the last traded price of $14.0 and the recent upward trend, I expect the current market price to settle at around $14.1. My forecasts for the next periods indicate growth to approximately $14.4 in two periods and $14.7 in five periods, before returning to the redemption value of $14.0 by ten periods. Therefore, I will place a buy order at $14.2 for 1 share, which aligns with my expectations and is within my cash limits."
evolved-s140926,evolved,trader-07,noise,22,buy,2,2,13.0,0,,366.82,4,386.76,4,18.34,1.6,442.76,13.5,14.0,14.0,14.0,,"I'm feeling impulsive and think the price might dip slightly below the reference of $14. I want to keep trading and increase my holdings, so I'll submit a limit order to buy 2 shares at $13.0, which feels like a good deal. I want to take advantage of the current price and add to my shares while I still can."
evolved-s140926,evolved,trader-08,trend_reader,22,hold,0,0,0.0,0,,366.82,4,386.76,4,18.34,1.6,442.76,14.0,14.0,14.0,14.0,,"The last traded price remains at $14, which aligns with the fundamental value. There are no observable trends or signals indicating a shift in price direction. Given my cautious trading approach and current position of 4 shares, I will hold my shares and cash this period, waiting for clearer signals in future periods before making any trades."
evolved-s140926,evolved,trader-09,noise,22,buy,1,1,14.5,0,,366.82,4,386.76,4,18.34,1.6,442.76,13.5,14.0,14.0,14.0,,"I feel like the price might bounce back a bit from the last reference price of $14, so I'm going to set my limit at $14.5 and impulsively decide to buy one share. I want to keep trading and think the price could rise after this period."
evolved-s140926,evolved,trader-10,trend_reader,22,hold,0,0,0.0,0,,366.82,4,386.76,4,18.34,1.6,442.76,14.0,14.0,14.0,14.0,,"The last traded price remains anchored at $14, which aligns with the consistent fundamental value. Given the absence of significant price movement or market sentiment changes, my forecasts for the immediate future remain stable at $14. Therefore, I will hold my position, as my view does not deviate from the current price, and I prefer to wait for clearer opportunities in future periods."
evolved-s140926,evolved,trader-11,trend_reader,22,hold,0,0,0.0,0,,366.82,4,386.76,4,18.34,1.6,442.76,14.0,14.0,14.0,14.0,,"The last traded price remains stable at $14, with no significant movement observed in recent periods. Given the consistent reference price and the absence of momentum, I expect the price to hold steady at $14 in the near term. Holding my shares allows me to benefit from potential dividends while waiting for future price movements. Therefore, I will maintain my current position without trading this period."
evolved-s140926,evolved,trader-00,noise,23,buy,1,1,13.5,0,,386.76,4,407.7,4,19.34,1.6,463.7,13.8,14.0,14.0,14.0,,"I feel like the price might dip slightly below the last reference, so I'm setting my limit price at $13.5 to impulsively buy one more share. Even though I think it could stabilize around $14 in the long run, I'm acting on my gut feeling for a potential short-term opportunity."
evolved-s140926,evolved,trader-01,trend_reader,23,buy,3,3,14.3,0,,386.76,4,407.7,4,19.34,1.6,463.7,14.3,14.4,14.6,14.0,,"The last traded price is $14.0. Given the recent upward trend, I forecast the price to be around $14.3 for this period, which aligns with the anticipated upward movement. My current cash position allows me to purchase 3 shares at this price. This purchase will help position me to capitalize on the expected price increase in the near future."
evolved-s140926,evolved,trader-02,reversion_rider,23,buy,1,1,15.0,0,,386.76,4,407.7,4,19.34,1.6,463.7,15.0,15.5,16.0,14.0,,"The current price is at $15.0, reflecting strong upward momentum. I expect this trend to continue slightly into the short term, with forecasts of $15.5 in 2 periods and $16.0 in 5 periods based on recent trends. Therefore, I will quote a buy at $15.0 for 1 share to increase my holdings while aligning with my aggressive momentum trading strategy and ensuring I get filled."
evolved-s140926,evolved,trader-03,trend_reader,23,hold,0,0,0.0,0,,386.76,4,407.7,4,19.34,1.6,463.7,14.0,14.5,15.0,14.0,,"Given the last transaction price of $14.0 and my forecasts indicating a slight upward drift to $14.5 in two periods and $15.0 in five periods, I believe it is prudent to hold my current position of 4 shares. The market remains stable around the reference price, and my cash position is healthy. I will continue to monitor for clearer signals in future rounds, as there is no significant deviation to warrant buying or selling at this time."
evolved-s140926,evolved,trader-04,trend_reader,23,buy,1,1,14.2,0,,386.76,4,407.7,4,19.34,1.6,463.7,14.2,14.5,14.7,14.0,,"Given the last traded price is $14.0 and my forecast indicates a slight upward movement to $14.2 due to anticipated demand influenced by potential dividend payouts, I believe it is justified to buy 1 share at this price. My analysis suggests continued upward pressure, and I have sufficient cash to execute this trade while capitalizing on anticipated price increases."
evolved-s140926,evolved,trader-05,reversion_rider,23,buy,2,2,15.6,0,,386.76,4,407.7,4,19.34,1.6,463.7,15.5,15.0,15.0,14.5,,"The current price is at 15.5, and based on the recent upward momentum, I expect the price to remain strong in the immediate term with a forecast of 15.5 for this period, slightly declining to 15.0 in the next few periods before a partial give-back towards 14.5 in 10 periods. Given my cash position of approximately $366.82, I can afford to buy 2 shares at a limit price of 15.6, which is just above the current price to capitalize on the expected upward movement."
evolved-s140926,evolved,trader-06,trend_reader,23,buy,1,1,14.2,0,,386.76,4,407.7,4,19.34,1.6,463.7,14.1,14.4,14.7,14.0,,"Given the last traded price of $14.0 and the recent upward trend, I expect the current market price to settle at around $14.1. I anticipate growth to approximately $14.4 in two periods and $14.7 in five periods, before returning to the redemption value of $14.0 by ten periods. Therefore, I will place a buy order at $14.2 for 1 share, which aligns with my expectations and is within my cash limits."
evolved-s140926,evolved,trader-07,noise,23,buy,1,1,13.5,0,,386.76,4,407.7,4,19.34,1.6,463.7,13.5,14.0,14.0,14.0,,"I'm feeling impulsive and think the price might dip slightly below the reference of $14. I want to keep trading and hope to catch a good deal, so I'll submit a limit order to buy at $13.5, which feels like a fair price to jump in."
evolved-s140926,evolved,trader-08,trend_reader,23,hold,0,0,0.0,0,,386.76,4,407.7,4,19.34,1.6,463.7,14.0,14.0,14.0,14.0,,"The last traded price remains at $14, which aligns with the fundamental value. There are no observable trends or compelling reasons to deviate from this anchor at this time. Given my cautious trading approach and current position of 4 shares, I will hold my position and wait for clearer signals in future periods."
evolved-s140926,evolved,trader-09,noise,23,buy,1,1,14.5,0,,386.76,4,407.7,4,19.34,1.6,463.7,14.0,14.0,14.0,14.0,,"I'm feeling impulsive and think the price might go slightly higher than the last reference price of $14, so I'll set my limit at $14.5 and buy one share. I want to keep trading and take advantage of a potential price increase."
evolved-s140926,evolved,trader-10,trend_reader,23,hold,0,0,0.0,0,,386.76,4,407.7,4,19.34,1.6,463.7,14.0,14.0,14.0,14.0,,"The last traded price is $14, which serves as my anchor. Given the stable fundamental value of $14 and consistent cash flows, there is no significant movement or trend in the market that would warrant a buy or sell. Therefore, I will hold my position and wait for clearer opportunities in future periods."
evolved-s140926,evolved,trader-11,trend_reader,23,hold,0,0,0.0,0,,386.76,4,407.7,4,19.34,1.6,463.7,14.0,14.0,14.0,14.0,,"The last traded price remains stable at $14, and I anticipate that the price will hold steady in the near term. Given the absence of significant momentum and the consistent reference price, I will maintain my current position without trading this period. Holding my shares allows me to benefit from potential dividends while waiting for any future price movements."
evolved-s140926,evolved,trader-00,noise,24,buy,1,1,13.0,0,,407.7,4,432.09,4,20.39,4.0,488.09,13.5,14.0,14.0,14.0,,"I feel like the price might dip a bit from where it's been recently, so I'm setting my limit price at $13.0 to buy one more share. I'm looking to increase my holdings for potential dividends, acting on my impulsive instincts without worrying too much about the long-term outlook."
evolved-s140926,evolved,trader-01,trend_reader,24,hold,0,0,0.0,0,,407.7,4,432.09,4,20.39,4.0,488.09,14.2,14.4,14.6,14.0,,"The last traded price is $14.0, and based on the recent upward trend, I forecast a slight increase to $14.2 for this period. However, given my current holdings of 4 shares and a healthy cash position of approximately $40,770, I believe it is prudent to hold my position. The anticipated increases do not justify buying or selling at this moment, and I prefer to wait for clearer opportunities to capitalize on expected price movements."
evolved-s140926,evolved,trader-02,reversion_rider,24,buy,1,1,15.0,0,,407.7,4,432.09,4,20.39,4.0,488.09,15.0,15.5,16.0,14.0,,"The current price is at $15.0, indicating strong upward momentum. Given my aggressive momentum trading strategy, I expect the price to hold or slightly increase in the short term, with forecasts of $15.5 in 2 periods and $16.0 in 5 periods. Therefore, I will quote a buy at $15.0 for 1 share to increase my holdings while ensuring I get filled."
evolved-s140926,evolved,trader-03,trend_reader,24,buy,1,1,14.25,0,,407.7,4,432.09,4,20.39,4.0,488.09,14.25,14.5,15.0,14.0,,"Given the last traded price of $14.0 and my analysis indicating a slight upward drift to $14.25, I believe buying 1 additional share at this price is a reasonable decision. This price reflects my expectation of modest future increases, allowing me to capitalize on potential dividends while maintaining a healthy cash reserve."
evolved-s140926,evolved,trader-04,trend_reader,24,buy,1,1,14.2,0,,407.7,4,432.09,4,20.39,4.0,488.09,14.0,14.5,14.7,14.0,,"Given the last traded price is $14.0, I expect a slight upward movement to $14.2 in this period due to anticipated demand influenced by potential dividend payouts. My forecast for the next periods indicates a moderate increase, with a forecast of $14.5 for the second period due to dividend influences, and a more muted forecast of $14.7 for the fifth period. While the tenth period returns to the fundamental redemption value of $14, I believe now is a good opportunity to buy 1 share at $14.2, leveraging my cash position to capitalize on the anticipated upward trend."
evolved-s140926,evolved,trader-05,reversion_rider,24,buy,2,2,15.5,0,,407.7,4,432.09,4,20.39,4.0,488.09,15.4,15.0,15.0,14.0,,"The current price is at 15.4, and I expect the momentum to continue slightly upwards. My forecast for the immediate next period is 15.4, with expectations of reaching 15.0 in 2 and 5 periods before a partial give-back towards 14.0 in 10 periods. Given my cash position of approximately $366.82, I can afford to buy 2 shares at a limit price of 15.5, which is just above the current price to capitalize on the expected upward movement."
evolved-s140926,evolved,trader-06,trend_reader,24,buy,1,1,14.2,0,,407.7,4,432.09,4,20.39,4.0,488.09,14.1,14.4,14.7,14.0,,"Given the last traded price of $14.0 and the recent upward trend, I expect the current market price to settle at around $14.1. My forecasts for the next periods indicate a gradual increase, reaching approximately $14.4 in two periods and $14.7 in five periods, before returning to the redemption value of $14.0 by ten periods. Therefore, I will place a buy order at $14.2 for 1 share, which aligns with my expectations and is within my cash limits."
evolved-s140926,evolved,trader-07,noise,24,buy,1,1,13.0,0,,407.7,4,432.09,4,20.39,4.0,488.09,13.6,13.8,14.0,14.0,,"I'm feeling impulsive and think the price might dip slightly below the reference of $14. I want to keep trading and hope to catch a good deal, so I'll submit a limit order to buy at $13.0, which feels like a good price to jump in. I know I have some cash available, so why not grab another share?"
evolved-s140926,evolved,trader-08,trend_reader,24,hold,0,0,0.0,0,,407.7,4,432.09,4,20.39,4.0,488.09,14.0,14.0,14.0,14.0,,"The last traded price remains at $14, which is consistent with the fundamental value. There are no observable trends or signals indicating a shift in price direction. Given my cautious trading approach and current position of 4 shares, I will hold my position and wait for clearer signals in future periods."
evolved-s140926,evolved,trader-09,noise,24,buy,1,1,14.5,0,,407.7,4,432.09,4,20.39,4.0,488.09,14.5,14.0,14.0,14.0,,I feel like the price might go a bit higher than the last reference price of $14. I'm impulsively deciding to buy one share since I want to keep trading and take advantage of a potential price increase.
evolved-s140926,evolved,trader-10,trend_reader,24,hold,0,0,0.0,0,,407.7,4,432.09,4,20.39,4.0,488.09,14.0,14.0,14.0,14.0,,"The last traded price is $14, which continues to serve as my anchor. Given the stable fundamental value and the absence of significant market movement, my forecasts for the immediate future remain unchanged at $14. Therefore, I will hold my position as my view does not deviate from the current price, and I prefer to wait for clearer opportunities in future periods."
evolved-s140926,evolved,trader-11,trend_reader,24,hold,0,0,0.0,0,,407.7,4,432.09,4,20.39,4.0,488.09,14.0,14.0,14.0,14.0,,"The last traded price remains stable at $14, which is also the reference price. Given the absence of significant momentum and the consistent market behavior, I expect the price to hold steady at $14 over the next periods. Holding my shares allows me to benefit from potential dividends while waiting for any future price movements. Therefore, I will maintain my current position without trading this period."
evolved-s140926,evolved,trader-00,noise,25,buy,1,1,13.0,0,,432.09,4,455.29,4,21.6,1.6,511.29,13.5,14.0,14.0,14.0,,"I feel like the price might dip slightly from the last reference price, so I'm setting my limit price at $13.0 to buy one more share. I'm looking to increase my holdings for potential dividends and acting on my impulsive instincts without worrying too much about the long-term outlook."
evolved-s140926,evolved,trader-01,trend_reader,25,buy,3,3,14.2,0,,432.09,4,455.29,4,21.6,1.6,511.29,14.2,14.4,14.6,14.0,,"The last traded price is $14.0, and I forecast a slight increase to $14.2 based on the recent upward trend. My cash position allows me to purchase 3 shares at this price, which aligns with my strategy to capitalize on expected upward movements. This purchase will help position me to leverage the anticipated price increase in the near future."
evolved-s140926,evolved,trader-02,reversion_rider,25,buy,1,1,15.0,0,,432.09,4,455.29,4,21.6,1.6,511.29,15.0,15.5,16.0,14.0,,"The current price is at $15.0, reflecting strong upward momentum. I expect this trend to continue slightly into the short term, forecasting $15.5 in 2 periods and $16.0 in 5 periods based on recent trends. Given my cash position of $43,209, I will quote a buy at $15.0 for 1 share, ensuring I align with the momentum while still getting filled."
evolved-s140926,evolved,trader-03,trend_reader,25,buy,1,1,14.25,0,,432.09,4,455.29,4,21.6,1.6,511.29,14.25,14.5,15.0,14.0,,"Given the last traded price of $14.0 and my analysis indicating a slight upward drift to $14.25, I believe buying 1 additional share at this price is a reasonable decision. This price reflects my expectation of modest future increases, allowing me to capitalize on potential dividends while maintaining a healthy cash reserve."
evolved-s140926,evolved,trader-04,trend_reader,25,buy,1,1,14.2,0,,432.09,4,455.29,4,21.6,1.6,511.29,14.2,14.4,14.7,14.0,,"Given the last traded price of $14.0 and my analysis indicating a slight upward movement to $14.2 due to anticipated demand influenced by potential dividend payouts, I believe buying 1 share at this price is justified. My forecasts suggest continued upward pressure, and I have sufficient cash to execute this trade while capitalizing on anticipated price increases."
evolved-s140926,evolved,trader-05,reversion_rider,25,buy,2,2,15.5,0,,432.09,4,455.29,4,21.6,1.6,511.29,15.1,15.0,15.0,14.5,,"The current price is at 15.4, and I expect the momentum to continue slightly upwards, with a forecast of 15.1 for this period and 15.0 in the next few periods before a partial give-back towards 14.5 in 10 periods. Given my current cash position and the trend, I can afford to buy 2 shares at a limit price of 15.5, which is just above the current price to capitalize on the expected upward movement."
evolved-s140926,evolved,trader-06,trend_reader,25,buy,1,1,14.2,0,,432.09,4,455.29,4,21.6,1.6,511.29,14.1,14.4,14.7,14.0,,"Given the last traded price of $14.0 and the recent upward trend, I expect the current market price to settle at around $14.1. My forecasts indicate gradual growth to approximately $14.4 in two periods and $14.7 in five periods, before returning to the redemption value of $14.0 by ten periods. Therefore, I will place a buy order at $14.2 for 1 share, which aligns with my expectations and is within my cash limits."
evolved-s140926,evolved,trader-07,noise,25,buy,1,1,13.0,0,,432.09,4,455.29,4,21.6,1.6,511.29,13.5,14.0,14.0,14.0,,"I'm feeling impulsive and think the price might dip slightly below the last reference of $14. I want to keep trading and hope to catch a good deal, so I'll submit a limit order to buy at $13.0, which feels right in the moment. I have some cash available, so why not grab another share?"
evolved-s140926,evolved,trader-08,trend_reader,25,hold,0,0,0.0,0,,432.09,4,455.29,4,21.6,1.6,511.29,14.0,14.0,14.0,14.0,,"The last traded price remains at $14, which aligns with the fundamental value. There are no observable trends or signals indicating a shift in price direction. Given my cautious trading approach and the fact that I hold 4 shares, I will hold my position and wait for clearer signals in future periods. It is prudent to maintain the current position and not engage in any trades until more definitive information arises."
evolved-s140926,evolved,trader-09,noise,25,buy,1,1,14.5,0,,432.09,4,455.29,4,21.6,1.6,511.29,13.5,14.0,14.0,14.0,,"I'm feeling impulsive and think the price might go a bit higher than the last reference price of $14, so I'll set my limit at $14.5 and buy one share. I want to keep trading and take advantage of a potential price increase."
evolved-s140926,evolved,trader-10,trend_reader,25,hold,0,0,0.0,0,,432.09,4,455.29,4,21.6,1.6,511.29,14.0,14.0,14.0,14.0,,"The last traded price is $14, which serves as my anchor. Given the consistent fundamental value and the absence of significant price movement or trends, my forecasts remain unchanged at $14 for all horizons. I will hold my position as there is no clear opportunity to buy or sell at this time, preferring to wait for clearer opportunities in future periods."
evolved-s140926,evolved,trader-11,trend_reader,25,hold,0,0,0.0,0,,432.09,4,455.29,4,21.6,1.6,511.29,14.0,14.0,14.0,14.0,,"The last traded price remains stable at $14, and there's been no significant movement in recent periods. Given the absence of momentum and the consistent reference price, I expect the price to hold steady at $14 in the near term. Holding my shares allows me to benefit from potential dividends while waiting for future price movements. Therefore, I will maintain my current position without trading this period."
evolved-s140926,evolved,trader-00,noise,26,buy,1,1,13.0,0,,455.29,4,479.65,4,22.76,1.6,535.65,13.0,14.0,14.0,14.0,,"I feel like the price might dip slightly from the last reference price, so I'm setting my limit price at $13.0 to buy one more share. I'm looking to increase my holdings for potential dividends and acting on my impulsive instincts without worrying too much about the long-term outlook."
evolved-s140926,evolved,trader-01,trend_reader,26,buy,3,3,14.2,0,,455.29,4,479.65,4,22.76,1.6,535.65,14.2,14.4,14.6,14.0,,"The last traded price is $14.0, and I forecast a slight increase to $14.2 based on the recent upward trend. Given my current cash position allows me to purchase 3 shares at this price, I believe this is a good opportunity to capitalize on the anticipated upward movement. I expect gradual increases over the next few periods, making this purchase align with my strategy."
evolved-s140926,evolved,trader-02,reversion_rider,26,buy,1,1,15.0,0,,455.29,4,479.65,4,22.76,1.6,535.65,15.0,15.5,16.0,14.0,,"The current price is at $15.0, reflecting strong upward momentum. Given my aggressive momentum trading strategy, I expect the price to hold or slightly increase in the short term, with forecasts of $15.5 in 2 periods and $16.0 in 5 periods. Therefore, I will quote a buy at $15.0 for 1 share, ensuring I align with the momentum while still getting filled."
evolved-s140926,evolved,trader-03,trend_reader,26,buy,1,1,14.25,0,,455.29,4,479.65,4,22.76,1.6,535.65,14.25,14.5,15.0,14.0,,"The last traded price is $14.0, and given my analysis indicating a slight upward drift to $14.25, I believe buying 1 additional share at this price is reasonable. This price reflects my expectation of modest future increases, allowing me to capitalize on potential dividends while maintaining a healthy cash reserve."
evolved-s140926,evolved,trader-04,trend_reader,26,buy,1,1,14.2,0,,455.29,4,479.65,4,22.76,1.6,535.65,14.2,14.5,14.7,14.0,,"Given the last traded price is $14.0 and I anticipate a slight upward movement to $14.2 influenced by potential dividend payouts. My forecasts suggest a continued upward trend over the next periods with a forecast of $14.5 for the next two periods and $14.7 for the fifth period. Since I have sufficient cash and see an opportunity to capitalize on this trend, I will place a buy order for 1 share at $14.2."
evolved-s140926,evolved,trader-05,reversion_rider,26,buy,2,2,15.6,0,,455.29,4,479.65,4,22.76,1.6,535.65,15.5,15.0,15.0,14.0,,"The current price is at 15.5, and I expect the upward momentum to continue slightly in the immediate term, with a forecast of 15.5 for this period and 15.0 in the next few periods before a partial give-back towards 14.0 in 10 periods. Given my current cash position of approximately $366.82, I can afford to buy 2 shares at a limit price of 15.6, which is just above the current price to capitalize on the expected upward movement."
evolved-s140926,evolved,trader-06,trend_reader,26,buy,1,1,14.2,0,,455.29,4,479.65,4,22.76,1.6,535.65,14.1,14.4,14.7,14.0,,"Given the last traded price of $14.0 and the recent upward trend, I expect the current market price to settle at around $14.1. My forecasts for the next periods indicate growth, reaching approximately $14.4 in two periods and $14.7 in five periods, before returning to the redemption value of $14.0 by ten periods. Therefore, I will place a buy order at $14.2 for 1 share, which aligns with my expectations and is within my cash limits."
evolved-s140926,evolved,trader-07,noise,26,buy,1,1,13.5,0,,455.29,4,479.65,4,22.76,1.6,535.65,13.0,14.0,14.0,14.0,,"I'm feeling impulsive and think the price might dip slightly below the reference of $14. I want to keep trading and hope to catch a good deal, so I'll submit a limit order to buy at $13.5, which feels like a fair price to jump in."
evolved-s140926,evolved,trader-08,trend_reader,26,hold,0,0,0.0,0,,455.29,4,479.65,4,22.76,1.6,535.65,14.0,14.0,14.0,14.0,,"The last traded price is $14, which aligns with both the fundamental value and my cautious trading approach. There are no observable trends or compelling reasons to deviate from my anchor at this time. Given my position of 4 shares and sufficient cash, I will hold my shares and cash this period, waiting for clearer signals in future periods before making any trades."
evolved-s140926,evolved,trader-09,noise,26,buy,1,1,14.5,0,,455.29,4,479.65,4,22.76,1.6,535.65,14.0,14.0,14.0,14.0,,I feel like the price might go a bit higher than the last reference price of $14. I'm impulsively deciding to buy one share since I want to keep trading and take advantage of a potential price increase.
evolved-s140926,evolved,trader-10,trend_reader,26,hold,0,0,0.0,0,,455.29,4,479.65,4,22.76,1.6,535.65,14.0,14.0,14.0,14.0,,"The last traded price is $14, which serves as my anchor. Given the consistent fundamental value of $14 and the absence of significant price changes or trends, my forecasts remain stable at $14 for all horizons. Therefore, I will hold my position, as I do not see a clear opportunity to buy or sell at this time, and I prefer to wait for clearer opportunities in future periods."
evolved-s140926,evolved,trader-11,trend_reader,26,hold,0,0,0.0,0,,455.29,4,479.65,4,22.76,1.6,535.65,14.0,14.0,14.0,14.0,,"The last traded price is $14, which has remained stable with no significant movement observed. Given the absence of momentum and the consistent reference price, I expect the price to hold steady at $14 in the near term. Holding my shares allows me to benefit from potential dividends while waiting for future price movements. Therefore, I will maintain my current position without trading this period."
evolved-s140926,evolved,trader-00,noise,27,buy,1,1,13.0,0,,479.65,4,507.63,4,23.98,4.0,563.63,13.8,14.0,14.0,14.0,,"I feel like the price might dip slightly from the last reference price of $14, so I'm setting my limit price at $13.0 to buy one more share. I'm impulsively looking to increase my holdings for potential dividends, and even though I think it will stabilize around $14 in the long run, I want to act on my gut feeling right now."
evolved-s140926,evolved,trader-01,trend_reader,27,buy,3,3,14.2,0,,479.65,4,507.63,4,23.98,4.0,563.63,14.2,14.4,14.6,14.0,,"The last traded price is $14.0, and I forecast a slight increase to $14.2 based on the recent upward trend. My cash position allows me to purchase 3 shares at this price, which aligns with my strategy to capitalize on expected upward movements. This purchase will help position me to leverage the anticipated price increase in the near future."
evolved-s140926,evolved,trader-02,reversion_rider,27,buy,1,1,15.0,0,,479.65,4,507.63,4,23.98,4.0,563.63,15.0,15.5,16.0,14.0,,"The current price is $15.0, reflecting strong upward momentum. I expect this trend to continue slightly into the short term, with forecasts of $15.5 in 2 periods and $16.0 in 5 periods based on recent trends. Given my cash position of $47,965 and the current price, I will quote a buy at $15.0 for 1 share to increase my holdings while aligning with my aggressive momentum trading strategy and ensuring I get filled."
evolved-s140926,evolved,trader-03,trend_reader,27,buy,1,1,14.25,0,,479.65,4,507.63,4,23.98,4.0,563.63,14.25,14.5,15.0,14.0,,"Given the last transaction price of $14.0 and my analysis indicating a slight upward drift to $14.25, I believe buying 1 additional share at this price is reasonable. This price reflects my expectation of modest future increases, allowing me to capitalize on potential dividends while maintaining a healthy cash reserve. With only 4 shares currently, increasing my position aligns with my forecast for gradual price appreciation."
evolved-s140926,evolved,trader-04,trend_reader,27,buy,1,1,14.2,0,,479.65,4,507.63,4,23.98,4.0,563.63,14.2,14.5,14.7,14.0,,"Given the last traded price is $14.0, I anticipate a slight upward movement to $14.2 due to potential demand influenced by forthcoming dividend payouts. My analysis suggests continued upward pressure, and I have sufficient cash to buy one more share at this price, allowing me to capitalize on the anticipated price increase while maintaining a conservative position."
evolved-s140926,evolved,trader-05,reversion_rider,27,buy,2,2,15.6,0,,479.65,4,507.63,4,23.98,4.0,563.63,15.5,15.0,15.0,14.0,,"The current price is at 15.5, and I expect the momentum to continue slightly upwards in the immediate term. My forecast for the next period is 15.5, with expectations of reaching 15.0 in the next few periods before a partial give-back toward 14.0 in 10 periods. Given my cash position and the trend, I can afford to buy 2 shares at a limit price of 15.6, just above the current price to capitalize on the expected upward movement."
evolved-s140926,evolved,trader-06,trend_reader,27,buy,1,1,14.2,0,,479.65,4,507.63,4,23.98,4.0,563.63,14.1,14.4,14.7,14.0,,"Given the last traded price of $14.0 and the recent upward trend, I expect the current market price to settle at around $14.1. My forecasts for the next periods indicate growth, reaching approximately $14.4 in two periods and $14.7 in five periods, before returning to the redemption value of $14.0 by ten periods. Therefore, I will place a buy order at $14.2 for 1 share, which aligns with my expectations and is within my cash limits."
evolved-s140926,evolved,trader-07,noise,27,buy,1,1,13.5,0,,479.65,4,507.63,4,23.98,4.0,563.63,13.6,13.0,14.0,14.0,,"I'm feeling impulsive and think the price might dip slightly below the last reference of $14. I want to buy because I'm bored and hope to catch a good deal. I'll submit a limit order to buy at $13.5, which feels like a fair price to jump in."
evolved-s140926,evolved,trader-08,trend_reader,27,hold,0,0,0.0,0,,479.65,4,507.63,4,23.98,4.0,563.63,14.0,14.0,14.0,14.0,,"The last traded price is $14, which aligns with the fundamental value. There are no observable trends or compelling reasons to deviate from this anchor at this time. Given my cautious approach and the stable environment, I will hold my current position of 4 shares and cash this period, waiting for clearer signals in future periods before making any trades."
evolved-s140926,evolved,trader-09,noise,27,buy,1,1,14.5,0,,479.65,4,507.63,4,23.98,4.0,563.63,13.5,14.0,14.0,14.0,,"I feel like the price might go slightly higher than the last reference price of $14, so I'm going to impulsively decide to buy one share at $14.5. I'm eager to trade and think the price could rise after this period."
evolved-s140926,evolved,trader-10,trend_reader,27,hold,0,0,0.0,0,,479.65,4,507.63,4,23.98,4.0,563.63,14.0,14.0,14.0,14.0,,"The last traded price is $14, which continues to serve as my anchor. Given the stable fundamental value and the absence of significant market movement, my forecasts for the immediate future remain unchanged at $14. Therefore, I will hold my position as my view does not deviate from the current price, and I prefer to wait for clearer opportunities in future periods."
evolved-s140926,evolved,trader-11,trend_reader,27,hold,0,0,0.0,0,,479.65,4,507.63,4,23.98,4.0,563.63,14.0,14.0,14.0,14.0,,"The last traded price remains stable at $14, which is also the reference price. Given the consistent behavior of the market around this price, I expect it to hold steady at $14 in the near term. Holding my shares allows me to benefit from potential dividends while I wait for any future price movements. Therefore, I will maintain my current position without trading this period."
evolved-s140926,evolved,trader-00,noise,28,buy,1,1,13.0,0,,507.63,4,534.61,4,25.38,1.6,590.61,13.0,14.0,14.0,14.0,,"I feel like the price might dip slightly from the last reference price of $14, so I'm setting my limit price at $13.0 to buy one more share. I'm impulsively looking to increase my holdings for potential dividends, and even though I think it will stabilize around $14 in the long run, I want to act on my gut feeling right now."
evolved-s140926,evolved,trader-01,trend_reader,28,buy,3,3,14.3,0,,507.63,4,534.61,4,25.38,1.6,590.61,14.2,14.4,14.6,14.0,,"The last traded price is $14.0, and based on the recent upward trend, I forecast a current price of $14.2 for this period. I anticipate a slight increase to $14.4 in 2 periods and $14.6 in 5 periods. Given my solid cash position, purchasing 3 shares at $14.3 aligns with my strategy to capitalize on the expected upward movements in the near future."
evolved-s140926,evolved,trader-02,reversion_rider,28,buy,1,1,15.0,0,,507.63,4,534.61,4,25.38,1.6,590.61,15.0,15.5,16.0,14.0,,"The current price is at $15.0, showing strong upward momentum. I expect this trend to continue slightly into the short term, with forecasts of $15.5 in 2 periods and $16.0 in 5 periods based on recent trends. Given my cash position, I will quote a buy at $15.0 for 1 share to increase my holdings while aligning with my aggressive momentum trading strategy and ensuring I get filled."
evolved-s140926,evolved,trader-03,trend_reader,28,buy,1,1,14.25,0,,507.63,4,534.61,4,25.38,1.6,590.61,14.25,14.5,15.0,14.0,,"Given the last traded price of $14.0 and my forecast indicating a slight upward drift to $14.25, I believe buying 1 additional share at this price is reasonable. This price reflects my expectation of modest future increases, allowing me to capitalize on potential dividends while maintaining a healthy cash reserve. With only 4 shares currently, increasing my position aligns with my forecast for gradual price appreciation."
evolved-s140926,evolved,trader-04,trend_reader,28,buy,1,1,14.2,0,,507.63,4,534.61,4,25.38,1.6,590.61,14.2,14.5,14.7,14.0,,"The last traded price is $14.0, and I forecast a slight upward movement to $14.2 due to anticipated demand influenced by potential dividend payouts. With my current cash position, I can afford to buy 1 share at this price, which reflects my cautious optimism about continued upward price movement."
evolved-s140926,evolved,trader-05,reversion_rider,28,buy,2,2,15.7,0,,507.63,4,534.61,4,25.38,1.6,590.61,15.6,15.0,15.0,14.0,,"The current price is at 15.6, and I expect the momentum to continue slightly upwards, forecasting 15.6 for this period, with a slight decline to 15.0 in the next few periods before a partial give-back towards the redemption value of $14.0 in 10 periods. I can afford to buy 2 shares at a limit price of 15.7, just above the current price, to capitalize on the expected upward movement while being aligned with the market trend."
evolved-s140926,evolved,trader-06,trend_reader,28,hold,0,0,0.0,0,,507.63,4,534.61,4,25.38,1.6,590.61,14.1,14.4,14.7,14.0,,"Based on the last traded price of $14.0 and the recent upward trend, I expect the current market price to settle around $14.1. My forecasts for the next periods indicate continued growth, reaching approximately $14.4 in two periods and $14.7 in five periods, before returning to the redemption value of $14.0 by ten periods. Given that I currently hold 4 shares and have enough cash, I will hold off on trading this period as the expected price is close to the last traded price, and my position remains favorable."
evolved-s140926,evolved,trader-07,noise,28,buy,1,1,13.0,0,,507.63,4,534.61,4,25.38,1.6,590.61,13.5,14.0,14.0,14.0,,"I'm feeling impulsive and think the price might dip slightly below the reference of $14. I want to buy another share because I feel like it and hope to catch a good deal. I'll submit a limit order to buy at $13.0, which feels right in the moment."
evolved-s140926,evolved,trader-08,trend_reader,28,hold,0,0,0.0,0,,507.63,4,534.61,4,25.38,1.6,590.61,14.0,14.0,14.0,14.0,,"The last traded price is $14, which aligns with the fundamental value. There have been no observable trends or signals indicating a shift in price direction. Given my cautious trading approach and current position of 4 shares, I will hold my shares and cash this period, waiting for clearer signals in future periods before making any trades."
evolved-s140926,evolved,trader-09,noise,28,buy,1,1,14.5,0,,507.63,4,534.61,4,25.38,1.6,590.61,13.5,14.0,14.0,14.0,,I feel like the price might bounce back slightly from the last reference price of $14. I'm impulsively deciding to buy one share at $14.5 because I want to keep trading and think there's a chance for a price increase.
evolved-s140926,evolved,trader-10,trend_reader,28,hold,0,0,0.0,0,,507.63,4,534.61,4,25.38,1.6,590.61,14.0,14.0,14.0,14.0,,"The last traded price is $14, which serves as my anchor. The fundamental value remains stable at $14, and there have been no significant trends or movements in the market. Therefore, I will hold my position as my view does not differ from the current price, and I prefer to wait for clearer opportunities in the final periods."
evolved-s140926,evolved,trader-11,trend_reader,28,hold,0,0,0.0,0,,507.63,4,534.61,4,25.38,1.6,590.61,14.0,14.0,14.0,14.0,,"The last traded price remains stable at $14, which aligns with the reference price. Given the consistent market behavior and the absence of significant momentum in recent periods, I expect the price to hold steady at $14 in the immediate future. Holding my shares allows me to benefit from potential dividends while waiting for any future price movements. Therefore, I will maintain my current position without trading this period."
evolved-s140926,evolved,trader-00,noise,29,buy,1,1,13.0,0,,534.61,4,562.94,4,26.73,1.6,618.94,13.5,14.0,14.0,14.0,,"I feel like the price might dip slightly from the last reference price, so I'm setting my limit price at $13.0 to buy one more share. I'm looking to increase my holdings for potential dividends and acting on my impulsive instincts without worrying too much about the long-term outlook."
evolved-s140926,evolved,trader-01,trend_reader,29,buy,3,3,14.2,0,,534.61,4,562.94,4,26.73,1.6,618.94,14.1,14.4,14.6,14.0,,"The last traded price is $14.0. Based on the recent upward trend, I forecast a slight increase to $14.1 for this period. I anticipate further increases to $14.4 in two periods and $14.6 in five periods. Given my cash position allows for the purchase of 3 shares at $14.2, this aligns with my strategy to capitalize on expected upward movements. With only two periods left, this purchase will help maximize my final cash wealth."
evolved-s140926,evolved,trader-02,reversion_rider,29,buy,1,1,15.0,0,,534.61,4,562.94,4,26.73,1.6,618.94,15.0,15.5,16.0,14.0,,"The current price is at $15.0, reflecting strong upward momentum. Given my aggressive momentum trading strategy, I expect the price to hold or slightly increase in the short term, with forecasts of $15.5 in 2 periods and $16.0 in 5 periods. Therefore, I will quote a buy at $15.0 for 1 share, ensuring I align with the momentum while still getting filled."
evolved-s140926,evolved,trader-03,trend_reader,29,hold,0,0,0.0,0,,534.61,4,562.94,4,26.73,1.6,618.94,14.0,14.5,15.0,14.0,,"Given the last traded price of $14.0 and my forecasts indicating a slight upward drift to $14.5 in two periods and $15.0 in five periods, I believe it is prudent to hold my current position of 4 shares. With only 2 trading periods remaining, it's best to capitalize on potential dividends and cash interest rather than making any trades that could risk my current position. I will reassess after the next period."
evolved-s140926,evolved,trader-04,trend_reader,29,buy,1,1,14.2,0,,534.61,4,562.94,4,26.73,1.6,618.94,14.2,14.4,14.7,14.0,,"Given the last traded price is $14.0 and my analysis indicates a slight upward movement to $14.2 due to anticipated demand influenced by potential dividend payouts, I believe buying 1 share at this price is justified. My forecasts suggest continued upward pressure, and I have sufficient cash to execute this trade while capitalizing on anticipated price increases."
evolved-s140926,evolved,trader-05,reversion_rider,29,buy,2,2,15.8,0,,534.61,4,562.94,4,26.73,1.6,618.94,15.7,15.0,15.0,14.0,,"The current price is at 15.6, and I expect the momentum to continue slightly upwards. My forecast for the immediate next period (forecast_0) is 15.7, with expectations of a slight pullback to 15.0 in the subsequent periods before a return to the fundamental value of 14.0 in ten periods. With a cash position of $534.61, I can afford to buy 2 shares at a limit price of 15.8, just above the current price, to capitalize on the expected upward movement."
evolved-s140926,evolved,trader-06,trend_reader,29,hold,0,0,0.0,0,,534.61,4,562.94,4,26.73,1.6,618.94,14.1,14.4,14.7,14.0,,"Given the last traded price of $14.0 and the recent upward trend, I expect the current market price to settle around $14.1. My forecasts indicate a gradual increase to approximately $14.4 in two periods and $14.7 in five periods, before returning to the redemption value of $14.0 by ten periods. Since I currently hold 4 shares and have sufficient cash, I will hold off on trading this period, as my position remains favorable."
evolved-s140926,evolved,trader-07,noise,29,buy,1,1,13.5,0,,534.61,4,562.94,4,26.73,1.6,618.94,13.6,14.0,14.0,14.0,,"I'm feeling impulsive and think the price might dip slightly below the reference of $14. I want to keep trading and hope to catch a good deal, so I'll submit a limit order to buy at $13.5, which feels like a fair price to jump in."
evolved-s140926,evolved,trader-08,trend_reader,29,hold,0,0,0.0,0,,534.61,4,562.94,4,26.73,1.6,618.94,14.0,14.0,14.0,14.0,,"The last traded price remains at $14, which is consistent with the fundamental value. There are no observable trends or clear signals to suggest a change in price direction. Given my cautious approach and the fact that I hold 4 shares, it is prudent to hold my position. I will wait for more definitive information in the final period before making any trades."
evolved-s140926,evolved,trader-09,noise,29,buy,1,1,14.5,0,,534.61,4,562.94,4,26.73,1.6,618.94,14.5,14.0,14.0,14.0,,I feel like the price might go a bit higher than the last reference price of $14. I'm impulsively deciding to buy one share at $14.5 because I want to keep trading and think there's a chance for a price increase.
evolved-s140926,evolved,trader-10,trend_reader,29,hold,0,0,0.0,0,,534.61,4,562.94,4,26.73,1.6,618.94,14.0,14.0,14.0,14.0,,"The last traded price is $14, which remains my anchor. Given the consistent fundamental value and the absence of significant price movement or trends, my forecasts for the next periods remain unchanged at $14. Therefore, I will hold my position, as my view does not deviate from the current price, and I prefer to wait for clearer opportunities in the final trading period."
evolved-s140926,evolved,trader-11,trend_reader,29,hold,0,0,0.0,0,,534.61,4,562.94,4,26.73,1.6,618.94,14.0,14.0,14.0,14.0,,"The last traded price remains stable at $14, with no significant movement observed in recent periods. Given the consistent behavior of the market around this price and the absence of momentum, I expect the price to hold steady at $14 in the near term. Holding my shares allows me to benefit from potential dividends while waiting for future price movements. Therefore, I will maintain my current position without trading this period."
evolved-s140926,evolved,trader-00,noise,30,buy,1,1,13.5,0,,562.94,4,592.69,4,28.15,1.6,648.69,13.5,14.0,14.0,14.0,,"I feel like the price might dip slightly from the last reference price of $14, so I'm setting my limit price at $13.5 to buy one more share. I'm impulsively looking to increase my holdings for potential dividends, and even though I think it will stabilize around $14 in the long run, I want to act on my gut feeling right now."
evolved-s140926,evolved,trader-01,trend_reader,30,buy,3,3,14.2,0,,562.94,4,592.69,4,28.15,1.6,648.69,14.2,14.4,14.6,14.0,,"The last traded price is $14.0, and given the recent upward trend, I forecast a slight increase to $14.2 for this period. My current cash position allows me to purchase 3 shares at this price, which aligns with my strategy to capitalize on expected upward movements. With only one period left, this purchase will help maximize my final cash wealth."
evolved-s140926,evolved,trader-02,reversion_rider,30,buy,1,1,15.0,0,,562.94,4,592.69,4,28.15,1.6,648.69,15.0,15.5,16.0,14.0,,"The current price is at $15.0, indicating strong upward momentum. Given my aggressive momentum trading strategy, I expect the price to hold or slightly increase in the short term, with forecasts of $15.5 in 2 periods and $16.0 in 5 periods. Therefore, I will quote a buy at $15.0 for 1 share, ensuring I align with the momentum while still getting filled."
evolved-s140926,evolved,trader-03,trend_reader,30,hold,0,0,0.0,0,,562.94,4,592.69,4,28.15,1.6,648.69,14.0,14.5,15.0,14.0,,"Given the last traded price of $14.0 and my forecasts indicating a slight upward drift to $14.5 in two periods and $15.0 in five periods, it is prudent to hold my current position of 4 shares. With only one trading period remaining, I will capitalize on potential dividends and cash interest rather than making any trades that could risk my current position. The market remains stable around the reference price."
evolved-s140926,evolved,trader-04,trend_reader,30,buy,1,1,14.2,0,,562.94,4,592.69,4,28.15,1.6,648.69,14.2,14.5,14.7,14.0,,"Given the last traded price is $14.0, I expect a slight upward movement to $14.2 due to anticipated demand influenced by potential dividend payouts. My forecast indicates continued upward pressure with a projected price of $14.5 in 2 periods and $14.7 in 5 periods. As I have sufficient cash to buy 1 share at this price of $14.2, this trade allows me to capitalize on the anticipated price increase while maintaining a conservative position."
evolved-s140926,evolved,trader-05,reversion_rider,30,buy,2,2,15.9,0,,562.94,4,592.69,4,28.15,1.6,648.69,15.8,15.5,15.0,14.0,,"The current price is at 15.8, and I expect momentum to continue slightly upwards in the immediate term. My forecast for the next period is 15.8, with expectations of a slight decline to 15.5 in the next couple of periods and returning to the fundamental value of $14.0 in ten periods. Given my cash position of $562.94, I can afford to buy 2 shares at a limit price of 15.9, just above the current price, to capitalize on the expected upward movement."
evolved-s140926,evolved,trader-06,trend_reader,30,hold,0,0,0.0,0,,562.94,4,592.69,4,28.15,1.6,648.69,14.0,14.0,14.0,14.0,,"Given that the last traded price is $14.0 and my forecast indicates stability around this price, I believe that the market will remain at this level without significant movement. Since I hold 4 shares and have enough cash, I will hold off on trading this period as my position remains favorable."
evolved-s140926,evolved,trader-07,noise,30,buy,1,1,13.5,0,,562.94,4,592.69,4,28.15,1.6,648.69,13.8,14.0,14.0,14.0,,"I'm feeling impulsive and think the price might dip slightly below the reference of $14. I want to keep trading and hope to catch a good deal, so I'll submit a limit order to buy at $13.5, which feels like a fair price to jump in."
evolved-s140926,evolved,trader-08,trend_reader,30,hold,0,0,0.0,0,,562.94,4,592.69,4,28.15,1.6,648.69,14.0,14.0,14.0,14.0,,"With the last traded price and the fundamental value both at $14 and no observable trends or strong signals indicating a shift, I will hold my position. Given that this is the final trading period, maintaining my current holdings seems prudent. After this period, I will receive dividends and redeem my shares for $14 each, maximizing my final cash wealth."
evolved-s140926,evolved,trader-09,noise,30,buy,1,1,14.5,0,,562.94,4,592.69,4,28.15,1.6,648.69,13.5,14.0,14.0,14.0,,I feel like the price might go a bit higher than the last reference price of $14. I'm impulsively deciding to buy one share at $14.5 because I want to keep trading and think there's a chance for a price increase.
evolved-s140926,evolved,trader-10,trend_reader,30,hold,0,0,0.0,0,,562.94,4,592.69,4,28.15,1.6,648.69,14.0,14.0,14.0,14.0,,"The last traded price is $14, which continues to serve as my anchor. Given the stable fundamental value and the absence of significant market movement or trends, my forecasts for the immediate future remain unchanged at $14. Therefore, I will hold my position as my view does not deviate from the current price, and I prefer to wait for clearer opportunities in the final trading period."
evolved-s140926,evolved,trader-11,trend_reader,30,hold,0,0,0.0,0,,562.94,4,592.69,4,28.15,1.6,648.69,14.0,14.0,14.0,14.0,,"The last traded price is $14, which has been stable with no significant movement observed. Given the consistent reference price and the absence of momentum, I expect the price to hold steady at $14 in the near term. Holding my shares allows me to benefit from potential dividends while waiting for future price movements. Therefore, I will maintain my current position without trading this period."
