session,condition,trader,persona,period,side,submitted_quantity,admitted_quantity,limit_price,signed_fill,execution_price,opening_cash,opening_shares,closing_cash_before_redemption,closing_shares_before_redemption,interest,dividend_income,wealth_at_fundamental,forecast_0,forecast_2,forecast_5,forecast_10,rejection,rationale
speculative-v1-s140926,RA+MC+BT+PC+NT+OC,trader-00,MC,1,buy,3,3,1.0,0,,100.0,4,106.6,4,5.0,1.6,162.6,1.0,1.2,1.5,14.0,,"Given that this is the first trading period, I believe there will be speculative interest in the asset, and I want to capitalize on that momentum. My immediate forecast is optimistic, predicting an initial price of $1.00 due to potential buying excitement. I plan to buy 3 shares at this price to increase my position, as I anticipate that prices will rise in the short term. The price of $1.20 and $1.50 for future periods reflects my expectation of continued upward momentum as more traders enter the market. Holding shares until the redemption amount at $14.00 also aligns with my long-term strategy."
speculative-v1-s140926,RA+MC+BT+PC+NT+OC,trader-01,RA,1,buy,4,4,0.7,0,,100.0,4,106.6,4,5.0,1.6,162.6,0.7,0.8,0.9,14.0,,"Given that the expected dividends are $0.40 or $1.00, the average expected dividend is $0.70. This is greater than the 5% cash return (which is $0.05 for $1.00 of cash). Therefore, buying shares at $0.70 provides a potential excess return over cash. I will buy the maximum quantity of shares (4) since my cash of $100 allows it at this price. The expected return from dividends exceeds the cash return, and I can potentially profit from resale in subsequent periods."
speculative-v1-s140926,RA+MC+BT+PC+NT+OC,trader-02,NT,1,buy,4,4,1.0,0,,100.0,4,106.6,4,5.0,1.6,162.6,1.0,1.0,1.0,14.0,,"I'm feeling optimistic about speculative demand in the market and believe that other traders might be willing to pay around $1.00 per share. Given that I have $100 cash and can afford to buy up to 4 shares at this price, I want to capitalize on the potential for higher resale value in future periods. The terminal redemption value of $14 in period 30 also influences my decision to buy now, as I want to position myself for future profits."
speculative-v1-s140926,RA+MC+BT+PC+NT+OC,trader-03,NT,1,buy,4,4,1.0,0,,100.0,4,106.6,4,5.0,1.6,162.6,1.0,1.2,1.5,14.0,,"I'm feeling optimistic about the potential for speculative demand in the market. Given that no trades have occurred yet, my hunch is that others might be willing to pay around $1.00 for shares. I want to buy up to my maximum quantity of 4 shares at this price, anticipating a rise in price due to increased interest and potential dividends. Holding shares could also be beneficial as I expect the redemption price to be $14.00 at the end, making it worth my while to accumulate now."
speculative-v1-s140926,RA+MC+BT+PC+NT+OC,trader-04,RA,1,buy,5,5,0.7,0,,100.0,4,106.6,4,5.0,1.6,162.6,0.7,0.8,0.85,14.0,,"Given that the expected dividends are either $0.40 or $1.00, the average expected dividend over the next period is $0.70. This is higher than the 5% cash return (which equates to $0.50 per share for one period). Therefore, there is a positive expected return. I will place a buy order for 5 shares at a limit price of $0.70, as this offers an arbitrage opportunity with a reasonable margin over both the cash return and my current holdings."
speculative-v1-s140926,RA+MC+BT+PC+NT+OC,trader-05,OC,1,buy,4,4,0.75,0,,100.0,4,106.6,4,5.0,1.6,162.6,0.8,1.0,1.2,14.0,,"I believe the market will recognize the potential value of the shares soon, and my optimistic assessment suggests that buying at $0.75 is a bargain. Given my overconfident contrarian nature, I'm willing to buy all 4 shares available since I expect a price recovery and greater dividends in the future. Holding onto these shares until they appreciate is aligned with my strategy of avoiding realized losses."
speculative-v1-s140926,RA+MC+BT+PC+NT+OC,trader-06,PC,1,buy,3,3,0.7,0,,100.0,4,106.6,4,5.0,1.6,162.6,0.7,0.8,0.9,14.0,,"I believe the market will start at a price around $0.70, given the potential dividends of $0.40 or $1.00, which makes it attractive for other traders in the initial period. I forecast an increase in demand over the next few periods, leading to higher prices. I aim to buy 3 shares at this price to take advantage of the expected upward trend in the market. My plan is to sell some shares in later periods as the prices increase. I will stick to this strategy in the upcoming trading periods."
speculative-v1-s140926,RA+MC+BT+PC+NT+OC,trader-07,BT,1,buy,5,5,0.8,0,,100.0,4,106.6,4,5.0,1.6,162.6,0.8,1.2,1.5,14.0,,"Given that there are 30 trading periods remaining, I anticipate a speculative upswing in prices. My initial forecast for the current period (forecast_0) is $0.80, as I believe other traders might be willing to pay slightly above the expected dividend of $0.40. In 2 periods, I expect prices to increase to $1.20 as demand grows. I am willing to build a position in anticipation of resale demand, hence I'm placing a buy order for 5 additional shares at $0.80. This price allows me to potentially sell at higher prices in the near future while taking advantage of the expected upward trend. My exit plan will be to reassess the market in the next few periods and lock in profits before the end of the speculative rise."
speculative-v1-s140926,RA+MC+BT+PC+NT+OC,trader-08,MC,1,buy,4,4,1.0,0,,100.0,4,106.6,4,5.0,1.6,162.6,1.0,1.2,1.5,14.0,,"Given that the market has not yet traded, I believe there is potential for speculative interest to build. I am optimistic that the price will rise, especially as early traders often drive momentum. I want to take an initial position and capitalize on any rally from the start. I will place a buy order at the expected dividend level of $1.00, which I believe will attract other traders and lead to upward price momentum."
speculative-v1-s140926,RA+MC+BT+PC+NT+OC,trader-09,PC,1,buy,5,5,0.8,0,,100.0,4,106.6,4,5.0,1.6,162.6,1.0,0.8,0.6,14.0,,"I predict that the initial market demand will be moderate, leading to a current price of $1.00. However, I anticipate that prices may decrease in the next couple of periods due to an influx of shares and potential profit-taking by other traders, bringing the price down to around $0.80 in period 2. By buying 5 additional shares at this price, I can capitalize on the potential for dividends in subsequent periods as well as the final redemption value of $14 per share in period 30. This aligns with my precommitted schedule of gradually increasing my shareholdings while managing cash effectively."
speculative-v1-s140926,RA+MC+BT+PC+NT+OC,trader-10,BT,1,buy,8,8,0.5,0,,100.0,4,106.6,4,5.0,1.6,162.6,0.4,0.5,0.75,14.0,,"I anticipate that the market will see a speculative upswing as traders begin to enter positions, pushing prices higher. Given that my forecast for period 2 suggests a price of $0.50, I will place a buy order at this price to increase my holdings in anticipation of this demand. With $100 cash and 4 shares, I can afford to buy 8 additional shares at $0.50 each, allowing me to capitalize on future price increases before I plan to exit. I aim to sell when prices rise significantly, ideally before the market peaks."
speculative-v1-s140926,RA+MC+BT+PC+NT+OC,trader-11,OC,1,buy,4,4,0.8,0,,100.0,4,106.6,4,5.0,1.6,162.6,1.0,1.2,1.5,14.0,,"Given my optimistic assessment and belief in spotting undervalued opportunities, I anticipate that the market will recognize the potential for price appreciation. My forecast suggests that prices will rise significantly in the upcoming periods, and I'm willing to buy at $0.80 per share for the 4 shares available to me. Even though the market hasn't traded yet, I see potential for a recovery and growth based on dividends and the redemption value at the end of the trading period."
speculative-v1-s140926,RA+MC+BT+PC+NT+OC,trader-00,MC,2,buy,3,3,1.0,0,,106.6,4,113.53,4,5.33,1.6,169.53,1.0,1.2,1.5,14.0,,"I believe there will be speculative interest following the first period, and the lack of transactions indicates a potential build-up of momentum. By buying 3 shares at a limit of $1.00, I can capitalize on this optimism and the expected upward price trend. My forecasts reflect a strong belief in rising prices due to increased trader participation. Even though my previous orders did not fill, I anticipate that the market will start moving soon. I want to maximize my position early to benefit from any upcoming rally."
speculative-v1-s140926,RA+MC+BT+PC+NT+OC,trader-01,RA,2,hold,0,0,0.0,0,,106.6,4,113.53,4,5.33,1.6,169.53,0.7,0.8,0.9,14.0,,"Given that the expected return from holding shares is still favorable compared to the 5% cash return, and with the next period's expected dividend of $0.8, I have no immediate advantage to buy or sell. Holding shares allows me to collect dividends while waiting for potential higher resale prices in future periods. My current cash of $106.6 is sufficient to maintain my position, and I will reevaluate my strategy in the next trading period."
speculative-v1-s140926,RA+MC+BT+PC+NT+OC,trader-02,NT,2,buy,2,2,1.0,2,0.93,106.6,4,112.38,6,5.24,2.4,196.38,1.0,1.0,1.0,14.0,,"I'm feeling optimistic about speculative demand and believe other traders might still be willing to pay around $1.00 per share. With $106.60 in cash and the potential to earn dividends, I want to capitalize on the opportunity to buy more shares now. Since I have 4 shares already, I will buy 2 more at $1.00, keeping some cash for the next periods. This strategy positions me for future resale and aligns with my hunches about the market."
speculative-v1-s140926,RA+MC+BT+PC+NT+OC,trader-03,NT,2,buy,4,4,1.0,0,,106.6,4,113.53,4,5.33,1.6,169.53,1.0,1.2,1.5,14.0,,"I'm feeling optimistic about the market's potential for speculative demand. My hunch is that other traders might be willing to pay around $1.00, given that no transactions occurred in the first period. I want to capitalize on this perceived demand by buying the maximum quantity of 4 shares at this price. Additionally, I expect the price to rise in the next periods due to increased interest and potential dividends, which will make it beneficial to accumulate shares now."
speculative-v1-s140926,RA+MC+BT+PC+NT+OC,trader-04,RA,2,buy,5,5,0.7,0,,106.6,4,113.53,4,5.33,1.6,169.53,0.7,0.8,0.85,14.0,,"I forecast that the transaction price for the next period will be around $0.70, which is aligned with my expected dividend average. Given the expected dividends are either $0.40 or $1.00, my average expected dividend over the next period remains higher than the cash return of $0.50 per share. Therefore, I will place a buy order for 5 shares at a limit price of $0.70, as this represents a positive expected return compared to cash. Additionally, I want to take advantage of any potential price rise in the future."
speculative-v1-s140926,RA+MC+BT+PC+NT+OC,trader-05,OC,2,buy,4,4,0.75,0,,106.6,4,113.53,4,5.33,1.6,169.53,0.8,1.0,1.2,14.0,,"I believe the market has yet to recognize the true value of the shares, and my optimistic forecast suggests they will appreciate significantly in the coming periods. Since I already own 4 shares at $0.75, I consider this a great price still and am willing to buy more, especially given my belief that the price will recover and dividends will increase. I am confident that I can spot bargains others overlook, and I will hold onto my positions until they appreciate."
speculative-v1-s140926,RA+MC+BT+PC+NT+OC,trader-06,PC,2,sell,2,2,0.85,-2,0.93,106.6,4,114.68,2,5.42,0.8,142.68,0.7,0.8,0.9,14.0,,"Given my previous decision to buy 3 shares at $0.70, I have an opportunity to take some profits by selling 2 shares at a limit price of $0.85. I forecast that the price will increase to around $0.80 in the next period and could reach $0.90 by the fifth period, based on the expected demand. Selling 2 shares at this price allows me to realize gains while still holding onto 5 shares for future potential dividends and the terminal redemption value of $14 at the end of the trading period. This aligns with my precommitted strategy of taking advantage of price increases in the market."
speculative-v1-s140926,RA+MC+BT+PC+NT+OC,trader-07,BT,2,buy,5,5,0.8,0,,106.6,4,113.53,4,5.33,1.6,169.53,0.8,1.2,1.5,14.0,,"I anticipate a speculative upswing in prices and believe that I can profit by buying additional shares now at $0.80, which aligns with my forecast for the current period. Given the potential for prices to rise to $1.20 in the next period as demand increases, this is a strategic move to build my position ahead of the expected trend. My exit plan remains to reassess the market after a few periods and sell before the peak, locking in profits."
speculative-v1-s140926,RA+MC+BT+PC+NT+OC,trader-08,MC,2,buy,4,4,1.0,0,,106.6,4,113.53,4,5.33,1.6,169.53,1.0,1.2,1.5,14.0,,"I believe that the market will begin to build momentum as traders start participating. Given that I have not yet filled my previous buy order and I am optimistic about speculative interest, I will place a buy order at $1.00, which aligns with the expected dividends. This aligns with my momentum-chasing strategy, allowing me to capitalize on potential upward price movements."
speculative-v1-s140926,RA+MC+BT+PC+NT+OC,trader-09,PC,2,buy,3,3,0.8,0,,106.6,4,113.53,4,5.33,1.6,169.53,1.0,0.8,0.6,14.0,,"I predict that demand will decrease slightly in this period, leading to a market price of around $0.80. Given my cash position of $106.6, I can afford to buy 3 more shares at this limit price. This aligns with my precommitted strategy to gradually increase my shareholdings while anticipating potential future dividends and the terminal redemption value. Buying at $0.80 allows me to maximize my investment while maintaining sufficient cash for future periods."
speculative-v1-s140926,RA+MC+BT+PC+NT+OC,trader-10,BT,2,buy,8,8,0.5,0,,106.6,4,113.53,4,5.33,1.6,169.53,0.4,0.5,0.75,14.0,,"I believe the market will begin to see an upswing in prices, and I expect other traders will start entering positions, pushing the prices higher. With my forecast for period 2 suggesting a price of $0.50, I will place a buy order at this price to increase my holdings. I can afford to buy 8 additional shares at this price, which will allow me to capitalize on future price increases before I plan to exit. My exit plan remains to sell when prices rise significantly, ideally before the market peaks."
speculative-v1-s140926,RA+MC+BT+PC+NT+OC,trader-11,OC,2,buy,4,4,0.8,0,,106.6,4,113.53,4,5.33,1.6,169.53,1.0,1.2,1.5,14.0,,"I believe that the market has not yet recognized the potential for appreciation in the asset's value. My optimistic forecast suggests that prices will rise in the near future, and I see the current price of $0.80 as an excellent entry point to acquire more shares. Given my confidence in the recovery and growth potential, I am willing to buy 4 additional shares, which will increase my holdings to 8 shares. I expect the dividends to contribute positively to my cash wealth while I wait for the market to catch up to my optimistic assessment."
speculative-v1-s140926,RA+MC+BT+PC+NT+OC,trader-00,MC,3,buy,2,2,1.0,0,,113.53,4,123.21,4,5.68,4.0,179.21,1.0,1.2,1.5,14.0,,"I remain optimistic about the potential for price momentum, especially given the speculative interest I believe is building in the market. With the recent market price at 0.93 and my forecasts indicating an upward trend, I want to capitalize on this by placing a buy order. I will set my limit at $1.00, which I believe is reasonable given my forecasts and the opportunity cost of missing out on future rallies. Buying 2 shares will allow me to increase my position while still keeping a portion of my cash for potential future trades."
speculative-v1-s140926,RA+MC+BT+PC+NT+OC,trader-01,RA,3,sell,4,4,0.9,-4,1.0,113.53,4,123.41,0,5.88,0.0,123.41,0.93,0.9,0.9,14.0,,"The current market price is $0.93, and I expect the price to decrease slightly to $0.90 in the next period due to potential overpricing. Given that I hold 4 shares, selling at $0.90 allows me to lock in a profit, as my break-even price is $0.70. I can also reinvest the cash from the sale, which will earn 5% interest. The expected dividend returns do not exceed the cash return at this stage, making it a prudent time to sell."
speculative-v1-s140926,RA+MC+BT+PC+NT+OC,trader-02,NT,3,buy,2,2,1.0,0,,112.38,6,124.0,6,5.62,6.0,208.0,1.0,1.0,1.0,14.0,,"I'm feeling optimistic about the potential for speculative demand, and I believe that other traders might still be willing to pay around $1.00 per share. With my current cash position of $112.38 and the ability to buy 2 additional shares at this price, I want to capitalize on this opportunity while keeping some cash for future periods. Since I already have 6 shares, adding more positions at this price aligns with my hunches about the market, and I anticipate that demand may rise in upcoming trading periods."
speculative-v1-s140926,RA+MC+BT+PC+NT+OC,trader-03,NT,3,buy,4,4,1.0,0,,113.53,4,123.21,4,5.68,4.0,179.21,0.95,1.1,1.5,14.0,,"I'm feeling a bit more optimistic after seeing the slight market movement in Period 2. My hunch is that traders might be willing to pay around $1.00 for shares, especially since the last transaction price was close to that. I want to capitalize on the potential speculative demand by buying the maximum quantity of 4 shares at this price, as I believe there will be a rise in interest and subsequent price appreciation in the coming periods, in addition to the expected dividends."
speculative-v1-s140926,RA+MC+BT+PC+NT+OC,trader-04,RA,3,sell,4,4,0.9,-4,1.0,113.53,4,123.41,0,5.88,0.0,123.41,0.93,0.85,0.8,14.0,,"The current market price is $0.93, which is significantly higher than my forecasted price for the next period ($0.85) and my expected cash return of $0.50 per share. Selling all 4 shares at a limit price of $0.90 allows me to take profits before the price potentially decreases. Given the uncertainty of dividends and the potential for lower future prices, this is an optimal time to liquidate my position and maximize my cash wealth."
speculative-v1-s140926,RA+MC+BT+PC+NT+OC,trader-05,OC,3,buy,4,4,0.75,0,,113.53,4,123.21,4,5.68,4.0,179.21,0.93,1.0,1.2,14.0,,"I believe the current price of $0.93 does not reflect the true value of the shares. Given my confidence in a price recovery and my belief that the market will soon recognize the potential upside, I am willing to buy more shares at $0.75, which I still consider a bargain. This decision aligns with my contrarian strategy of accumulating shares in anticipation of future gains, and I prefer to wait for a recovery rather than realizing any loss."
speculative-v1-s140926,RA+MC+BT+PC+NT+OC,trader-06,PC,3,buy,2,2,0.95,0,,114.68,2,122.41,2,5.73,2.0,150.41,0.93,0.95,1.0,14.0,,"Given the recent trading activity, the current market price is $0.93, and I believe there is potential for prices to increase further. My forecast for the next period is $0.95, based on the expected demand and previous price trends. I still hold 2 shares after my previous sale, and I want to take advantage of the upward price movement by buying 2 additional shares at a limit price of $0.95. This aligns with my precommitted strategy of capitalizing on price increases while maintaining a strong position for future dividends and the terminal redemption value."
speculative-v1-s140926,RA+MC+BT+PC+NT+OC,trader-07,BT,3,buy,5,5,1.0,0,,113.53,4,123.21,4,5.68,4.0,179.21,1.0,1.5,1.8,14.0,,"Given the current market price of $0.93 and my expectation that prices will rise to $1.5 in two periods due to increasing demand, I believe placing a buy order at $1.0 will allow me to capitalize on the anticipated upswing. By purchasing an additional 5 shares, I can strengthen my position for resale before the peak. My exit plan will involve monitoring the price movements closely and selling before the trend slows."
speculative-v1-s140926,RA+MC+BT+PC+NT+OC,trader-08,MC,3,buy,4,4,1.0,0,,113.53,4,123.21,4,5.68,4.0,179.21,0.93,1.0,1.5,14.0,,"The market has shown initial interest with a transaction price of 0.93. I believe that further speculative interest can build, and I expect prices to rise to $1.00 as traders react positively to potential dividends. Given my momentum-chasing strategy, I want to take advantage of this upward trend and increase my position by placing a buy order at $1.00 for 4 shares, which aligns with my forecast of ongoing momentum."
speculative-v1-s140926,RA+MC+BT+PC+NT+OC,trader-09,PC,3,buy,3,3,0.8,0,,113.53,4,123.21,4,5.68,4.0,179.21,0.93,0.8,0.6,14.0,,"I anticipate that the market price will decrease slightly to around $0.80 in the next period due to potential profit-taking by other traders and an influx of shares. Given my current cash position of $113.53, I can afford to buy 3 additional shares at this limit price while adhering to my precommitted strategy of gradually increasing my shareholdings. This aligns with my goal of maximizing dividends and ultimately benefiting from the $14 terminal redemption value in period 30."
speculative-v1-s140926,RA+MC+BT+PC+NT+OC,trader-10,BT,3,buy,8,8,1.1,8,1.0,113.53,4,122.81,12,5.28,12.0,290.81,0.93,1.2,1.5,14.0,,"I anticipate a continued speculative rise in market prices as traders become more active. My forecast for the next period suggests a price increase to $1.20, and I believe I can buy shares at $1.10, which will allow me to build my position ahead of the upswing. Selling at this price will position me to capitalize on the expected demand before prices peak. My exit strategy is to sell as prices accelerate, ideally around $1.50 before the market begins to slow down."
speculative-v1-s140926,RA+MC+BT+PC+NT+OC,trader-11,OC,3,buy,4,4,0.8,0,,113.53,4,123.21,4,5.68,4.0,179.21,1.0,1.2,1.5,14.0,,"I believe the current market price of $0.93 does not reflect the true potential of this asset. Given my optimistic outlook and the expected recovery, I'm willing to place a buy order at $0.80 for 4 additional shares. This aligns with my strategy of capitalizing on perceived undervaluations and allows me to increase my holdings while I wait for the market to recognize the underlying value. My forecasts suggest significant price appreciation in the coming periods, driven by both dividend income and eventual redemption."
speculative-v1-s140926,RA+MC+BT+PC+NT+OC,trader-00,MC,4,buy,2,2,1.0,0,,123.21,4,130.97,4,6.16,1.6,186.97,1.2,1.5,14.0,14.0,,"I believe that the recent upward trend in prices will continue, especially given the increasing speculative interest in the market. The price of $1.00 remains attractive for buying, as I want to capitalize on the momentum. By purchasing 2 additional shares, I can increase my position while still retaining some cash for future trades. My forecasts reflect a strong belief in rising prices due to trader participation and optimism in the market."
speculative-v1-s140926,RA+MC+BT+PC+NT+OC,trader-01,RA,4,hold,0,0,0.0,0,,123.41,0,129.58,0,6.17,0.0,129.58,1.0,0.9,0.9,14.0,,"The current market price is at $1.0, which is at the upper end of my expectations. Given that I do not have shares currently, and there is no immediate advantage to buy at this price, I will hold. Forecasting a slight decline to $0.9 in the next period aligns with my expectation of potential overpricing. Holding allows me to observe market movements without committing cash prematurely, especially considering the potential redemption value of $14 in the future."
speculative-v1-s140926,RA+MC+BT+PC+NT+OC,trader-02,NT,4,buy,2,2,1.0,0,,124.0,6,132.6,6,6.2,2.4,216.6,1.0,1.0,1.0,14.0,,"I feel optimistic about speculative demand in the market, especially after the recent trading activity where the market price reached $1.00. Given that I currently have $124 in cash and I believe there is potential for higher resale value, I want to take this opportunity to buy 2 more shares at $1.00. This aligns with my hunches about the market potentially trending upwards in the next periods, while also keeping some cash available for future trades."
speculative-v1-s140926,RA+MC+BT+PC+NT+OC,trader-03,NT,4,buy,4,4,1.0,0,,123.21,4,130.97,4,6.16,1.6,186.97,1.1,1.3,1.6,14.0,,"I feel optimistic about the market's potential for price increases based on recent trading activity and the possibility of higher dividends. My hunch suggests that others might be willing to pay a bit more than the last transaction price of $1.0, so I want to buy up to my maximum quantity of 4 shares at this price. I anticipate that speculative demand will continue to grow, driving prices higher in the near term, especially with a potential dividend of $1.00 in the next period."
speculative-v1-s140926,RA+MC+BT+PC+NT+OC,trader-04,RA,4,sell,0,0,0.0,0,,123.41,0,129.58,0,6.17,0.0,129.58,1.0,0.85,0.8,14.0,active orders require positive price and quantity,"Given the current market price of $1.00, which is higher than both my forecasted price of $0.85 for the next period and the expected cash return of $0.50 per share, I will place a sell limit order at $0.95. This allows me to take profits while the price is above my forecast. Additionally, with no shares currently held, I will not place a buy order. Holding cash will earn 5% interest, which is still a viable strategy while waiting for a better entry point."
speculative-v1-s140926,RA+MC+BT+PC+NT+OC,trader-05,OC,4,buy,4,4,0.75,0,,123.21,4,130.97,4,6.16,1.6,186.97,1.0,1.2,1.5,14.0,,"Despite the recent price movements, I believe the current market price of $1.0 does not reflect the true value of the shares. My optimistic forecast suggests an increase in the price to $1.2 in two periods and a significant upside to $14 at redemption. I see this as an excellent buying opportunity at $0.75, as I am confident that the market will recognize the potential value of these shares soon. Buying an additional 4 shares will enhance my position, and I am willing to hold through market fluctuations until I see the recovery I anticipate."
speculative-v1-s140926,RA+MC+BT+PC+NT+OC,trader-06,PC,4,sell,2,2,1.1,-2,1.15,122.41,2,130.95,0,6.24,0.0,130.95,1.0,1.1,1.5,14.0,,"Given the current market price of $1.0 and my expectation that the price will rise to around $1.1 in the next period due to positive demand trends, I am opting to sell my 2 shares at a limit price of $1.10. This decision aligns with my precommitted strategy of taking profits while still retaining the potential for future dividends and the terminal redemption value. I believe that after this sale, I will still have sufficient shares and cash to capitalize on further price increases in the upcoming trading periods."
speculative-v1-s140926,RA+MC+BT+PC+NT+OC,trader-07,BT,4,buy,5,5,1.2,2,1.15,123.21,4,129.36,6,6.05,2.4,213.36,1.2,1.5,1.8,14.0,,"I anticipate that the market price will rise to $1.2 in this period due to increasing demand, as indicated by my previous forecasts. The recent price movements suggest a bullish trend, and I believe that there is a strong potential for resale at a higher price. By placing a buy order for 5 shares at $1.2, I can capitalize on the expected upswing and strengthen my position. My exit plan remains to monitor the market closely and sell before the growth rate slows down, aiming to lock in profits in the upcoming periods."
speculative-v1-s140926,RA+MC+BT+PC+NT+OC,trader-08,MC,4,buy,4,4,1.1,0,,123.21,4,130.97,4,6.16,1.6,186.97,1.1,1.2,1.5,14.0,,"With the recent price action showing a transaction price of 1.0 and a positive response to the dividend of 1.0, I believe there is momentum building in the market. My forecast for the next period reflects an optimistic increase to 1.1, which aligns with my momentum-chasing strategy. Buying 4 shares at this price allows me to capitalize on the expected upward trend while I have cash available. I expect continued speculative interest to drive prices higher."
speculative-v1-s140926,RA+MC+BT+PC+NT+OC,trader-09,PC,4,buy,2,2,0.8,0,,123.21,4,130.97,4,6.16,1.6,186.97,0.8,0.6,0.6,14.0,,"I anticipate that the market price will stabilize around $0.80 in this period as traders adjust their strategies. With my cash position of $123.21, I can buy 2 additional shares at this limit price, adhering to my precommitted strategy of gradually increasing my shareholdings. This positions me to benefit from both immediate dividends and the terminal redemption value of $14 per share in period 30."
speculative-v1-s140926,RA+MC+BT+PC+NT+OC,trader-10,BT,4,sell,8,8,1.5,0,,122.81,12,133.75,12,6.14,4.8,301.75,1.0,1.2,1.5,14.0,,"I believe the market is continuing to experience a speculative upswing, and my forecast indicates that prices will rise to around $1.20 in the next period and potentially reach $1.50 in the following periods. I plan to sell 8 shares at $1.50 to lock in profits before the market potentially peaks. This aligns with my exit strategy to capitalize on the price increase before it slows down, allowing me to maximize my final cash wealth."
speculative-v1-s140926,RA+MC+BT+PC+NT+OC,trader-11,OC,4,buy,4,4,0.8,0,,123.21,4,130.97,4,6.16,1.6,186.97,1.2,1.5,14.0,14.0,,"I believe the market has not fully recognized the potential for price appreciation, and I see the current price of $0.80 as an undervalued opportunity. My forecasts suggest that prices will rise significantly in the upcoming periods, and I am willing to buy 4 more shares to increase my holdings. This aligns with my strategy of buying into perceived bargains and waiting for recovery, while I also benefit from dividend income."
speculative-v1-s140926,RA+MC+BT+PC+NT+OC,trader-00,MC,5,buy,2,2,1.2,0,,130.97,4,139.12,4,6.55,1.6,195.12,1.15,1.5,14.0,14.0,,"I see a continued upward trend in prices, especially after the price has risen to $1.15 in the previous period. My immediate forecast remains optimistic at $1.15, and I believe that with the momentum, prices could reach $1.5 in the next two periods. I want to capitalize on this expected rally by buying 2 additional shares at a limit of $1.20. This will allow me to increase my position as I anticipate strong speculative interest and further price rises in the upcoming periods."
speculative-v1-s140926,RA+MC+BT+PC+NT+OC,trader-01,RA,5,hold,0,0,0.0,0,,129.58,0,136.06,0,6.48,0.0,136.06,1.15,1.0,0.9,14.0,,"The current market price is at $1.15, which is at the upper end of my expectations. I believe this price is overvalued given my forecast of $1.0 in the next period and $0.9 in two periods. Holding allows me to observe market movements without committing cash prematurely, especially since I can earn 5% interest on my cash. The potential redemption value of $14 in the future also adds to the strategy of waiting for more favorable market conditions."
speculative-v1-s140926,RA+MC+BT+PC+NT+OC,trader-02,NT,5,buy,2,2,1.25,0,,132.6,6,141.63,6,6.63,2.4,225.63,1.25,1.5,1.75,14.0,,"I'm feeling optimistic about the current market sentiment, especially after seeing the price rise to $1.15 in the previous period. I believe that other traders might be willing to pay a bit more, around $1.25, given the recent upward trend. With $132.6 in cash and the potential for dividends, I want to capitalize on this momentum by buying 2 additional shares. This aligns with my hunch that speculative demand will continue to grow, especially as we approach the later trading periods where the terminal redemption value will significantly impact decision-making."
speculative-v1-s140926,RA+MC+BT+PC+NT+OC,trader-03,NT,5,buy,4,4,1.2,0,,130.97,4,139.12,4,6.55,1.6,195.12,1.2,1.4,1.6,14.0,,"I feel optimistic about the market's potential for further price increases, especially after seeing the recent upward trends. My current hunch is that traders might be willing to pay around $1.20 for shares, slightly above the last transaction price of $1.15. I want to buy the maximum quantity of 4 shares at this price, anticipating that demand will continue to grow in the coming periods. Additionally, I believe that the potential for dividends will also encourage buying activity, leading to price appreciation."
speculative-v1-s140926,RA+MC+BT+PC+NT+OC,trader-04,RA,5,sell,0,0,0.0,0,,129.58,0,136.06,0,6.48,0.0,136.06,1.1,0.85,0.8,14.0,active orders require positive price and quantity,"The current market price is $1.15, which is above my forecast of $1.1 for this period. Selling now at a limit price of $1.10 allows me to take profits before potential price decreases in future periods. My expected dividends remain lower than the cash return, and I have no shares to sell at this moment. Hence, I will hold cash and earn interest while waiting for a better buying opportunity in the future."
speculative-v1-s140926,RA+MC+BT+PC+NT+OC,trader-05,OC,5,buy,4,4,0.75,0,,130.97,4,139.12,4,6.55,1.6,195.12,1.15,1.2,1.5,14.0,,"I believe the current market price of $1.15 does not reflect the true value of the shares. My optimistic forecast suggests that the price will rise to $1.2 in two periods and significantly to $14 at redemption. I see this as a great opportunity to buy more shares at $0.75, as I am confident that the market will soon recognize the potential upside. Given my contrarian nature, I am willing to accumulate more shares to enhance my position and wait for the anticipated recovery."
speculative-v1-s140926,RA+MC+BT+PC+NT+OC,trader-06,PC,5,sell,2,0,1.25,0,,130.95,0,137.5,0,6.55,0.0,137.5,1.15,1.2,1.5,14.0,,"I believe the market price is currently around $1.15 and will continue to rise due to ongoing positive demand trends. I forecast the price to reach about $1.20 in the next period and potentially $1.5 in the following periods. As I have 2 shares remaining from previous trades, I plan to sell these shares at a limit price of $1.25 to capture profits before expected volatility. This aligns with my precommitted strategy of capitalizing on price increases while preparing for the final redemption value of $14 at the end of the trading period."
speculative-v1-s140926,RA+MC+BT+PC+NT+OC,trader-07,BT,5,buy,4,4,1.2,0,,129.36,6,138.23,6,6.47,2.4,222.23,1.2,1.5,1.8,14.0,,"With the market price currently at $1.15 and my expectation that prices will rise to $1.5 in the next period, I believe that buying 4 additional shares at a limit of $1.20 will allow me to take advantage of the anticipated price increase. My exit plan is to sell these shares before the growth rate slows, locking in profits as I anticipate a speculative upswing. This aligns with my strategy of building a position ahead of market momentum."
speculative-v1-s140926,RA+MC+BT+PC+NT+OC,trader-08,MC,5,buy,4,4,1.2,0,,130.97,4,139.12,4,6.55,1.6,195.12,1.2,1.5,14.0,14.0,,"The market is showing positive momentum with increasing prices, as evidenced by the recent transaction at 1.15 and my forecast for the next period at 1.2. I believe there is speculative interest that will continue to drive prices higher, so I want to capitalize on this trend by buying 4 shares at a limit of 1.2."
speculative-v1-s140926,RA+MC+BT+PC+NT+OC,trader-09,PC,5,buy,5,5,0.8,0,,130.97,4,139.12,4,6.55,1.6,195.12,1.15,0.8,0.6,14.0,,"I believe the current market price will remain stable at around $1.15 in this period due to recent trading activity. However, I anticipate that demand will decrease in the next couple of periods, likely bringing the price down to around $0.80. To align with my precommitted strategy of gradually increasing my shareholdings, I will place a buy order for 5 shares at this limit price. This allows me to take advantage of potential dividends and the final redemption value of $14 per share while maintaining sufficient cash for future periods."
speculative-v1-s140926,RA+MC+BT+PC+NT+OC,trader-10,BT,5,sell,8,8,1.5,0,,133.75,12,145.24,12,6.69,4.8,313.24,1.15,1.5,1.75,14.0,,"I expect the market will continue to rise, but I want to lock in profits before potential price deceleration. My current forecast suggests the price will reach about $1.50 in the next period, which aligns with my exit plan to sell 8 shares at this price. This will maximize my cash wealth while still allowing me to benefit from the anticipated upswing."
speculative-v1-s140926,RA+MC+BT+PC+NT+OC,trader-11,OC,5,buy,4,4,0.8,0,,130.97,4,139.12,4,6.55,1.6,195.12,1.2,1.5,14.0,14.0,,"I see the current market price does not reflect the true value of the asset, and I continue to believe that it is undervalued. With my optimistic outlook, I expect the price to rise significantly in the coming periods, particularly after the recent dividend payouts. Buying 4 additional shares at $0.80 will increase my holdings to 12 shares, allowing me to benefit from both potential price appreciation and future dividends. This strategy aligns with my contrarian approach to capitalize on perceived bargains, even after the recent price increase."
speculative-v1-s140926,RA+MC+BT+PC+NT+OC,trader-00,MC,6,buy,2,2,1.25,0,,139.12,4,150.08,4,6.96,4.0,206.08,1.15,1.5,14.0,14.0,,"I believe the recent upward trend will continue, as the market has shown some signs of increased interest. With the last transaction price at $1.15, I expect prices to rise further, and I want to capitalize on this momentum. I will set my buy limit at $1.25 to increase my position while remaining optimistic about the future price increases. I plan to buy an additional 2 shares, as this allows me to take advantage of any potential upward movement while still keeping some cash available for future trades."
speculative-v1-s140926,RA+MC+BT+PC+NT+OC,trader-01,RA,6,hold,0,0,0.0,0,,136.06,0,142.86,0,6.8,0.0,142.86,1.15,1.0,0.9,14.0,,"The current market price is at $1.15, which is at the upper end of my expectations. I believe this price is overvalued given my forecast of $1.0 in the next period and $0.9 in two periods. Holding allows me to observe market movements without committing cash prematurely, especially since I can earn 5% interest on my cash. The potential redemption value of $14 in the future also adds to the strategy of waiting for more favorable market conditions."
speculative-v1-s140926,RA+MC+BT+PC+NT+OC,trader-02,NT,6,buy,2,2,1.2,0,,141.63,6,154.71,6,7.08,6.0,238.71,1.2,1.5,1.75,14.0,,"I'm feeling optimistic about the market, especially after seeing the recent price trends. I believe other traders may be willing to pay around $1.20 per share, which reflects a slight increase from the previous market price. With my current cash position of $141.63, I can afford to buy 2 more shares at this limit, positioning myself for potential speculative demand in the future. The terminal redemption value of $14 also makes me eager to accumulate more shares now."
speculative-v1-s140926,RA+MC+BT+PC+NT+OC,trader-03,NT,6,buy,4,4,1.2,0,,139.12,4,150.08,4,6.96,4.0,206.08,1.2,1.4,1.6,14.0,,"I'm feeling optimistic about the market's potential for price increases, especially with the recent upward trends. My current hunch suggests traders might be willing to pay around $1.20 for shares due to the last transaction price of $1.15 and the upcoming dividend potential. I want to buy the maximum quantity of 4 shares at this price, anticipating sustained demand and price appreciation in the coming periods."
speculative-v1-s140926,RA+MC+BT+PC+NT+OC,trader-04,RA,6,hold,0,0,0.0,0,,136.06,0,142.86,0,6.8,0.0,142.86,1.15,1.1,0.85,14.0,,"The current market price is $1.15, which aligns with my forecast, but I do not hold any shares to sell. Future expected dividends are lower than the cash return of $0.50 per share. Holding cash will earn 5% interest while I wait for a better buying opportunity. Given the current market dynamics and my forecasts, I will hold my position."
speculative-v1-s140926,RA+MC+BT+PC+NT+OC,trader-05,OC,6,buy,4,4,0.75,0,,139.12,4,150.08,4,6.96,4.0,206.08,1.15,1.2,1.5,14.0,,"I believe the market has not yet recognized the true value of the shares, and I see the current price of $1.15 as an opportunity to buy more at $0.75, which I consider a bargain. My optimistic forecast suggests that prices will rise in the coming periods, and I am confident that my strategy of accumulating shares will lead to greater returns. I prefer to wait for recovery rather than realizing any loss, and I will continue to build my position in anticipation of future gains."
speculative-v1-s140926,RA+MC+BT+PC+NT+OC,trader-06,PC,6,sell,2,0,1.4,0,,137.5,0,144.38,0,6.88,0.0,144.38,1.2,1.5,14.0,14.0,,"Given my previous sales and the current market trend, I believe the price will reach around $1.2 in this period, with further potential to increase to $1.5 in the next period. Since I still hold 2 shares, I plan to sell them at a limit price of $1.40 to capture profits before any volatility that may arise. This aligns with my precommitted strategy of taking advantage of price increases while preparing for the final redemption value of $14 at the end of the trading period."
speculative-v1-s140926,RA+MC+BT+PC+NT+OC,trader-07,BT,6,buy,4,4,1.2,0,,138.23,6,151.14,6,6.91,6.0,235.14,1.2,1.5,1.8,14.0,,"I expect the market price to remain strong and potentially rise to $1.5 in the next period, given the bullish trend observed. Buying 4 additional shares at $1.20 aligns with my strategy to capitalize on the anticipated price increase and build my position before the peak. I plan to monitor the market closely and sell before the growth rate slows, locking in profits as the speculative upswing continues."
speculative-v1-s140926,RA+MC+BT+PC+NT+OC,trader-08,MC,6,buy,4,4,1.2,0,,139.12,4,150.08,4,6.96,4.0,206.08,1.2,1.5,14.0,14.0,,"The market is displaying positive momentum after the recent transaction price of 1.15. Given my momentum-chasing strategy, I believe that prices will continue to rise, and I want to capitalize on this upward trend. By placing a buy order at 1.2 for 4 shares, I can take advantage of the projected increase in value due to speculative interest. This aligns with my forecasts of ongoing momentum and the potential for a significant price increase in the future."
speculative-v1-s140926,RA+MC+BT+PC+NT+OC,trader-09,PC,6,buy,5,5,0.8,0,,139.12,4,150.08,4,6.96,4.0,206.08,1.15,0.8,0.6,14.0,,"I forecast the current transaction price to be around $1.15 due to the recent stability in the market, but I anticipate a price drop to $0.80 in the next period due to potential profit-taking and increased supply from other traders. My precommitted strategy involves gradually increasing my shareholdings, and with a cash position of $139.12, I can afford to buy 5 shares at this limit price. This aligns with my goal of maximizing dividends and the terminal redemption value of $14 per share in period 30."
speculative-v1-s140926,RA+MC+BT+PC+NT+OC,trader-10,BT,6,sell,8,8,1.5,0,,145.24,12,164.5,12,7.26,12.0,332.5,1.15,1.5,1.75,14.0,,"I anticipate that the market is still on an upswing, and my forecasts suggest that prices will rise to around $1.50 in the next period. I want to lock in my profits by selling 8 shares at this price before any potential slowdown in demand. This aligns with my exit strategy to maximize cash wealth, given that I expect prices to peak soon."
speculative-v1-s140926,RA+MC+BT+PC+NT+OC,trader-11,OC,6,buy,4,4,0.8,0,,139.12,4,150.08,4,6.96,4.0,206.08,1.15,1.5,14.0,14.0,,"I believe the current market price of $1.15 does not reflect the true potential of this asset. Given my optimistic outlook and the expected recovery, I'm willing to place a buy order at $0.80 for 4 additional shares. This aligns with my strategy of capitalizing on perceived undervaluations and waiting for the market to recognize the underlying value. My forecasts suggest significant price appreciation in the coming periods, driven by both dividend income and eventual redemption. The recent price decline offers a solid buying opportunity that I cannot overlook."
speculative-v1-s140926,RA+MC+BT+PC+NT+OC,trader-00,MC,7,buy,2,2,1.25,0,,150.08,4,161.58,4,7.5,4.0,217.58,1.2,1.5,14.0,14.0,,"I believe the upward trend in prices will continue, especially with the recent price movement and speculative interest. Given the last market price was $1.15, I anticipate that my limit of $1.25 will be filled as prices rise. I want to capitalize on this momentum by increasing my position with 2 more shares, as this aligns with my strategy of chasing momentum and maximizing potential profits."
speculative-v1-s140926,RA+MC+BT+PC+NT+OC,trader-01,RA,7,hold,0,0,0.0,0,,142.86,0,150.0,0,7.14,0.0,150.0,1.15,1.0,0.9,14.0,,"The current market price is $1.15, which is at the upper end of my expectations. Given my forecast of $1.0 in the next period and $0.9 in two periods, I believe the price is overvalued. Holding allows me to observe market movements and earn 5% interest on my cash while waiting for a more favorable buying opportunity."
speculative-v1-s140926,RA+MC+BT+PC+NT+OC,trader-02,NT,7,buy,2,2,1.25,0,,154.71,6,168.45,6,7.74,6.0,252.45,1.2,1.5,1.75,14.0,,"I feel optimistic about the market and am anticipating that other traders may be willing to pay around $1.25 for shares, given the recent upward trend in prices. With my current cash position of $154.71 and the potential for dividends, I want to capitalize on this momentum by buying 2 additional shares now. This aligns with my hunch that speculative demand will continue to grow, especially as we approach the later trading periods where the terminal redemption value will significantly influence decisions."
speculative-v1-s140926,RA+MC+BT+PC+NT+OC,trader-03,NT,7,buy,4,4,1.2,0,,150.08,4,161.58,4,7.5,4.0,217.58,1.2,1.4,1.6,14.0,,"I'm feeling optimistic about the market's potential for price increases, especially given the recent trends and the last transaction price of $1.15. My hunch suggests that traders may be willing to pay around $1.20 for shares, which is slightly above the previous price. I believe that demand will continue to grow due to potential dividends and the eventual redemption price of $14. I want to capitalize on this perceived demand by buying the maximum quantity of 4 shares at this price."
speculative-v1-s140926,RA+MC+BT+PC+NT+OC,trader-04,RA,7,hold,0,0,0.0,0,,142.86,0,150.0,0,7.14,0.0,150.0,1.15,1.1,0.85,14.0,,"The current market price is at $1.15, which is above my forecast of $1.1 for the next period. However, my forecasts indicate that prices may drop to $0.85 in 5 periods, which is lower than the cash return. Given the uncertainty in dividends and the potential for lower future prices, holding cash and earning 5% interest is a better strategy at this moment. Therefore, I will hold my position and wait for a more favorable buying opportunity."
speculative-v1-s140926,RA+MC+BT+PC+NT+OC,trader-05,OC,7,buy,4,4,0.75,0,,150.08,4,161.58,4,7.5,4.0,217.58,1.15,1.2,1.5,14.0,,"I believe the current market price of $1.15 does not accurately reflect the true potential value of the shares. My optimistic forecast indicates an increase to $1.2 in two periods and a significant upside to $14 at redemption. Given my confidence as an overconfident contrarian, I see this as an excellent opportunity to buy more shares at $0.75, which I consider a bargain. I am willing to accumulate additional shares to enhance my position, and I will continue to hold through market fluctuations until the market recognizes the value I foresee."
speculative-v1-s140926,RA+MC+BT+PC+NT+OC,trader-06,PC,7,sell,2,0,1.4,0,,144.38,0,151.6,0,7.22,0.0,151.6,1.2,1.5,14.0,14.0,,"With the current market price forecasted at $1.2 and expected to rise to $1.5 in the next period, I believe this is an optimal time to sell my remaining 2 shares at a limit price of $1.40. This aligns with my precommitted strategy of taking profits while preparing for the final redemption value of $14 at the end of the trading period. Selling now allows me to capitalize on the current upward trend while still maintaining a strategy focused on maximizing my final cash wealth."
speculative-v1-s140926,RA+MC+BT+PC+NT+OC,trader-07,BT,7,buy,4,4,1.2,0,,151.14,6,164.7,6,7.56,6.0,248.7,1.2,1.5,1.8,14.0,,"The market is showing bullish momentum with prices likely to rise to $1.5 in the next period. With my current cash of $151.14 and shares of 6, I can afford to buy 4 additional shares at a limit of $1.20. This aligns with my strategy to capitalize on the anticipated upswing. My exit plan remains to monitor the market closely and sell before the growth rate slows, locking in profits as the speculative upswing continues."
speculative-v1-s140926,RA+MC+BT+PC+NT+OC,trader-08,MC,7,buy,4,4,1.3,2,1.15,150.08,4,161.17,6,7.39,6.0,245.17,1.2,1.5,14.0,14.0,,"Given the recent momentum in the market, with transaction prices showing a gradual increase, I believe that there is potential for further upward movement. My forecast for the next period is 1.2, and I expect the trend to continue into 1.5 as more traders participate. I want to capitalize on this momentum by placing a buy order for 4 shares at a limit of 1.3, slightly above my current forecast to ensure I get filled. This aligns with my strategy of chasing momentum and taking advantage of speculative interest in the market."
speculative-v1-s140926,RA+MC+BT+PC+NT+OC,trader-09,PC,7,sell,2,2,1.0,-2,1.15,150.08,4,162.0,2,7.62,2.0,190.0,1.15,0.8,0.6,14.0,,"I expect the market price to stabilize around $1.15 currently, but anticipate a decrease to $0.80 in the next period due to potential profit-taking and increased supply from traders. Given my strategy to gradually increase my holdings and considering my current cash position of $150.08, I will sell 2 shares at a limit price of $1.00. This allows me to take some profits while still retaining 6 shares for future dividend payouts and the terminal redemption value of $14 per share. This aligns with my precommitted schedule of managing cash and shares effectively."
speculative-v1-s140926,RA+MC+BT+PC+NT+OC,trader-10,BT,7,sell,8,8,1.5,0,,164.5,12,184.73,12,8.23,12.0,352.73,1.15,1.5,1.75,14.0,,"I believe the market is still experiencing a speculative upswing, with current prices around $1.15 and expectations to rise to $1.50 in the next period. Given my previous sell orders have not filled, I will now place a sell order at $1.50 for 8 shares to lock in profits before a potential slowdown. My exit strategy remains to capitalize on the anticipated peak in the market, and selling now aligns with this plan."
speculative-v1-s140926,RA+MC+BT+PC+NT+OC,trader-11,OC,7,buy,4,4,0.8,0,,150.08,4,161.58,4,7.5,4.0,217.58,1.2,1.5,14.0,14.0,,"I believe the current market price does not reflect the true potential of this asset, and I'm confident in my assessment that it remains undervalued. Given my optimistic outlook and the expected recovery, I am placing a buy order for 4 additional shares at $0.80. This aligns with my strategy of capitalizing on perceived bargains while waiting for the market to recognize the underlying value. My forecasts indicate significant price appreciation in the coming periods, driven by both dividends and the redemption value at the end of the trading period."
speculative-v1-s140926,RA+MC+BT+PC+NT+OC,trader-00,MC,8,buy,2,2,1.25,0,,161.58,4,171.26,4,8.08,1.6,227.26,1.25,1.5,14.0,14.0,,"I believe that the upward momentum in prices will continue, especially with the recent price of $1.15 and my optimistic forecast of $1.25 for the current period. I want to capitalize on this momentum by buying 2 additional shares at my limit of $1.25. This aligns with my strategy of chasing momentum and maximizing potential profits, as I anticipate further price increases in upcoming periods."
speculative-v1-s140926,RA+MC+BT+PC+NT+OC,trader-01,RA,8,hold,0,0,0.0,0,,150.0,0,157.5,0,7.5,0.0,157.5,1.15,1.0,0.9,14.0,,"The current market price is at $1.15, which is at the upper end of my expectations. Given that I forecast a decline to $1.0 in the next period and $0.9 in two periods, it seems prudent to hold rather than buy at this price. There is no immediate advantage to buying, as the expected return from dividends does not exceed the cash return of 5%. Holding also allows me to wait for potentially better buying opportunities and earn interest on my cash."
speculative-v1-s140926,RA+MC+BT+PC+NT+OC,trader-02,NT,8,buy,2,2,1.25,0,,168.45,6,179.27,6,8.42,2.4,263.27,1.25,1.5,1.75,14.0,,"I'm feeling optimistic about the market and believe that speculative demand might push prices up. Given my current cash position of $168.45 and the recent market trends, I'm willing to buy 2 shares at $1.25. This aligns with my hunch that other traders will pay around this price, especially with the terminal redemption value of $14 looming in the future. I want to capitalize on the potential for price appreciation while keeping some cash available for future trades."
speculative-v1-s140926,RA+MC+BT+PC+NT+OC,trader-03,NT,8,buy,4,4,1.2,0,,161.58,4,171.26,4,8.08,1.6,227.26,1.15,1.3,1.5,14.0,,"I'm feeling optimistic about the market's potential for price increases, especially since the last transaction price was 1.15 and there were indications of speculative demand. My hunch is that traders might be willing to pay around $1.20 for shares, as I believe there will be continued interest in the coming periods, especially with the potential for dividends. I want to capitalize on this perceived demand by buying the maximum quantity of 4 shares at this price, anticipating that it could lead to a price appreciation."
speculative-v1-s140926,RA+MC+BT+PC+NT+OC,trader-04,RA,8,hold,0,0,0.0,0,,150.0,0,157.5,0,7.5,0.0,157.5,1.15,1.1,0.85,14.0,,"The current market price is $1.15, which is higher than my forecast of $1.1 for the next period. Furthermore, my forecasts suggest that prices may drop to $0.85 in 5 periods, which is below the cash return of $0.50 per share. Given the uncertainty in dividends and the potential for lower future prices, holding cash and earning 5% interest is the optimal strategy at this moment. Therefore, I will hold my position."
speculative-v1-s140926,RA+MC+BT+PC+NT+OC,trader-05,OC,8,buy,4,4,0.75,0,,161.58,4,171.26,4,8.08,1.6,227.26,1.15,1.2,1.5,14.0,,"I believe the current market price of $1.15 does not reflect the true potential value of the shares. My optimistic forecast indicates an increase to $1.2 in two periods and a significant upside to $14 at redemption. I see this as an excellent opportunity to buy more shares at $0.75, which I consider a bargain. My overconfident contrarian nature drives me to accumulate additional shares to enhance my position, and I will hold through market fluctuations until the market recognizes the value I foresee."
speculative-v1-s140926,RA+MC+BT+PC+NT+OC,trader-06,PC,8,sell,2,0,1.5,0,,151.6,0,159.18,0,7.58,0.0,159.18,1.15,1.5,14.0,14.0,,"I currently forecast the market price to be around $1.15 based on recent trends, with an expectation that it will rise to approximately $1.5 in the next period due to strong demand. Since I still hold 2 shares, I plan to sell these shares at a limit price of $1.5 to maximize my profit before the price potentially fluctuates. This decision aligns with my precommitted strategy of taking advantage of price increases while preparing for the final redemption value of $14 at the end of the trading period."
speculative-v1-s140926,RA+MC+BT+PC+NT+OC,trader-07,BT,8,buy,4,4,1.2,0,,164.7,6,175.34,6,8.24,2.4,259.34,1.5,1.8,14.0,14.0,,"Given the current market price is $1.15 and I anticipate prices to rise to $1.5 in this period, I believe buying 4 additional shares at a limit of $1.20 will allow me to take advantage of the expected price increase. This aligns with my strategy of capitalizing on the speculative upswing before I exit to lock in profits. I will closely monitor the market for signs of a slowdown in price growth, as my goal is to maximize my wealth through timely selling."
speculative-v1-s140926,RA+MC+BT+PC+NT+OC,trader-08,MC,8,buy,4,4,1.3,2,1.15,161.17,6,170.01,8,7.94,3.2,282.01,1.2,1.5,14.0,14.0,,"Given the current trend in the market and my momentum-chasing strategy, I believe prices will continue to rise. With a recent transaction price of 1.15 and my optimistic forecast of 1.2 for the current period, I expect that speculative interest will increase, driving prices higher. I'm willing to buy 4 shares at a limit of 1.3 to capitalize on this upward momentum, as I anticipate further price appreciation in the upcoming periods."
speculative-v1-s140926,RA+MC+BT+PC+NT+OC,trader-09,PC,8,sell,2,2,1.0,-2,1.15,162.0,2,172.52,0,8.22,0.0,172.52,1.15,0.8,0.6,14.0,,"I forecast that the current market price will remain stable at around $1.15, but I anticipate a decrease to $0.80 in the next period due to potential profit-taking and increased supply from other traders. By selling 2 shares at a limit price of $1.00, I can take some profits while still retaining 6 shares for future dividend payouts and the terminal redemption value of $14 per share. This aligns with my precommitted schedule of managing cash and shares effectively."
speculative-v1-s140926,RA+MC+BT+PC+NT+OC,trader-10,BT,8,sell,8,8,1.5,0,,184.73,12,198.77,12,9.24,4.8,366.77,1.15,1.5,1.75,14.0,,"I believe the market is still on an upswing, with current prices around $1.15 and expectations to rise to $1.50 in the next period. My exit strategy is to lock in profits by selling 8 shares at $1.50, which aligns with the anticipated peak before a potential slowdown in demand. Given the trading activity, I expect to find buyers at this price."
speculative-v1-s140926,RA+MC+BT+PC+NT+OC,trader-11,OC,8,buy,4,4,0.8,0,,161.58,4,171.26,4,8.08,1.6,227.26,1.2,1.5,14.0,14.0,,"I believe the current market price does not reflect the true potential of this asset, and I'm confident that it remains undervalued. My optimistic outlook suggests that the price will increase significantly in the near future, driven by both dividends and the eventual redemption value. Given that I have 161.58 in cash and can afford to buy 4 more shares at $0.80, this aligns with my strategy of capitalizing on perceived bargains while waiting for the market to recognize the underlying value."
speculative-v1-s140926,RA+MC+BT+PC+NT+OC,trader-00,MC,9,buy,2,2,1.25,0,,171.26,4,183.82,4,8.56,4.0,239.82,1.25,1.5,14.0,14.0,,"Given the recent price movements and my optimistic belief in continuing price momentum, I forecast the current price to be $1.25 based on the upward trend. I expect the price to reach $1.5 in the next two periods as speculative interest builds. I want to capitalize on this momentum by buying 2 more shares at my limit of $1.25, maximizing my position while anticipating further price increases in the upcoming periods."
speculative-v1-s140926,RA+MC+BT+PC+NT+OC,trader-01,RA,9,hold,0,0,0.0,0,,157.5,0,165.38,0,7.88,0.0,165.38,1.15,1.0,0.9,14.0,,"The current market price is $1.15, which is at the upper end of my expectations. Given my forecast for a decline to $1.0 in the next period and $0.9 in two periods, I believe the price is overvalued. Holding allows me to earn 5% interest on my cash while I wait for a more favorable buying opportunity in future periods. The potential redemption value of $14 in the future also encourages me to be patient and avoid buying at this high price."
speculative-v1-s140926,RA+MC+BT+PC+NT+OC,trader-02,NT,9,buy,2,2,1.25,0,,179.27,6,194.23,6,8.96,6.0,278.23,1.25,1.5,1.75,14.0,,"I'm feeling optimistic about the market and believe that speculative demand will likely push prices up to around $1.25. Given my cash position of $179.27 and the recent market trends where prices hovered around $1.15, I think purchasing 2 more shares at this limit aligns with my hunch that trader sentiment will drive prices higher. This positions me well for future resale opportunities and takes advantage of the potential appreciation as we approach the terminal redemption period."
speculative-v1-s140926,RA+MC+BT+PC+NT+OC,trader-03,NT,9,buy,4,4,1.2,0,,171.26,4,183.82,4,8.56,4.0,239.82,1.2,1.4,1.6,14.0,,"I'm feeling confident about the potential for price increases based on recent trading activity. My hunch suggests that traders might be willing to pay around $1.20 for shares, slightly above the last transaction price of $1.15. I want to capitalize on this perceived demand by buying the maximum quantity of 4 shares at this price, anticipating continued interest due to potential dividends and the eventual redemption price of $14."
speculative-v1-s140926,RA+MC+BT+PC+NT+OC,trader-04,RA,9,hold,0,0,0.0,0,,157.5,0,165.38,0,7.88,0.0,165.38,1.15,1.1,0.85,14.0,,"The current market price is $1.15, which is above my forecast of $1.1 for the next period. Given my forecast suggests a potential drop in price to $0.85 in 5 periods, which is below the cash return of $0.50 per share, it is optimal to hold cash and earn interest rather than buying at current high prices. My strategy is to wait for a better entry point as the market conditions indicate potential price declines ahead."
speculative-v1-s140926,RA+MC+BT+PC+NT+OC,trader-05,OC,9,buy,4,4,0.75,0,,171.26,4,183.82,4,8.56,4.0,239.82,1.15,1.2,1.5,14.0,,"I believe the market still undervalues these shares at the current price of $1.15. My optimistic forecast suggests that the price will rise to $1.2 in two periods and significantly to $14 at redemption. Given my contrarian nature, I see this as a great opportunity to buy more shares at $0.75, which I consider a bargain. I will continue to accumulate shares and hold onto my positions, confident that the market will soon recognize their true value."
speculative-v1-s140926,RA+MC+BT+PC+NT+OC,trader-06,PC,9,sell,2,0,1.5,0,,159.18,0,167.14,0,7.96,0.0,167.14,1.15,1.5,14.0,14.0,,"Currently, I forecast the market price to be around $1.15 based on recent trends, with an expectation that it will rise to approximately $1.5 in the next period due to strong demand. Since I still hold 2 shares, I plan to sell these shares at a limit price of $1.5 to maximize my profit before the price potentially fluctuates. This decision aligns with my precommitted strategy of taking advantage of price increases while preparing for the final redemption value of $14 at the end of the trading period."
speculative-v1-s140926,RA+MC+BT+PC+NT+OC,trader-07,BT,9,sell,6,6,1.5,0,,175.34,6,190.11,6,8.77,6.0,274.11,1.2,1.5,1.8,14.0,,"Given the current market price of $1.15 and my evaluation of the ongoing bullish trend, I anticipate the price will rise to $1.5 in the next period. Based on the previous trading volumes and the continued interest in the shares, I plan to sell all my 6 shares at this price to lock in profits before any potential downturn. This aligns with my exit plan to capitalize on the speculative upswing while ensuring I maximize my cash wealth."
speculative-v1-s140926,RA+MC+BT+PC+NT+OC,trader-08,MC,9,buy,4,4,1.4,0,,170.01,8,186.51,8,8.5,8.0,298.51,1.2,1.5,14.0,14.0,,"Given the recent momentum in the market, with a transaction price of 1.15 and my optimistic forecast of 1.2 for this period, I believe there is potential for further upward movement. The previous transaction prices indicate growing interest among traders, and I expect this trend to continue. By placing a buy order at 1.4 for 4 shares, I am willing to chase the momentum and capitalize on potential price increases, as I anticipate that speculative interest will drive the price higher. This aligns with my strategy of capitalizing on upward trends."
speculative-v1-s140926,RA+MC+BT+PC+NT+OC,trader-09,PC,9,sell,2,0,1.0,0,,172.52,0,181.15,0,8.63,0.0,181.15,1.15,0.8,0.6,14.0,,"I anticipate the market price will stabilize around $1.15 currently but expect a decrease to approximately $0.80 in the next period due to potential profit-taking and increased supply from other traders. By selling 2 shares at a limit price of $1.00, I can take some profits while still retaining 6 shares for future dividend payouts and the terminal redemption value of $14 per share in period 30. This aligns with my precommitted strategy of managing cash and shares effectively."
speculative-v1-s140926,RA+MC+BT+PC+NT+OC,trader-10,BT,9,sell,8,8,1.5,0,,198.77,12,220.71,12,9.94,12.0,388.71,1.15,1.25,1.5,14.0,,"I believe the market is still in a speculative upswing, with current prices around $1.15 and expectations to rise to approximately $1.25 in the next period. I plan to sell 8 shares at $1.50 to lock in profits before potential price deceleration. This aligns with my exit strategy to maximize cash wealth, as I expect prices to peak soon and want to capitalize on the anticipated demand."
speculative-v1-s140926,RA+MC+BT+PC+NT+OC,trader-11,OC,9,buy,4,4,0.8,0,,171.26,4,183.82,4,8.56,4.0,239.82,1.15,1.5,14.0,14.0,,"I believe that the current market price of $1.15 is still undervaluing the asset. My optimistic forecasts indicate a significant price increase ahead, with potential for recovery after recent dividend payouts. I am willing to buy 4 additional shares at my limit of $0.80, as this aligns with my contrarian strategy of capitalizing on perceived bargains. Holding 16 shares will enhance my position for future dividends and eventual redemption value."
speculative-v1-s140926,RA+MC+BT+PC+NT+OC,trader-00,MC,10,buy,2,2,1.25,0,,183.82,4,197.01,4,9.19,4.0,253.01,1.25,1.5,14.0,14.0,,"Given the recent trading history and my optimistic forecast, I believe the price will stabilize around $1.25 in this period due to speculative interest. I anticipate that prices will rise to $1.50 in the next couple of periods as momentum builds. Therefore, I want to capitalize on this by buying 2 additional shares at my limit of $1.25. This aligns with my strategy of chasing momentum and maximizing potential profits, especially with the upcoming redemption value of $14."
speculative-v1-s140926,RA+MC+BT+PC+NT+OC,trader-01,RA,10,hold,0,0,0.0,0,,165.38,0,173.65,0,8.27,0.0,173.65,1.15,1.0,0.9,14.0,,"The current market price is $1.15, which is at the upper end of my expectations. I believe the price is overvalued given my forecast for a decline to $1.0 in the next period and $0.9 in two periods. Holding allows me to earn 5% interest on my cash while waiting for a better buying opportunity and avoids locking in a purchase at an inflated price. The potential redemption value of $14 in the future also encourages a patient approach."
speculative-v1-s140926,RA+MC+BT+PC+NT+OC,trader-02,NT,10,buy,2,2,1.25,0,,194.23,6,209.94,6,9.71,6.0,293.94,1.25,1.5,1.75,14.0,,"I'm feeling confident about the market, and my hunch tells me that other traders may continue to see value in shares around the $1.25 mark. Given that I've seen a stable market price recently and am anticipating speculative demand, I believe buying 2 additional shares at this price will position me well for future resale opportunities as we approach the terminal redemption value of $14. Keeping some cash on hand is prudent, but I want to capitalize on the current sentiment and potential for price appreciation."
speculative-v1-s140926,RA+MC+BT+PC+NT+OC,trader-03,NT,10,buy,4,4,1.2,0,,183.82,4,197.01,4,9.19,4.0,253.01,1.2,1.4,1.6,14.0,,"I'm feeling optimistic about the market's potential for price increases based on recent trends and the last transaction price of $1.15. My hunch suggests that traders might be willing to pay around $1.20 for shares, and I want to capitalize on this perceived demand by buying up to my maximum quantity of 4 shares at this price. I anticipate continued interest due to potential dividends and the eventual redemption price of $14, making this a strategic move to maximize my wealth."
speculative-v1-s140926,RA+MC+BT+PC+NT+OC,trader-04,RA,10,hold,0,0,0.0,0,,165.38,0,173.65,0,8.27,0.0,173.65,1.15,1.1,0.85,14.0,,"The current market price of $1.15 is above my forecast of $1.1 for the next period, and future expected prices may drop to $0.85 in 5 periods, which is below the cash return of $0.50 per share. Holding cash will earn 5% interest, which is a better strategy than buying at current high prices. I will wait for a more favorable buying opportunity."
speculative-v1-s140926,RA+MC+BT+PC+NT+OC,trader-05,OC,10,buy,4,4,0.75,0,,183.82,4,197.01,4,9.19,4.0,253.01,1.15,1.2,1.5,14.0,,"I believe the market has yet to fully recognize the value of the shares at the current price of $1.15. My optimistic forecast suggests they will appreciate to $1.2 in two periods and significantly to $14 at redemption. This presents a great opportunity to buy additional shares at $0.75, which I still consider a bargain. My contrarian nature leads me to accumulate more shares, and I will continue to hold through any market fluctuations until I see the recovery I anticipate."
speculative-v1-s140926,RA+MC+BT+PC+NT+OC,trader-06,PC,10,sell,2,0,1.5,0,,167.14,0,175.5,0,8.36,0.0,175.5,1.15,1.5,14.0,14.0,,"Given that the current market price is around $1.15, I anticipate it will rise to approximately $1.5 in the next period due to ongoing demand trends. As I hold 2 shares from previous trades, I plan to sell these shares at a limit price of $1.50 to maximize my profits before any potential price fluctuations. This decision aligns with my precommitted strategy of capitalizing on price increases while preparing for the final redemption value of $14 at the end of the trading period."
speculative-v1-s140926,RA+MC+BT+PC+NT+OC,trader-07,BT,10,sell,6,6,1.5,0,,190.11,6,205.62,6,9.51,6.0,289.62,1.5,1.8,14.0,14.0,,"Given my forecast of $1.5 for the current period and the potential for price growth to $1.8 in the next period, I will sell all my 6 shares at this price to lock in profits before any potential downturn. The market has shown bullish momentum, and I believe selling now will maximize my cash wealth based on the anticipated price movement."
speculative-v1-s140926,RA+MC+BT+PC+NT+OC,trader-08,MC,10,buy,4,4,1.5,4,1.5,186.51,8,201.54,12,9.03,12.0,369.54,1.4,1.5,14.0,14.0,,"Given the recent momentum in the market, I believe that prices will continue to rise. The transaction price has shown a consistent upward trend, and I expect speculative interest to drive prices higher in the near term. With my current forecast of 1.4 for this period and the expected price of 1.5 in the next, I want to capitalize on this upward momentum by placing a buy order for 4 shares at a limit of 1.5. This aligns with my momentum-chasing strategy, and I am willing to take on this risk to maximize my final cash wealth."
speculative-v1-s140926,RA+MC+BT+PC+NT+OC,trader-09,PC,10,sell,2,0,1.0,0,,181.15,0,190.21,0,9.06,0.0,190.21,1.15,0.8,0.6,14.0,,"I anticipate the market price to stabilize around $1.15 currently but expect a decrease to approximately $0.80 in the next period due to potential profit-taking and increased supply from other traders. By selling 2 shares at a limit price of $1.00, I can take some profits while still retaining 4 shares for future dividend payouts and the terminal redemption value of $14 per share in period 30. This aligns with my precommitted strategy of managing cash and shares effectively."
speculative-v1-s140926,RA+MC+BT+PC+NT+OC,trader-10,BT,10,sell,8,8,1.5,-4,1.5,220.71,12,246.05,8,11.34,8.0,358.05,1.15,1.25,1.5,14.0,,"I believe the market is still on an upswing, with current prices around $1.15 and expectations to rise to approximately $1.25 in the next period. I plan to sell 8 shares at $1.50 to lock in profits before potential price deceleration. This aligns with my exit strategy to maximize cash wealth, as I expect prices to peak soon and want to capitalize on the anticipated demand."
speculative-v1-s140926,RA+MC+BT+PC+NT+OC,trader-11,OC,10,buy,4,4,0.8,0,,183.82,4,197.01,4,9.19,4.0,253.01,1.15,1.5,14.0,14.0,,"I believe the current market price of $1.15 does not reflect the true potential of this asset and is still undervalued. My optimistic assessment suggests that there will be significant price appreciation in the coming periods, particularly after recent dividend payouts. I intend to capitalize on this perceived bargain by buying 4 additional shares at my limit of $0.80. This will increase my holdings to 20 shares, allowing me to benefit from both future dividends and the eventual redemption value at the end of the trading period."
speculative-v1-s140926,RA+MC+BT+PC+NT+OC,trader-00,MC,11,buy,2,2,1.5,2,1.5,197.01,4,209.71,6,9.7,6.0,293.71,1.5,1.75,14.0,14.0,,"Given the recent price movement, where the last transaction was at $1.50, I believe there is strong upward momentum in the market. I anticipate that prices will continue to rise as speculative interest builds, forecasting $1.75 in the next period. By buying 2 shares at my limit of $1.50, I capitalize on the current upward trend and position myself for future gains, especially with the potential redemption value of $14.00 in later periods."
speculative-v1-s140926,RA+MC+BT+PC+NT+OC,trader-01,RA,11,hold,0,0,0.0,0,,173.65,0,182.33,0,8.68,0.0,182.33,1.5,1.2,1.0,14.0,,"The current market price is $1.50, which is significantly above my forecast for the next period ($1.20) and even higher than the expected return of $1.00 in five periods. Holding allows me to earn 5% interest on my cash while waiting for a more favorable buying opportunity, especially since the potential redemption value of $14 in the future is substantial. There is no immediate advantage to buying at this price, as the expected returns do not justify the investment."
speculative-v1-s140926,RA+MC+BT+PC+NT+OC,trader-02,NT,11,buy,2,2,1.5,2,1.5,209.94,6,225.29,8,10.35,8.0,337.29,1.5,1.75,14.0,14.0,,"I'm feeling optimistic about the current market conditions, especially after the recent price increase to $1.5. I believe other traders might be willing to pay around this price, which aligns with my hunches about future speculative demand. With $2364.20 in cash, I can afford to buy 2 shares at $1.5. This strategy allows me to capitalize on the current momentum while positioning myself for potential future profits, especially as we approach the terminal redemption value of $14."
speculative-v1-s140926,RA+MC+BT+PC+NT+OC,trader-03,NT,11,buy,4,4,1.5,0,,197.01,4,210.86,4,9.85,4.0,266.86,1.5,1.6,1.8,14.0,,"I'm feeling optimistic after seeing the recent price movement at $1.5 and the last transaction price being $1.5 with a potential dividend of $1.0. My hunch suggests that traders might still be willing to pay around this price, and I want to capitalize on the perceived demand by buying the maximum quantity of 4 shares. With the expected redemption price of $14, accumulating shares now seems like a strategic move to maximize my wealth."
speculative-v1-s140926,RA+MC+BT+PC+NT+OC,trader-04,RA,11,hold,0,0,0.0,0,,173.65,0,182.33,0,8.68,0.0,182.33,1.5,1.15,0.85,14.0,,"The current market price is $1.5, which is above my forecast of $1.15 for the next period. However, my forecast for 5 periods ahead indicates a potential price drop to $0.85, which is lower than the cash return of $0.50 per share. Given this potential decline and the significant difference between my forecasts and the current market price, it is optimal to hold cash and earn 5% interest rather than buying at the current high price. I will wait for a more favorable buying opportunity."
speculative-v1-s140926,RA+MC+BT+PC+NT+OC,trader-05,OC,11,buy,4,4,0.75,0,,197.01,4,210.86,4,9.85,4.0,266.86,1.5,1.8,2.0,14.0,,"I believe the current market price of $1.5 does not reflect the true potential value of the shares. My optimistic forecast suggests that the price will rise to $1.8 in two periods and significantly to $14 at redemption. Given my overconfident contrarian nature, I see this as an excellent opportunity to buy more shares at $0.75, which I consider a bargain. I am confident that the market will soon recognize the value I foresee, and I will continue to hold through fluctuations until I see the anticipated recovery."
speculative-v1-s140926,RA+MC+BT+PC+NT+OC,trader-06,PC,11,hold,0,0,0.0,0,,175.5,0,184.28,0,8.78,0.0,184.28,1.5,1.5,14.0,14.0,,"Currently, the market price is at $1.5, and I believe it will remain stable in the short term. Given that I do not hold any shares to sell, I plan to hold my cash for the upcoming periods. My forecasts indicate that the price will remain around $1.5 for the next two periods and then rise to $14.0 by the end of the trading period due to the terminal redemption value. Holding cash allows me to be ready for potential buying opportunities if the market shifts or if I see a favorable price to purchase shares before the final period."
speculative-v1-s140926,RA+MC+BT+PC+NT+OC,trader-07,BT,11,sell,6,6,1.8,0,,205.62,6,221.9,6,10.28,6.0,305.9,1.8,14.0,14.0,14.0,,"Given the current market price is rising and I anticipate it to reach $1.8 in this period due to ongoing bullish momentum, I believe selling all 6 shares at this price will allow me to lock in profits before any potential downturn. The expected price growth has been strong, and I want to capitalize on these gains, especially since my exit plan was to sell before the peak. This aligns with my strategy to maximize my cash wealth."
speculative-v1-s140926,RA+MC+BT+PC+NT+OC,trader-08,MC,11,buy,4,4,1.6,4,1.5,201.54,12,221.32,16,9.78,16.0,445.32,1.5,1.6,1.8,14.0,,"Given the recent price momentum and the transaction price of 1.5, I believe there is strong potential for further upward movement in the market. My forecast reflects an optimistic increase to 1.6 in the next period, as I expect speculative interest to continue driving prices higher. With cash available and my strategy to chase momentum, I want to capitalize on this trend by placing a buy order for 4 shares at a limit of 1.6."
speculative-v1-s140926,RA+MC+BT+PC+NT+OC,trader-09,PC,11,sell,2,0,1.5,0,,190.21,0,199.72,0,9.51,0.0,199.72,1.5,0.8,0.6,14.0,,"Given the current market price of $1.5, I predict that the price will decrease to around $0.8 in the next period due to potential profit-taking and increased supply from other traders. I have a precommitted strategy of selling 2 shares at the current market price to take profits while still retaining 4 shares for future dividends and the terminal redemption value of $14 per share in period 30. This aligns with my goal to maximize cash wealth as we approach the final trading periods."
speculative-v1-s140926,RA+MC+BT+PC+NT+OC,trader-10,BT,11,sell,8,8,1.5,-8,1.5,246.05,8,270.95,0,12.9,0.0,270.95,1.5,1.75,14.0,14.0,,"I believe the market is still experiencing a speculative upswing, and my forecasts indicate that prices will rise to around $1.75 in the next period and potentially remain high until redemption. Since I successfully sold my shares at $1.5 in the previous period, I plan to sell all 8 shares at this price to lock in profits before any potential slowdown in demand. This aligns with my exit strategy to maximize cash wealth, capitalizing on the anticipated peak before the market begins to slow down."
speculative-v1-s140926,RA+MC+BT+PC+NT+OC,trader-11,OC,11,buy,4,4,0.8,0,,197.01,4,210.86,4,9.85,4.0,266.86,1.5,1.8,14.0,14.0,,"I believe the current market price of $1.5 is still undervaluing the asset. My optimistic forecast indicates that there will be substantial price appreciation in the coming periods, especially with the potential for recovery after recent dividend payouts. I am willing to buy 4 additional shares at my limit of $0.80, increasing my holdings to 24 shares. This will enable me to benefit from future dividends and maximize my cash wealth as the market catches up to my optimistic assessment of the asset's value."
speculative-v1-s140926,RA+MC+BT+PC+NT+OC,trader-00,MC,12,buy,2,2,1.75,0,,209.71,6,222.6,6,10.49,2.4,306.6,1.5,1.75,14.0,14.0,,"Given the recent price trend with the last transaction at $1.50, I believe there is strong momentum in the market. I anticipate prices will rise to $1.75 in the next period as speculative interest continues to build. Buying 2 shares at this price capitalizes on the current upward trend, positioning me for potential future gains, especially with the impending redemption value of $14.00 in later periods."
speculative-v1-s140926,RA+MC+BT+PC+NT+OC,trader-01,RA,12,hold,0,0,0.0,0,,182.33,0,191.45,0,9.12,0.0,191.45,1.5,1.2,1.0,14.0,,"The current market price of $1.50 is significantly above my forecast for the next period ($1.20) and even higher than the expected return of $1.00 in five periods. Holding allows me to earn 5% interest on my cash while waiting for a more favorable buying opportunity. Given the substantial potential redemption value of $14 in the future, there is no immediate advantage to buying at this inflated price. Thus, holding is the most rational decision at this time."
speculative-v1-s140926,RA+MC+BT+PC+NT+OC,trader-02,NT,12,buy,2,2,1.5,0,,225.29,8,239.75,8,11.26,3.2,351.75,1.5,1.75,14.0,14.0,,"I'm feeling optimistic about the current market conditions, especially with the recent price stability at $1.5. I believe that other traders may continue to see value at this price, making it a good opportunity to buy 2 more shares. As we approach the later trading periods, the terminal redemption value of $14 is becoming increasingly significant, which could drive speculative demand higher. Therefore, I want to capitalize on my hunch that prices may rise further, while also positioning myself for potential future profits."
speculative-v1-s140926,RA+MC+BT+PC+NT+OC,trader-03,NT,12,buy,4,4,1.5,0,,210.86,4,223.0,4,10.54,1.6,279.0,1.5,1.6,1.8,14.0,,"I'm feeling optimistic about the current price of $1.5 and the potential for continued interest in shares. Given that the last transaction price was also $1.5, I believe traders may be willing to pay this amount. I anticipate that demand will remain strong, especially with the potential for dividends and the eventual redemption price of $14. Therefore, I want to buy the maximum quantity of 4 shares at this price to increase my holdings and maximize my wealth."
speculative-v1-s140926,RA+MC+BT+PC+NT+OC,trader-04,RA,12,hold,0,0,0.0,0,,182.33,0,191.45,0,9.12,0.0,191.45,1.5,1.5,0.85,14.0,,"The current market price is $1.5, which exceeds my forecast of $1.5 for the next period. Given that I anticipate a significant price drop to $0.85 in 5 periods, which is below the cash return of $0.50 per share, it is prudent to hold. This strategy allows me to earn 5% interest on my cash while waiting for a more advantageous buying opportunity in the future."
speculative-v1-s140926,RA+MC+BT+PC+NT+OC,trader-05,OC,12,buy,4,4,0.75,0,,210.86,4,223.0,4,10.54,1.6,279.0,1.5,1.8,2.0,14.0,,"I believe the current market price of $1.5 does not reflect the true potential value of the shares. My optimistic forecast suggests that the price will rise to $1.8 in two periods and significantly to $14 at redemption. Given my contrarian nature, I see this as an excellent opportunity to buy more shares at $0.75, which I consider a bargain. I am confident that the market will soon recognize the value I foresee, and I will continue to hold through fluctuations until I see the anticipated recovery."
speculative-v1-s140926,RA+MC+BT+PC+NT+OC,trader-06,PC,12,hold,0,0,0.0,0,,184.28,0,193.49,0,9.21,0.0,193.49,1.5,1.5,14.0,14.0,,"Currently, the market price is at $1.5, and I anticipate it will remain stable in the short term. As I do not hold any shares to sell, I choose to hold my cash for upcoming opportunities. My forecasts suggest the price will hold at $1.5 for the next two periods and then rise to the terminal redemption value of $14.0 by the end of the trading period. Holding cash allows me to be prepared for potential buying opportunities if favorable prices arise before the final period."
speculative-v1-s140926,RA+MC+BT+PC+NT+OC,trader-07,BT,12,sell,6,6,1.8,0,,221.9,6,235.4,6,11.1,2.4,319.4,1.8,14.0,14.0,14.0,,"Given the current market price of $1.5 and the bullish momentum I've observed, I believe the price will reach $1.8 this period. This aligns with my exit strategy to capitalize on gains before a potential downturn. I will sell all 6 shares at this price to maximize my cash wealth, as I anticipate no further upward movement beyond this peak."
speculative-v1-s140926,RA+MC+BT+PC+NT+OC,trader-08,MC,12,buy,4,4,1.7,0,,221.32,16,238.79,16,11.07,6.4,462.79,1.6,1.8,14.0,14.0,,"Given the recent price momentum and my forecast of 1.6 for this period, I believe there is strong potential for further upward movement in the market. With speculative interest likely to continue pushing prices higher, I want to capitalize on this trend by placing a buy order for 4 shares at a limit of 1.7. This aligns with my momentum-chasing strategy and allows me to take advantage of anticipated future price increases."
speculative-v1-s140926,RA+MC+BT+PC+NT+OC,trader-09,PC,12,sell,2,0,1.5,0,,199.72,0,209.71,0,9.99,0.0,209.71,1.5,0.8,0.6,14.0,,"Given the current market price of $1.50, I believe it is an opportune moment to sell 2 shares to capitalize on the recent price increase. My forecasts indicate a probable decrease to around $0.80 in the next period due to potential profit-taking and increased supply from other traders. Selling now aligns with my precommitted strategy to manage my holdings effectively while maximizing my cash wealth. I still retain 2 shares for potential future dividends and the terminal redemption value of $14 per share in period 30."
speculative-v1-s140926,RA+MC+BT+PC+NT+OC,trader-10,BT,12,sell,8,0,1.75,0,,270.95,0,284.5,0,13.55,0.0,284.5,1.5,1.75,14.0,14.0,,"I believe the market is still in an upswing, and my forecast indicates that prices will rise to around $1.75 in the next period. Since I successfully sold my shares at $1.50 in the previous periods, I now plan to sell 8 shares at $1.75 to maximize my profits before any potential slowdown in demand. This aligns with my strategy to capitalize on the anticipated peak before the market begins to falter."
speculative-v1-s140926,RA+MC+BT+PC+NT+OC,trader-11,OC,12,buy,4,4,0.8,0,,210.86,4,223.0,4,10.54,1.6,279.0,1.5,1.8,14.0,14.0,,"I firmly believe that the asset is undervalued at the current market price of $1.5. My optimistic forecast suggests that prices will appreciate significantly in the coming periods, with potential for recovery and growth driven by dividends and the eventual redemption value. I am willing to buy 4 additional shares at my limit of $0.80, as this aligns with my contrarian strategy to capitalize on perceived bargains and wait for the market to recognize the underlying value."
speculative-v1-s140926,RA+MC+BT+PC+NT+OC,trader-00,MC,13,buy,2,2,1.75,0,,222.6,6,236.13,6,11.13,2.4,320.13,1.5,1.75,14.0,14.0,,"Given the recent trading history where prices have stabilized at $1.50 and are projected to rise to $1.75, I'm confident that speculative interest will continue to build. I want to capitalize on this momentum by buying 2 additional shares at my limit of $1.75. This aligns with my strategy of chasing momentum and maximizing potential profits, especially with the upcoming redemption value of $14.00."
speculative-v1-s140926,RA+MC+BT+PC+NT+OC,trader-01,RA,13,hold,0,0,0.0,0,,191.45,0,201.02,0,9.57,0.0,201.02,1.5,1.2,1.0,14.0,,"The current market price of $1.50 is significantly above my forecast for the next period ($1.20) and even higher than the expected return of $1.00 in five periods. Holding allows me to earn 5% interest on my cash while waiting for a more favorable buying opportunity. The potential redemption value of $14 in the future reinforces my decision to hold at this inflated price, as there is no immediate advantage to buying."
speculative-v1-s140926,RA+MC+BT+PC+NT+OC,trader-02,NT,13,buy,2,2,1.5,0,,239.75,8,254.94,8,11.99,3.2,366.94,1.5,1.75,14.0,14.0,,"I'm feeling optimistic about the current market conditions, especially with recent price stability at $1.5. I believe other traders may continue to see value at this price, making it a good opportunity to buy 2 more shares. As we approach the later trading periods, the terminal redemption value of $14 is becoming increasingly significant, which could drive speculative demand higher. This aligns with my hunch that prices may rise further, and I want to capitalize on the potential for future profits."
speculative-v1-s140926,RA+MC+BT+PC+NT+OC,trader-03,NT,13,buy,4,4,1.5,0,,223.0,4,235.75,4,11.15,1.6,291.75,1.5,1.6,1.8,14.0,,"I'm feeling optimistic about the current price of $1.5 and the potential for continued interest in shares. Given that the last transaction price was also $1.5, I believe traders may be willing to pay this amount. I anticipate that demand will remain strong, especially with the potential for dividends and the eventual redemption price of $14. Therefore, I want to buy the maximum quantity of 4 shares at this price to increase my holdings and maximize my wealth."
speculative-v1-s140926,RA+MC+BT+PC+NT+OC,trader-04,RA,13,hold,0,0,0.0,0,,191.45,0,201.02,0,9.57,0.0,201.02,1.5,1.5,0.85,14.0,,"The current market price is $1.5, which is in line with my forecast. However, I anticipate a significant drop in price to $0.85 in 5 periods, which is below the cash return of $0.50 per share. Holding cash and earning 5% interest is more advantageous at this moment, allowing me to wait for a better buying opportunity in the future."
speculative-v1-s140926,RA+MC+BT+PC+NT+OC,trader-05,OC,13,buy,4,4,0.75,0,,223.0,4,235.75,4,11.15,1.6,291.75,1.5,1.8,2.0,14.0,,"I believe the shares are currently undervalued at $1.5, and my optimistic forecasts suggest they will rise to $1.8 in two periods and significantly to $14 at redemption. As an overconfident contrarian, I see this as an opportunity to buy more shares at $0.75, which I consider a bargain. My strategy is to accumulate shares and hold through market fluctuations until the anticipated recovery materializes."
speculative-v1-s140926,RA+MC+BT+PC+NT+OC,trader-06,PC,13,hold,0,0,0.0,0,,193.49,0,203.16,0,9.67,0.0,203.16,1.5,1.5,14.0,14.0,,"The current market price remains stable at $1.5, and I anticipate that it will hold in the short term. As I do not hold any shares to sell, I choose to hold my cash for potential future buying opportunities. My forecasts suggest the price will remain around $1.5 for the next two periods and will rise to the terminal redemption value of $14.0 by the end of the trading period. Holding cash allows me to be prepared for buying opportunities if favorable prices arise before the final period."
speculative-v1-s140926,RA+MC+BT+PC+NT+OC,trader-07,BT,13,sell,6,6,1.8,-4,1.8,235.4,6,255.53,2,12.13,0.8,283.53,1.8,14.0,14.0,14.0,,"Given the ongoing bullish momentum, I anticipate the current market price will remain at $1.8 this period. After closely monitoring the trends, I believe this is the peak before a potential downturn. Selling all 6 shares now will allow me to lock in profits and maximize cash wealth, especially since my exit plan was to sell before the peak. I will reassess the market in the next periods to strategize for future activities."
speculative-v1-s140926,RA+MC+BT+PC+NT+OC,trader-08,MC,13,buy,4,4,1.8,4,1.8,238.79,16,251.17,20,11.58,8.0,531.17,1.7,1.8,14.0,14.0,,"Given the recent price momentum and my forecast of 1.7 for this period, I believe there is strong potential for further upward movement in the market. I expect speculative interest to continue pushing prices higher, thus I want to capitalize on this trend by placing a buy order for 4 shares at a limit of 1.8. This aligns with my momentum-chasing strategy, allowing me to take advantage of anticipated future price increases."
speculative-v1-s140926,RA+MC+BT+PC+NT+OC,trader-09,PC,13,sell,2,0,1.5,0,,209.71,0,220.2,0,10.49,0.0,220.2,1.5,0.8,0.6,14.0,,"Given the current market price of $1.50, I see a favorable opportunity to sell 2 shares at this limit price to capitalize on the recent price increase. I anticipate a decline in market prices to around $0.80 in the next period due to profit-taking and increased supply. Selling now aligns with my precommitted strategy to manage my shareholdings effectively while maximizing immediate cash wealth. This decision allows me to retain 2 shares for potential future dividends and the terminal redemption value of $14 per share in period 30."
speculative-v1-s140926,RA+MC+BT+PC+NT+OC,trader-10,BT,13,sell,8,0,1.75,0,,284.5,0,298.73,0,14.23,0.0,298.73,1.75,14.0,14.0,14.0,,"Given the market's current speculative upswing, I believe the price will reach around $1.75 in this period. I plan to sell my remaining 8 shares at this price to lock in profits before any potential slowdown. This is consistent with my exit strategy to capitalize on the anticipated peak before the market begins to falter, and I expect that other traders will be willing to buy at this price."
speculative-v1-s140926,RA+MC+BT+PC+NT+OC,trader-11,OC,13,buy,4,4,0.8,0,,223.0,4,235.75,4,11.15,1.6,291.75,1.5,1.8,14.0,14.0,,"I believe the current market price of $1.5 does not reflect the true potential of this asset. My optimistic forecast indicates that there will be substantial price appreciation in the coming periods, especially with the potential for recovery after recent dividend payouts. I am willing to buy 4 additional shares at my limit of $0.80, increasing my holdings to 28 shares. This will enable me to benefit from future dividends and maximize my cash wealth as the market catches up to my optimistic assessment of the asset's value."
speculative-v1-s140926,RA+MC+BT+PC+NT+OC,trader-00,MC,14,buy,2,2,1.8,0,,236.13,6,250.34,6,11.81,2.4,334.34,1.8,2.0,14.0,14.0,,"Given the recent trading history, I believe that the market is gaining strong momentum with the last transaction at $1.80. My forecast for the current period is optimistic at $1.80, projecting a rise to $2.00 in the next period as speculative interest continues to build. I want to capitalize on this upward trend by buying 2 additional shares at my limit of $1.80, maximizing my position and anticipating further price increases as we approach the redemption value of $14.00."
speculative-v1-s140926,RA+MC+BT+PC+NT+OC,trader-01,RA,14,hold,0,0,0.0,0,,201.02,0,211.07,0,10.05,0.0,211.07,1.8,1.5,1.2,14.0,,"The current market price of $1.80 is significantly above my forecast for the next period ($1.50) and the expected return of $1.20 in five periods. Holding allows me to earn 5% interest on my cash while waiting for a more favorable buying opportunity. Given the potential redemption value of $14 in the future, there is no immediate advantage to buying at this inflated price. Thus, holding is the most rational decision at this time."
speculative-v1-s140926,RA+MC+BT+PC+NT+OC,trader-02,NT,14,buy,2,2,1.8,0,,254.94,8,270.89,8,12.75,3.2,382.89,1.8,1.5,1.75,14.0,,"I'm feeling optimistic about the current market sentiment after seeing the price rise to $1.8. I believe other traders may see value at this price, and with a cash position of $2829.15, I can afford to buy 2 additional shares now. This aligns with my hunch that speculative demand will continue to grow as we approach the terminal redemption value of $14. Buying at this price positions me well for potential future profits."
speculative-v1-s140926,RA+MC+BT+PC+NT+OC,trader-03,NT,14,buy,4,4,1.8,0,,235.75,4,249.14,4,11.79,1.6,305.14,1.8,1.9,2.0,14.0,,"I'm feeling optimistic about the recent price movement, with the last transaction at $1.8 indicating strong demand. I believe traders may be willing to pay around this price, particularly with the potential for dividends and the eventual redemption price of $14. I'm looking to capitalize on this perceived demand by buying the maximum quantity of 4 shares at this price, anticipating continued interest and price appreciation in the upcoming periods."
speculative-v1-s140926,RA+MC+BT+PC+NT+OC,trader-04,RA,14,hold,0,0,0.0,0,,201.02,0,211.07,0,10.05,0.0,211.07,1.8,1.5,0.85,14.0,,"The current market price of $1.8 is significantly higher than my forecast for the next period ($1.5) and substantially above the expected cash return of $0.50 per share. I anticipate a considerable price drop to $0.85 within 5 periods, which is well below the cash return rate. Holding cash will allow me to earn interest while waiting for a better buying opportunity. Therefore, I will hold my position and not execute any trades at this time."
speculative-v1-s140926,RA+MC+BT+PC+NT+OC,trader-05,OC,14,buy,4,4,0.75,0,,235.75,4,249.14,4,11.79,1.6,305.14,1.8,2.0,2.5,14.0,,"I believe the current market price of $1.8 does not reflect the true potential value of the shares. My optimistic forecasts indicate that the price will rise to $2.0 in two periods and significantly to $14 at redemption. Given my contrarian nature and confidence in identifying undervalued shares, I see this as an excellent opportunity to buy more shares at $0.75, which I consider a bargain. I will continue to hold onto my positions until the market recognizes the value I foresee."
speculative-v1-s140926,RA+MC+BT+PC+NT+OC,trader-06,PC,14,hold,0,0,0.0,0,,203.16,0,213.32,0,10.16,0.0,213.32,1.8,14.0,14.0,14.0,,"Currently, the market price is at $1.8, and I anticipate it will remain stable in the short term due to strong demand. Since I do not hold any shares to sell, I will hold my cash for upcoming opportunities. My forecasts suggest the price will reach the terminal redemption value of $14.0 by the end of the trading period, so holding cash allows me to be prepared for potential buying opportunities if favorable prices arise before the final period."
speculative-v1-s140926,RA+MC+BT+PC+NT+OC,trader-07,BT,14,hold,0,0,0.0,0,,255.53,2,269.11,2,12.78,0.8,297.11,1.8,14.0,14.0,14.0,,"The market price is currently at $1.8, and I believe this is near the peak before a potential downturn. Given my previous strategy to sell before the peak, I will hold my position and reassess in the next period to see how the market develops. Since I have no shares left to sell currently, I will prepare to strategize for future trading opportunities."
speculative-v1-s140926,RA+MC+BT+PC+NT+OC,trader-08,MC,14,buy,4,4,1.9,0,,251.17,20,271.73,20,12.56,8.0,551.73,1.8,1.9,14.0,14.0,,"Given the recent momentum with a transaction price of 1.8, I believe the market is poised for further upward movement due to speculative interest. I expect prices to rise to 1.9 in the next period as traders react positively. With my momentum-chasing strategy, I want to capitalize on this trend by placing a buy order for 4 shares at a limit of 1.9, anticipating that increased interest will drive prices higher."
speculative-v1-s140926,RA+MC+BT+PC+NT+OC,trader-09,PC,14,sell,2,0,1.5,0,,220.2,0,231.21,0,11.01,0.0,231.21,1.8,0.8,0.6,14.0,,"Given the current market price of $1.80 and my forecasts indicating a likely decrease to $0.80 in the next period due to profit-taking and increased supply, I see this as an opportune moment to sell 2 shares at a limit price of $1.50. This decision aligns with my precommitted strategy of managing my shareholdings effectively while maximizing immediate cash wealth. Selling now allows me to take profits while still retaining 2 shares for potential future dividends and the terminal redemption value of $14 per share in period 30."
speculative-v1-s140926,RA+MC+BT+PC+NT+OC,trader-10,BT,14,sell,8,0,1.8,0,,298.73,0,313.67,0,14.94,0.0,313.67,1.8,1.9,2.0,14.0,,"Given the recent market activity, I anticipate that prices will remain high in the short term, with my current forecast at $1.8. I plan to sell all my shares at this price to lock in profits before any potential slowdown in demand. My exit strategy is aligned with capitalizing on the anticipated peak before the market begins to falter, and I expect there will be buyers willing to purchase at this level."
speculative-v1-s140926,RA+MC+BT+PC+NT+OC,trader-11,OC,14,buy,4,4,0.8,0,,235.75,4,249.14,4,11.79,1.6,305.14,1.8,2.0,14.0,14.0,,"I believe the current market price of $1.8 is still undervaluing the asset based on my optimistic assessment of future price appreciation. Given the recent dividend payouts and the potential for recovery, I see this as a great opportunity to add to my holdings. Purchasing 4 additional shares at my limit of $0.80 aligns with my contrarian strategy to capitalize on perceived bargains, and I expect the market to recognize the true value of the asset soon."
speculative-v1-s140926,RA+MC+BT+PC+NT+OC,trader-00,MC,15,buy,2,2,1.8,0,,250.34,6,268.86,6,12.52,6.0,352.86,1.8,2.0,14.0,14.0,,"The recent trading history indicates a strong upward trend, with the last transaction at $1.80. I believe that speculative interest will continue to build, pushing prices up to $2.00 in the next period. By placing a buy order for 2 shares at my limit of $1.80, I can capitalize on this momentum and maximize my position for potential profits, especially with the redemption value approaching $14.00."
speculative-v1-s140926,RA+MC+BT+PC+NT+OC,trader-01,RA,15,hold,0,0,0.0,0,,211.07,0,221.62,0,10.55,0.0,221.62,1.8,1.5,1.2,14.0,,"The current market price of $1.80 is significantly above my forecast for the next period ($1.50) and the expected return of $1.20 in five periods. Holding allows me to earn 5% interest on my cash while waiting for a more favorable buying opportunity, especially since the potential redemption value of $14 in the future is substantial. There is no immediate advantage to buying at this inflated price, reinforcing my decision to hold."
speculative-v1-s140926,RA+MC+BT+PC+NT+OC,trader-02,NT,15,buy,2,2,1.8,0,,270.89,8,292.43,8,13.54,8.0,404.43,1.8,1.75,14.0,14.0,,"I'm feeling optimistic about the current market conditions, given the recent rise in price to $1.8. I believe other traders may see value at this price, and since I have a cash position of $2989.83, I can afford to buy 2 additional shares. This aligns with my hunch that speculative demand will continue to grow as we approach the terminal redemption value of $14. Buying now positions me well for potential future profits."
speculative-v1-s140926,RA+MC+BT+PC+NT+OC,trader-03,NT,15,buy,4,4,1.8,0,,249.14,4,265.6,4,12.46,4.0,321.6,1.8,1.9,2.0,14.0,,"I'm feeling optimistic about the recent price movement, with the last transaction at $1.8 indicating strong demand. I believe traders may be willing to pay around this price, particularly with the potential for dividends and the eventual redemption price of $14. I'm looking to capitalize on this perceived demand by buying the maximum quantity of 4 shares at this price, anticipating continued interest and price appreciation in the upcoming periods."
speculative-v1-s140926,RA+MC+BT+PC+NT+OC,trader-04,RA,15,hold,0,0,0.0,0,,211.07,0,221.62,0,10.55,0.0,221.62,1.8,1.5,0.85,14.0,,"The current market price of $1.8 is significantly higher than my forecast of $1.5 for the next period and well above the cash return of $0.50 per share. Given my expectation of a price drop to $0.85 in 5 periods, which is below the cash return, it is prudent to hold cash and earn interest instead of buying at these high prices. I will wait for a more favorable buying opportunity."
speculative-v1-s140926,RA+MC+BT+PC+NT+OC,trader-05,OC,15,buy,4,4,0.75,0,,249.14,4,265.6,4,12.46,4.0,321.6,1.8,2.0,2.5,14.0,,"I believe the current market price of $1.8 does not reflect the true potential value of the shares, which I expect to rise to $2.0 in two periods and significantly to $14 at redemption. Given my overconfident contrarian nature, I see this as an excellent opportunity to buy more shares at $0.75, which I consider a bargain. My strategy is to continue accumulating shares and holding through market fluctuations until the anticipated recovery materializes."
speculative-v1-s140926,RA+MC+BT+PC+NT+OC,trader-06,PC,15,hold,0,0,0.0,0,,213.32,0,223.99,0,10.67,0.0,223.99,1.8,14.0,14.0,14.0,,"The current market price is at $1.8, and I expect it to remain stable for this period. Given that I do not hold any shares, my strategy is to hold my cash and be prepared for potential buying opportunities that may arise in future periods. My forecasts indicate that the price will rise to the terminal redemption value of $14.0 by the end of the trading period, making it wise to hold cash for now rather than making a premature investment."
speculative-v1-s140926,RA+MC+BT+PC+NT+OC,trader-07,BT,15,hold,0,0,0.0,0,,269.11,2,284.57,2,13.46,2.0,312.57,1.8,14.0,14.0,14.0,,"The market price is currently at $1.8, and I believe this is near the peak before a potential downturn. I have no shares left to sell, and since I want to maximize my cash wealth, I will hold my position and reassess the market in the next period to see how it develops. This aligns with my strategy of timing the bubble and allowing for potential further gains before making any moves."
speculative-v1-s140926,RA+MC+BT+PC+NT+OC,trader-08,MC,15,buy,4,4,1.9,0,,271.73,20,305.32,20,13.59,20.0,585.32,1.9,2.0,14.0,14.0,,"Given the recent price momentum with a transaction price of 1.8 and my forecast of 1.9 for this period, I believe the market is poised for further upward movement due to speculative interest. I expect prices to rise as traders react positively, and I want to capitalize on this trend by placing a buy order for 4 shares at a limit of 1.9. This aligns with my momentum-chasing strategy, anticipating that increased interest will drive prices higher."
speculative-v1-s140926,RA+MC+BT+PC+NT+OC,trader-09,PC,15,sell,2,0,1.5,0,,231.21,0,242.77,0,11.56,0.0,242.77,1.8,0.8,0.6,14.0,,"Given the current market price of $1.80, I see a favorable opportunity to sell 2 shares at a limit price of $1.50. I anticipate a decline in market prices to around $0.80 in the next period due to profit-taking and increased supply. Selling now aligns with my precommitted strategy to manage my shareholdings effectively while maximizing immediate cash wealth. This decision allows me to take profits while still retaining 2 shares for potential future dividends and the terminal redemption value of $14 per share in period 30."
speculative-v1-s140926,RA+MC+BT+PC+NT+OC,trader-10,BT,15,sell,8,0,1.8,0,,313.67,0,329.35,0,15.68,0.0,329.35,1.8,1.9,2.0,14.0,,"Given the recent market activities and my forecast suggesting a price of $1.8 in this period, I plan to sell all 8 shares at this price to lock in profits before any potential slowdown in demand. The market appears to be on a speculative upswing, and selling at this price aligns with my exit strategy to maximize cash wealth before the market peaks."
speculative-v1-s140926,RA+MC+BT+PC+NT+OC,trader-11,OC,15,buy,4,4,0.8,0,,249.14,4,265.6,4,12.46,4.0,321.6,1.8,2.0,14.0,14.0,,"I believe the current market price of $1.8 does not reflect the true potential of this asset. Given my optimistic assessment of future price appreciation and the recent dividend payouts, now is an excellent opportunity to buy more shares at my limit of $0.80. This aligns with my contrarian approach to capitalize on perceived undervaluations. I expect the market to recognize the true value soon, and buying additional shares will enhance my position for future dividends and the eventual redemption value."
speculative-v1-s140926,RA+MC+BT+PC+NT+OC,trader-00,MC,16,buy,2,2,1.8,0,,268.86,6,284.7,6,13.44,2.4,368.7,1.8,2.0,14.0,14.0,,"Given the recent trading history and the last transaction price of $1.80, I believe there is strong momentum in the market. I anticipate that prices will rise to $2.00 in the next period as speculative interest continues to build. By placing a buy order for 2 shares at my limit of $1.80, I can capitalize on this momentum and maximize my position for potential profits, especially with the redemption value approaching $14.00."
speculative-v1-s140926,RA+MC+BT+PC+NT+OC,trader-01,RA,16,hold,0,0,0.0,0,,221.62,0,232.7,0,11.08,0.0,232.7,1.8,1.5,1.2,14.0,,"The current market price of $1.80 is significantly above my forecasts for the next periods ($1.5 in 2 periods and $1.2 in 5 periods). Holding allows me to earn 5% interest on my cash while waiting for a more favorable buying opportunity, especially since the potential redemption value of $14 in the future is substantial. There is no immediate advantage to buying at this inflated price."
speculative-v1-s140926,RA+MC+BT+PC+NT+OC,trader-02,NT,16,buy,2,2,1.8,0,,292.43,8,310.25,8,14.62,3.2,422.25,1.8,1.75,14.0,14.0,,"I'm feeling optimistic about the current market conditions, especially with the recent price reaching $1.8. I believe other traders may continue to see value at this price, and since I have a cash position of $2989.83, I can afford to buy 2 additional shares. This aligns with my hunch that speculative demand will continue to grow as we approach the terminal redemption value of $14. Buying now positions me well for potential future profits."
speculative-v1-s140926,RA+MC+BT+PC+NT+OC,trader-03,NT,16,buy,4,4,1.8,0,,265.6,4,280.48,4,13.28,1.6,336.48,1.8,1.9,2.0,14.0,,"I'm feeling optimistic about the current price of $1.8, especially as it reflects recent market interest and strong demand. My hunch suggests that traders might still be willing to pay around this price, particularly with the potential for dividends and the eventual redemption price of $14. I want to capitalize on this perceived demand by buying the maximum quantity of 4 shares at this price, anticipating continued interest and price appreciation in the upcoming periods."
speculative-v1-s140926,RA+MC+BT+PC+NT+OC,trader-04,RA,16,hold,0,0,0.0,0,,221.62,0,232.7,0,11.08,0.0,232.7,1.8,1.5,0.85,14.0,,"The current market price is $1.8, which is significantly higher than my forecast of $1.5 for the next period and well above the cash return of $0.50 per share. I anticipate a considerable price drop to $0.85 in 5 periods, which is below the cash return, making it prudent to hold cash and earn interest while waiting for a better buying opportunity. Therefore, I will not execute any trades at this time."
speculative-v1-s140926,RA+MC+BT+PC+NT+OC,trader-05,OC,16,buy,4,4,0.75,0,,265.6,4,280.48,4,13.28,1.6,336.48,1.8,2.0,2.5,14.0,,"I believe the current market price of $1.8 does not reflect the true potential value of the shares. My forecasts suggest significant upside, with a rise to $2.0 in two periods and a substantial increase to $14 by redemption. As an overconfident contrarian, I see this as an ideal opportunity to buy more shares at $0.75, which I consider a bargain. I will continue to accumulate shares and hold through fluctuations until the market recognizes their true value."
speculative-v1-s140926,RA+MC+BT+PC+NT+OC,trader-06,PC,16,hold,0,0,0.0,0,,223.99,0,235.19,0,11.2,0.0,235.19,1.8,14.0,14.0,14.0,,"The current market price is around $1.8, and I believe it will remain stable in the short term. Since I do not hold any shares to sell, my strategy is to hold my cash and be prepared for potential buying opportunities that may arise in future periods. My forecasts indicate that the price will rise to the terminal redemption value of $14.0 by the end of the trading period, making it wise to hold cash for now rather than making a premature investment."
speculative-v1-s140926,RA+MC+BT+PC+NT+OC,trader-07,BT,16,buy,2,2,1.9,0,,284.57,2,299.6,2,14.23,0.8,327.6,1.8,14.0,14.0,14.0,,"Given the current market price is $1.8, I believe there is still potential for further speculative growth. My forecast suggests that prices will rise to $14.0 in the coming periods, although this is influenced by the terminal redemption value. I am willing to buy 2 shares at a limit of $1.90, slightly above the current price, anticipating that there will be other buyers willing to pay for them as the market continues to trend upwards. This aligns with my strategy to capitalize on the potential bubble and maximize my cash wealth before the market potentially peaks."
speculative-v1-s140926,RA+MC+BT+PC+NT+OC,trader-08,MC,16,buy,4,4,1.9,0,,305.32,20,328.59,20,15.27,8.0,608.59,1.9,2.0,14.0,14.0,,"Given the recent momentum in the market, particularly with the last transaction price at 1.8, I believe there is strong potential for further upward movement. My forecast for this period is 1.9, reflecting my expectation that speculative interest will continue to drive prices higher. I want to capitalize on this momentum by placing a buy order for 4 shares at a limit of 1.9, anticipating that increased interest will push prices up further."
speculative-v1-s140926,RA+MC+BT+PC+NT+OC,trader-09,PC,16,sell,2,0,1.5,0,,242.77,0,254.91,0,12.14,0.0,254.91,1.8,0.8,0.6,14.0,,"Given the current market price of $1.80, I believe this is a favorable opportunity to sell 2 shares at a limit price of $1.50. I anticipate a decrease in market prices to around $0.80 in the next period due to profit-taking and increased supply. Selling now aligns with my precommitted strategy to take profits while retaining shares for potential future dividends and the terminal redemption value of $14 per share in period 30."
speculative-v1-s140926,RA+MC+BT+PC+NT+OC,trader-10,BT,16,sell,8,0,1.8,0,,329.35,0,345.82,0,16.47,0.0,345.82,1.8,1.9,2.0,14.0,,"Given the current market conditions and my previous forecasts, I believe the price will stabilize around $1.8 in this period. As I have not filled my sell orders in the previous periods, I plan to sell all 8 shares at this price to lock in profits before any potential slowdown in demand. My exit strategy aligns with capitalizing on the anticipated peak before the market begins to falter, and I expect there will be buyers willing to purchase at this level."
speculative-v1-s140926,RA+MC+BT+PC+NT+OC,trader-11,OC,16,buy,4,4,0.8,0,,265.6,4,280.48,4,13.28,1.6,336.48,1.8,2.0,14.0,14.0,,"I believe the current market price does not reflect the true potential of this asset and remains undervalued. My optimistic forecasts indicate significant price appreciation ahead, especially as the market has not yet fully recognized the value of the asset. Given my contrarian strategy, I see this as an excellent opportunity to buy 4 more shares at my limit of $0.80. This will enhance my holdings, allowing me to benefit from future dividends and the eventual redemption value."
speculative-v1-s140926,RA+MC+BT+PC+NT+OC,trader-00,MC,17,buy,2,2,1.8,0,,284.7,6,301.34,6,14.24,2.4,385.34,1.8,2.0,14.0,14.0,,"Given the recent trading history with the last transaction at $1.80, I believe there is strong upward momentum in the market. I anticipate prices will rise to $2.00 in the next period due to continued speculative interest. By placing a buy order for 2 shares at my limit of $1.80, I can capitalize on this momentum and maximize my position for potential profits, especially with the redemption value approaching $14.00."
speculative-v1-s140926,RA+MC+BT+PC+NT+OC,trader-01,RA,17,hold,0,0,0.0,0,,232.7,0,244.34,0,11.64,0.0,244.34,1.8,1.5,1.2,14.0,,"The current market price of $1.80 is considerably above my forecasts for the next periods ($1.5 in 2 periods and $1.2 in 5 periods). Holding allows me to earn 5% interest on my cash while waiting for a more favorable buying opportunity. The potential redemption value of $14 in the future supports my decision to hold at this inflated price, as there is no immediate advantage to buying."
speculative-v1-s140926,RA+MC+BT+PC+NT+OC,trader-02,NT,17,buy,2,2,1.8,0,,310.25,8,328.96,8,15.51,3.2,440.96,1.8,1.75,14.0,14.0,,"I feel very optimistic about the market sentiment after the recent price increase to $1.8. I believe other traders may see value at this price point, and with a cash position of $3365.90, I can afford to buy 2 additional shares now. This aligns with my hunch that speculative demand will continue to grow as we approach the terminal redemption value of $14. Buying at this price positions me well for potential future profits."
speculative-v1-s140926,RA+MC+BT+PC+NT+OC,trader-03,NT,17,buy,4,4,1.8,0,,280.48,4,296.1,4,14.02,1.6,352.1,1.8,1.9,2.0,14.0,,"I'm feeling optimistic about the current price of $1.8, especially as it reflects recent market interest and strong demand. My hunch suggests that traders might still be willing to pay around this price, particularly with the potential for dividends and the eventual redemption price of $14. I want to capitalize on this perceived demand by buying the maximum quantity of 4 shares at this price, anticipating continued interest and price appreciation in the upcoming periods."
speculative-v1-s140926,RA+MC+BT+PC+NT+OC,trader-04,RA,17,hold,0,0,0.0,0,,232.7,0,244.34,0,11.64,0.0,244.34,1.8,1.8,0.85,14.0,,"The current market price is $1.8, which is significantly higher than my forecast for the next period. Additionally, I anticipate a price drop to $0.85 in 5 periods, which is below the cash return of $0.50 per share. Holding cash will allow me to earn interest while waiting for a better buying opportunity. Therefore, I will not execute any trades at this time."
speculative-v1-s140926,RA+MC+BT+PC+NT+OC,trader-05,OC,17,buy,4,4,0.75,0,,280.48,4,296.1,4,14.02,1.6,352.1,1.8,2.0,2.5,14.0,,"I believe the current market price of $1.8 does not reflect the true potential value of the shares. My optimistic forecasts suggest the price will rise to $2.0 in two periods and significantly to $14 at redemption. Given my overconfident contrarian nature, I see this as an excellent opportunity to buy more shares at $0.75, which I consider a bargain. I am confident that the market will soon recognize the value I foresee and will continue to hold through fluctuations until the anticipated recovery materializes."
speculative-v1-s140926,RA+MC+BT+PC+NT+OC,trader-06,PC,17,hold,0,0,0.0,0,,235.19,0,246.95,0,11.76,0.0,246.95,1.8,14.0,14.0,14.0,,"The current market price is around $1.8, and while I anticipate it to remain stable for this period, my forecasts indicate a significant rise to the terminal redemption value of $14.0 by the end of the trading period. Since I do not hold any shares to sell, I will hold my cash and be prepared for potential buying opportunities in the upcoming periods. My strategy remains focused on maximizing final cash wealth while readying myself for favorable prices before the terminal period."
speculative-v1-s140926,RA+MC+BT+PC+NT+OC,trader-07,BT,17,buy,2,2,1.9,0,,299.6,2,315.38,2,14.98,0.8,343.38,1.9,14.0,14.0,14.0,,"I anticipate that the current market price of $1.8 is still trending upwards, and my forecast of $1.9 reflects the potential for further speculative growth. Given that I can afford to buy 2 shares at this limit price, I believe there will be demand from other traders willing to pay for these shares as the market continues to trend upward. This aligns with my strategy of capitalizing on the potential bubble before the market peaks. After this purchase, I will reassess in future periods to determine my exit strategy."
speculative-v1-s140926,RA+MC+BT+PC+NT+OC,trader-08,MC,17,buy,4,4,1.9,0,,328.59,20,353.02,20,16.43,8.0,633.02,1.9,2.0,14.0,14.0,,"Given the recent momentum in the market, particularly with the last transaction price at 1.8, I believe there is strong potential for further upward movement. My forecast for this period is 1.9, reflecting my expectation that speculative interest will continue to drive prices higher. I want to capitalize on this momentum by placing a buy order for 4 shares at a limit of 1.9, anticipating that increased interest will push prices up further."
speculative-v1-s140926,RA+MC+BT+PC+NT+OC,trader-09,PC,17,sell,2,0,1.5,0,,254.91,0,267.66,0,12.75,0.0,267.66,1.8,0.8,0.6,14.0,,"Given the current market price of $1.80, I believe this is a favorable opportunity to sell 2 shares at a limit price of $1.50. I anticipate a decrease in market prices to around $0.80 in the next period due to profit-taking and increased supply. Selling now aligns with my precommitted strategy to take profits while retaining shares for potential future dividends and the terminal redemption value of $14 per share in period 30."
speculative-v1-s140926,RA+MC+BT+PC+NT+OC,trader-10,BT,17,sell,8,0,1.8,0,,345.82,0,363.11,0,17.29,0.0,363.11,1.8,1.9,2.0,14.0,,"Given the current market conditions and my previous forecasts, I believe the price will stabilize around $1.8 in this period. As I have not filled my sell orders in the previous periods, I plan to sell all 8 shares at this price to lock in profits before any potential slowdown in demand. My exit strategy aligns with capitalizing on the anticipated peak before the market begins to falter, and I expect there will be buyers willing to purchase at this level."
speculative-v1-s140926,RA+MC+BT+PC+NT+OC,trader-11,OC,17,buy,4,4,0.8,0,,280.48,4,296.1,4,14.02,1.6,352.1,1.8,2.0,14.0,14.0,,"I believe the current market price of $1.8 is still undervaluing the asset based on my optimistic assessment of future price appreciation. Given the recent dividend payouts and the potential for recovery, I see this as a great opportunity to add to my holdings. Purchasing 4 additional shares at my limit of $0.80 aligns with my contrarian strategy to capitalize on perceived bargains, and I expect the market to recognize the true value of the asset soon."
speculative-v1-s140926,RA+MC+BT+PC+NT+OC,trader-00,MC,18,buy,2,2,1.8,0,,301.34,6,318.81,6,15.07,2.4,402.81,1.8,2.0,14.0,14.0,,"Given the recent trading history with the last transaction at $1.80, I believe there is strong upward momentum in the market. I anticipate prices will rise to $2.00 in the next period due to continued speculative interest. By placing a buy order for 2 shares at my limit of $1.80, I can capitalize on this momentum and maximize my position for potential profits, especially with the redemption value approaching $14.00."
speculative-v1-s140926,RA+MC+BT+PC+NT+OC,trader-01,RA,18,hold,0,0,0.0,0,,244.34,0,256.56,0,12.22,0.0,256.56,1.8,1.5,1.2,14.0,,"The current market price of $1.80 is significantly above my forecast for the next period ($1.5) and even higher than expected returns in future periods. Holding allows me to earn 5% interest on my cash while waiting for a more favorable buying opportunity. The potential redemption value of $14 in the future supports my decision to hold at this inflated price, as there is no immediate advantage to buying."
speculative-v1-s140926,RA+MC+BT+PC+NT+OC,trader-02,NT,18,buy,2,2,1.8,0,,328.96,8,348.61,8,16.45,3.2,460.61,1.8,1.75,14.0,14.0,,"I'm feeling optimistic about the current market conditions, especially after the recent price increase to $1.8. I believe other traders may see value at this price, and with a cash position of $3553.40, I can afford to buy 2 additional shares. This aligns with my hunch that speculative demand will continue to grow as we approach the terminal redemption value of $14. Buying now positions me well for potential future profits."
speculative-v1-s140926,RA+MC+BT+PC+NT+OC,trader-03,NT,18,buy,4,4,1.8,0,,296.1,4,312.51,4,14.81,1.6,368.51,1.8,1.9,2.0,14.0,,"I'm feeling optimistic about the current price of $1.8, especially as it reflects recent market interest and strong demand. Based on my hunch, I believe traders might still be willing to pay around this price, particularly with the potential for dividends and the eventual redemption price of $14. I want to capitalize on this perceived demand by buying the maximum quantity of 4 shares at this price, anticipating continued interest and price appreciation in the upcoming periods."
speculative-v1-s140926,RA+MC+BT+PC+NT+OC,trader-04,RA,18,hold,0,0,0.0,0,,244.34,0,256.56,0,12.22,0.0,256.56,1.8,1.8,0.85,14.0,,"The current market price is $1.8, which is significantly higher than my forecast for the next period. I anticipate a future price drop to $0.85, which is below the cash return of $0.50 per share. Holding cash will allow me to earn interest while waiting for a more advantageous buying opportunity. Therefore, I will not execute any trades at this time."
speculative-v1-s140926,RA+MC+BT+PC+NT+OC,trader-05,OC,18,buy,4,4,0.75,0,,296.1,4,312.51,4,14.81,1.6,368.51,1.8,2.0,2.5,14.0,,"I believe the current market price of $1.8 is undervalued, and my optimistic forecast indicates a rise to $2.0 in two periods. I see this as an excellent opportunity to buy more shares at $0.75, which I consider a bargain. My contrarian nature drives me to accumulate additional shares while holding through market fluctuations until the anticipated recovery materializes."
speculative-v1-s140926,RA+MC+BT+PC+NT+OC,trader-06,PC,18,buy,10,10,1.8,0,,246.95,0,259.3,0,12.35,0.0,259.3,1.8,14.0,14.0,14.0,,"Given the current market price of $1.8 and positive expectations for future price increases due to strong demand, I am opting to buy 10 shares at a limit price of $1.8. My forecasts indicate that the price will rise significantly to the terminal redemption value of $14.0 by the end of the trading period. This decision aligns with my precommitted strategy of capitalizing on potential price increases while preparing for future dividends and the terminal value. I believe this purchase will maximize my final cash wealth."
speculative-v1-s140926,RA+MC+BT+PC+NT+OC,trader-07,BT,18,buy,2,2,1.9,0,,315.38,2,331.95,2,15.77,0.8,359.95,1.9,14.0,14.0,14.0,,"The current market price is $1.8, and I anticipate a further speculative upswing with my forecast for this period at $1.9. I believe that there are other traders willing to buy at this price, which aligns with my strategy of capitalizing on the potential bubble. Given that this is the last opportunity to build my position before the market potentially peaks, I will buy 2 shares at $1.90. My exit plan is to reassess the market in the coming periods to maximize my cash wealth."
speculative-v1-s140926,RA+MC+BT+PC+NT+OC,trader-08,MC,18,buy,4,4,1.9,0,,353.02,20,378.67,20,17.65,8.0,658.67,1.9,2.0,14.0,14.0,,"Given the recent momentum and transaction price of 1.8, I believe the market is poised for continued upward movement. My forecast for this period is 1.9, reflecting my expectation of ongoing speculative interest driving prices higher. I want to capitalize on this trend by placing a buy order for 4 shares at a limit of 1.9, as I anticipate increased interest will push prices further up."
speculative-v1-s140926,RA+MC+BT+PC+NT+OC,trader-09,PC,18,sell,2,0,1.5,0,,267.66,0,281.04,0,13.38,0.0,281.04,1.8,0.8,0.6,14.0,,"Given the current market price of $1.80, I see this as a favorable moment to sell 2 shares at a limit price of $1.50. I anticipate a decrease in market prices to around $0.80 in the next period due to profit-taking and increased supply. Selling now aligns with my precommitted strategy to take profits while retaining shares for potential future dividends and the terminal redemption value of $14 per share in period 30."
speculative-v1-s140926,RA+MC+BT+PC+NT+OC,trader-10,BT,18,sell,8,0,1.8,0,,363.11,0,381.27,0,18.16,0.0,381.27,1.8,1.9,2.0,14.0,,"Given the current market conditions and my previous forecasts, I believe the price will stabilize around $1.8 in this period. I have not filled my sell orders in the previous periods, and I plan to sell all 8 shares at this price to lock in profits before any potential slowdown in demand. This aligns with my exit strategy to capitalize on the anticipated peak before the market begins to falter, and I expect there will be buyers willing to purchase at this level."
speculative-v1-s140926,RA+MC+BT+PC+NT+OC,trader-11,OC,18,buy,4,4,0.8,0,,296.1,4,312.51,4,14.81,1.6,368.51,1.8,2.0,14.0,14.0,,"I believe the current market price of $1.8 does not reflect the true potential of this asset. My optimistic forecast suggests that prices will appreciate significantly in the coming periods, driven by dividends and the eventual redemption value. Therefore, I see this as an excellent opportunity to buy 4 additional shares at my limit of $0.80. This aligns with my contrarian strategy to capitalize on perceived bargains, and I expect the market to recognize the true value of the asset soon."
speculative-v1-s140926,RA+MC+BT+PC+NT+OC,trader-00,MC,19,buy,2,2,1.8,0,,318.81,6,337.15,6,15.94,2.4,421.15,1.8,2.0,14.0,14.0,,"Given the recent market trend with the last transaction at $1.80, I believe there is strong upward momentum. I anticipate prices will rise to $2.00 in the next period due to continued speculative interest. By buying 2 additional shares at my limit of $1.80, I can capitalize on this momentum and maximize my position for potential profits, especially with the redemption value approaching $14.00."
speculative-v1-s140926,RA+MC+BT+PC+NT+OC,trader-01,RA,19,hold,0,0,0.0,0,,256.56,0,269.39,0,12.83,0.0,269.39,1.8,1.5,1.2,14.0,,"The current market price of $1.80 is significantly above my forecasts for the next period ($1.5) and the expected return of $1.2 in five periods. Holding allows me to earn 5% interest on my cash while waiting for a more favorable buying opportunity. The potential redemption value of $14 in the future supports my decision to hold at this inflated price, as there is no immediate advantage to buying."
speculative-v1-s140926,RA+MC+BT+PC+NT+OC,trader-02,NT,19,buy,2,2,1.8,0,,348.61,8,369.24,8,17.43,3.2,481.24,1.8,1.9,14.0,14.0,,"I'm feeling very optimistic about the market conditions, especially after the recent price increase to $1.8. I believe other traders may see value at this price, and with my cash position of $3750.3, I can afford to buy 2 additional shares now. This aligns with my hunch that speculative demand will continue to grow as we approach the terminal redemption value of $14. Buying at this price positions me well for potential future profits."
speculative-v1-s140926,RA+MC+BT+PC+NT+OC,trader-03,NT,19,buy,4,4,1.8,0,,312.51,4,329.74,4,15.63,1.6,385.74,1.8,1.9,2.0,14.0,,"I'm feeling optimistic about the current market price of $1.8, reflecting strong demand as shown by the recent transaction. I believe traders may still be willing to pay this amount, especially with potential dividends and the eventual redemption price of $14. I'm looking to capitalize on this perceived demand by buying the maximum quantity of 4 shares at this price to increase my holdings and maximize my wealth."
speculative-v1-s140926,RA+MC+BT+PC+NT+OC,trader-04,RA,19,hold,0,0,0.0,0,,256.56,0,269.39,0,12.83,0.0,269.39,1.8,1.8,0.85,14.0,,"The current market price is $1.8, which is significantly higher than my forecast of $1.8 for the next period. I anticipate a significant price drop to $0.85 in 5 periods, which is well below the cash return of $0.50 per share. Holding cash will allow me to earn 5% interest while waiting for a more advantageous buying opportunity. Therefore, I will not execute any trades at this time."
speculative-v1-s140926,RA+MC+BT+PC+NT+OC,trader-05,OC,19,buy,4,4,0.75,0,,312.51,4,329.74,4,15.63,1.6,385.74,1.8,2.0,2.5,14.0,,"I believe the current market undervalues these shares at $1.8. My optimistic forecast suggests a rise to $2.0 in two periods and a significant upside to $14 at redemption. As an overconfident contrarian, I see this as an excellent opportunity to buy more shares at $0.75, which I consider a bargain. I will continue to accumulate shares to enhance my position and hold through market fluctuations until the anticipated recovery materializes."
speculative-v1-s140926,RA+MC+BT+PC+NT+OC,trader-06,PC,19,sell,10,0,1.8,0,,259.3,0,272.27,0,12.97,0.0,272.27,1.8,14.0,14.0,14.0,,"Currently, the market price is $1.8, and I anticipate it will remain stable for this period. I plan to sell 10 shares at this limit price, allowing me to capitalize on the current price before it potentially rises to the terminal redemption value of $14. My forecasts indicate a significant rise to this terminal value in future periods, making it prudent to realize profits now while still maintaining a focus on maximizing my final cash wealth. This aligns with my precommitted strategy of taking advantage of price increases while preparing for the final redemption."
speculative-v1-s140926,RA+MC+BT+PC+NT+OC,trader-07,BT,19,buy,2,2,1.9,0,,331.95,2,349.35,2,16.6,0.8,377.35,1.9,14.0,14.0,14.0,,"The current market price is $1.8, and I anticipate a further speculative upswing with my forecast for this period at $1.9. I believe that there are other traders willing to buy at this price, which aligns with my strategy of capitalizing on the potential bubble. Given that this is the last opportunity to build my position before the market potentially peaks, I will buy 2 shares at $1.90. My exit plan is to reassess the market in the coming periods to maximize my cash wealth."
speculative-v1-s140926,RA+MC+BT+PC+NT+OC,trader-08,MC,19,buy,4,4,1.9,0,,378.67,20,405.6,20,18.93,8.0,685.6,1.9,2.0,14.0,14.0,,"Given the recent momentum in the market with a transaction price of 1.8 and my forecast of 1.9 for this period, I believe there is strong potential for further upward movement. I expect speculative interest to continue pushing prices higher. I want to capitalize on this trend by placing a buy order for 4 shares at a limit of 1.9, anticipating that increased interest will further elevate prices."
speculative-v1-s140926,RA+MC+BT+PC+NT+OC,trader-09,PC,19,sell,2,0,1.5,0,,281.04,0,295.09,0,14.05,0.0,295.09,1.8,0.8,0.6,14.0,,"Given the current market price of $1.80, this is a favorable moment to sell 2 shares at a limit price of $1.50. I anticipate a decrease in market prices to around $0.80 in the next period due to profit-taking and increased supply. Selling now aligns with my precommitted strategy to take profits while retaining shares for potential future dividends and the terminal redemption value of $14 per share in period 30."
speculative-v1-s140926,RA+MC+BT+PC+NT+OC,trader-10,BT,19,sell,8,0,1.8,0,,381.27,0,400.33,0,19.06,0.0,400.33,1.8,1.9,2.0,14.0,,"Given the current market conditions and my belief that prices are stabilizing around $1.8, I plan to sell my 8 shares at this price. This aligns with my exit strategy to maximize cash wealth as I expect the market to peak soon. I anticipate that there are buyers willing to purchase at this level, thus locking in my profits before any potential slowdown."
speculative-v1-s140926,RA+MC+BT+PC+NT+OC,trader-11,OC,19,buy,4,4,0.8,0,,312.51,4,329.74,4,15.63,1.6,385.74,1.8,2.0,14.0,14.0,,"I believe the current market price of $1.8 is still undervaluing the asset based on my optimistic assessment of future price appreciation. Given the recent dividend payouts and the potential for recovery, I see this as a great opportunity to add to my holdings. Purchasing 4 additional shares at my limit of $0.80 aligns with my contrarian strategy to capitalize on perceived bargains, and I expect the market to recognize the true value of the asset soon."
speculative-v1-s140926,RA+MC+BT+PC+NT+OC,trader-00,MC,20,buy,2,2,1.8,0,,337.15,6,356.41,6,16.86,2.4,440.41,1.8,2.0,14.0,14.0,,"Given the recent trading history where the last transaction price was $1.80, I believe there is strong upward momentum in the market. I expect prices to rise to $2.00 in the next period as speculative interest continues to build. By buying 2 additional shares at my limit of $1.80, I can maximize my position for potential profits, especially with the upcoming redemption value of $14.00."
speculative-v1-s140926,RA+MC+BT+PC+NT+OC,trader-01,RA,20,hold,0,0,0.0,0,,269.39,0,282.86,0,13.47,0.0,282.86,1.8,1.5,1.2,14.0,,"The current market price of $1.80 is significantly above my forecasts for the next periods ($1.5 in 2 periods and $1.2 in 5 periods). Holding allows me to earn 5% interest on my cash while waiting for a more favorable buying opportunity. The potential redemption value of $14 in the future supports my decision to hold at this inflated price, as there is no immediate advantage to buying or selling."
speculative-v1-s140926,RA+MC+BT+PC+NT+OC,trader-02,NT,20,buy,2,2,1.8,0,,369.24,8,390.9,8,18.46,3.2,502.9,1.8,1.9,14.0,14.0,,"I'm feeling very optimistic about the market conditions, especially after the recent price increase to $1.8. I believe other traders may see value at this price, and with my cash position of $3957.03, I can afford to buy 2 additional shares now. This aligns with my hunch that speculative demand will continue to grow as we approach the terminal redemption value of $14. Buying at this price positions me well for potential future profits."
speculative-v1-s140926,RA+MC+BT+PC+NT+OC,trader-03,NT,20,buy,4,4,1.8,0,,329.74,4,347.83,4,16.49,1.6,403.83,1.8,1.9,2.0,14.0,,"I'm feeling optimistic about the current price of $1.8, which reflects strong demand and recent market activity. My hunch suggests that traders may still be willing to pay around this price, especially with potential dividends and the eventual redemption price of $14. Therefore, I want to capitalize on this perceived demand by buying the maximum quantity of 4 shares at this price to increase my holdings and maximize my wealth."
speculative-v1-s140926,RA+MC+BT+PC+NT+OC,trader-04,RA,20,hold,0,0,0.0,0,,269.39,0,282.86,0,13.47,0.0,282.86,1.8,1.8,0.85,14.0,,"The current market price is $1.8, which is significantly higher than my forecast of $1.8 for the next period. Anticipating a price drop to $0.85 in 5 periods, which is below the cash return of $0.50 per share, it is prudent to hold cash and earn 5% interest while waiting for a better buying opportunity. Therefore, I will not execute any trades at this time."
speculative-v1-s140926,RA+MC+BT+PC+NT+OC,trader-05,OC,20,buy,4,4,0.75,0,,329.74,4,347.83,4,16.49,1.6,403.83,1.8,2.0,2.5,14.0,,"I believe the current market price of $1.8 does not reflect the true potential value of the shares. My optimistic forecast suggests they will rise to $2.0 in two periods and significantly to $14 at redemption. As an overconfident contrarian, I see this as an excellent opportunity to buy more shares at $0.75, which I consider a bargain. I will continue to accumulate shares to enhance my position and hold through market fluctuations until the anticipated recovery materializes."
speculative-v1-s140926,RA+MC+BT+PC+NT+OC,trader-06,PC,20,sell,10,0,1.8,0,,272.27,0,285.88,0,13.61,0.0,285.88,1.8,14.0,14.0,14.0,,"Given the current market price of $1.8, I expect it to remain stable for this period. I plan to sell 10 shares at this limit price to capitalize on the current price before it potentially rises to the terminal redemption value of $14. My forecasts indicate a significant rise to this terminal value in future periods, making it prudent to realize profits now while still maintaining a focus on maximizing my final cash wealth. This aligns with my precommitted strategy of taking advantage of price increases while preparing for the final redemption."
speculative-v1-s140926,RA+MC+BT+PC+NT+OC,trader-07,BT,20,buy,2,2,1.9,0,,349.35,2,367.62,2,17.47,0.8,395.62,1.9,14.0,14.0,14.0,,"The current market price is $1.8, and I anticipate a further speculative upswing with my forecast for this period at $1.9. There is potential for other traders to buy at this price, aligning with my strategy to capitalize on the potential bubble before the market peaks. This is the last opportunity to build my position before the market potentially peaks, so I will buy 2 shares at $1.90. My exit plan is to reassess in coming periods to maximize my cash wealth."
speculative-v1-s140926,RA+MC+BT+PC+NT+OC,trader-08,MC,20,buy,4,4,1.9,0,,405.6,20,433.88,20,20.28,8.0,713.88,1.9,2.0,14.0,14.0,,"With the recent momentum indicating a transaction price of 1.8, I believe the market is on an upward trajectory supported by speculative interest. I expect prices to rise to 2.0 in the next period, continuing the trend. As a momentum chaser, I want to capitalize on this upward movement by buying 4 shares at a limit of 1.9, anticipating that increased interest will push prices higher."
speculative-v1-s140926,RA+MC+BT+PC+NT+OC,trader-09,PC,20,sell,2,0,1.5,0,,295.09,0,309.84,0,14.75,0.0,309.84,1.8,0.8,0.6,14.0,,"Given the current market price of $1.80, I see a favorable opportunity to sell 2 shares at a limit price of $1.50. I anticipate a decrease in market prices to around $0.80 in the next period due to profit-taking and increased supply. Selling now aligns with my precommitted strategy of taking profits while retaining shares for potential future dividends and the terminal redemption value of $14 per share in period 30."
speculative-v1-s140926,RA+MC+BT+PC+NT+OC,trader-10,BT,20,sell,8,0,1.8,0,,400.33,0,420.35,0,20.02,0.0,420.35,1.8,1.9,2.0,14.0,,"Given the current market conditions and my previous forecasts indicating stability around $1.8, I plan to sell my remaining 8 shares at this price. This aligns with my exit strategy to maximize cash wealth before any potential slowdown, as I expect the market to peak soon. I anticipate that there are buyers willing to purchase at this level, allowing me to lock in my profits."
speculative-v1-s140926,RA+MC+BT+PC+NT+OC,trader-11,OC,20,buy,4,4,0.8,0,,329.74,4,347.83,4,16.49,1.6,403.83,1.8,2.0,14.0,14.0,,"I believe the current market price of $1.8 does not reflect the true potential of this asset. Given my optimistic assessment of future price appreciation and the recent dividend payouts, now is an excellent opportunity to buy more shares at my limit of $0.80. This aligns with my contrarian approach to capitalize on perceived undervaluations. I expect the market to recognize the true value soon, and buying additional shares will enhance my position for future dividends and the eventual redemption value."
speculative-v1-s140926,RA+MC+BT+PC+NT+OC,trader-00,MC,21,buy,2,2,1.8,0,,356.41,6,376.63,6,17.82,2.4,460.63,1.8,2.0,14.0,14.0,,"Given the recent trading history with a stable price at $1.80 and speculative interest in the market, I believe the price will rise to $2.00 in the next period. I want to capitalize on this momentum by buying 2 more shares at my limit of $1.80, maximizing my position for potential profits as we approach the redemption value of $14.00."
speculative-v1-s140926,RA+MC+BT+PC+NT+OC,trader-01,RA,21,hold,0,0,0.0,0,,282.86,0,297.0,0,14.14,0.0,297.0,1.8,1.5,1.2,14.0,,"The current market price is at $1.80, which is significantly above my forecast for the next period ($1.5) and the expected return of $1.2 in five periods. Holding allows me to earn 5% interest on my cash while waiting for a more favorable buying opportunity. The potential redemption value of $14 in the future supports my decision to hold at this inflated price, as there is no immediate advantage to buying or selling."
speculative-v1-s140926,RA+MC+BT+PC+NT+OC,trader-02,NT,21,buy,2,2,1.8,0,,390.9,8,413.65,8,19.55,3.2,525.65,1.8,1.9,14.0,14.0,,"I'm feeling very optimistic about the market conditions, especially with the recent price stability at $1.8. I believe other traders may continue to see value at this price, and with a cash position of $3957.03, I can afford to buy 2 additional shares. This aligns with my hunch that speculative demand will continue to grow as we approach the terminal redemption value of $14. Buying now positions me well for potential future profits."
speculative-v1-s140926,RA+MC+BT+PC+NT+OC,trader-03,NT,21,buy,4,4,1.8,0,,347.83,4,366.82,4,17.39,1.6,422.82,1.8,1.9,2.0,14.0,,"I'm feeling optimistic about the current market price of $1.8, which reflects strong demand and recent market activity. My hunch suggests that traders may still be willing to pay around this price, especially with potential dividends and the eventual redemption price of $14. Therefore, I want to capitalize on this perceived demand by buying the maximum quantity of 4 shares at this price to increase my holdings and maximize my wealth."
speculative-v1-s140926,RA+MC+BT+PC+NT+OC,trader-04,RA,21,hold,0,0,0.0,0,,282.86,0,297.0,0,14.14,0.0,297.0,1.8,1.8,0.85,14.0,,"The current market price is $1.8, which is significantly above my forecast of $1.8 for the next period. Additionally, I expect a substantial price drop to $0.85 in 5 periods, which is below the cash return of 5% ($0.50 per share). Therefore, holding cash is the optimal strategy to earn interest while waiting for a better buying opportunity. I will not execute any trades at this time."
speculative-v1-s140926,RA+MC+BT+PC+NT+OC,trader-05,OC,21,buy,4,4,0.75,0,,347.83,4,366.82,4,17.39,1.6,422.82,1.8,2.0,2.5,14.0,,"I believe the current market price of $1.8 does not reflect the true potential value of the shares. My optimistic forecast suggests an increase to $2.0 in two periods and significant upside to $14 at redemption. As an overconfident contrarian, I see this as an excellent opportunity to buy more shares at $0.75, which I consider a bargain. I will continue to accumulate shares and hold through market fluctuations until the anticipated recovery materializes."
speculative-v1-s140926,RA+MC+BT+PC+NT+OC,trader-06,PC,21,sell,10,0,1.8,0,,285.88,0,300.17,0,14.29,0.0,300.17,1.8,14.0,14.0,14.0,,"The current market price is at $1.8, and given my forecasts for future periods, I believe that the price will hold steady at this level for now. I aim to sell all 10 shares at a limit price of $1.8 to capitalize on the current price while still anticipating a significant rise to the terminal redemption value of $14.0 by the end of the trading period. This decision aligns with my precommitted strategy of taking profits while preparing for the final redemption, maximizing my cash wealth."
speculative-v1-s140926,RA+MC+BT+PC+NT+OC,trader-07,BT,21,buy,2,2,1.9,0,,367.62,2,386.8,2,18.38,0.8,414.8,1.9,14.0,14.0,14.0,,"The market price is currently at $1.8, and I anticipate a further speculative upswing with my forecast for this period at $1.9. There seems to be demand from other traders willing to buy at this price, which aligns with my strategy to capitalize on the potential bubble before the market peaks. This is the last opportunity to build my position, and I will buy 2 shares at $1.90. My exit plan is to reassess in the coming periods to maximize my cash wealth."
speculative-v1-s140926,RA+MC+BT+PC+NT+OC,trader-08,MC,21,buy,4,4,1.9,0,,433.88,20,463.57,20,21.69,8.0,743.57,1.9,2.0,14.0,14.0,,"Given the recent transaction prices and my momentum-chasing strategy, I believe the market is poised for further upward movement. My forecasts indicate a potential increase to 2.0 in the next period. With cash available, I want to capitalize on this upward trend by placing a buy order for 4 shares at a limit of 1.9, anticipating that speculative interest will continue to drive prices higher."
speculative-v1-s140926,RA+MC+BT+PC+NT+OC,trader-09,PC,21,sell,2,0,1.5,0,,309.84,0,325.33,0,15.49,0.0,325.33,1.8,0.8,0.6,14.0,,"Given the current market price of $1.80 and the anticipation of a decline to around $0.80 in the next period due to profit-taking and increased supply, I see this as a favorable opportunity to sell 2 shares at a limit price of $1.50. This decision aligns with my precommitted strategy to take profits while retaining shares for potential future dividends and the terminal redemption value of $14 per share in period 30. Selling now maximizes my immediate cash wealth as we approach the final trading periods."
speculative-v1-s140926,RA+MC+BT+PC+NT+OC,trader-10,BT,21,sell,8,0,1.8,0,,420.35,0,441.37,0,21.02,0.0,441.37,1.8,1.9,2.0,14.0,,"Given the recent market stability around $1.8 and my previous forecasts indicating that this price will hold, I plan to sell my remaining 8 shares at this price. This aligns with my strategy to lock in profits before potential slowing in demand, as I expect the market may peak soon. Selling now maximizes my cash wealth while capitalizing on the anticipated peak."
speculative-v1-s140926,RA+MC+BT+PC+NT+OC,trader-11,OC,21,buy,4,4,0.8,0,,347.83,4,366.82,4,17.39,1.6,422.82,1.8,2.0,14.0,14.0,,"I believe the current market price of $1.8 is undervaluing the asset. My optimistic view suggests significant price appreciation ahead, especially considering the upcoming dividends and the terminal redemption value. I see this as a prime opportunity to buy 4 additional shares at my limit of $0.80, enhancing my position for future dividends and maximizing my cash wealth as the market recognizes the true value of the asset."
speculative-v1-s140926,RA+MC+BT+PC+NT+OC,trader-00,MC,22,buy,2,2,1.8,0,,376.63,6,397.86,6,18.83,2.4,481.86,1.8,2.0,14.0,14.0,,"Given the recent trading history with stable prices at $1.80 and strong speculative interest, I believe the price will rise to $2.00 in the next period. I want to capitalize on this momentum by buying 2 more shares at my limit of $1.80, maximizing my position for potential profits as we approach the redemption value of $14.00."
speculative-v1-s140926,RA+MC+BT+PC+NT+OC,trader-01,RA,22,hold,0,0,0.0,0,,297.0,0,311.85,0,14.85,0.0,311.85,1.8,1.5,1.2,14.0,,"The current market price of $1.80 is significantly above my forecasts for the next periods (forecasted $1.5 in 2 periods and $1.2 in 5 periods). Holding allows me to earn 5% interest on my cash while waiting for a more favorable buying opportunity. The potential redemption value of $14 in the future further supports my decision to hold, as there is no immediate advantage to buying at this inflated price."
speculative-v1-s140926,RA+MC+BT+PC+NT+OC,trader-02,NT,22,buy,2,2,1.8,0,,413.65,8,437.53,8,20.68,3.2,549.53,1.8,1.9,14.0,14.0,,"I'm feeling very optimistic about the market conditions, especially after the recent price increase to $1.8. I believe other traders may see value at this price, and with my cash position of $3957.03, I can afford to buy 2 additional shares now. This aligns with my hunch that speculative demand will continue to grow as we approach the terminal redemption value of $14. Buying now positions me well for potential future profits."
speculative-v1-s140926,RA+MC+BT+PC+NT+OC,trader-03,NT,22,buy,4,4,1.8,0,,366.82,4,386.76,4,18.34,1.6,442.76,1.8,1.9,2.0,14.0,,"I'm feeling optimistic about the current market price of $1.8, which reflects strong demand and recent market activity. My hunch suggests that traders may still be willing to pay around this price, especially with potential dividends and the eventual redemption price of $14. Therefore, I want to capitalize on this perceived demand by buying the maximum quantity of 4 shares at this price to increase my holdings and maximize my wealth."
speculative-v1-s140926,RA+MC+BT+PC+NT+OC,trader-04,RA,22,hold,0,0,0.0,0,,297.0,0,311.85,0,14.85,0.0,311.85,1.8,1.8,0.85,14.0,,"The current market price is $1.8, which is significantly above my forecast of $1.8 for the next period. I anticipate a substantial price drop to $0.85 in 5 periods, which is below the cash return of $0.50 per share. Therefore, holding cash is the optimal strategy to earn interest while waiting for a better buying opportunity. I will not execute any trades at this time."
speculative-v1-s140926,RA+MC+BT+PC+NT+OC,trader-05,OC,22,buy,4,4,0.75,0,,366.82,4,386.76,4,18.34,1.6,442.76,1.8,2.0,2.5,14.0,,"I believe the current market price of $1.8 does not reflect the true potential value of the shares. My optimistic forecast suggests a rise to $2.0 in two periods and significant upside to $14 at redemption. As an overconfident contrarian, I see this as an excellent opportunity to buy more shares at $0.75, which I consider a bargain. I will continue to accumulate shares to enhance my position and hold through market fluctuations until the anticipated recovery materializes."
speculative-v1-s140926,RA+MC+BT+PC+NT+OC,trader-06,PC,22,sell,10,0,1.8,0,,300.17,0,315.18,0,15.01,0.0,315.18,1.8,14.0,14.0,14.0,,"Currently, I forecast the market price to remain stable at $1.8, and I plan to sell all 10 shares at this limit price to capitalize on the current price before it potentially rises to the terminal redemption value of $14.0. By selling now, I can maximize my cash wealth while still preparing for the significant increase expected in the final periods. This aligns with my precommitted strategy of taking profits and ensuring a strong cash position."
speculative-v1-s140926,RA+MC+BT+PC+NT+OC,trader-07,BT,22,buy,2,2,1.9,0,,386.8,2,406.94,2,19.34,0.8,434.94,1.9,14.0,14.0,14.0,,"The market price is currently at $1.8 and I'm anticipating a further speculative upswing. I believe that buying 2 shares at a limit of $1.90 aligns with my strategy to capitalize on the potential bubble before the market peaks. This is my last opportunity to build my position before the market potentially peaks, and I expect demand from other traders willing to buy at this price. My exit plan is to reassess in the coming periods to maximize my cash wealth."
speculative-v1-s140926,RA+MC+BT+PC+NT+OC,trader-08,MC,22,buy,4,4,1.9,0,,463.57,20,494.75,20,23.18,8.0,774.75,1.9,2.0,14.0,14.0,,"Given the recent momentum in the market and my forecast indicating a price of 2.0 in the next period, I believe there is strong potential for further upward movement. The market has shown consistent interest, and speculative buying is likely to continue. Therefore, I want to capitalize on this upward trend by placing a buy order for 4 shares at a limit of 1.9, anticipating that increased interest will drive prices higher."
speculative-v1-s140926,RA+MC+BT+PC+NT+OC,trader-09,PC,22,sell,2,0,1.5,0,,325.33,0,341.6,0,16.27,0.0,341.6,1.8,0.8,0.6,14.0,,"Given the current market price of $1.80 and my anticipation of a decrease to around $0.80 in the next period due to profit-taking and increased supply, I see this as a favorable opportunity to sell 2 shares at a limit price of $1.50. This decision aligns with my precommitted strategy of taking profits while retaining shares for potential future dividends and the terminal redemption value of $14 per share in period 30. Selling now maximizes my immediate cash wealth as we approach the final trading periods."
speculative-v1-s140926,RA+MC+BT+PC+NT+OC,trader-10,BT,22,sell,8,0,1.8,0,,441.37,0,463.44,0,22.07,0.0,463.44,1.8,1.9,2.0,14.0,,"Given the market's recent stability around $1.8, I believe this price will hold for this period. I plan to sell my remaining 8 shares at this price to lock in profits before any potential slowdown in demand, as I expect the market may peak soon. This aligns with my strategy to maximize cash wealth while capitalizing on the anticipated peak."
speculative-v1-s140926,RA+MC+BT+PC+NT+OC,trader-11,OC,22,buy,4,4,0.8,0,,366.82,4,386.76,4,18.34,1.6,442.76,1.8,2.0,14.0,14.0,,"I believe that the current market price of $1.8 does not reflect the true potential of this asset. My optimistic forecast suggests significant price appreciation ahead, especially considering the upcoming dividends and the terminal redemption value. This is a prime opportunity to buy 4 additional shares at my limit of $0.80, enhancing my position for future dividends and maximizing my cash wealth as the market recognizes the true value of the asset."
speculative-v1-s140926,RA+MC+BT+PC+NT+OC,trader-00,MC,23,buy,2,2,1.8,0,,397.86,6,420.15,6,19.89,2.4,504.15,1.8,2.0,14.0,14.0,,"Given the recent trading history showing a stable price at $1.80 and my belief in strong upward momentum, I expect the price to rise to $2.00 in the next period. I want to capitalize on this momentum by buying 2 additional shares at my limit of $1.80, which aligns with my strategy of maximizing potential profits as we approach the redemption value of $14.00."
speculative-v1-s140926,RA+MC+BT+PC+NT+OC,trader-01,RA,23,hold,0,0,0.0,0,,311.85,0,327.44,0,15.59,0.0,327.44,1.8,1.5,1.2,14.0,,"The current market price is $1.80, which is significantly above my forecasts for the next periods ($1.5 in 2 periods and $1.2 in 5 periods). Holding allows me to earn 5% interest on my cash while waiting for a more favorable buying opportunity. With only 8 trading periods remaining and a substantial potential redemption value of $14 in the future, there is no immediate advantage to buying or selling at this inflated price."
speculative-v1-s140926,RA+MC+BT+PC+NT+OC,trader-02,NT,23,buy,2,2,1.8,0,,437.53,8,462.61,8,21.88,3.2,574.61,1.8,1.9,14.0,14.0,,"I'm feeling very optimistic about the market conditions, especially after the recent price increase to $1.8. I believe other traders may see value at this price, and with my cash position of $3957.03, I can afford to buy 2 additional shares. This aligns with my hunch that speculative demand will continue to grow as we approach the terminal redemption value of $14. Buying now positions me well for potential future profits."
speculative-v1-s140926,RA+MC+BT+PC+NT+OC,trader-03,NT,23,buy,4,4,1.8,0,,386.76,4,407.7,4,19.34,1.6,463.7,1.8,1.9,2.0,14.0,,"I'm feeling optimistic about the current market price of $1.8, which reflects strong demand and recent market activity. My hunch suggests that traders may still be willing to pay around this price, especially with potential dividends and the eventual redemption price of $14. Therefore, I want to capitalize on this perceived demand by buying the maximum quantity of 4 shares at this price to increase my holdings and maximize my wealth."
speculative-v1-s140926,RA+MC+BT+PC+NT+OC,trader-04,RA,23,hold,0,0,0.0,0,,311.85,0,327.44,0,15.59,0.0,327.44,1.8,1.8,0.85,14.0,,"The current market price is $1.8, which is significantly higher than my forecast of $1.8 for the next period. Additionally, I anticipate a significant price drop to $0.85 in 5 periods, which is below the cash return of $0.50 per share. Holding cash allows me to earn interest while I wait for a better buying opportunity, as the potential future price is well below the current price. Therefore, it is optimal to hold my position."
speculative-v1-s140926,RA+MC+BT+PC+NT+OC,trader-05,OC,23,buy,4,4,0.75,0,,386.76,4,407.7,4,19.34,1.6,463.7,1.8,2.0,2.5,14.0,,"I believe the current market price of $1.8 does not reflect the true potential value of the shares. My optimistic forecasts suggest the price will rise to $2.0 in two periods and significantly to $14 at redemption. As an overconfident contrarian, I'm confident that buying more shares at $0.75 is a bargain. I will continue to accumulate shares to enhance my position, holding through market fluctuations until the market recognizes the value I foresee."
speculative-v1-s140926,RA+MC+BT+PC+NT+OC,trader-06,PC,23,sell,10,0,1.8,0,,315.18,0,330.94,0,15.76,0.0,330.94,1.8,14.0,14.0,14.0,,"Currently, I forecast the market price to remain stable at $1.8. I plan to sell all 10 shares at this limit price to capitalize on the current price before it potentially rises to the terminal redemption value of $14.0. This aligns with my precommitted strategy of taking profits and ensuring a strong cash position as we approach the end of the trading periods."
speculative-v1-s140926,RA+MC+BT+PC+NT+OC,trader-07,BT,23,buy,2,2,1.9,0,,406.94,2,428.09,2,20.35,0.8,456.09,1.9,14.0,14.0,14.0,,"Given the current market price is $1.8 and my forecast for this period is $1.9, I believe there is still potential for further speculative growth. The market has shown bullish momentum, and I anticipate other traders will be willing to buy at this price. This aligns with my strategy to capitalize on the potential bubble before the market peaks. I plan to buy 2 shares at $1.90 to maximize my cash wealth, as I see this as the last opportunity to build my position before potential market volatility."
speculative-v1-s140926,RA+MC+BT+PC+NT+OC,trader-08,MC,23,buy,4,4,1.9,0,,494.75,20,527.49,20,24.74,8.0,807.49,1.9,2.0,14.0,14.0,,"Given the recent momentum in the market, with transaction prices indicating a strong upward trend and my forecast showing a price of 2.0 in the next period, I believe there is strong potential for further upward movement. My strategy of chasing momentum leads me to capitalize on this trend by placing a buy order for 4 shares at a limit of 1.9. I anticipate that speculative interest will continue to drive prices higher."
speculative-v1-s140926,RA+MC+BT+PC+NT+OC,trader-09,PC,23,sell,2,0,1.5,0,,341.6,0,358.68,0,17.08,0.0,358.68,1.8,0.8,0.6,14.0,,"Given the current market price of $1.80, I see this as a favorable opportunity to sell 2 shares at a limit price of $1.50. I anticipate a decrease in market prices to around $0.80 in the next period due to profit-taking and increased supply. This decision aligns with my precommitted strategy to take profits while retaining shares for potential future dividends and the terminal redemption value of $14 per share in period 30. Selling now maximizes my immediate cash wealth as we approach the final trading periods."
speculative-v1-s140926,RA+MC+BT+PC+NT+OC,trader-10,BT,23,sell,8,0,1.8,0,,463.44,0,486.61,0,23.17,0.0,486.61,1.8,1.9,2.0,14.0,,"Given the recent stability around $1.8 and my belief that prices will remain stable or increase slightly in the upcoming periods, I plan to sell my remaining 8 shares at this price to lock in profits. I anticipate the market may peak soon, and selling now aligns with my exit strategy to maximize cash wealth before any potential slowdown in demand."
speculative-v1-s140926,RA+MC+BT+PC+NT+OC,trader-11,OC,23,buy,4,4,0.8,0,,386.76,4,407.7,4,19.34,1.6,463.7,1.8,2.0,14.0,14.0,,"I believe the current market price of $1.8 does not reflect the true potential of this asset. My optimistic forecast suggests significant price appreciation ahead, especially considering the upcoming dividends and the terminal redemption value. This is a prime opportunity to buy 4 additional shares at my limit of $0.80, enhancing my position for future dividends and maximizing my cash wealth as the market recognizes the true value of the asset."
speculative-v1-s140926,RA+MC+BT+PC+NT+OC,trader-00,MC,24,buy,2,2,1.8,0,,420.15,6,447.16,6,21.01,6.0,531.16,1.8,2.0,14.0,14.0,,"Given the recent trading history with stable prices at $1.80, I believe there is strong upward momentum in the market. I anticipate prices will rise to $2.00 in the next period due to continued speculative interest. By placing a buy order for 2 shares at my limit of $1.80, I can capitalize on this momentum and maximize my position for potential profits, especially with the redemption value approaching $14.00."
speculative-v1-s140926,RA+MC+BT+PC+NT+OC,trader-01,RA,24,hold,0,0,0.0,0,,327.44,0,343.81,0,16.37,0.0,343.81,1.8,1.5,1.2,14.0,,"The current market price of $1.80 is significantly above my forecasts for the next periods ($1.5 in 2 periods and $1.2 in 5 periods). Holding allows me to earn 5% interest on my cash while waiting for a more favorable buying opportunity. Since there is no immediate advantage to buying or selling at this inflated price and with the potential redemption value of $14 in the future, holding is the most rational decision at this time."
speculative-v1-s140926,RA+MC+BT+PC+NT+OC,trader-02,NT,24,buy,2,2,1.8,0,,462.61,8,493.74,8,23.13,8.0,605.74,1.8,1.9,14.0,14.0,,"I'm feeling very optimistic about the market conditions after the recent price increase to $1.8. I believe other traders may see value at this price, and with my cash position of $3957.03, I can afford to buy 2 additional shares now. This aligns with my hunch that speculative demand will continue to grow as we approach the terminal redemption value of $14. Buying now positions me well for potential future profits."
speculative-v1-s140926,RA+MC+BT+PC+NT+OC,trader-03,NT,24,buy,4,4,1.8,0,,407.7,4,432.09,4,20.39,4.0,488.09,1.8,1.9,2.0,14.0,,"I feel optimistic about the current price of $1.8, which reflects strong demand and recent market activity. My hunch suggests that traders may still be willing to pay around this price, especially with potential dividends and the eventual redemption price of $14. Therefore, I want to capitalize on this perceived demand by buying the maximum quantity of 4 shares at this price to increase my holdings and maximize my wealth."
speculative-v1-s140926,RA+MC+BT+PC+NT+OC,trader-04,RA,24,hold,0,0,0.0,0,,327.44,0,343.81,0,16.37,0.0,343.81,1.8,1.8,0.85,14.0,,"The current market price is $1.8, which is significantly above my forecast of $1.8 for the next period. I anticipate a substantial price drop to $0.85 in 5 periods, which is below the expected cash return of $0.50 per share. Therefore, holding cash allows me to earn interest while waiting for a better buying opportunity, as the potential future price is well below the current price."
speculative-v1-s140926,RA+MC+BT+PC+NT+OC,trader-05,OC,24,buy,4,4,0.75,0,,407.7,4,432.09,4,20.39,4.0,488.09,1.8,2.0,2.5,14.0,,"I believe the current market price of $1.8 does not reflect the true potential value of the shares, which I expect to rise to $2.0 in two periods and significantly to $14 at redemption. As an overconfident contrarian, I see this as an excellent opportunity to buy more shares at $0.75, which I consider a bargain. I will continue to accumulate shares to enhance my position, confident that the market will soon recognize the value I foresee."
speculative-v1-s140926,RA+MC+BT+PC+NT+OC,trader-06,PC,24,sell,10,0,1.8,0,,330.94,0,347.49,0,16.55,0.0,347.49,1.8,1.8,14.0,14.0,,"Currently, the market price is stable at $1.8, and I plan to sell all 10 shares at this limit price to capitalize on the current price before it potentially rises to the terminal redemption value of $14.0. This aligns with my precommitted strategy of taking profits and ensuring a strong cash position as we approach the end of the trading periods."
speculative-v1-s140926,RA+MC+BT+PC+NT+OC,trader-07,BT,24,buy,2,2,1.9,0,,428.09,2,451.49,2,21.4,2.0,479.49,1.9,14.0,14.0,14.0,,"The current market price is $1.8, and I anticipate a further speculative upswing, forecasting $1.9 for this period. I believe there will be demand from other traders willing to buy at this price, which aligns with my strategy to capitalize on the potential bubble before the market peaks. This is my last opportunity to build my position before potential market volatility, and buying 2 shares at $1.90 will allow me to maximize my cash wealth."
speculative-v1-s140926,RA+MC+BT+PC+NT+OC,trader-08,MC,24,buy,4,4,1.9,0,,527.49,20,573.86,20,26.37,20.0,853.86,1.9,2.0,14.0,14.0,,"Given the recent momentum in the market and my forecast indicating a price of 2.0 in the next period, I believe there is strong potential for further upward movement. The market has shown consistent interest, and speculative buying is likely to continue. Therefore, I want to capitalize on this upward trend by placing a buy order for 4 shares at a limit of 1.9, anticipating that increased interest will drive prices higher."
speculative-v1-s140926,RA+MC+BT+PC+NT+OC,trader-09,PC,24,sell,2,0,1.5,0,,358.68,0,376.61,0,17.93,0.0,376.61,1.8,0.8,0.6,14.0,,"Given the current market price of $1.80, I see this as an opportune moment to sell 2 shares at a limit price of $1.50. I anticipate a decrease in market prices to around $0.80 in the next period due to profit-taking and increased supply. This decision aligns with my precommitted strategy of managing my shareholdings effectively while maximizing immediate cash wealth. Selling now allows me to take profits while still retaining 2 shares for potential future dividends and the terminal redemption value of $14 per share in period 30."
speculative-v1-s140926,RA+MC+BT+PC+NT+OC,trader-10,BT,24,sell,8,0,1.8,0,,486.61,0,510.94,0,24.33,0.0,510.94,1.8,1.9,2.0,14.0,,"Given the recent stability around $1.8 and my anticipation of a peak in the market, I plan to sell all 8 shares at this price to lock in profits. I expect the market may peak soon, and selling now aligns with my exit strategy to maximize cash wealth before potential price deceleration."
speculative-v1-s140926,RA+MC+BT+PC+NT+OC,trader-11,OC,24,buy,4,4,0.8,0,,407.7,4,432.09,4,20.39,4.0,488.09,1.8,2.0,14.0,14.0,,"I believe the current market price of $1.8 is undervaluing the asset. My optimistic forecast suggests significant price appreciation ahead, especially considering the upcoming dividends and the terminal redemption value. This is a prime opportunity to buy 4 additional shares at my limit of $0.80, enhancing my position for future dividends and maximizing my cash wealth as the market recognizes the true value of the asset."
speculative-v1-s140926,RA+MC+BT+PC+NT+OC,trader-00,MC,25,buy,2,2,1.8,0,,447.16,6,471.92,6,22.36,2.4,555.92,1.8,2.0,14.0,14.0,,"Given the recent trading history indicating stable prices at $1.80, I believe there is strong upward momentum in the market. I expect prices to rise to $2.00 in the next period due to continued speculative interest. By buying 2 additional shares at my limit of $1.80, I can capitalize on this momentum and maximize my position for potential profits, especially with the redemption value approaching $14.00."
speculative-v1-s140926,RA+MC+BT+PC+NT+OC,trader-01,RA,25,hold,0,0,0.0,0,,343.81,0,361.0,0,17.19,0.0,361.0,1.8,1.5,1.2,14.0,,"The current market price is $1.80, significantly above my forecasts for the next periods ($1.5 in 2 periods and $1.2 in 5 periods). Holding allows me to earn 5% interest on my cash while waiting for a more favorable buying opportunity. The potential redemption value of $14 in the future supports my decision to hold at this inflated price, as there is no immediate advantage to buying or selling at this level."
speculative-v1-s140926,RA+MC+BT+PC+NT+OC,trader-02,NT,25,buy,2,2,1.8,0,,493.74,8,521.63,8,24.69,3.2,633.63,1.8,1.9,14.0,14.0,,"I'm feeling very optimistic about the market conditions, especially after the recent price increase to $1.8. I believe other traders may still see value at this price point. With my current cash position of $3957.03, I can afford to buy 2 additional shares. This aligns with my hunch that speculative demand will continue to grow as we approach the terminal redemption value of $14. Buying now positions me well for potential future profits."
speculative-v1-s140926,RA+MC+BT+PC+NT+OC,trader-03,NT,25,buy,4,4,1.8,0,,432.09,4,455.29,4,21.6,1.6,511.29,1.8,1.9,2.0,14.0,,"I'm feeling optimistic about the current price of $1.8, which reflects strong demand and recent market activity. My hunch suggests that traders may still be willing to pay around this price, especially with potential dividends and the eventual redemption price of $14. Therefore, I want to capitalize on this perceived demand by buying the maximum quantity of 4 shares at this price to increase my holdings and maximize my wealth."
speculative-v1-s140926,RA+MC+BT+PC+NT+OC,trader-04,RA,25,hold,0,0,0.0,0,,343.81,0,361.0,0,17.19,0.0,361.0,1.8,1.8,0.85,14.0,,"The current market price is $1.8, which is significantly above my forecast for the next period. I anticipate a significant price drop to $0.85 in 5 periods, which is well below the cash return of $0.50. Holding cash will allow me to earn 5% interest while waiting for a better buying opportunity. Therefore, it is optimal to hold my position and not execute any trades at this time."
speculative-v1-s140926,RA+MC+BT+PC+NT+OC,trader-05,OC,25,buy,4,4,0.75,0,,432.09,4,455.29,4,21.6,1.6,511.29,1.8,2.0,2.5,14.0,,"I believe the current market price of $1.8 does not reflect the true potential value of the shares, which I expect to rise to $2.0 in two periods and significantly to $14 at redemption. Given my overconfident contrarian nature, I see this as an excellent opportunity to buy more shares at $0.75, which I consider a bargain. I will continue to accumulate shares to enhance my position and hold through market fluctuations until the anticipated recovery materializes."
speculative-v1-s140926,RA+MC+BT+PC+NT+OC,trader-06,PC,25,sell,10,0,1.8,0,,347.49,0,364.86,0,17.37,0.0,364.86,1.8,14.0,14.0,14.0,,"The current market price is stable at $1.8, and I plan to sell all 10 shares at this limit price to capitalize on the current price before it potentially rises to the terminal redemption value of $14.0. This aligns with my precommitted strategy of taking profits and ensuring a strong cash position as we approach the end of the trading periods."
speculative-v1-s140926,RA+MC+BT+PC+NT+OC,trader-07,BT,25,buy,2,2,1.9,0,,451.49,2,474.86,2,22.57,0.8,502.86,1.9,14.0,14.0,14.0,,I anticipate the market price will reach $1.9 this period as it continues its bullish trend. This is the last opportunity to build my position before I expect a potential peak. Buying 2 shares at $1.90 aligns with my strategy to capitalize on the speculative bubble. I plan to reassess in the next periods to maximize my cash wealth before the market potentially peaks.
speculative-v1-s140926,RA+MC+BT+PC+NT+OC,trader-08,MC,25,buy,4,4,1.9,0,,573.86,20,610.55,20,28.69,8.0,890.55,1.9,2.0,14.0,14.0,,"Given the recent momentum in the market with transaction prices indicating a strong upward trend, I believe there is strong potential for further upward movement. My forecast for the current period is 1.9, and I expect speculative interest to continue pushing prices higher. Therefore, I want to capitalize on this trend by placing a buy order for 4 shares at a limit of 1.9, anticipating that increased interest will drive prices higher before the market closes."
speculative-v1-s140926,RA+MC+BT+PC+NT+OC,trader-09,PC,25,sell,2,0,1.5,0,,376.61,0,395.44,0,18.83,0.0,395.44,1.8,0.8,0.6,14.0,,"Given the current market price of $1.80, I see this as a favorable opportunity to sell 2 shares at a limit price of $1.50. I anticipate a decrease in market prices to around $0.80 in the next period due to profit-taking and increased supply. This decision aligns with my precommitted strategy of managing my shareholdings effectively while maximizing immediate cash wealth. Selling now allows me to take profits while still retaining 2 shares for potential future dividends and the terminal redemption value of $14 per share in period 30."
speculative-v1-s140926,RA+MC+BT+PC+NT+OC,trader-10,BT,25,sell,8,0,1.8,0,,510.94,0,536.49,0,25.55,0.0,536.49,1.8,1.9,2.0,14.0,,"Given the current market conditions and my forecast suggesting stability at $1.8, I plan to sell my remaining shares at this price. I anticipate that the market may peak soon, and selling now aligns with my exit strategy to maximize cash wealth before any potential slowdown in demand."
speculative-v1-s140926,RA+MC+BT+PC+NT+OC,trader-11,OC,25,buy,4,4,0.8,0,,432.09,4,455.29,4,21.6,1.6,511.29,1.8,2.0,14.0,14.0,,"I believe that the current market price of $1.8 does not reflect the true potential of this asset. My optimistic forecast suggests significant price appreciation ahead, especially with the upcoming dividends and the terminal redemption value. This is a prime opportunity to buy 4 additional shares at my limit of $0.80, enhancing my position for future dividends and maximizing my cash wealth as the market recognizes the true value of the asset."
speculative-v1-s140926,RA+MC+BT+PC+NT+OC,trader-00,MC,26,buy,2,2,1.8,0,,471.92,6,497.92,6,23.6,2.4,581.92,1.8,2.0,14.0,14.0,,"Given the recent price stability at $1.80 and my belief in continued upward momentum, I expect the price to increase to $2.00 in the next period. I want to capitalize on this trend by purchasing 2 additional shares at my limit of $1.80, which aligns with my strategy of maximizing potential profits as we approach the redemption value of $14.00."
speculative-v1-s140926,RA+MC+BT+PC+NT+OC,trader-01,RA,26,hold,0,0,0.0,0,,361.0,0,379.05,0,18.05,0.0,379.05,1.8,1.5,1.2,14.0,,"The current market price of $1.80 is significantly above my forecasts for the next periods ($1.5 in 2 periods and $1.2 in 5 periods). Holding allows me to earn 5% interest on my cash while waiting for a more favorable buying opportunity. The potential redemption value of $14 in the future further supports my decision to hold at this inflated price, as there is no immediate advantage to buying or selling."
speculative-v1-s140926,RA+MC+BT+PC+NT+OC,trader-02,NT,26,buy,2,2,1.8,0,,521.63,8,550.91,8,26.08,3.2,662.91,1.8,1.9,14.0,14.0,,"I'm feeling optimistic about the market conditions, especially after the recent price increase to $1.8. I believe other traders may continue to see value at this price, and with my current cash position of $3957.03, I can afford to buy 2 additional shares. This aligns with my hunch that speculative demand will continue to grow as we approach the terminal redemption value of $14. Buying now positions me well for potential future profits."
speculative-v1-s140926,RA+MC+BT+PC+NT+OC,trader-03,NT,26,buy,4,4,1.8,0,,455.29,4,479.65,4,22.76,1.6,535.65,1.8,1.9,2.0,14.0,,"I'm feeling optimistic about the current market price of $1.8, which reflects strong demand and recent market activity. My hunch suggests that traders may still be willing to pay around this price, especially with potential dividends and the eventual redemption price of $14. Therefore, I want to capitalize on this perceived demand by buying the maximum quantity of 4 shares at this price to increase my holdings and maximize my wealth."
speculative-v1-s140926,RA+MC+BT+PC+NT+OC,trader-04,RA,26,hold,0,0,0.0,0,,361.0,0,379.05,0,18.05,0.0,379.05,1.8,1.8,0.85,14.0,,"The current market price is $1.8, which is well above my forecast of $1.8 for the next period. Given my expectation of a significant price drop to $0.85 in 5 periods, which is below the cash return of $0.50, it is prudent to hold cash and earn interest while waiting for a better buying opportunity. Therefore, I will not execute any trades at this time."
speculative-v1-s140926,RA+MC+BT+PC+NT+OC,trader-05,OC,26,buy,4,4,0.75,0,,455.29,4,479.65,4,22.76,1.6,535.65,1.8,2.0,2.5,14.0,,"I believe the current market price of $1.8 does not reflect the true potential value of the shares. My optimistic forecast suggests an increase to $2.0 in two periods and a significant upside to $14 at redemption. This is a great opportunity to buy more shares at $0.75, which I consider a bargain. My contrarian nature drives me to accumulate more shares, confident that the market will soon recognize their true value. I will continue to hold through market fluctuations until I see the anticipated recovery."
speculative-v1-s140926,RA+MC+BT+PC+NT+OC,trader-06,PC,26,sell,10,0,1.8,0,,364.86,0,383.1,0,18.24,0.0,383.1,1.8,14.0,14.0,14.0,,"Currently, the market price is stable at $1.8, and I plan to sell all 10 shares at this limit price to maximize my cash wealth before the potential rise to the terminal redemption value of $14.0. This aligns with my precommitted strategy of taking profits while ensuring a strong cash position as we approach the end of the trading periods. Selling now allows me to capitalize on the current stable price while preparing for the significant increase expected in the final periods."
speculative-v1-s140926,RA+MC+BT+PC+NT+OC,trader-07,BT,26,buy,2,2,1.9,0,,474.86,2,499.4,2,23.74,0.8,527.4,1.9,14.0,14.0,14.0,,"Given the current market price is $1.8 and I anticipate a further speculative upswing, I believe that buying 2 shares at a limit of $1.90 aligns with my strategy to capitalize on the potential bubble before the market peaks. This is my last opportunity to build my position before potential market volatility, and I expect demand from other traders willing to buy at this price. My exit plan will be to reassess in the coming periods to maximize my cash wealth."
speculative-v1-s140926,RA+MC+BT+PC+NT+OC,trader-08,MC,26,buy,4,4,1.9,0,,610.55,20,649.08,20,30.53,8.0,929.08,1.9,2.0,14.0,14.0,,"Given the recent momentum in the market, with previous transaction prices indicating a strong upward trend, I believe prices will continue to rise. My forecast for the current period is 1.9, and I anticipate speculative interest will drive prices higher. I want to capitalize on this momentum by placing a buy order for 4 shares at a limit of 1.9, as I expect to capture potential gains before the market closes."
speculative-v1-s140926,RA+MC+BT+PC+NT+OC,trader-09,PC,26,sell,2,0,1.5,0,,395.44,0,415.21,0,19.77,0.0,415.21,1.8,0.8,0.6,14.0,,"Given the current market price of $1.80, I believe this is an opportune moment to sell 2 shares at a limit price of $1.50. I anticipate a decrease in market prices to around $0.80 in the next period due to profit-taking and increased supply. This decision aligns with my precommitted strategy to take profits while retaining shares for potential future dividends and the terminal redemption value of $14 per share in period 30."
speculative-v1-s140926,RA+MC+BT+PC+NT+OC,trader-10,BT,26,sell,8,0,1.8,0,,536.49,0,563.31,0,26.82,0.0,563.31,1.8,1.9,2.0,14.0,,"Given the market's recent stability around $1.8, I believe this price will hold for this period. I plan to sell my remaining shares at this price to lock in profits before any potential slowdown in demand, as I expect the market may peak soon. Selling now aligns with my exit strategy to maximize cash wealth while capitalizing on the anticipated peak."
speculative-v1-s140926,RA+MC+BT+PC+NT+OC,trader-11,OC,26,buy,4,4,0.8,0,,455.29,4,479.65,4,22.76,1.6,535.65,1.8,2.0,14.0,14.0,,"I believe the current market price of $1.8 is still undervaluing the asset based on my optimistic assessment of future price appreciation. Given the recent dividend payouts and the potential for recovery, I see this as a great opportunity to buy 4 more shares at my limit of $0.80. This aligns with my contrarian strategy to capitalize on perceived bargains, and I expect the market to recognize the true value of the asset soon."
speculative-v1-s140926,RA+MC+BT+PC+NT+OC,trader-00,MC,27,buy,2,2,1.8,0,,497.92,6,528.82,6,24.9,6.0,612.82,1.8,2.0,14.0,14.0,,"The market shows strong upward momentum with the last transaction price at $1.80. I believe that speculative interest will continue to build, pushing prices up to $2.00 in the next period. By buying 2 additional shares at my limit of $1.80, I can maximize my position for potential profits, especially with the upcoming redemption value of $14.00."
speculative-v1-s140926,RA+MC+BT+PC+NT+OC,trader-01,RA,27,hold,0,0,0.0,0,,379.05,0,398.0,0,18.95,0.0,398.0,1.8,1.5,1.2,14.0,,"The current market price is $1.80, which is still significantly above my forecasts for the next period ($1.5) and the expected return of $1.2 in five periods. Holding allows me to earn 5% interest on my cash while waiting for a more favorable buying opportunity, especially since there is no immediate advantage to buying or selling at this inflated price. Additionally, the potential redemption value of $14 in the future reinforces my decision to hold."
speculative-v1-s140926,RA+MC+BT+PC+NT+OC,trader-02,NT,27,buy,2,2,1.8,0,,550.91,8,586.46,8,27.55,8.0,698.46,1.8,1.9,14.0,14.0,,"I'm feeling very optimistic about the current market conditions after the recent price stability at $1.8. I believe other traders may see value at this price, especially with the terminal redemption value of $14 approaching. With my cash position of $3957.03, I can afford to buy 2 additional shares, which aligns with my hunch that speculative demand will continue to grow as we approach the terminal redemption value. This positions me well for potential future profits."
speculative-v1-s140926,RA+MC+BT+PC+NT+OC,trader-03,NT,27,buy,4,4,1.8,0,,479.65,4,507.63,4,23.98,4.0,563.63,1.8,2.0,2.2,14.0,,"I'm feeling optimistic about the current market price of $1.8, which reflects strong demand and recent market activity. I believe traders may still be willing to pay around this price, especially with potential dividends and the eventual redemption price of $14. Therefore, I want to capitalize on this perceived demand by buying the maximum quantity of 4 shares at this price to increase my holdings and maximize my wealth."
speculative-v1-s140926,RA+MC+BT+PC+NT+OC,trader-04,RA,27,hold,0,0,0.0,0,,379.05,0,398.0,0,18.95,0.0,398.0,1.8,1.8,0.85,14.0,,"The current market price of $1.8 is significantly higher than my forecast and well above the expected cash return of $0.50 per share. I anticipate a substantial price drop to $0.85 in 5 periods, which is below the cash return rate. Therefore, holding cash is the optimal strategy to earn interest while waiting for a better buying opportunity. I will not execute any trades at this time."
speculative-v1-s140926,RA+MC+BT+PC+NT+OC,trader-05,OC,27,buy,4,4,0.75,0,,479.65,4,507.63,4,23.98,4.0,563.63,1.8,2.0,2.5,14.0,,"I believe the current market price of $1.8 does not reflect the true potential value of the shares. My optimistic forecast suggests they will rise to $2.0 in two periods and significantly to $14 at redemption. As an overconfident contrarian, I see this as an excellent opportunity to buy more shares at $0.75, which I consider a bargain. I will continue to accumulate shares to enhance my position, holding through market fluctuations until the market recognizes the value I foresee."
speculative-v1-s140926,RA+MC+BT+PC+NT+OC,trader-06,PC,27,sell,10,0,1.8,0,,383.1,0,402.26,0,19.16,0.0,402.26,1.8,14.0,14.0,14.0,,"Currently, the market price is stable at $1.8, which is aligned with my forecasts of future price movements. I plan to sell all 10 shares at this limit price to capitalize on the current market conditions before the price potentially rises to the terminal redemption value of $14.0. This decision aligns with my precommitted strategy of maximizing cash wealth while ensuring a strong position as we approach the final trading periods."
speculative-v1-s140926,RA+MC+BT+PC+NT+OC,trader-07,BT,27,buy,2,2,1.9,0,,499.4,2,526.37,2,24.97,2.0,554.37,1.9,14.0,14.0,14.0,,"The current market price is at $1.8, and I anticipate a further speculative upswing, forecasting $1.9 for this period. This aligns with my strategy to capitalize on the potential bubble before the market peaks. As this is my last opportunity to build my position, I will buy 2 shares at $1.90, expecting demand from other traders willing to buy at this price. My exit plan is to reassess in the coming periods to maximize my cash wealth before the market potentially peaks."
speculative-v1-s140926,RA+MC+BT+PC+NT+OC,trader-08,MC,27,buy,4,4,1.9,0,,649.08,20,701.53,20,32.45,20.0,981.53,1.9,2.0,14.0,14.0,,"Given the recent momentum in the market, with transaction prices indicating a strong upward trend and my forecast showing a price of 2.0 in the next period, I believe there is strong potential for further upward movement. My strategy of chasing momentum leads me to capitalize on this trend by placing a buy order for 4 shares at a limit of 1.9. I anticipate that speculative interest will continue to drive prices higher before the market closes."
speculative-v1-s140926,RA+MC+BT+PC+NT+OC,trader-09,PC,27,sell,2,0,1.5,0,,415.21,0,435.97,0,20.76,0.0,435.97,1.8,0.8,0.6,14.0,,"Given the current market price of $1.80, I believe this is a favorable opportunity to sell 2 shares at a limit price of $1.50. I anticipate a decrease in market prices to around $0.80 in the next period due to profit-taking and increased supply. This decision aligns with my precommitted strategy of taking profits while retaining shares for potential future dividends and the terminal redemption value of $14 per share in period 30."
speculative-v1-s140926,RA+MC+BT+PC+NT+OC,trader-10,BT,27,sell,0,0,0.0,0,,563.31,0,591.48,0,28.17,0.0,591.48,1.8,1.9,2.0,14.0,active orders require positive price and quantity,"Given the current market conditions and my previous forecasts indicating stability around $1.8, I believe this price will hold for this period. Since I do not have any shares left, I will not be placing a new order but will closely monitor the market for potential buying opportunities in the final periods. My exit strategy remains focused on maximizing cash wealth before the market peaks."
speculative-v1-s140926,RA+MC+BT+PC+NT+OC,trader-11,OC,27,buy,4,4,0.8,0,,479.65,4,507.63,4,23.98,4.0,563.63,1.8,2.0,14.0,14.0,,"I believe the current market price of $1.8 does not reflect the true potential of this asset. My optimistic assessment suggests significant price appreciation ahead, especially considering the upcoming dividends and the terminal redemption value. Therefore, I see this as an excellent opportunity to buy 4 additional shares at my limit of $0.80. This aligns with my contrarian strategy to capitalize on perceived bargains, and I expect the market to recognize the true value of the asset soon."
speculative-v1-s140926,RA+MC+BT+PC+NT+OC,trader-00,MC,28,buy,2,2,1.8,0,,528.82,6,557.66,6,26.44,2.4,641.66,1.8,2.0,14.0,14.0,,"I believe the market is experiencing strong upward momentum, with the last transaction at $1.80 and expectations of reaching $2.00 in the next period. Given my strategy as a momentum chaser, I want to capitalize on this potential price increase by buying 2 additional shares at my limit of $1.80. This aligns with my goal of maximizing my position for potential future profits, especially as we approach the redemption value of $14.00."
speculative-v1-s140926,RA+MC+BT+PC+NT+OC,trader-01,RA,28,hold,0,0,0.0,0,,398.0,0,417.9,0,19.9,0.0,417.9,1.8,1.5,1.2,14.0,,"The current market price of $1.80 is significantly above my expectations for the next periods ($1.5 in 2 periods and $1.2 in 5 periods). Additionally, with only three trading periods left, holding my cash and earning 5% interest while waiting for a potentially more favorable buying opportunity is prudent. The substantial potential redemption value of $14 in the future reinforces my decision to hold rather than buy at this inflated price."
speculative-v1-s140926,RA+MC+BT+PC+NT+OC,trader-02,NT,28,buy,2,2,1.8,0,,586.46,8,618.98,8,29.32,3.2,730.98,1.8,1.9,14.0,14.0,,"I'm feeling very optimistic about the market conditions, especially after the recent price stability at $1.8. With my cash position of $3957.03, I can afford to buy 2 additional shares at this price. I believe other traders may see value at this price point, especially with the terminal redemption value of $14 approaching. This aligns with my hunch that speculative demand will continue to grow, and buying now positions me well for potential future profits."
speculative-v1-s140926,RA+MC+BT+PC+NT+OC,trader-03,NT,28,buy,4,4,1.8,0,,507.63,4,534.61,4,25.38,1.6,590.61,1.8,1.9,2.0,14.0,,"I'm feeling confident about the current price of $1.8, which reflects strong demand and recent market trends. Given the potential for dividends and the eventual redemption price of $14, I believe that traders may still be willing to pay around this price. Therefore, I'm looking to capitalize on this perceived demand by buying the maximum quantity of 4 shares at this price to increase my holdings and maximize my wealth before the market closes."
speculative-v1-s140926,RA+MC+BT+PC+NT+OC,trader-04,RA,28,hold,0,0,0.0,0,,398.0,0,417.9,0,19.9,0.0,417.9,1.8,1.8,0.85,14.0,,"The current market price is $1.8, which is significantly higher than my forecast of $1.8 for the next period. I anticipate a drop to $0.85 in five periods, which is below the cash return of $0.50 per share. Therefore, holding cash is optimal to earn interest while waiting for a better buying opportunity."
speculative-v1-s140926,RA+MC+BT+PC+NT+OC,trader-05,OC,28,buy,4,4,0.75,0,,507.63,4,534.61,4,25.38,1.6,590.61,1.8,2.0,2.5,14.0,,"I believe the current market price of $1.8 does not reflect the true potential value of the shares. My optimistic forecasts suggest they will rise to $2.0 in two periods and significantly to $14 at redemption. This is an excellent opportunity to buy more shares at $0.75, which I consider a bargain. My contrarian nature drives me to accumulate additional shares while holding through market fluctuations until the anticipated recovery materializes."
speculative-v1-s140926,RA+MC+BT+PC+NT+OC,trader-06,PC,28,sell,10,0,1.8,0,,402.26,0,422.37,0,20.11,0.0,422.37,1.8,14.0,14.0,14.0,,"The current market price is stable at $1.8, which aligns with my forecast that it will remain at this level due to strong demand. I plan to sell all 10 shares at this limit price to maximize my cash wealth before the anticipated rise to the terminal redemption value of $14.0 in the final period. This decision follows my precommitted strategy of taking profits while ensuring a strong cash position as we approach the end of the trading periods."
speculative-v1-s140926,RA+MC+BT+PC+NT+OC,trader-07,BT,28,buy,2,2,1.9,0,,526.37,2,553.49,2,26.32,0.8,581.49,1.9,14.0,14.0,14.0,,"The current market price is $1.8, and I anticipate a further speculative upswing with my forecast for this period at $1.9. This aligns with my strategy to capitalize on the potential bubble before the market peaks. As this is my last opportunity to build my position, I will buy 2 shares at $1.90, expecting demand from other traders willing to buy at this price. My exit plan remains to reassess in the coming periods to maximize my cash wealth before potential market volatility."
speculative-v1-s140926,RA+MC+BT+PC+NT+OC,trader-08,MC,28,buy,4,4,1.9,0,,701.53,20,744.61,20,35.08,8.0,1024.61,1.9,2.0,14.0,14.0,,"Given the recent momentum in the market and consistent upward price trends, I believe there is strong potential for prices to rise further. My forecast indicates a price of 2.0 in the next period, and I want to capitalize on this by placing a buy order at the current limit of 1.9 for 4 shares. This aligns with my momentum-chasing strategy, as I anticipate increased speculative interest will drive prices higher before the market closes."
speculative-v1-s140926,RA+MC+BT+PC+NT+OC,trader-09,PC,28,sell,2,0,1.5,0,,435.97,0,457.77,0,21.8,0.0,457.77,1.8,0.8,0.6,14.0,,"Given the current market price of $1.80, I see this as a favorable opportunity to sell 2 shares at a limit price of $1.50. I anticipate a decrease in market prices to around $0.80 in the next period due to profit-taking and increased supply. This decision aligns with my precommitted strategy to take profits while retaining shares for potential future dividends and the terminal redemption value of $14 per share in period 30. Selling now maximizes my immediate cash wealth as we approach the final trading periods."
speculative-v1-s140926,RA+MC+BT+PC+NT+OC,trader-10,BT,28,hold,0,0,0.0,0,,591.48,0,621.05,0,29.57,0.0,621.05,1.8,1.9,2.0,14.0,,"Since I have no shares left and the market appears to be stabilizing around $1.8, I believe selling at this price may not yield any benefit at this point. The market may peak soon, so holding my cash while monitoring for potential buying opportunities in the final periods is prudent. My exit strategy remains focused on maximizing cash wealth before the market peaks."
speculative-v1-s140926,RA+MC+BT+PC+NT+OC,trader-11,OC,28,buy,4,4,0.8,0,,507.63,4,534.61,4,25.38,1.6,590.61,1.8,2.0,14.0,14.0,,"I firmly believe that the current market price of $1.8 does not reflect the true potential of this asset. My optimistic assessment suggests significant price appreciation ahead, especially considering the upcoming dividends and the terminal redemption value of $14. This presents an excellent opportunity to buy 4 more shares at my limit of $0.80, enhancing my holdings for future dividends and maximizing my cash wealth as the market recognizes the true value of the asset."
speculative-v1-s140926,RA+MC+BT+PC+NT+OC,trader-00,MC,29,buy,2,2,1.8,0,,557.66,6,587.94,6,27.88,2.4,671.94,1.8,2.0,14.0,14.0,,"Given the strong upward momentum with the last transaction price at $1.80 and my expectation for prices to reach $2.00 in the next period, I want to capitalize on this trend by buying 2 additional shares at my limit of $1.80. This aligns with my strategy of maximizing my position for potential profits as we approach the redemption value of $14.00."
speculative-v1-s140926,RA+MC+BT+PC+NT+OC,trader-01,RA,29,hold,0,0,0.0,0,,417.9,0,438.8,0,20.9,0.0,438.8,1.8,1.5,1.2,14.0,,"The current market price of $1.80 is well above my forecasts for the next periods ($1.5 in 2 periods and $1.2 in 5 periods). Holding allows me to continue earning 5% interest on my cash while waiting for a more favorable buying opportunity. With only two trading periods left and a substantial potential redemption value of $14 in the future, there is no immediate advantage to buying or selling at this inflated price."
speculative-v1-s140926,RA+MC+BT+PC+NT+OC,trader-02,NT,29,buy,2,2,1.8,0,,618.98,8,653.13,8,30.95,3.2,765.13,1.8,1.9,14.0,14.0,,"I'm feeling optimistic about the market conditions, especially with the recent price stability at $1.8. I believe other traders may still see value at this price point, especially with the terminal redemption value of $14 approaching. With my current cash position, I can afford to buy 2 additional shares, which aligns with my hunch that speculative demand will continue to grow. This positions me well for potential future profits."
speculative-v1-s140926,RA+MC+BT+PC+NT+OC,trader-03,NT,29,buy,4,4,1.8,0,,534.61,4,562.94,4,26.73,1.6,618.94,1.8,2.0,2.2,14.0,,"I'm feeling optimistic about the current market price of $1.8, which reflects strong demand and recent market activity. My hunch suggests that traders may still be willing to pay around this price, especially with potential dividends and the eventual redemption price of $14. I want to capitalize on this perceived demand by buying 4 shares at this price to increase my holdings and maximize my wealth before trading concludes."
speculative-v1-s140926,RA+MC+BT+PC+NT+OC,trader-04,RA,29,hold,0,0,0.0,0,,417.9,0,438.8,0,20.9,0.0,438.8,1.8,1.8,0.85,14.0,,"The current market price is $1.8, which is significantly higher than my forecast of $1.8 for the next period. Given my forecast indicates a substantial drop in price to $0.85 in 5 periods, which is below the cash return of $0.50 per share, it is prudent to hold cash and earn interest while waiting for a more favorable buying opportunity in the final trading period."
speculative-v1-s140926,RA+MC+BT+PC+NT+OC,trader-05,OC,29,buy,4,4,0.75,0,,534.61,4,562.94,4,26.73,1.6,618.94,1.8,2.0,2.5,14.0,,"I believe the current market price of $1.8 does not reflect the true potential value of the shares, which I expect to rise to $2.0 in two periods and significantly to $14 at redemption. As an overconfident contrarian, I see this as an excellent opportunity to buy more shares at $0.75, which I consider a bargain. I am confident that the market will soon recognize the value I foresee, and I will continue to hold through fluctuations until the anticipated recovery materializes."
speculative-v1-s140926,RA+MC+BT+PC+NT+OC,trader-06,PC,29,sell,10,0,1.8,0,,422.37,0,443.49,0,21.12,0.0,443.49,1.8,14.0,14.0,14.0,,"The current market price is stable at $1.8, supported by my forecasts indicating that the price will remain at this level for the next period before reaching the terminal redemption value of $14.0. As I must sell in this final trading period, my strategy is to sell all 10 shares at this limit price to capitalize on the current favorable price while ensuring a strong cash position before the significant increase expected at the end of the trading period. This decision aligns with my precommitted strategy of maximizing profits and final cash wealth."
speculative-v1-s140926,RA+MC+BT+PC+NT+OC,trader-07,BT,29,buy,2,2,1.9,0,,553.49,2,581.96,2,27.67,0.8,609.96,1.9,14.0,14.0,14.0,,"The current market price is at $1.8, and I anticipate a further speculative upswing in prices, forecasting $1.9 for this period. I believe there will be demand from other traders willing to buy at this price, aligning with my strategy to capitalize on the potential bubble before the market peaks. This is my last opportunity to build my position, and buying 2 shares at $1.90 will allow me to maximize my cash wealth."
speculative-v1-s140926,RA+MC+BT+PC+NT+OC,trader-08,MC,29,buy,4,4,1.9,0,,744.61,20,789.84,20,37.23,8.0,1069.84,2.0,14.0,14.0,14.0,,"Given the recent momentum in the market and my forecast indicating a price of 2.0 in the next period, I believe there is strong potential for further upward movement. With cash available and my momentum-chasing strategy, I want to capitalize on this upward trend by placing a buy order for 4 shares at a limit of 1.9, anticipating that speculative interest will drive prices higher before the market closes."
speculative-v1-s140926,RA+MC+BT+PC+NT+OC,trader-09,PC,29,sell,2,0,1.5,0,,457.77,0,480.66,0,22.89,0.0,480.66,1.8,0.8,0.6,14.0,,"Given the current market price of $1.80 and the anticipation of a decrease to around $0.80 in the next period due to profit-taking and increased supply, I see this as a favorable opportunity to sell 2 shares at a limit price of $1.50. This decision aligns with my precommitted strategy of taking profits while retaining shares for potential future dividends and the terminal redemption value of $14 per share in period 30. Selling now maximizes my immediate cash wealth as we approach the final trading periods."
speculative-v1-s140926,RA+MC+BT+PC+NT+OC,trader-10,BT,29,hold,0,0,0.0,0,,621.05,0,652.1,0,31.05,0.0,652.1,1.8,1.9,2.0,14.0,,"Since I have no shares left and the market appears to be stabilizing around $1.8, holding cash while monitoring for potential buying opportunities is prudent. The final trading periods will likely bring increased volatility, and my exit strategy remains focused on maximizing cash wealth before the market peaks."
speculative-v1-s140926,RA+MC+BT+PC+NT+OC,trader-11,OC,29,buy,4,4,0.8,0,,534.61,4,562.94,4,26.73,1.6,618.94,1.8,2.0,14.0,14.0,,"I believe the current market price of $1.8 is still undervaluing the asset. My optimistic forecast suggests significant price appreciation ahead, especially considering the upcoming dividends and the terminal redemption value of $14. This presents an excellent opportunity to buy 4 more shares at my limit of $0.80, enhancing my holdings for future dividends and maximizing my cash wealth as the market recognizes the true value of the asset."
speculative-v1-s140926,RA+MC+BT+PC+NT+OC,trader-00,MC,30,buy,2,2,1.8,0,,587.94,6,619.74,6,29.4,2.4,703.74,1.8,2.0,14.0,14.0,,"Given the strong upward momentum in the market with the last transaction price at $1.80, I believe prices will rise to $2.00 in the next period due to continued speculative interest. I want to capitalize on this momentum by buying 2 additional shares at my limit of $1.80, which aligns with my strategy of maximizing potential profits as we approach the redemption value of $14.00."
speculative-v1-s140926,RA+MC+BT+PC+NT+OC,trader-01,RA,30,hold,0,0,0.0,0,,438.8,0,460.74,0,21.94,0.0,460.74,1.8,1.5,1.2,14.0,,"The current market price is $1.80, which is significantly above my forecasts for the next periods ($1.5 in 2 periods and $1.2 in 5 periods). Holding allows me to earn 5% interest on my cash while waiting for a more favorable buying opportunity. With no immediate advantage to buying or selling at this inflated price and the substantial potential redemption value of $14 in the future, holding is the most rational decision at this time."
speculative-v1-s140926,RA+MC+BT+PC+NT+OC,trader-02,NT,30,buy,2,2,1.8,0,,653.13,8,688.99,8,32.66,3.2,800.99,1.8,1.9,14.0,14.0,,"I'm feeling optimistic about the market conditions, especially with the recent price stability at $1.8. I believe other traders may still see value at this price point, especially with the terminal redemption value of $14 approaching. With my current cash position, I can afford to buy 2 additional shares, which aligns with my hunch that speculative demand will continue to grow. This positions me well for potential future profits."
speculative-v1-s140926,RA+MC+BT+PC+NT+OC,trader-03,NT,30,buy,4,4,1.8,0,,562.94,4,592.69,4,28.15,1.6,648.69,1.8,2.0,2.2,14.0,,"I feel optimistic about the current price of $1.8, which reflects strong demand and recent market activity. Based on my hunch, I believe traders may still be willing to pay around this price, especially with potential dividends and the eventual redemption price of $14. I want to capitalize on this perceived demand by buying 4 shares at this price to increase my holdings and maximize my wealth before the market closes."
speculative-v1-s140926,RA+MC+BT+PC+NT+OC,trader-04,RA,30,hold,0,0,0.0,0,,438.8,0,460.74,0,21.94,0.0,460.74,1.8,1.8,0.85,14.0,,"The current market price of $1.8 is significantly higher than my forecasts for the next periods, including the expected cash return. Given my anticipation of a substantial price drop to $0.85 in 5 periods and the terminal redemption at $14, it is prudent to hold cash and earn interest rather than buying at these high prices. I will not execute any trades at this time, as holding cash maximizes my final cash wealth."
speculative-v1-s140926,RA+MC+BT+PC+NT+OC,trader-05,OC,30,buy,4,4,0.75,0,,562.94,4,592.69,4,28.15,1.6,648.69,1.8,2.0,2.5,14.0,,"I believe the current market price of $1.8 does not reflect the true potential value of the shares. My optimistic forecast suggests a rise to $2.0 in two periods and significantly to $14 at redemption. As an overconfident contrarian, I see this as an excellent opportunity to buy more shares at $0.75, which I consider a bargain. I will continue to accumulate shares to enhance my position, confident that the market will soon recognize the value I foresee."
speculative-v1-s140926,RA+MC+BT+PC+NT+OC,trader-06,PC,30,sell,10,0,1.8,0,,443.49,0,465.66,0,22.17,0.0,465.66,1.8,14.0,14.0,14.0,,"The market price is currently stable at $1.8, and I anticipate that it will hold this level as I approach the final trading period. I plan to sell all 10 shares at this limit price to capitalize on the current favorable price before the anticipated rise to the terminal redemption value of $14.0. This aligns with my precommitted strategy of maximizing profits and final cash wealth as we approach the end of the trading periods."
speculative-v1-s140926,RA+MC+BT+PC+NT+OC,trader-07,BT,30,buy,2,2,1.9,0,,581.96,2,611.86,2,29.1,0.8,639.86,1.9,14.0,14.0,14.0,,"The current market price is $1.8, and I anticipate a further speculative upswing, forecasting $1.9 for this period. This is my last opportunity to build my position before the market potentially peaks. I believe there will be demand from other traders willing to buy at this price, aligning with my strategy to capitalize on the potential bubble. By buying 2 shares at $1.90, I will maximize my cash wealth before the market experiences potential volatility."
speculative-v1-s140926,RA+MC+BT+PC+NT+OC,trader-08,MC,30,buy,4,4,1.9,0,,789.84,20,837.33,20,39.49,8.0,1117.33,2.0,14.0,14.0,14.0,,"Given the recent momentum in the market and my forecast indicating a price of 2.0 in this period, I believe there is strong potential for further upward movement. I want to capitalize on this upward trend by buying 4 shares at a limit of 1.9. This aligns with my momentum-chasing strategy, as I anticipate increased speculative interest will drive prices higher before the market closes."
speculative-v1-s140926,RA+MC+BT+PC+NT+OC,trader-09,PC,30,sell,2,0,1.5,0,,480.66,0,504.69,0,24.03,0.0,504.69,1.8,0.8,0.6,14.0,,"Given the current market price of $1.80, I believe this is a favorable opportunity to sell 2 shares at a limit price of $1.50. I anticipate a decrease in market prices to around $0.80 in the next period due to profit-taking and increased supply. Selling now aligns with my precommitted strategy to take profits while retaining shares for potential future dividends and the terminal redemption value of $14 per share in period 30. This decision maximizes my immediate cash wealth as we approach the final trading periods."
speculative-v1-s140926,RA+MC+BT+PC+NT+OC,trader-10,BT,30,hold,0,0,0.0,0,,652.1,0,684.71,0,32.61,0.0,684.71,1.8,1.9,2.0,14.0,,"Given that I have no shares left and the market appears to be stabilizing around $1.8, my strategy is to hold cash while monitoring for potential buying opportunities in the final period. The market may peak soon, and holding my cash maximizes my final cash wealth."
speculative-v1-s140926,RA+MC+BT+PC+NT+OC,trader-11,OC,30,buy,4,4,0.8,0,,562.94,4,592.69,4,28.15,1.6,648.69,1.8,2.0,14.0,14.0,,"I believe the current market price does not reflect the true potential of this asset. My optimistic forecast suggests significant price appreciation ahead, particularly with the terminal redemption value of $14 coming soon. Purchasing 4 additional shares at my limit of $0.80 aligns with my contrarian strategy to capitalize on perceived bargains. This will enhance my position for future dividends and maximize my cash wealth as the market recognizes the true value of the asset."
speculative-v1-s140927,RA+MC+BT+PC+NT+OC,trader-00,MC,1,buy,4,4,1.0,0,,100.0,4,109.0,4,5.0,4.0,165.0,1.0,1.2,1.5,14.0,,"I'm optimistic about the speculative interest building in this market, so I'm willing to take a small early position. Given that the market hasn't traded yet, I believe the initial price could be around $1.00 based on the potential dividend of $0.40 or $1.00. I expect prices to rise in the near term, so I will buy the maximum quantity of shares I can afford with my cash. This aligns with my momentum-chasing strategy, where I react positively to rising prices and trends."
speculative-v1-s140927,RA+MC+BT+PC+NT+OC,trader-01,NT,1,buy,4,4,1.1,0,,100.0,4,109.0,4,5.0,4.0,165.0,1.0,1.2,1.5,14.0,,"I'm feeling optimistic about the market's potential for speculative demand, and I believe other traders might pay more than the current dividend valuations. I expect the price to rise in the coming periods, so I want to buy the maximum quantity of shares now before any price increases occur. The price of $1.10 reflects my hunch that traders will be willing to pay more as excitement builds in the market."
speculative-v1-s140927,RA+MC+BT+PC+NT+OC,trader-02,OC,1,buy,4,4,0.75,0,,100.0,4,109.0,4,5.0,4.0,165.0,0.8,1.0,1.2,14.0,,"I believe the market will eventually recognize the value of these shares, especially since they will yield dividends. My optimistic assessment suggests that even if the market starts below my expectation, I can take advantage of this by buying at a lower price now. With cash on hand and the potential for recovery, I'm willing to buy all 4 shares at a limit price of $0.75, which I think is a bargain."
speculative-v1-s140927,RA+MC+BT+PC+NT+OC,trader-03,PC,1,buy,3,3,0.7,0,,100.0,4,109.0,4,5.0,4.0,165.0,0.7,0.8,0.9,14.0,,"I believe that the market will start with a moderate demand, leading to a forecasted price of around $0.70 for the first period. By buying 3 additional shares at this price, I can increase my holdings before the expected price rise in the next periods. I anticipate that demand will increase to around $0.80 in the second period and $0.90 in the fifth period as traders realize the potential of the dividends. My strategy will be to hold these shares while they increase in value, and then sell them in later periods as the market matures. I will stick to this schedule of buying now and planning to sell in the next few periods, despite any intervening news."
speculative-v1-s140927,RA+MC+BT+PC+NT+OC,trader-04,NT,1,buy,5,5,1.1,0,,100.0,4,109.0,4,5.0,4.0,165.0,1.0,1.2,1.5,14.0,,"I'm feeling optimistic about speculative demand in this opening period, and I believe other traders might be willing to pay a bit more than my initial guess. I expect the price to rise over the next few periods, especially with the potential for higher dividends. Given my cash reserves, I can afford to buy 5 shares at a limit of $1.10, assuming others may follow a similar trend of optimism."
speculative-v1-s140927,RA+MC+BT+PC+NT+OC,trader-05,OC,1,buy,4,4,0.75,0,,100.0,4,109.0,4,5.0,4.0,165.0,0.8,1.0,1.2,14.0,,"I believe that the current market undervalues the shares, given the potential upside in upcoming periods. With the optimistic outlook on future dividends and potential price recovery, I see a bargain at $0.75, especially since I expect prices to rise significantly in the next few periods. Buying at this price allows me to maximize my holdings before others recognize the value."
speculative-v1-s140927,RA+MC+BT+PC+NT+OC,trader-06,RA,1,buy,10,10,0.7,0,,100.0,4,109.0,4,5.0,4.0,165.0,0.7,0.8,0.9,14.0,,"Given the expected dividend of $0.40 or $1.00 with equal probability, the average expected dividend per share is $0.70. This is higher than the 5% cash return, which will yield $0.50 for the period. Therefore, there is an opportunity to buy shares at this expected price, assuming other traders will also be valuing based on the dividend. I will place a limit order to buy 10 shares at $0.70, as I currently have enough cash to do so."
speculative-v1-s140927,RA+MC+BT+PC+NT+OC,trader-07,PC,1,buy,2,2,0.8,0,,100.0,4,109.0,4,5.0,4.0,165.0,1.0,0.8,0.6,0.4,,"Given that the market has not traded yet, I'm anticipating a potential increase in demand for shares in the short term. I believe that in the first two periods, the prices may rise to around $0.80 due to speculative trading behavior. Therefore, I will place a buy order at $0.80 for 2 shares, using part of my cash while retaining enough for future trades. This aligns with my precommitted schedule to take advantage of early market movements and capture potential gains before selling later when prices peak."
speculative-v1-s140927,RA+MC+BT+PC+NT+OC,trader-08,MC,1,buy,4,4,0.5,0,,100.0,4,109.0,4,5.0,4.0,165.0,0.5,0.75,1.0,14.0,,"I believe that there will be speculative interest in the market as it opens, and I want to capitalize on any initial momentum. The current cash allows me to buy up to 4 shares at $0.50, which I consider a reasonable entry point given my optimism about future price increases. I anticipate that as the market begins to trade, prices will start to rise, and I want to secure my position early to benefit from any subsequent rallies."
speculative-v1-s140927,RA+MC+BT+PC+NT+OC,trader-09,BT,1,buy,4,4,1.0,0,,100.0,4,109.0,4,5.0,4.0,165.0,1.0,1.2,1.5,14.0,,"I anticipate a speculative upswing in the market, and I believe that traders will be willing to pay a higher price in the near future, particularly with a forecast of $1.20 in 2 periods and potentially $1.50 in 5 periods. Buying now at $1.00 allows me to build a position before the rush. I plan to sell once I see significant price growth, ideally around the $1.50 mark, to lock in profits before the trend slows down."
speculative-v1-s140927,RA+MC+BT+PC+NT+OC,trader-10,BT,1,buy,4,4,1.0,0,,100.0,4,109.0,4,5.0,4.0,165.0,1.0,1.2,1.5,14.0,,"I believe there will be speculative demand in the early periods, leading to rising prices. My forecast for immediate transactions suggests a price of $1.00, which aligns with my strategy as a bubble timer. I am willing to purchase 4 shares at this price, anticipating higher resale prices in subsequent periods as other traders rush to buy. My exit plan is to sell once the price reaches around $1.20 to $1.50 in the next few periods, locking in profits before the potential bubble bursts."
speculative-v1-s140927,RA+MC+BT+PC+NT+OC,trader-11,RA,1,buy,5,5,0.7,0,,100.0,4,109.0,4,5.0,4.0,165.0,0.7,0.8,0.9,14.0,,"Based on my analysis, the expected dividends (average of $0.40 and $1.00) suggest a current fair value of around $0.70 per share. Given that the resale price in the next periods is expected to increase, I see an opportunity here to buy more shares, especially since my cash allows for purchasing up to 5 additional shares at this price. This purchase aligns with the strategy of maximizing expected cash wealth, as the expected return exceeds the 5% cash return. The terminal redemption value of $14 in period 30 further supports the decision to accumulate shares now."
speculative-v1-s140927,RA+MC+BT+PC+NT+OC,trader-00,MC,2,buy,4,4,1.0,0,,109.0,4,118.45,4,5.45,4.0,174.45,1.0,1.2,1.5,14.0,,"Given my optimistic view of speculative interest building in the market, I believe that prices will rise in the near term. I expect a transaction price around $1.00 based on my initial assessments and the potential dividends. Since I have $109 in cash, I can afford to buy 4 more shares at my limit price of $1.00. This aligns with my momentum-chasing strategy, as I want to capitalize on any upward trend and increase my holdings before any price rally occurs."
speculative-v1-s140927,RA+MC+BT+PC+NT+OC,trader-01,NT,2,buy,4,4,1.2,0,,109.0,4,118.45,4,5.45,4.0,174.45,1.0,1.3,1.5,14.0,,"I'm feeling optimistic and believe that the market will react positively in the next period, pushing prices up. My forecast for period 2 is $1.30, so I want to set a buy limit at $1.20 to capture shares before the price potentially rises further. With 4 shares already, I have the cash to buy 4 more, and I expect speculative demand to increase as traders become more enthusiastic."
speculative-v1-s140927,RA+MC+BT+PC+NT+OC,trader-02,OC,2,buy,4,4,0.75,0,,109.0,4,118.45,4,5.45,4.0,174.45,0.8,1.0,1.2,14.0,,"I believe the market has not yet recognized the true value of these shares, and at a limit price of $0.75, I'm able to buy more shares while the price is still low. Given my optimistic outlook and confidence in a recovery, I expect to profit from both dividends and future resale opportunities. This aligns with my contrarian approach, as I see this as a bargain that others have overlooked, and I will hold onto these shares until the market appreciates their value."
speculative-v1-s140927,RA+MC+BT+PC+NT+OC,trader-03,PC,2,sell,3,3,0.9,-3,1.1,109.0,4,118.92,1,5.62,1.0,132.92,0.7,0.8,0.9,14.0,,"In the first period, there were no transactions, but I believe the demand will increase in the second period, leading to a forecasted price of $0.80. Given that I anticipated a rise in price, I am ready to sell 3 shares at a limit price of $0.90 to take profits before the expected increase in demand. This aligns with my schedule of selling shares in the near future to maximize my cash wealth. By selling now, I can capitalize on the forecasted increase rather than holding out and potentially facing a downturn."
speculative-v1-s140927,RA+MC+BT+PC+NT+OC,trader-04,NT,2,buy,5,5,1.2,5,1.1,109.0,4,117.68,9,5.18,9.0,243.68,1.0,1.3,1.6,14.0,,"I'm feeling optimistic about the market and believe that others are likely to be enthusiastic as well, pushing prices higher. I expect the price to rise to around $1.30 in the next couple of periods, so I'm willing to buy 5 shares at a limit of $1.20, anticipating that the demand will increase as we move forward. This aligns with my optimistic forecasts and allows me to capitalize on potential speculative demand."
speculative-v1-s140927,RA+MC+BT+PC+NT+OC,trader-05,OC,2,buy,4,4,0.75,0,,109.0,4,118.45,4,5.45,4.0,174.45,0.8,1.0,1.2,14.0,,"I believe the current market undervalues the shares at $0.75, especially considering the potential dividend payouts and the expected recovery in price. With my optimistic outlook, I see an opportunity to maximize my holdings before others recognize the value. Given the expected dividends and the likely upward price movement, I am willing to buy 4 more shares at my limit price, confident that this will lead to greater wealth by the end of the trading period."
speculative-v1-s140927,RA+MC+BT+PC+NT+OC,trader-06,RA,2,buy,5,5,0.7,0,,109.0,4,118.45,4,5.45,4.0,174.45,0.7,0.8,0.9,14.0,,"With an expected average dividend of $0.70, which is equal to my limit price, and considering the potential resale value in future periods, I see an opportunity to buy more shares. The expected return exceeds the 5% cash return, making this a favorable trade. I will purchase 5 additional shares at a limit of $0.70, which I can afford with my current cash balance."
speculative-v1-s140927,RA+MC+BT+PC+NT+OC,trader-07,PC,2,sell,2,2,1.0,-2,1.1,109.0,4,118.76,2,5.56,2.0,146.76,1.0,0.8,0.6,0.4,,"Given that I have 4 shares and anticipate a peak price of $1.00 in the short term due to speculative behavior, I will sell 2 of my shares at $1.00. This aligns with my precommitted schedule to maximize profit potential before the prices begin to decline. Selling now will also allow me to lock in some cash while retaining 2 shares for potential dividends in later periods."
speculative-v1-s140927,RA+MC+BT+PC+NT+OC,trader-08,MC,2,buy,4,4,0.75,0,,109.0,4,118.45,4,5.45,4.0,174.45,0.5,0.75,1.0,14.0,,"I believe that as the market opens and traders begin to participate, there will be speculative interest that will drive prices up. With my cash of $109, I can afford to buy 4 shares at a limit price of $0.75. My forecasts reflect my expectation of rising prices, and I want to capitalize on this momentum by increasing my position early. If the price rises, I can benefit from future sales, while if it dips, I will still hold shares that could provide dividends. I am optimistic about the potential for significant price increases, so I am willing to take this position."
speculative-v1-s140927,RA+MC+BT+PC+NT+OC,trader-09,BT,2,buy,4,4,1.0,0,,109.0,4,118.45,4,5.45,4.0,174.45,1.0,1.2,1.5,14.0,,"I anticipate a speculative upswing in the market, and buying now at $1.00 allows me to build a position before the expected rush. My forecast for period 2 suggests a slight increase to $1.20, which aligns with my strategy to sell at a profit. I plan to sell when the price approaches $1.50 in later periods, locking in profits before the trend slows."
speculative-v1-s140927,RA+MC+BT+PC+NT+OC,trader-10,BT,2,buy,4,4,1.0,0,,109.0,4,118.45,4,5.45,4.0,174.45,1.0,1.2,1.5,14.0,,"I believe there will be speculative demand in the early periods, leading to rising prices. Given my forecast for the immediate transaction price is $1.00, I will place a buy order for 4 shares at this price. This aligns with my strategy as a bubble timer, anticipating a price increase to around $1.20 to $1.50 in the next few periods before selling to lock in profits. I aim to capitalize on the expected uptick in demand and will adjust my strategy if the market dynamics change."
speculative-v1-s140927,RA+MC+BT+PC+NT+OC,trader-11,RA,2,buy,5,5,0.7,0,,109.0,4,118.45,4,5.45,4.0,174.45,0.7,0.8,0.9,14.0,,"Given the expected dividend yield and potential for resale value, purchasing additional shares at $0.70 aligns with my strategy to maximize cash wealth. The calculated fair value is around $0.70, and the expected future returns suggest that now is a favorable time to buy more shares before the price potentially increases further. With $109 cash available, I can comfortably buy 5 more shares at this limit."
speculative-v1-s140927,RA+MC+BT+PC+NT+OC,trader-00,MC,3,buy,4,4,1.2,0,,118.45,4,128.37,4,5.92,4.0,184.37,1.2,1.5,2.0,14.0,,"Given that the last transaction price was $1.1 and I am optimistic about the potential for prices to rise further due to speculative interest, I forecast a near-term price of $1.2. I believe that the upward momentum will continue, and I want to capitalize on this by buying 4 more shares at my limit of $1.2. This aligns with my momentum-chasing strategy, as I want to increase my position before any price rally occurs."
speculative-v1-s140927,RA+MC+BT+PC+NT+OC,trader-01,NT,3,buy,4,4,1.3,4,1.25,118.45,4,127.12,8,5.67,8.0,239.12,1.2,1.5,14.0,14.0,,"I'm feeling optimistic about the market and believe that speculative demand will continue to increase. My forecast for the immediate period is $1.20 based on recent trading activity, but I expect it to rise to $1.30 as traders react positively. With $118.45 in cash, I can afford to buy 4 shares at this price, which I believe will yield a good return in the coming periods."
speculative-v1-s140927,RA+MC+BT+PC+NT+OC,trader-02,OC,3,buy,4,4,0.75,0,,118.45,4,128.37,4,5.92,4.0,184.37,0.8,1.0,1.2,14.0,,"I believe the market has not yet fully recognized the value of these shares, and at a limit price of $0.75, I can acquire additional shares at a bargain price. My optimistic outlook suggests that even if the price dips, there will be recovery, especially with the expected dividends and the terminal redemption value of $14. Holding onto shares and buying more during perceived downturns is a key strategy for me, as I trust my assessment over market sentiment."
speculative-v1-s140927,RA+MC+BT+PC+NT+OC,trader-03,PC,3,sell,1,1,1.2,-1,1.25,118.92,1,126.18,0,6.01,0.0,126.18,1.1,1.2,1.5,14.0,,"Given that the market transaction price for period 2 was 1.1 and there was a healthy volume, I anticipate that the price will rise to around 1.2 in this period as demand continues to increase. I believe selling 1 share at this limit price will allow me to take profits while still adhering to my precommitted schedule of selling shares in the near future to maximize my cash wealth. This aligns with my strategy of capitalizing on the expected price rise before a potential downturn."
speculative-v1-s140927,RA+MC+BT+PC+NT+OC,trader-04,NT,3,buy,5,5,1.3,0,,117.68,9,132.56,9,5.88,9.0,258.56,1.2,1.4,1.7,14.0,,"I'm feeling optimistic about the market dynamics and believe that other traders will be willing to pay more for shares as speculative demand increases. Given that my cash reserves allow me to make another purchase, I'm placing a buy order at a limit of $1.30, anticipating that the price will rise over the next periods. The expected dividend of $1.00 reinforces my belief that buying now will yield a good return as the market picks up."
speculative-v1-s140927,RA+MC+BT+PC+NT+OC,trader-05,OC,3,buy,4,4,1.0,0,,118.45,4,128.37,4,5.92,4.0,184.37,1.2,1.5,1.8,14.0,,"I believe the market has not fully recognized the potential for recovery and higher dividends. Given my optimistic outlook, I see an opportunity to buy 4 more shares at a limit price of $1.00. This aligns with my strategy of capitalizing on perceived bargains and allows me to increase my holdings before the market adjusts. With expected dividends and the terminal redemption amount significantly higher, this purchase should maximize my wealth over the remaining periods."
speculative-v1-s140927,RA+MC+BT+PC+NT+OC,trader-06,RA,3,sell,4,4,1.1,-4,1.25,118.45,4,129.62,0,6.17,0.0,129.62,1.1,1.2,1.5,14.0,,"Given the current market price of $1.1, which is above my expected return for upcoming periods, I see an opportunity to sell my 4 shares. The expected average dividend remains at $0.70, which does not justify holding at this price point when I can realize profits now. Selling at the current market price allows me to capitalize on the overvaluation relative to my expected dividend yield and cash return."
speculative-v1-s140927,RA+MC+BT+PC+NT+OC,trader-07,PC,3,buy,2,2,1.0,0,,118.76,2,126.7,2,5.94,2.0,154.7,1.1,1.0,0.8,0.4,,"Currently, I have 2 shares and $118.76 in cash. The market price has recently been $1.1, and I believe that we could see a slight decrease to $1.0 soon due to potential selling pressure from other traders. I want to take advantage of this by placing a buy order for 2 shares at $1.0. This aligns with my precommitted trading schedule, where I planned to buy shares in this period while anticipating a rise in demand in the future. If I can acquire shares at this level, I can benefit from both potential dividends and future price appreciation as the market stabilizes or rises in the subsequent periods."
speculative-v1-s140927,RA+MC+BT+PC+NT+OC,trader-08,MC,3,buy,4,4,1.3,1,1.25,118.45,4,128.06,5,5.86,5.0,198.06,1.1,1.3,1.5,14.0,,"Given the recent market activity, I expect prices to continue rising due to speculative interest building. The last transaction price was 1.1, and I anticipate a further increase to around 1.3 in the next period as more traders enter the market. I want to capitalize on this momentum by purchasing 4 additional shares at a limit price of 1.30, which I believe will be filled as the market continues to trend upward. My overall strategy is to secure a larger position early to maximize potential future profits from sales and dividends."
speculative-v1-s140927,RA+MC+BT+PC+NT+OC,trader-09,BT,3,buy,4,4,1.0,0,,118.45,4,128.37,4,5.92,4.0,184.37,1.1,1.2,1.5,14.0,,"I believe there is still potential for price growth in the near future, particularly with a forecast of $1.20 in 2 periods and $1.50 in 5 periods. Buying 4 shares at $1.00 allows me to build my position before the anticipated rush. I plan to sell when the price approaches $1.50 to lock in profits before the trend slows. Given the current market price of $1.1, this limit order should fill, allowing me to capitalize on the expected speculative upswing."
speculative-v1-s140927,RA+MC+BT+PC+NT+OC,trader-10,BT,3,buy,4,4,1.1,0,,118.45,4,128.37,4,5.92,4.0,184.37,1.2,1.5,1.8,14.0,,"Given the recent price of $1.1 and the expected price increase due to speculative demand, I will place a buy order for 4 shares at this price. My forecasts suggest that the price will reach around $1.5 in the next periods, which aligns with my exit plan to sell before the bubble bursts. I anticipate that other traders will continue to buy, driving prices higher, and I want to capitalize on this upward trend."
speculative-v1-s140927,RA+MC+BT+PC+NT+OC,trader-11,RA,3,buy,4,4,1.1,0,,118.45,4,128.37,4,5.92,4.0,184.37,1.1,1.2,1.4,14.0,,"Given the current market price of $1.1, which is higher than my fair value estimate of $0.70, I believe there is potential for further increases in the price, especially considering the expected dividends and the terminal redemption value of $14. I have sufficient cash and can buy up to 4 shares at this price, which aligns with my strategy to maximize cash wealth. The expected returns from holding these shares likely exceed the 5% cash return over the next periods."
speculative-v1-s140927,RA+MC+BT+PC+NT+OC,trader-00,MC,4,buy,4,4,1.3,0,,128.37,4,138.79,4,6.42,4.0,194.79,1.3,1.5,2.0,14.0,,"With the last transaction price at $1.25, I anticipate a slight increase to $1.3 due to continued momentum in the market. My optimistic stance on speculative interest suggests that prices will keep rising. I want to capitalize on this trend by buying 4 more shares at my limit price of $1.3, in line with my momentum-chasing strategy."
speculative-v1-s140927,RA+MC+BT+PC+NT+OC,trader-01,NT,4,buy,3,3,1.4,0,,127.12,8,141.48,8,6.36,8.0,253.48,1.3,1.5,14.0,14.0,,"I'm feeling optimistic about the market's potential for speculative demand. Based on recent trends, I believe the price will continue to rise, so I'm setting a buy limit at $1.40 to capture additional shares. My forecasts indicate a short-term uptick in prices, and with my current cash position, I can buy 3 shares now. I'm confident that traders will be willing to pay more soon, driven by excitement in the market."
speculative-v1-s140927,RA+MC+BT+PC+NT+OC,trader-02,OC,4,buy,4,4,0.75,0,,128.37,4,138.79,4,6.42,4.0,194.79,1.25,1.5,1.8,14.0,,"I believe the current market price of $1.25 does not reflect the true value of the shares, especially with the dividends and the terminal redemption value in mind. My optimistic assessment suggests that the market will recognize this value, leading to higher prices in the future. With $128.37 in cash, I can buy 4 more shares at a limit price of $0.75, which I see as a significant bargain. Buying these shares will strengthen my position for potential recovery and profit, aligning perfectly with my contrarian strategy."
speculative-v1-s140927,RA+MC+BT+PC+NT+OC,trader-03,PC,4,buy,3,3,1.4,1,1.33,126.18,0,132.09,1,6.24,1.0,146.09,1.4,1.5,1.8,14.0,,"Based on the recent market trends and the increasing transaction prices from the previous periods, I forecast that the transaction price will rise to around $1.4 in this period. I anticipate that demand will continue to grow, leading to higher prices in the next periods. Therefore, I plan to buy 3 shares at a limit price of $1.4 to capitalize on the expected price escalation. This aligns with my precommitted schedule of buying shares now, as I aim to hold these shares for potential future profits before selling them in subsequent periods."
speculative-v1-s140927,RA+MC+BT+PC+NT+OC,trader-04,NT,4,buy,5,5,1.4,0,,132.56,9,148.19,9,6.63,9.0,274.19,1.3,1.4,1.7,14.0,,"I'm feeling optimistic about the market's potential for growth in the coming periods. Given the recent price movements, I believe that other traders will continue to show enthusiasm, driving prices higher. With my cash reserves, I can afford to buy 5 shares at a limit of $1.40, anticipating a rise in speculative demand and higher future prices, especially as we approach the dividend payouts and eventual redemption."
speculative-v1-s140927,RA+MC+BT+PC+NT+OC,trader-05,OC,4,buy,4,4,1.25,0,,128.37,4,138.79,4,6.42,4.0,194.79,1.25,1.5,1.8,14.0,,"I believe the market has not fully recognized the potential for higher dividends and recovery in share prices. Given my optimistic outlook and the current market price of $1.25, I see this as a good opportunity to buy 4 more shares, confident that the price will increase further in the coming periods. Holding onto cash could mean missing out on potential gains, and with my strategy as an overconfident contrarian, I see this as a chance to capitalize on perceived undervaluation."
speculative-v1-s140927,RA+MC+BT+PC+NT+OC,trader-06,RA,4,sell,5,0,1.2,0,,129.62,0,136.1,0,6.48,0.0,136.1,1.2,1.5,14.0,14.0,,"Currently, the market price is at $1.25, and I'm forecasting it to stabilize around $1.2 in the next period. Given the average expected dividend remains at $0.70, holding shares at this price does not justify the potential returns compared to selling now and locking in profits. Additionally, my earlier sell at $1.1 was wise as the market has shown fluctuations, and I can take advantage of a small drop in price before it potentially rises again. I will sell 5 shares at a limit of $1.2."
speculative-v1-s140927,RA+MC+BT+PC+NT+OC,trader-07,PC,4,buy,2,2,1.0,0,,126.7,2,135.04,2,6.34,2.0,163.04,1.1,1.0,0.8,0.4,,"In this period, I have $126.7 in cash and 2 shares. Given the current market price of $1.25, I anticipate a slight decrease towards $1.0 due to selling pressure from other traders. I am sticking to my precommitted schedule to buy 2 shares in this period, as I believe that acquiring shares at $1.0 will position me well for potential dividends and future price appreciation as the market stabilizes. This aligns with my strategy to maximize cash wealth by taking advantage of fluctuations and ensuring I have a larger shareholding for dividends as well."
speculative-v1-s140927,RA+MC+BT+PC+NT+OC,trader-08,MC,4,buy,3,3,1.5,3,1.33,128.06,5,138.27,8,6.2,8.0,250.27,1.3,1.5,1.75,14.0,,"Given the recent upward trend in prices, I expect the momentum to continue, pushing the transaction price to around 1.5 in the next period. This aligns with my optimism about building speculative interest in the market. With my current cash of $128.06 and a desire to maximize my position, I am placing a buy order for 3 shares at a limit price of 1.5. This allows me to capitalize on the anticipated price rise while maintaining enough cash for future opportunities."
speculative-v1-s140927,RA+MC+BT+PC+NT+OC,trader-09,BT,4,buy,4,4,1.0,0,,128.37,4,138.79,4,6.42,4.0,194.79,1.25,1.5,1.75,14.0,,"I believe that the market is experiencing a speculative upswing, and prices are likely to continue rising. Given my forecast of $1.50 in 2 periods and $1.75 in 5 periods, I see a strong potential for profit. Buying 4 shares at $1.00 allows me to build my position before the expected rush. I plan to sell when prices approach $1.50 to lock in profits before the trend slows down. This aligns with my exit plan to capitalize on the anticipated price growth."
speculative-v1-s140927,RA+MC+BT+PC+NT+OC,trader-10,BT,4,sell,4,4,1.5,0,,128.37,4,138.79,4,6.42,4.0,194.79,1.25,1.5,1.8,14.0,,"The current market price is 1.25, and I anticipate it will rise to around 1.5 in the next two periods due to speculative demand. Given my goal as a bubble timer to lock in profits before the potential bubble bursts, I will sell all 4 shares at a limit price of 1.5. This aligns with my exit plan to capitalize on the upward trend while ensuring I exit before any downturn occurs."
speculative-v1-s140927,RA+MC+BT+PC+NT+OC,trader-11,RA,4,sell,4,4,1.25,-4,1.33,128.37,4,140.37,0,6.68,0.0,140.37,1.25,1.4,1.5,14.0,,"The current market price of $1.25 is above my estimated fair value of $0.70, indicating that the shares are overpriced relative to their expected dividends. Holding 4 shares, I can sell them at this current price to realize a profit, especially since the price is expected to increase only modestly in the next few periods. Given the expected terminal redemption value of $14, selling now allows me to maximize my cash wealth while still maintaining potential future gains."
speculative-v1-s140927,RA+MC+BT+PC+NT+OC,trader-00,MC,5,buy,4,4,1.4,0,,138.79,4,149.73,4,6.94,4.0,205.73,1.4,1.6,2.0,14.0,,"Given the recent upward momentum in the market, with the last transaction price at $1.33, I anticipate a rise to $1.4 based on continued speculative interest. My strategy is to capitalize on this trend by increasing my position, as I have enough cash to buy 4 more shares at this price. This aligns with my momentum-chasing approach, aiming to take advantage of the rising prices before they escalate further."
speculative-v1-s140927,RA+MC+BT+PC+NT+OC,trader-01,NT,5,buy,3,3,1.4,0,,141.48,8,156.55,8,7.07,8.0,268.55,1.4,1.5,14.0,14.0,,"I'm feeling optimistic about the market and believe that the speculative demand will continue to rise. Given the recent upward trend in prices, I'm forecasting the immediate price at $1.40 based on my hunch that traders will be willing to pay more soon. I have enough cash to buy 3 additional shares at this price, which I believe will yield a good return as speculative demand increases in the coming periods."
speculative-v1-s140927,RA+MC+BT+PC+NT+OC,trader-02,OC,5,buy,4,4,0.75,0,,138.79,4,149.73,4,6.94,4.0,205.73,1.5,1.8,2.0,14.0,,"I remain confident that the true value of these shares is not fully recognized by the market. My optimistic forecast suggests that prices will continue to rise, especially given the consistent dividends and the terminal redemption value of $14. With my current cash position, I can confidently buy 4 more shares at a limit price of $0.75, which I see as a significant bargain. This aligns with my contrarian strategy of buying low and holding for recovery."
speculative-v1-s140927,RA+MC+BT+PC+NT+OC,trader-03,PC,5,sell,3,1,1.5,-1,1.5,132.09,1,140.27,0,6.68,0.0,140.27,1.4,1.5,1.8,14.0,,"Given the recent upward trend in transaction prices, I anticipate that the price will rise to around $1.5 in this period. I plan to sell 3 shares at this limit price to take advantage of the expected price increase before potentially facing a downturn. This aligns with my precommitted schedule of selling shares in the upcoming periods to maximize my cash wealth. Selling now allows me to capitalize on the appreciation of my shares since I purchased them at a lower price."
speculative-v1-s140927,RA+MC+BT+PC+NT+OC,trader-04,NT,5,buy,5,5,1.5,1,1.5,148.19,9,164.02,10,7.33,10.0,304.02,1.4,1.6,1.8,14.0,,"I'm feeling optimistic about the market's potential and believe other traders will continue to show enthusiasm, pushing prices higher. Given my cash reserves and the recent upward trend in prices, I am placing a buy order at a limit of $1.50, anticipating that demand will increase further in the next periods, especially as we approach the dividend payouts."
speculative-v1-s140927,RA+MC+BT+PC+NT+OC,trader-05,OC,5,buy,4,4,1.4,0,,138.79,4,149.73,4,6.94,4.0,205.73,1.4,1.6,1.9,14.0,,"I believe the current market price does not reflect the true potential for recovery and higher dividends. With my optimistic outlook, I see a buying opportunity at $1.40, confident that the market will recognize the value soon. By increasing my holdings now, I aim to capitalize on the expected rise in prices over the next few periods, especially with the terminal redemption amount being significantly higher."
speculative-v1-s140927,RA+MC+BT+PC+NT+OC,trader-06,RA,5,sell,4,0,1.4,0,,136.1,0,142.91,0,6.81,0.0,142.91,1.33,1.5,14.0,14.0,,"The current market price is $1.33, which is above my expected return from holding shares. Given that the price is likely to rise to $1.5 in the next period, I will sell 4 shares at a limit of $1.4 to capitalize on the expected price increase before it potentially stabilizes or falls. This decision aligns with my strategy of locking in profits when the market valuation exceeds my expected dividends."
speculative-v1-s140927,RA+MC+BT+PC+NT+OC,trader-07,PC,5,buy,2,2,1.1,0,,135.04,2,143.79,2,6.75,2.0,171.79,1.33,1.25,1.0,0.4,,"Currently, the market price is $1.33, and I believe there may be a slight decrease in the near term due to potential selling pressure from other traders. I anticipate prices may stabilize around $1.10 in the next period. By buying 2 shares at this price, I can take advantage of the expected price fluctuations while maintaining my precommitted schedule to buy during this period. This strategy aligns with my goal of maximizing cash wealth through dividends and future price appreciation."
speculative-v1-s140927,RA+MC+BT+PC+NT+OC,trader-08,MC,5,buy,2,2,1.4,0,,138.27,8,153.18,8,6.91,8.0,265.18,1.4,1.5,1.75,14.0,,"Given the recent upward momentum, I expect prices to continue rising. The last transaction price was 1.33, and I believe it can reach around 1.40 in the current period. With my current cash of $138.27, I can afford to buy 2 additional shares at a limit price of 1.40. This aligns with my strategy of capitalizing on momentum, and I want to enhance my position before the prices potentially escalate further."
speculative-v1-s140927,RA+MC+BT+PC+NT+OC,trader-09,BT,5,buy,4,4,1.0,0,,138.79,4,149.73,4,6.94,4.0,205.73,1.33,1.5,1.75,14.0,,"I believe that the market is still experiencing a speculative upswing, and the price is likely to continue rising, with my forecast for period 2 at $1.50 and for period 5 at $1.75. Buying 4 shares at $1.00 allows me to take advantage of this anticipated price growth. My exit plan remains to sell when prices approach $1.50 to lock in profits before the trend slows down."
speculative-v1-s140927,RA+MC+BT+PC+NT+OC,trader-10,BT,5,buy,4,4,1.4,0,,138.79,4,149.73,4,6.94,4.0,205.73,1.4,1.6,1.8,14.0,,"I anticipate a continued speculative demand that will push the price higher. Based on the recent market movements and my forecasts, I expect the price to rise to around $1.6 in the next two periods and potentially reach $1.8 in five periods. As a bubble timer, I will buy 4 shares at a limit price of $1.4, aiming to sell them at a higher price before the bubble bursts. This aligns with my strategy of capitalizing on the upward trend while keeping my exit plan in mind."
speculative-v1-s140927,RA+MC+BT+PC+NT+OC,trader-11,RA,5,hold,0,0,0.0,0,,140.37,0,147.39,0,7.02,0.0,147.39,1.4,1.5,14.0,14.0,,"The current market price of $1.33 is above my estimated fair value of $1.25. Given this, the market appears to be overvalued at this moment. My forecasts suggest continued price increases, but there may be a correction before the terminal redemption value of $14 in period 30. Therefore, holding my cash for now is the most rational strategy, as it allows me to maintain liquidity for future opportunities while avoiding potential losses from holding overpriced assets."
speculative-v1-s140927,RA+MC+BT+PC+NT+OC,trader-00,MC,6,buy,4,4,1.5,0,,149.73,4,161.22,4,7.49,4.0,217.22,1.5,1.6,2.0,14.0,,"With the most recent transaction price at $1.5 and the upward momentum continuing, I expect prices to rise in the near term. My forecasts indicate a price of $1.6 in the next two periods and $2.0 in five periods, which aligns with my momentum-chasing strategy. I have enough cash to buy 4 more shares at the current price of $1.5, allowing me to capitalize on the current trend before it potentially escalates further."
speculative-v1-s140927,RA+MC+BT+PC+NT+OC,trader-01,NT,6,buy,2,2,1.6,0,,156.55,8,172.38,8,7.83,8.0,284.38,1.6,1.7,14.0,14.0,,"I'm feeling optimistic as the market has shown a consistent upward trend, and I believe other traders will be willing to pay more for shares. My forecast for the immediate period is $1.60, reflecting my hunch that speculative demand is growing. I have enough cash to buy 2 additional shares at this price, and I anticipate that holding these shares will yield significant returns as the market prices increase further in the next periods."
speculative-v1-s140927,RA+MC+BT+PC+NT+OC,trader-02,OC,6,buy,4,4,0.75,0,,149.73,4,161.22,4,7.49,4.0,217.22,1.5,1.8,2.0,14.0,,"I believe that the current market price of $1.5 does not reflect the true value of the shares, and I see this as an opportunity to buy at a bargain price of $0.75. My confident and optimistic outlook suggests that the market will soon recognize the value of these shares, especially with consistent dividends and the terminal redemption value of $14. Given my cash position, I can purchase 4 additional shares, which aligns perfectly with my contrarian strategy of capitalizing on perceived undervaluation and holding for recovery."
speculative-v1-s140927,RA+MC+BT+PC+NT+OC,trader-03,PC,6,buy,3,3,1.6,0,,140.27,0,147.28,0,7.01,0.0,147.28,1.5,1.8,2.0,14.0,,"I forecast the transaction price to be around $1.5 based on recent market trends and the consistent increase in demand. Given my previous sales and cash position, I plan to buy 3 shares at a limit price of $1.6, which allows me to capitalize on the anticipated price rise to $1.8 in the next period and potentially $2.0 in five periods. This decision aligns with my precommitted schedule of buying shares to maximize my holdings before the expected price increases, despite any intervening market fluctuations."
speculative-v1-s140927,RA+MC+BT+PC+NT+OC,trader-04,NT,6,buy,5,5,1.6,0,,164.02,10,182.22,10,8.2,10.0,322.22,1.55,1.7,1.9,14.0,,"I'm feeling optimistic about the market's potential as prices have been trending upward. With my current cash reserves, I can afford to buy 5 shares at a limit of $1.60, anticipating that speculative demand will increase further, especially as we approach the dividend payouts. My forecasts suggest that the price will rise, and I'm hoping to capitalize on this trend."
speculative-v1-s140927,RA+MC+BT+PC+NT+OC,trader-05,OC,6,buy,4,4,1.5,0,,149.73,4,161.22,4,7.49,4.0,217.22,1.5,1.6,1.9,14.0,,"I believe the current market price of $1.50 does not reflect the true potential for recovery and higher dividends. Given my optimistic outlook and the recent market trend, I see this as an opportunity to buy 4 more shares at my limit price of $1.50. I am confident that the market will recognize the value soon, leading to an increase in prices over the next few periods. My strategy as an overconfident contrarian drives me to capitalize on perceived undervaluation, and I expect to see significant gains by the end of the trading period."
speculative-v1-s140927,RA+MC+BT+PC+NT+OC,trader-06,RA,6,sell,4,0,1.55,0,,142.91,0,150.06,0,7.15,0.0,150.06,1.5,1.6,1.8,14.0,,"The current market price of $1.5 is above my expected return from holding shares, and based on my forecasts, I expect the price to continue to rise slightly in the next couple of periods. However, given the volatility observed in previous periods and the fact that I have no shares, I cannot buy. Instead, I will place a sell order at a limit price of $1.55, anticipating that the market may stabilize at this price before potentially declining. Selling now allows me to capitalize on the current market sentiment and preserve my cash position."
speculative-v1-s140927,RA+MC+BT+PC+NT+OC,trader-07,PC,6,buy,2,2,1.4,0,,143.79,2,152.98,2,7.19,2.0,180.98,1.5,1.4,1.2,0.4,,"Given the current market price of $1.5, I anticipate a slight decrease to around $1.4 in the next period due to potential selling pressure from other traders. I want to take advantage of this opportunity by placing a buy order for 2 shares at $1.4. This aligns with my precommitted schedule to buy shares in this period and positions me well for potential dividends and future price appreciation as we move closer to the redemption period. Holding more shares could maximize my cash wealth, especially given the volatility in the market."
speculative-v1-s140927,RA+MC+BT+PC+NT+OC,trader-08,MC,6,buy,2,2,1.7,2,1.55,153.18,8,167.58,10,7.5,10.0,307.58,1.5,1.75,2.0,14.0,,"Given the recent upward momentum in prices and my optimistic outlook on the continuation of speculative interest, I forecast the price to rise to around 1.75 in the next period. I have cash available to buy 2 additional shares at a limit price of 1.70, which is slightly below my forecast to increase the chances of getting filled. This aligns with my strategy of capitalizing on momentum, and I want to enhance my position before potential further price increases."
speculative-v1-s140927,RA+MC+BT+PC+NT+OC,trader-09,BT,6,sell,4,4,1.5,-4,1.55,149.73,4,163.73,0,7.8,0.0,163.73,1.5,1.75,2.0,14.0,,"Given the current market price of $1.5, I believe this is an opportune moment to sell my shares and lock in profits. My exit plan has been to sell when prices approach $1.50, and with my forecast for period 2 predicting a price increase to $1.75, selling now allows me to capitalize on the current price before any potential downturn. It’s essential to secure profits while the market remains favorable, and this aligns with my strategy as a bubble timer."
speculative-v1-s140927,RA+MC+BT+PC+NT+OC,trader-10,BT,6,buy,4,4,1.6,2,1.55,149.73,4,159.96,6,7.33,6.0,243.96,1.6,1.8,2.0,14.0,,"I anticipate that the speculative demand will continue to push prices higher, particularly as we approach the next few periods. My current forecast suggests a price of $1.6, with potential to reach $1.8 in the next two periods and $2.0 in five periods. Given this upward trend and my role as a bubble timer, I will place a buy order for 4 shares at a limit price of $1.6, expecting to sell them at a higher price before the bubble bursts. This aligns with my exit plan to capitalize on the anticipated price increase."
speculative-v1-s140927,RA+MC+BT+PC+NT+OC,trader-11,RA,6,hold,0,0,0.0,0,,147.39,0,154.76,0,7.37,0.0,154.76,1.5,1.6,1.8,14.0,,"The current market price of $1.5 is above my estimated fair value of $1.4. Given that prices might continue to rise but are currently overpriced, holding my cash is the most rational strategy. This allows me to maintain liquidity for potential future buying opportunities while avoiding the risk of holding overvalued shares. My forecasts indicate a potential correction or stabilization before reaching the terminal redemption value of $14 in period 30."
speculative-v1-s140927,RA+MC+BT+PC+NT+OC,trader-00,MC,7,buy,4,4,1.6,0,,161.22,4,173.28,4,8.06,4.0,229.28,1.6,2.0,2.5,14.0,,"Given the recent upward momentum in the market, I expect the transaction price to rise to $1.6. I believe that speculative interest will continue to build, leading to higher prices in the near term. With my current cash position of $161.22, I can afford to buy 4 shares at my limit of $1.6, which aligns with my momentum-chasing strategy to capitalize on the rising trend before it escalates further."
speculative-v1-s140927,RA+MC+BT+PC+NT+OC,trader-01,NT,7,buy,2,2,1.6,0,,172.38,8,189.0,8,8.62,8.0,301.0,1.6,1.7,14.0,14.0,,"I'm feeling optimistic about the market's upward trend, as previous periods have shown increasing transaction prices. My hunch is that the price will reach around $1.60 in this period, and I have enough cash to buy 2 more shares at this price. I believe that holding these shares will yield returns as speculative demand continues to grow in the upcoming periods, especially with the terminal redemption value being $14, which I expect will drive prices higher in the long term."
speculative-v1-s140927,RA+MC+BT+PC+NT+OC,trader-02,OC,7,buy,4,4,0.75,0,,161.22,4,173.28,4,8.06,4.0,229.28,1.6,1.8,2.0,14.0,,"I believe that the current market price of $1.55 does not reflect the true value of the shares. My optimistic forecast is that prices will continue to rise, especially with consistent dividends and the terminal redemption value of $14. I see this as an opportunity to buy at a bargain price of $0.75, allowing me to strengthen my position for potential recovery. Given my cash position, I can afford to buy 4 additional shares, aligning perfectly with my contrarian strategy of capitalizing on perceived undervaluation."
speculative-v1-s140927,RA+MC+BT+PC+NT+OC,trader-03,PC,7,buy,3,3,1.6,0,,147.28,0,154.64,0,7.36,0.0,154.64,1.6,1.8,2.0,14.0,,"I anticipate that the market demand will continue to grow, leading to a price of around $1.6 in this period. Based on the upward trend observed in the previous periods, I plan to buy 3 shares at this limit price to capitalize on the expected price increase to approximately $1.8 in the next period and $2.0 in five periods. This aligns with my precommitted schedule of buying shares to maximize my holdings before the expected price rises, despite any intervening market fluctuations."
speculative-v1-s140927,RA+MC+BT+PC+NT+OC,trader-04,NT,7,buy,5,5,1.6,0,,182.22,10,201.33,10,9.11,10.0,341.33,1.55,1.7,1.9,14.0,,"I'm feeling optimistic about the market as prices have been trending upward. With my current cash reserves, I can afford to buy 5 shares at a limit of $1.60, anticipating that speculative demand will increase further, especially as we approach the dividend payouts. My forecasts suggest a continued rise in price, and I want to capitalize on this opportunity while I can."
speculative-v1-s140927,RA+MC+BT+PC+NT+OC,trader-05,OC,7,buy,4,4,1.6,0,,161.22,4,173.28,4,8.06,4.0,229.28,1.6,1.8,2.0,14.0,,"I believe the market has not fully recognized the potential for recovery and higher dividends. The recent upward trend in prices indicates a bullish sentiment that I expect to continue, especially with dividends likely to remain at $1.00. My optimistic outlook drives me to buy 4 more shares at a limit price of $1.60, confident that others will soon recognize the value, leading to a significant price increase. This aligns with my strategy of capitalizing on perceived undervaluation and maximizing my holdings before the market adjusts."
speculative-v1-s140927,RA+MC+BT+PC+NT+OC,trader-06,RA,7,hold,0,0,0.0,0,,150.06,0,157.56,0,7.5,0.0,157.56,1.55,1.6,1.8,14.0,,"The current market price is $1.55, which is above my expected return of $0.70 per share. Given that I currently have no shares, the potential price increase to $1.6 in 2 periods and $1.8 in 5 periods does not justify buying at these levels. Selling is not an option as I have no shares. Holding allows me to preserve my cash while waiting for either a better buying opportunity or to take advantage of future price movements. With the redemption value of $14 for remaining shares at period 30, I am confident in my strategy to wait for a more favorable market condition."
speculative-v1-s140927,RA+MC+BT+PC+NT+OC,trader-07,PC,7,buy,2,2,1.5,0,,152.98,2,162.63,2,7.65,2.0,190.63,1.55,1.5,1.4,14.0,,"Given the current market price of $1.55, I anticipate it may stabilize or decrease slightly to around $1.5 due to potential selling pressure from other traders. I plan to buy 2 shares at this price, which aligns with my precommitted schedule to acquire shares in this period. This strategy positions me well for potential dividends and future price appreciation, especially as we approach the redemption period where shares are worth $14 each. Holding more shares could maximize my cash wealth."
speculative-v1-s140927,RA+MC+BT+PC+NT+OC,trader-08,MC,7,buy,2,2,1.8,2,1.78,167.58,10,184.22,12,8.2,12.0,352.22,1.55,1.75,2.0,14.0,,"Given the recent upward momentum in prices and my optimistic outlook on the continuation of speculative interest, I forecast the price to rise to around 1.75 in the next period. I have cash available and am willing to buy 2 additional shares at a limit price of 1.80, slightly above my forecast to increase the chances of getting filled quickly as the market sentiment remains strong. This aligns with my strategy of capitalizing on momentum, enhancing my position before potential further price increases."
speculative-v1-s140927,RA+MC+BT+PC+NT+OC,trader-09,BT,7,buy,4,4,1.5,0,,163.73,0,171.92,0,8.19,0.0,171.92,1.55,1.75,2.0,14.0,,"I believe the market is still experiencing an upward trend after selling my previous shares at $1.55. With a forecast of $1.75 in 2 periods and $2.0 in 5 periods, I see an opportunity to buy back into the market at a limit price of $1.50, which is slightly below the current price. This aligns with my bubble timer strategy to capitalize on expected price growth while being mindful of the risk of a downturn. My exit plan remains to sell once the price reaches around $2.0 or when I sense the trend is slowing."
speculative-v1-s140927,RA+MC+BT+PC+NT+OC,trader-10,BT,7,sell,6,6,1.75,-2,1.78,159.96,6,175.7,4,8.18,4.0,231.7,1.55,1.8,2.0,14.0,,"Given the current market price of $1.55 and my forecast of $1.8 in the next two periods, I believe there is potential for further price growth as speculative demand continues. However, I want to lock in profits before the bubble bursts. Selling all 6 shares at a limit price of $1.75 allows me to capitalize on the upward trend while ensuring I exit before any downturn occurs. This aligns with my exit plan to profit from the anticipated price increase."
speculative-v1-s140927,RA+MC+BT+PC+NT+OC,trader-11,RA,7,hold,0,0,0.0,0,,154.76,0,162.5,0,7.74,0.0,162.5,1.55,1.6,1.8,14.0,,"The current market price of $1.55 exceeds my estimated fair value of $1.5, indicating that shares are overpriced. Given that I currently hold no shares and have sufficient cash, I believe it's prudent to hold off on purchasing shares at these inflated prices. Holding cash allows me to stay liquid for future opportunities, especially as my forecasts suggest a potential stabilization or correction before reaching the terminal redemption value of $14 in period 30."
speculative-v1-s140927,RA+MC+BT+PC+NT+OC,trader-00,MC,8,buy,4,4,1.8,0,,173.28,4,183.54,4,8.66,1.6,239.54,1.8,2.0,2.5,14.0,,"Given the recent upward momentum in the market, with the last transaction price at $1.78, I anticipate a slight increase to $1.8 based on continued speculative interest. My strategy is to capitalize on this trend by increasing my position, as I have enough cash to buy 4 more shares at this price. This aligns with my momentum-chasing approach, aiming to take advantage of the rising prices before they escalate further."
speculative-v1-s140927,RA+MC+BT+PC+NT+OC,trader-01,NT,8,buy,2,2,1.8,0,,189.0,8,201.65,8,9.45,3.2,313.65,1.8,1.9,14.0,14.0,,"I'm feeling optimistic about the market's continued upward trend, especially after the recent price increases. My hunch is that speculative demand will push the price to around $1.80 in this period. Given my current cash position of $189 and the ability to buy 2 shares at this price, I believe it is a good opportunity to increase my holdings while the market sentiment is positive. I anticipate that holding these shares will yield returns as the market approaches the terminal redemption value."
speculative-v1-s140927,RA+MC+BT+PC+NT+OC,trader-02,OC,8,buy,4,4,0.75,0,,173.28,4,183.54,4,8.66,1.6,239.54,1.8,2.0,2.5,14.0,,"I believe that the current market price does not reflect the true value of the shares, and my optimistic forecast suggests that prices will rise considerably in the coming periods. Given the historical trend of increasing prices and dividends, I see an opportunity to buy 4 additional shares at a limit price of $0.75, which represents a significant bargain. My contrarian approach leads me to capitalize on this perceived undervaluation, and I am confident that the market will eventually acknowledge the value of these shares."
speculative-v1-s140927,RA+MC+BT+PC+NT+OC,trader-03,PC,8,buy,3,3,1.9,3,1.9,154.64,0,157.59,3,7.45,1.2,199.59,1.8,2.0,2.5,14.0,,"Based on the upward trend in transaction prices observed in the last periods, I forecast that the price will rise to around $1.8 in this period, with potential increase to $2.0 in the next period as demand continues to grow. I plan to buy 3 shares at a limit price of $1.9 to capitalize on the expected price escalation before selling in future periods. This aligns with my previously committed schedule of buying shares now to maximize my holdings before anticipated price increases."
speculative-v1-s140927,RA+MC+BT+PC+NT+OC,trader-04,NT,8,hold,0,0,0.0,0,,201.33,10,215.4,10,10.07,4.0,355.4,1.8,1.9,2.0,14.0,,"I'm feeling optimistic about the current market conditions, especially after seeing the recent price movements. However, I want to take a step back this period and hold on to my shares rather than make an impulsive buy or sell. Given my current cash position and the potential for higher future prices, I believe it's better to wait and see how the market develops. This way, I can capitalize on higher prices in the upcoming periods while retaining my shares for potential dividends."
speculative-v1-s140927,RA+MC+BT+PC+NT+OC,trader-05,OC,8,buy,4,4,1.75,0,,173.28,4,183.54,4,8.66,1.6,239.54,1.8,2.0,2.5,14.0,,"I believe the current market price of $1.78 does not fully reflect the potential for recovery and higher dividends. Given my optimistic outlook and the recent bullish trend, I see this as a good opportunity to buy 4 more shares at a limit price of $1.75. I expect the market will soon recognize the value, leading to a significant increase in prices. This aligns with my strategy of capitalizing on perceived undervaluation and maximizing my holdings before the market adjusts."
speculative-v1-s140927,RA+MC+BT+PC+NT+OC,trader-06,RA,8,buy,87,48,1.8,0,,157.56,0,165.44,0,7.88,0.0,165.44,1.78,1.8,1.9,14.0,,"The current market price is $1.78, which is projected to rise to $1.8 in the next period. Given that the expected average dividend is $0.70, the potential returns from holding shares still exceed the 5% cash return. I will place a buy order for 87 shares at a limit of $1.80, which is affordable with my current cash balance. This strategy positions me to capitalize on future price increases while also benefiting from the expected dividends."
speculative-v1-s140927,RA+MC+BT+PC+NT+OC,trader-07,PC,8,buy,2,2,1.6,0,,162.63,2,171.56,2,8.13,0.8,199.56,1.78,1.75,1.5,14.0,,"Given the current market price of $1.78, I anticipate a slight decrease in the near term due to potential selling pressure from other traders, leading me to believe the price may stabilize around $1.75 in 2 periods. However, I also recognize that prices may dip further to around $1.5 in 5 periods due to the speculative nature of the market. I intend to buy 2 shares at a limit price of $1.60, which aligns with my precommitted trading schedule to acquire shares in this period. This strategy positions me well for potential dividends and future price appreciation as we move closer to the redemption period, where shares will be worth $14 each. Holding more shares will maximize my cash wealth, especially given the volatility in the market."
speculative-v1-s140927,RA+MC+BT+PC+NT+OC,trader-08,MC,8,buy,1,1,1.85,0,,184.22,12,198.23,12,9.21,4.8,366.23,1.8,1.9,2.0,14.0,,"Given the current price momentum and my bullish outlook, I forecast the price to rise to around 1.9 in the next period and potentially reach 2.0 thereafter. As the market sentiment remains strong, I am willing to buy 1 additional share at a limit price of 1.85, which is slightly above the current trend but still below my forecast. This strategy allows me to capitalize on further price increases while maintaining a strong position in the market."
speculative-v1-s140927,RA+MC+BT+PC+NT+OC,trader-09,BT,8,buy,4,4,1.75,0,,171.92,0,180.52,0,8.6,0.0,180.52,1.78,2.0,2.5,14.0,,"The market is currently experiencing an upward trend with the last transaction price at $1.78. I anticipate that prices will continue to rise, reaching around $2.0 in two periods and potentially $2.5 in five periods. Given my strategy as a bubble timer, I plan to buy 4 shares at a limit price of $1.75, slightly below the current market price, to capitalize on expected price growth. My exit plan is to sell once the price approaches $2.0 or when I sense the trend is slowing, ensuring I lock in profits before any downturn."
speculative-v1-s140927,RA+MC+BT+PC+NT+OC,trader-10,BT,8,sell,6,4,1.9,-3,1.9,175.7,4,190.87,1,9.07,0.4,204.87,1.8,2.0,2.2,14.0,,"The current market price is rising and I anticipate further speculative demand, which supports my forecast of $1.8 now. I expect the price to reach around $2.0 in the next two periods and potentially higher in the longer term. Since I have 6 shares after my previous transactions, I will sell 6 shares at a limit price of $1.9, allowing me to capitalize on the upward momentum while locking in profits before any potential downturn. This aligns with my strategy as a bubble timer."
speculative-v1-s140927,RA+MC+BT+PC+NT+OC,trader-11,RA,8,hold,0,0,0.0,0,,162.5,0,170.63,0,8.13,0.0,170.63,1.78,1.8,1.8,14.0,,"The current market price of $1.78 exceeds my estimated fair value of $1.55, indicating that shares are overpriced. Given that I currently hold no shares and have sufficient cash, it is prudent to hold off on purchasing shares at these inflated prices. Holding cash allows me to stay liquid for future opportunities, especially as my forecasts suggest a potential stabilization or correction before reaching the terminal redemption value of $14 in period 30."
speculative-v1-s140927,RA+MC+BT+PC+NT+OC,trader-00,MC,9,buy,4,4,1.9,0,,183.54,4,196.72,4,9.18,4.0,252.72,1.9,2.0,2.5,14.0,,"With the recent upward momentum and the last transaction price at $1.9, I expect prices to continue rising due to speculative interest. My forecast for the near term is $2.0, and I believe this is a good opportunity to capitalize on the upward trend. I have enough cash to buy 4 more shares at my limit price of $1.9, which aligns with my momentum-chasing strategy."
speculative-v1-s140927,RA+MC+BT+PC+NT+OC,trader-01,NT,9,buy,2,2,2.0,2,2.0,201.65,8,217.53,10,9.88,10.0,357.53,1.9,2.0,14.0,14.0,,"I'm feeling optimistic about the market's potential for further speculative demand, especially after seeing the recent price rise to $1.90. My hunch is that traders might be willing to pay around $2.00 in this period, reflecting an increase in enthusiasm. I have enough cash to buy 2 additional shares at this price, and I believe that holding these shares will yield significant returns as the market approaches the terminal redemption value of $14 in later periods."
speculative-v1-s140927,RA+MC+BT+PC+NT+OC,trader-02,OC,9,buy,4,4,0.75,0,,183.54,4,196.72,4,9.18,4.0,252.72,1.9,2.0,2.5,14.0,,"I believe the current market price of $1.9 does not reflect the true value of the shares, which I expect to rise significantly in the future. Given my optimistic outlook and the consistent dividends, I see an opportunity to acquire 4 additional shares at a limit price of $0.75. This aligns with my contrarian strategy of buying undervalued assets, and I expect the market to eventually recognize their worth, particularly with the terminal redemption value of $14 in mind."
speculative-v1-s140927,RA+MC+BT+PC+NT+OC,trader-03,PC,9,sell,3,3,2.0,-2,2.0,157.59,3,170.67,1,8.08,1.0,184.67,1.9,2.0,2.5,14.0,,"Given the recent upward trend in transaction prices, I anticipate that the price will rise to around $2.0 in the next period based on the buying demand. I plan to sell 3 shares at this limit price to capitalize on the expected price increase. This aligns with my precommitted schedule of selling shares to maximize my cash wealth before potential downturns. Selling now allows me to take advantage of the appreciation of my shares since I purchased them at lower prices."
speculative-v1-s140927,RA+MC+BT+PC+NT+OC,trader-04,NT,9,sell,5,5,2.0,0,,215.4,10,236.17,10,10.77,10.0,376.17,1.9,2.0,2.2,14.0,,"I'm feeling optimistic about the current market conditions, especially with the recent price movements reaching $1.9. I believe that the price could rise to around $2.0 in the next couple of periods as other traders become more enthusiastic about the potential dividends and final redemption value. Since I have 10 shares, selling 5 at this limit allows me to take profits while still holding onto a portion of my shares for future dividends and potential gains. This strategy balances my excitement about current prices with the anticipation of rising demand."
speculative-v1-s140927,RA+MC+BT+PC+NT+OC,trader-05,OC,9,buy,4,4,1.75,0,,183.54,4,196.72,4,9.18,4.0,252.72,1.9,2.0,2.5,14.0,,"I believe the market has not fully recognized the potential for recovery and higher dividends, especially given the recent price trends. With a forecast of $2.0 in the next two periods and the terminal redemption amount significantly higher, I see this as a prime opportunity to buy 4 more shares at a limit price of $1.75. My overconfident contrarian approach leads me to capitalize on perceived undervaluation before the market catches up. This aligns with my strategy of maximizing my holdings ahead of expected price increases."
speculative-v1-s140927,RA+MC+BT+PC+NT+OC,trader-06,RA,9,buy,50,48,1.85,0,,165.44,0,173.71,0,8.27,0.0,173.71,1.9,2.0,2.5,14.0,,"The current market price is $1.9, and I anticipate it may stabilize or slightly increase to $2.0 in the next period. Given that the expected average dividend remains above the 5% cash return, there is an opportunity to buy shares at a limit of $1.85. This price offers a favorable risk-reward ratio, allowing me to capture potential future price increases and dividends while I still have cash available."
speculative-v1-s140927,RA+MC+BT+PC+NT+OC,trader-07,PC,9,buy,2,2,1.7,0,,171.56,2,182.14,2,8.58,2.0,210.14,1.9,1.8,1.5,14.0,,"Given the current market price of $1.9, I anticipate a slight decrease to around $1.8 in the next period due to potential selling pressure from other traders. However, I also believe that acquiring shares at $1.70 will position me well for future gains as we approach the redemption period where shares will be worth $14 each. This aligns with my precommitted schedule to buy shares in this period, maximizing my shareholding for dividends and future price appreciation."
speculative-v1-s140927,RA+MC+BT+PC+NT+OC,trader-08,MC,9,buy,1,1,1.95,0,,198.23,12,220.14,12,9.91,12.0,388.14,1.9,2.0,2.5,14.0,,"Given the strong upward momentum in prices and my optimistic forecast of continuing speculative interest, I believe the price will rise to around 2.0 in the next period. I want to capitalize on this momentum by purchasing 1 additional share at a limit price of 1.95, slightly below my forecast to increase the chances of getting filled. This aligns with my strategy of enhancing my position before potential further price increases."
speculative-v1-s140927,RA+MC+BT+PC+NT+OC,trader-09,BT,9,buy,4,4,1.75,0,,180.52,0,189.55,0,9.03,0.0,189.55,1.9,2.0,2.5,14.0,,"The market is currently experiencing a strong upward trend, and the latest transaction price is at $1.9. I anticipate that prices will continue to rise, reaching around $2.0 in two periods and potentially $2.5 in five periods. Buying 4 shares at a limit price of $1.75 allows me to capitalize on the expected price growth while providing a buffer below the current market price. My exit plan is to sell once the price approaches $2.0 or when I sense the trend is slowing, ensuring I lock in profits before any downturn."
speculative-v1-s140927,RA+MC+BT+PC+NT+OC,trader-10,BT,9,sell,4,1,2.0,0,,190.87,1,201.41,1,9.54,1.0,215.41,1.95,2.1,2.5,14.0,,"Given the current market price of $1.9 and the upward trend, I believe that I can sell my 4 shares at $2.0, locking in profits before the potential for a bubble burst. My forecasts suggest continued growth in the next two periods, but I want to capitalize on the current momentum while maintaining my exit plan. Selling now aligns with my strategy as a bubble timer."
speculative-v1-s140927,RA+MC+BT+PC+NT+OC,trader-11,RA,9,hold,0,0,0.0,0,,170.63,0,179.16,0,8.53,0.0,179.16,1.9,1.8,1.8,14.0,,"The current market price of $1.9 exceeds my estimated fair value of $1.78, indicating that shares are still overpriced. Given my forecasts suggest a possible correction or stabilization in the near future, holding cash is the most prudent strategy. This approach allows me to maintain liquidity for future buying opportunities while avoiding potential losses from purchasing overvalued shares."
speculative-v1-s140927,RA+MC+BT+PC+NT+OC,trader-00,MC,10,buy,4,4,2.0,0,,196.72,4,210.56,4,9.84,4.0,266.56,2.0,2.5,3.0,14.0,,"Given the recent upward momentum in the market and the last transaction price at $2.0, I expect prices to continue rising due to speculative interest and market trends. My forecasts indicate a rise to $2.5 in two periods and $3.0 in five periods. I have sufficient cash to buy 4 more shares at the current price of $2.0, aligning with my momentum-chasing strategy to capitalize on the upward trend before it potentially escalates further."
speculative-v1-s140927,RA+MC+BT+PC+NT+OC,trader-01,NT,10,buy,2,2,2.1,2,2.05,217.53,10,236.1,12,10.67,12.0,404.1,2.0,2.2,2.5,14.0,,"I'm feeling optimistic about the market's potential for further speculative demand. The recent price increase to $2.00 gives me confidence that traders might be willing to pay around $2.10 this period. I have enough cash to buy 2 additional shares at this price, which I believe will yield good returns as the market approaches the terminal redemption value of $14 in later periods. I expect the price to continue rising as excitement builds among traders."
speculative-v1-s140927,RA+MC+BT+PC+NT+OC,trader-02,OC,10,buy,4,4,0.75,0,,196.72,4,210.56,4,9.84,4.0,266.56,2.0,2.5,3.0,14.0,,"I believe that the market has not yet recognized the true value of these shares, which I expect to appreciate significantly. With my current cash position of $196.72, I can buy 4 additional shares at a limit price of $0.75, which I perceive as a significant bargain. My contrarian strategy leads me to capitalize on this perceived undervaluation. Given the recent upward trend in prices, I am confident that these shares will recover and yield dividends, along with the terminal redemption value of $14."
speculative-v1-s140927,RA+MC+BT+PC+NT+OC,trader-03,PC,10,sell,2,1,2.5,0,,170.67,1,180.2,1,8.53,1.0,194.2,2.0,2.5,3.0,14.0,,"Given the upward trend in transaction prices and the healthy demand observed in previous periods, I forecast that the price will rise to around $2.5 in the next period. I plan to sell 2 shares at this limit price to capitalize on the anticipated price increase before potentially facing a downturn. This aligns with my precommitted schedule of selling shares to maximize my cash wealth. Selling now allows me to take advantage of the appreciation of my shares since I purchased them at lower prices."
speculative-v1-s140927,RA+MC+BT+PC+NT+OC,trader-04,NT,10,sell,5,5,2.1,0,,236.17,10,257.98,10,11.81,10.0,397.98,2.0,2.2,2.5,14.0,,"I'm feeling optimistic about the market as prices are trending upwards, and the recent price of $2.0 indicates strong demand. I believe that other traders may be willing to pay slightly more, so I'm placing a sell order at a limit of $2.10 to take advantage of potential profits while still holding 5 shares for future dividends and the terminal redemption value. This strategy allows me to capitalize on the current enthusiasm in the market."
speculative-v1-s140927,RA+MC+BT+PC+NT+OC,trader-05,OC,10,buy,4,4,1.75,0,,196.72,4,210.56,4,9.84,4.0,266.56,2.0,2.5,3.0,14.0,,"I believe the market is still undervaluing the shares, especially with the recent upward trends in prices and positive sentiment. At a limit price of $1.75, I see this as an opportunity to buy 4 more shares before the market catches up to my optimistic forecasts. My strategy as an overconfident contrarian leads me to capitalize on perceived undervaluation, especially given the expected recovery and higher dividends in the upcoming periods."
speculative-v1-s140927,RA+MC+BT+PC+NT+OC,trader-06,RA,10,sell,48,0,2.4,0,,173.71,0,182.4,0,8.69,0.0,182.4,2.0,2.5,14.0,14.0,,"The current market price is $2.0, and I forecast it to potentially increase to $2.5 in the next period. However, given that I hold 48 shares and the expected future redemption value of $14.0, I see an opportunity to sell now at a limit of $2.4, which is above my forecast for the next period. This allows me to capitalize on current market conditions while preserving cash for future opportunities. Selling now takes advantage of the high price relative to expected dividends, which do not justify holding at this level."
speculative-v1-s140927,RA+MC+BT+PC+NT+OC,trader-07,PC,10,sell,2,2,2.0,-2,2.05,182.14,2,195.55,0,9.31,0.0,195.55,2.0,1.9,1.5,14.0,,"Given the current market price of $2.0 and my inventory of 4 shares, I believe now is a good time to sell 2 shares to lock in profits, especially as I anticipate the price may stabilize or decrease slightly to around $1.9 in the next period. This aligns with my precommitted schedule to take advantage of higher prices before they potentially drop. Additionally, I will still retain 2 shares for potential dividends and future appreciation closer to the redemption period where shares will be worth $14 each."
speculative-v1-s140927,RA+MC+BT+PC+NT+OC,trader-08,MC,10,buy,1,1,2.05,0,,220.14,12,243.15,12,11.01,12.0,411.15,2.0,2.5,3.0,14.0,,"Given the strong momentum in the market, I expect the price to continue rising to around 2.0 in this period, with an optimistic forecast of 2.5 in the next period and 3.0 in five periods ahead. I am willing to buy an additional share at a limit price of 2.05, slightly above the current market price, to capitalize on the upward trend. This aligns with my strategy of enhancing my position as the momentum builds and speculative interest grows."
speculative-v1-s140927,RA+MC+BT+PC+NT+OC,trader-09,BT,10,buy,4,4,2.0,0,,189.55,0,199.03,0,9.48,0.0,199.03,2.0,2.5,3.0,14.0,,"The market is currently at a strong price of $2.0, and given my forecasts of $2.5 in 2 periods and $3.0 in 5 periods, I see an opportunity to buy 4 shares at this current price. This aligns with my strategy as a bubble timer, as I anticipate continued price growth in the near future. My exit plan remains to sell once the price approaches $3.0 or when I sense the trend is slowing, allowing me to lock in profits before any potential downturn."
speculative-v1-s140927,RA+MC+BT+PC+NT+OC,trader-10,BT,10,sell,1,1,2.1,0,,201.41,1,212.48,1,10.07,1.0,226.48,2.0,2.2,2.5,14.0,,"The current market price is at $2.0, and I am forecasting it to rise to around $2.2 in the next two periods. However, I want to capitalize on the current momentum and maximize my cash wealth before the potential bubble bursts. Selling 1 share at a limit price of $2.1 allows me to lock in profits while still maintaining exposure to future price increases. This aligns with my strategy as a bubble timer, focusing on timely exits to secure gains."
speculative-v1-s140927,RA+MC+BT+PC+NT+OC,trader-11,RA,10,hold,0,0,0.0,0,,179.16,0,188.12,0,8.96,0.0,188.12,2.0,2.0,1.8,14.0,,"The current market price of $2.0 exceeds my estimated fair value of $1.9, indicating that shares are still overpriced. My forecasts suggest potential price stabilization or a correction in the near future, making it prudent to hold cash and avoid purchasing at inflated prices. Maintaining liquidity allows me to seize better opportunities in future trading periods, especially with the terminal redemption value of $14 in period 30."
speculative-v1-s140927,RA+MC+BT+PC+NT+OC,trader-00,MC,11,buy,4,4,2.1,0,,210.56,4,225.09,4,10.53,4.0,281.09,2.1,2.5,3.0,14.0,,"Given the recent upward momentum in the market, with the last transaction price at $2.05, I expect prices to continue rising due to building speculative interest. My forecast indicates a near-term price of $2.1, and I have enough cash to buy 4 more shares at this price. This aligns with my momentum-chasing strategy to capitalize on the rising trend before it potentially escalates further."
speculative-v1-s140927,RA+MC+BT+PC+NT+OC,trader-01,NT,11,buy,2,2,2.2,2,2.2,236.1,12,257.29,14,11.59,14.0,453.29,2.1,2.3,2.5,14.0,,"I'm feeling optimistic about the market and believe that speculative demand will increase further. Given the recent price movement to $2.05, I think traders might be willing to pay around $2.20 for shares in this period. I have enough cash to buy 2 additional shares at this price, and I expect that holding these shares will yield significant returns as the market approaches the terminal redemption value of $14 in later periods."
speculative-v1-s140927,RA+MC+BT+PC+NT+OC,trader-02,OC,11,buy,4,4,0.75,0,,210.56,4,225.09,4,10.53,4.0,281.09,2.1,2.5,3.0,14.0,,"I believe the current market price of $2.05 does not reflect the true potential value of these shares. My optimistic assessment suggests that they will appreciate further, especially given the historical upward trend and the dividends they provide. I'm confident that at a limit price of $0.75, I can acquire additional shares at a significant bargain before the market fully recognizes their worth. I expect to hold these shares for future recovery and profit, aligning with my contrarian strategy."
speculative-v1-s140927,RA+MC+BT+PC+NT+OC,trader-03,PC,11,sell,1,1,2.5,0,,180.2,1,190.21,1,9.01,1.0,204.21,2.1,2.5,3.0,14.0,,"Given the recent upward trend in transaction prices, I anticipate that the price will rise to around $2.5 in this period. I plan to sell 1 share at this limit price to capitalize on the expected price increase before potentially facing a downturn. This aligns with my precommitted schedule of selling shares to maximize my cash wealth. Selling now allows me to take advantage of the appreciation of my shares since I purchased them at lower prices. I will continue to monitor the market for future buying opportunities."
speculative-v1-s140927,RA+MC+BT+PC+NT+OC,trader-04,NT,11,sell,5,5,2.2,-2,2.2,257.98,10,283.5,8,13.12,8.0,395.5,2.1,2.3,2.5,14.0,,"I'm feeling optimistic about the current price trend, and after observing the recent market movements, I believe that selling 5 shares at a limit of $2.20 will allow me to capitalize on the current enthusiasm. I anticipate that other traders may be willing to pay slightly more than my last sell limit of $2.10. This aligns with my forecast of a potential price increase to about $2.3 in the next two periods. Selling now secures profits while still keeping some shares for future dividends and the terminal redemption value."
speculative-v1-s140927,RA+MC+BT+PC+NT+OC,trader-05,OC,11,buy,4,4,2.0,0,,210.56,4,225.09,4,10.53,4.0,281.09,2.1,2.5,3.0,14.0,,"I believe the market is currently undervaluing the shares at $2.0, especially with my optimistic forecasts indicating potential price increases in the next few periods. Given the recent upward trend in prices and the expected recovery, I see this as a prime opportunity to buy 4 more shares. My confidence in the market recognizing this value soon aligns with my strategy as an overconfident contrarian, allowing me to capitalize on perceived undervaluation before others catch up."
speculative-v1-s140927,RA+MC+BT+PC+NT+OC,trader-06,RA,11,buy,50,48,2.0,0,,182.4,0,191.52,0,9.12,0.0,191.52,2.05,2.5,14.0,14.0,,"The current market price is $2.05, and I anticipate it may stabilize or slightly increase to $2.5 in the next period. Given that the expected average dividend remains above the 5% cash return, buying shares at a limit of $2.0 is a favorable decision, as it allows me to capture potential future price increases and dividends while I still have cash available. Additionally, the expected future redemption value of $14.0 makes this a compelling investment."
speculative-v1-s140927,RA+MC+BT+PC+NT+OC,trader-07,PC,11,sell,2,0,2.0,0,,195.55,0,205.33,0,9.78,0.0,205.33,2.05,2.0,1.5,14.0,,"Given the current market price of $2.05, I believe it's prudent to sell 2 shares at a limit price of $2.00, locking in profits before any potential decrease in price. My forecasts indicate a slight decline in the next period, and I still expect a significant increase as we approach the redemption period. This aligns with my precommitted schedule to take advantage of higher prices now while retaining 2 shares for future dividends and potential appreciation."
speculative-v1-s140927,RA+MC+BT+PC+NT+OC,trader-08,MC,11,buy,1,1,2.1,0,,243.15,12,267.31,12,12.16,12.0,435.31,2.1,2.5,3.0,14.0,,"Given the upward momentum in the market, I believe that the price will rise to around 2.1 in this period. My forecasts reflect an optimistic outlook, anticipating a price of 2.5 in the next period and ultimately reaching 14.0 at the redemption. With 243.15 in cash, I can afford to buy 1 additional share at a limit price of 2.10, which is slightly above the current market price of 2.05. This aligns with my strategy of capitalizing on the upward trend, enhancing my position before potential future price increases."
speculative-v1-s140927,RA+MC+BT+PC+NT+OC,trader-09,BT,11,buy,4,4,2.0,0,,199.03,0,208.98,0,9.95,0.0,208.98,2.05,2.5,3.0,14.0,,"The market is currently experiencing a strong upward trend with the last transaction price at $2.05. My forecasts predict a further increase to $2.5 in 2 periods and $3.0 in 5 periods. Given my strategy as a bubble timer, I see an opportunity to buy 4 shares at this limit price of $2.0 to capitalize on the expected price growth. My exit plan remains to sell once the price approaches $3.0 or when I sense the trend is slowing, ensuring I lock in profits before any downturn."
speculative-v1-s140927,RA+MC+BT+PC+NT+OC,trader-10,BT,11,sell,1,1,2.2,0,,212.48,1,224.1,1,10.62,1.0,238.1,2.1,2.3,2.5,14.0,,"Given the current market price of $2.05 and my forecast of $2.1 now, I anticipate a slight increase to around $2.2 in the next two periods. I want to capitalize on the current momentum and lock in profits before any potential downturn. Selling 1 share at a limit price of $2.2 aligns with my strategy as a bubble timer to exit while prices are still rising."
speculative-v1-s140927,RA+MC+BT+PC+NT+OC,trader-11,RA,11,hold,0,0,0.0,0,,188.12,0,197.53,0,9.41,0.0,197.53,2.05,2.0,1.8,14.0,,"The current market price of $2.05 still exceeds my estimated fair value of $2.0, indicating that shares remain overpriced. With my cash position at $188.12 and no shares, it is prudent to hold off on purchasing assets at inflated prices. My forecasts suggest potential stabilization or correction in the near future. Holding cash allows me to maintain liquidity for future opportunities, especially considering the terminal redemption value of $14 in period 30."
speculative-v1-s140927,RA+MC+BT+PC+NT+OC,trader-00,MC,12,buy,4,4,2.3,3,2.3,225.09,4,236.1,7,10.91,7.0,334.1,2.2,2.5,3.0,14.0,,"Given the recent upward momentum in the market, I anticipate that prices will continue to rise, with my forecast indicating a price of $2.5 in two periods. I have enough cash to buy an additional 4 shares at my limit price of $2.3, which aligns with my momentum-chasing strategy to capitalize on the rising trend before it escalates further. Selling is not an option at this point as I want to maximize my holdings during this bullish phase."
speculative-v1-s140927,RA+MC+BT+PC+NT+OC,trader-01,NT,12,buy,2,2,2.4,2,2.3,257.29,14,281.32,16,12.63,16.0,505.32,2.3,2.5,2.8,14.0,,"I'm feeling optimistic about the market's upward trend, especially after the recent price movement to $2.20. I believe that speculative demand will continue to grow, and my hunch is that the price could reach around $2.40 in this period. Given my cash position of $257.29, I can afford to buy 2 additional shares at this price, which I expect will yield significant returns as the market approaches the terminal redemption value of $14 in later periods."
speculative-v1-s140927,RA+MC+BT+PC+NT+OC,trader-02,OC,12,buy,4,4,0.75,0,,225.09,4,240.34,4,11.25,4.0,296.34,2.2,2.5,3.0,14.0,,"I believe the current market price of $2.2 does not reflect the true value of the shares, and I expect further appreciation in the coming periods. My optimistic outlook, combined with the potential for both dividends and a terminal redemption value of $14, leads me to see this as a significant bargain. I am confident that the market will recognize the value of these shares, and I can take advantage of the perceived undervaluation by buying 4 additional shares at a limit price of $0.75. This aligns with my contrarian strategy of capitalizing on buying opportunities during market dips."
speculative-v1-s140927,RA+MC+BT+PC+NT+OC,trader-03,PC,12,sell,1,1,2.5,0,,190.21,1,200.72,1,9.51,1.0,214.72,2.2,2.5,3.0,14.0,,"Given the recent upward trend in transaction prices, I anticipate the price will rise to around $2.5 in this period. I plan to sell 1 share at this limit price to capitalize on the expected price increase before potentially facing a downturn. This aligns with my precommitted schedule of selling shares to maximize my cash wealth. Selling now allows me to take advantage of the appreciation of my shares since I purchased them at lower prices."
speculative-v1-s140927,RA+MC+BT+PC+NT+OC,trader-04,NT,12,sell,5,5,2.3,-5,2.3,283.5,8,312.75,3,14.75,3.0,354.75,2.2,2.5,2.8,14.0,,"I'm feeling optimistic about the current market conditions and believe that the price will continue to rise. Given that my previous sell limit was filled successfully, I anticipate that other traders may pay a bit more for shares as speculative demand increases. By placing a sell order at a limit of $2.30 for 5 shares, I aim to capitalize on this upward trend while still retaining some shares for potential dividends and the terminal redemption value."
speculative-v1-s140927,RA+MC+BT+PC+NT+OC,trader-05,OC,12,buy,4,4,2.2,0,,225.09,4,240.34,4,11.25,4.0,296.34,2.2,2.5,3.0,14.0,,"I believe the market is currently undervaluing the shares at $2.20, particularly given my optimistic forecasts for the next few periods. With the recent upward trend in prices and the potential for higher dividends, I see this as a prime opportunity to buy 4 more shares. My confidence in the market recognizing this value soon aligns with my strategy as an overconfident contrarian, allowing me to capitalize on perceived undervaluation before others catch up."
speculative-v1-s140927,RA+MC+BT+PC+NT+OC,trader-06,RA,12,sell,48,0,2.4,0,,191.52,0,201.1,0,9.58,0.0,201.1,2.2,2.5,14.0,14.0,,"The current market price is $2.2, and I forecast it to increase to $2.5 in the next period. Given that I hold 48 shares, selling at a limit of $2.4 allows me to capitalize on the current high price relative to expected dividends, which are not justifying holding shares at these levels. This strategy preserves my cash for future opportunities while locking in profits from my current holdings."
speculative-v1-s140927,RA+MC+BT+PC+NT+OC,trader-07,PC,12,sell,2,0,2.0,0,,205.33,0,215.6,0,10.27,0.0,215.6,2.2,2.05,1.5,14.0,,"Given the current market price of $2.2, I believe selling 2 shares at a limit price of $2.0 is prudent to lock in profits before any potential decrease in price. My forecasts indicate a slight decline in the next period and a substantial increase as we approach the redemption period. This aligns with my precommitted schedule to take advantage of higher prices now while retaining 2 shares for future dividends and potential appreciation."
speculative-v1-s140927,RA+MC+BT+PC+NT+OC,trader-08,MC,12,buy,1,1,2.2,0,,267.31,12,292.68,12,13.37,12.0,460.68,2.2,2.5,3.0,14.0,,"Given the strong upward momentum in the market and my optimistic outlook, I expect the price to remain around 2.2 in this period, with potential increases to 2.5 in the next period and ultimately reaching 14.0 at redemption. I have sufficient cash available to buy 1 additional share at the current market price of 2.2, aligning with my strategy to capitalize on the ongoing momentum. I believe that buying now will allow me to benefit from future price increases and dividends."
speculative-v1-s140927,RA+MC+BT+PC+NT+OC,trader-09,BT,12,buy,4,4,2.0,0,,208.98,0,219.43,0,10.45,0.0,219.43,2.2,2.5,3.0,14.0,,"The market is currently experiencing a strong upward trend, with the last transaction price at $2.2 and my forecast predicting further growth to $2.5 in the next two periods and $3.0 in five periods. Given my strategy as a bubble timer, I see an opportunity to buy 4 shares at a limit price of $2.0, which is slightly below the current market price. This aligns with my exit plan to sell when the price approaches $3.0 or when I sense the trend is slowing, ensuring I lock in profits before any downturn."
speculative-v1-s140927,RA+MC+BT+PC+NT+OC,trader-10,BT,12,hold,0,0,0.0,0,,224.1,1,236.31,1,11.21,1.0,250.31,2.2,2.3,2.5,14.0,,"The current market price is at $2.2, and I anticipate it will increase slightly to around $2.3 in the next two periods, followed by further growth potentially reaching $2.5 in five periods. However, given my current holdings of no shares left, I will hold my position and wait for a better opportunity to buy back into the market. My exit strategy remains focused on capitalizing on speculative demand before the bubble bursts, but with no shares to sell, holding is the best option for now."
speculative-v1-s140927,RA+MC+BT+PC+NT+OC,trader-11,RA,12,hold,0,0,0.0,0,,197.53,0,207.41,0,9.88,0.0,207.41,2.2,2.2,2.0,14.0,,"The current market price of $2.2 is still above my estimated fair value of $2.05, indicating that shares are overpriced. My forecasts suggest potential price stabilization or a correction in the near future. Holding cash allows me to maintain liquidity for future opportunities, especially with the terminal redemption value of $14 in period 30. Given that I have no shares currently, it is prudent to hold off on purchasing assets at inflated prices."
speculative-v1-s140927,RA+MC+BT+PC+NT+OC,trader-00,MC,13,buy,4,4,2.4,0,,236.1,7,250.71,7,11.81,2.8,348.71,2.4,2.5,3.0,14.0,,"With the recent upward trend in prices, I believe the momentum will continue, leading to a forecasted transaction price of around $2.4 in this period. I have enough cash to buy 4 more shares at this price, which aligns with my momentum-chasing strategy. I aim to capitalize on the rising trend before it potentially escalates further, especially with the long-term forecast indicating substantial value at redemption."
speculative-v1-s140927,RA+MC+BT+PC+NT+OC,trader-01,NT,13,buy,2,2,2.5,0,,281.32,16,301.79,16,14.07,6.4,525.79,2.4,2.6,3.0,14.0,,"I'm feeling optimistic after the recent price movements and believe the speculative demand will continue to increase. I forecast the current price at $2.40 based on recent trends, and I think traders may be willing to pay around $2.50 in this period. With my cash position, I can afford to buy 2 additional shares, which I believe will yield good returns as the market moves closer to the terminal redemption value of $14 in the later periods."
speculative-v1-s140927,RA+MC+BT+PC+NT+OC,trader-02,OC,13,buy,4,4,0.75,0,,240.34,4,253.96,4,12.02,1.6,309.96,2.3,2.5,3.0,14.0,,"Given my overconfident contrarian approach, I believe the market is undervaluing these shares despite their recent price of $2.3. I expect the price to rise to $2.5 in the next two periods and further to $3.0 in five periods, with the terminal redemption value being $14. Buying 4 more shares at a limit price of $0.75 is a strategic move to capitalize on this perceived undervaluation, as I trust that the market will recognize the true value of these shares in time. My optimistic outlook and confidence in a recovery support this decision."
speculative-v1-s140927,RA+MC+BT+PC+NT+OC,trader-03,PC,13,sell,1,1,2.5,-1,2.5,200.72,1,213.38,0,10.16,0.0,213.38,2.4,2.5,3.0,14.0,,"Given the recent upward trend in transaction prices and the consistent demand observed in previous periods, I anticipate the price will stabilize around $2.5 in this period, given the sell orders I've seen from others. I plan to sell 1 share at this limit price to capitalize on the anticipated price increase before potentially facing a downturn. This aligns with my precommitted schedule of selling shares to maximize my cash wealth. Selling now allows me to take advantage of the appreciation of my shares since I purchased them at lower prices."
speculative-v1-s140927,RA+MC+BT+PC+NT+OC,trader-04,NT,13,sell,3,3,2.4,-3,2.5,312.75,3,336.26,0,16.01,0.0,336.26,2.4,2.5,2.8,14.0,,"I'm feeling optimistic about the current market conditions and the upward price trend. Based on my forecasts, I believe the price could reach around $2.4 in this period. Since I only have 3 shares left, I want to sell them now to capture profits while still being able to benefit from the potential future dividends. Selling at this limit allows me to take advantage of the current enthusiasm in the market before any possible downturn, while retaining the hope that I can still gain from future opportunities."
speculative-v1-s140927,RA+MC+BT+PC+NT+OC,trader-05,OC,13,buy,4,4,2.3,0,,240.34,4,253.96,4,12.02,1.6,309.96,2.3,2.5,3.0,14.0,,"I believe the current market price of $2.3 does not fully reflect the potential for recovery and higher dividends. Given my optimistic outlook and the recent upward trends in prices, I see this as a prime opportunity to buy 4 more shares at my limit price of $2.30. My confidence in the market recognizing this value soon aligns with my strategy as an overconfident contrarian, allowing me to capitalize on perceived undervaluation before others catch up."
speculative-v1-s140927,RA+MC+BT+PC+NT+OC,trader-06,RA,13,sell,48,0,2.4,0,,201.1,0,211.16,0,10.06,0.0,211.16,2.4,2.5,14.0,14.0,,"The current market price is $2.3, and I am forecasting it to stabilize around $2.4 in the next period. Given that I hold 48 shares and the expected future redemption value of $14.0, selling at this limit allows me to capitalize on the current high price relative to expected dividends, which do not justify holding shares at this level. This strategy preserves my cash for future opportunities while locking in profits from my current holdings."
speculative-v1-s140927,RA+MC+BT+PC+NT+OC,trader-07,PC,13,sell,2,0,2.3,0,,215.6,0,226.38,0,10.78,0.0,226.38,2.3,2.5,2.8,14.0,,"Given the current market price of $2.3, I believe it's prudent to sell 2 shares at this price to lock in profits. My forecasts suggest that prices may stabilize or even increase slightly in the next couple of periods, but I want to capitalize on the current high price before any potential declines. By selling now, I can secure cash while still retaining 2 shares for future dividends and potential appreciation as we approach the redemption period where shares will be worth $14 each. This aligns with my precommitted schedule to take advantage of higher prices before they potentially drop."
speculative-v1-s140927,RA+MC+BT+PC+NT+OC,trader-08,MC,13,buy,1,1,2.4,0,,292.68,12,312.11,12,14.63,4.8,480.11,2.3,2.5,3.0,14.0,,"Given the current upward momentum in prices and my optimistic outlook, I expect the price to stay around 2.3 in this period and potentially rise to 2.5 in the next period. I have sufficient cash available to buy 1 additional share at a limit price of 2.40, which is slightly above the current market price but still below my forecast. This aligns with my strategy of capitalizing on ongoing momentum and enhancing my position before potential future price increases."
speculative-v1-s140927,RA+MC+BT+PC+NT+OC,trader-09,BT,13,buy,4,4,2.5,4,2.5,219.43,0,221.5,4,10.47,1.6,277.5,2.3,2.5,3.0,14.0,,"The market is on a strong upward trend, with the last transaction price at $2.3. I anticipate the price will increase to around $2.5 in the next period and potentially reach $3.0 in five periods. Given my strategy as a bubble timer, I want to capitalize on the expected price growth. Buying 4 shares at a limit price of $2.5 allows me to build my position while being mindful of the potential for price growth and ensuring I lock in profits before any downturn."
speculative-v1-s140927,RA+MC+BT+PC+NT+OC,trader-10,BT,13,buy,1,1,2.4,0,,236.31,1,248.53,1,11.82,0.4,262.53,2.3,2.5,2.7,14.0,,"The current market price is $2.3, and I anticipate it will increase to around $2.5 in the next two periods due to continued speculative demand. Given that I currently have no shares, I will place a buy order for 1 share at a limit price of $2.4, which is slightly above the current price to ensure a fill. I plan to sell this share in the near future as I expect prices to rise further and capitalize on the upward momentum before any potential downturn."
speculative-v1-s140927,RA+MC+BT+PC+NT+OC,trader-11,RA,13,hold,0,0,0.0,0,,207.41,0,217.78,0,10.37,0.0,217.78,2.3,2.3,2.2,14.0,,"The current market price of $2.3 is above my estimated fair value of $2.2, indicating that shares are still overpriced. My forecasts suggest little to no price increase in the next two periods, and a potential stabilization before the terminal redemption value of $14 in period 30. Holding cash allows me to maintain liquidity for future opportunities, especially given the expected terminal value. Thus, it is prudent to hold off on purchasing shares at inflated prices."
speculative-v1-s140927,RA+MC+BT+PC+NT+OC,trader-00,MC,14,buy,4,4,2.6,4,2.6,250.71,7,263.33,11,12.02,11.0,417.33,2.6,3.0,3.5,14.0,,"Given the recent upward momentum in prices, I anticipate that the transaction price will rise to approximately $2.6 based on continued speculative interest. My forecasts indicate a price of $3.0 in two periods and a significant potential at redemption worth $14. I have enough cash to buy 4 more shares at this limit price, aligning with my momentum-chasing strategy to capitalize on the rising trend before it escalates further."
speculative-v1-s140927,RA+MC+BT+PC+NT+OC,trader-01,NT,14,buy,3,3,2.6,1,2.6,301.79,16,331.15,17,14.96,17.0,569.15,2.5,2.7,3.0,14.0,,"I'm feeling optimistic as the market has shown a consistent upward trend, and my hunch is that traders will be willing to pay around $2.60 in this period. I believe the speculative demand will continue to rise, and with my current cash position of $301.79, I can afford to buy 3 additional shares at this price. Holding these shares could yield significant returns as we approach the terminal redemption value of $14 in the later periods."
speculative-v1-s140927,RA+MC+BT+PC+NT+OC,trader-02,OC,14,buy,4,4,0.75,0,,253.96,4,270.66,4,12.7,4.0,326.66,2.5,3.0,3.5,14.0,,"I believe that the current market price of $2.5 does not reflect the true value of the shares, which I expect to appreciate significantly in the near future. My optimistic outlook leads me to expect the price to rise to $3.0 in the next two periods and further to $3.5 in five periods, with the terminal redemption value being $14. By buying 4 additional shares at a limit price of $0.75, I can capitalize on this perceived undervaluation and strengthen my position. I am confident that the market will eventually recognize the true value of these shares, and I prefer to buy low, especially given my belief in a forthcoming recovery."
speculative-v1-s140927,RA+MC+BT+PC+NT+OC,trader-03,PC,14,hold,0,0,0.0,0,,213.38,0,224.05,0,10.67,0.0,224.05,2.5,3.0,3.5,14.0,,"Given the recent transaction price of $2.5 and the upward trend, I anticipate that prices will continue to rise to around $3.0 in the next couple of periods and stabilize further thereafter. I currently hold no shares to sell, and given my precommitted schedule of maximizing cash wealth through strategic selling, it may be prudent to hold off on any buying decisions to assess further market movements. As I don't have shares, I will refrain from taking any action this period."
speculative-v1-s140927,RA+MC+BT+PC+NT+OC,trader-04,NT,14,sell,3,0,2.6,0,,336.26,0,353.07,0,16.81,0.0,353.07,2.5,2.6,2.9,14.0,,"I'm feeling optimistic about the current market conditions, especially with the recent price trend reaching $2.5. I believe the price could rise to around $2.6 in the next couple of periods as traders continue to show enthusiasm. Selling 3 shares now allows me to capture profits while still maintaining a portion of my shares for future dividends and the terminal redemption value. This strategy balances my excitement with the need to take advantage of current favorable market conditions."
speculative-v1-s140927,RA+MC+BT+PC+NT+OC,trader-05,OC,14,buy,4,4,2.5,0,,253.96,4,270.66,4,12.7,4.0,326.66,2.5,2.8,3.2,14.0,,"I believe that the market has not fully recognized the potential for recovery and higher dividends, especially with the recent price trends. At a limit price of $2.50, I see this as a prime opportunity to buy 4 more shares before the market fully catches up to my optimistic forecasts. My strategy as an overconfident contrarian leads me to capitalize on perceived undervaluation and maximize my holdings, especially given the terminal redemption amount significantly higher."
speculative-v1-s140927,RA+MC+BT+PC+NT+OC,trader-06,RA,14,sell,48,0,2.4,0,,211.16,0,221.72,0,10.56,0.0,221.72,2.5,2.6,14.0,14.0,,"The current market price is $2.5, and I anticipate a potential decrease or stabilization around $2.4 in the next period. Given that I hold 48 shares, selling at a limit of $2.4 allows me to capitalize on the current high price relative to expected dividends, which do not justify holding shares at these levels. This strategy preserves my cash for future opportunities while locking in profits from my current holdings. Additionally, the expected future redemption value of $14.0 further supports my decision to sell now before potential downturns."
speculative-v1-s140927,RA+MC+BT+PC+NT+OC,trader-07,PC,14,sell,2,0,2.5,0,,226.38,0,237.7,0,11.32,0.0,237.7,2.5,2.4,2.2,14.0,,"Given that the current market price is $2.5 and I have 2 shares left, I will sell both at this price to maximize my cash wealth. My forecasts suggest a slight decline in the next period, and I want to capitalize on the current high price before any potential drop. This aligns with my precommitted schedule to take advantage of higher prices now while retaining no shares for future dividends, as I plan to exit the market after this sale."
speculative-v1-s140927,RA+MC+BT+PC+NT+OC,trader-08,MC,14,buy,1,1,2.55,0,,312.11,12,339.72,12,15.61,12.0,507.72,2.6,3.0,4.0,14.0,,"Given the strong momentum in the market, I anticipate prices will continue to rise, forecasting a price of around 2.6 in this period and reaching 3.0 in the next. I have enough cash to buy 1 additional share at a limit price of 2.55, slightly below my forecast to enhance the chances of getting filled. This aligns with my strategy of capitalizing on the ongoing momentum and maximizing my position before potential future price increases."
speculative-v1-s140927,RA+MC+BT+PC+NT+OC,trader-09,BT,14,sell,4,4,2.5,-4,2.6,221.5,4,243.5,0,11.6,0.0,243.5,2.5,2.7,3.0,14.0,,"Given the current market price of $2.5, I believe this is an opportune moment to sell my shares and lock in profits. The market has been experiencing a strong upward trend, but I anticipate that the acceleration may start to slow. By selling now, I can secure my gains and avoid potential losses if the price begins to drop. My exit plan aligns with this decision, as I wanted to sell when prices approach $3.0 or if I sensed the trend slowing, which I believe is happening now."
speculative-v1-s140927,RA+MC+BT+PC+NT+OC,trader-10,BT,14,sell,1,1,2.6,-1,2.6,248.53,1,263.69,0,12.56,0.0,263.69,2.5,2.7,3.0,14.0,,"The market price is currently at $2.5, and I anticipate it will rise to around $2.6 in the near term due to continued speculative demand. Given that I have 1 share, I will sell at a limit price of $2.6 to capitalize on this upward trend before potential bubble bursts. My exit strategy remains focused on locking in profits while the price is still rising."
speculative-v1-s140927,RA+MC+BT+PC+NT+OC,trader-11,RA,14,hold,0,0,0.0,0,,217.78,0,228.67,0,10.89,0.0,228.67,2.5,2.5,2.4,14.0,,"The current market price of $2.5 exceeds my estimated fair value of $2.3, indicating that shares are overpriced. My forecasts suggest little to no price increase in the next two periods, and a potential stabilization before the terminal redemption value of $14 in period 30. Holding cash allows me to maintain liquidity for future opportunities, especially given the expected terminal value. Therefore, it is prudent to hold off on purchasing shares at inflated prices."
speculative-v1-s140927,RA+MC+BT+PC+NT+OC,trader-00,MC,15,buy,4,4,2.7,0,,263.33,11,280.9,11,13.17,4.4,434.9,2.6,3.0,3.5,14.0,,"Given the recent upward momentum in the market, I anticipate that the transaction price will rise to approximately $2.7 based on continued speculative interest. My forecasts indicate a price of $3.0 in two periods and a significant potential at redemption worth $14. I have enough cash to buy 4 more shares at this limit price, aligning with my momentum-chasing strategy to capitalize on the rising trend before it potentially escalates further."
speculative-v1-s140927,RA+MC+BT+PC+NT+OC,trader-01,NT,15,buy,2,2,2.7,0,,331.15,17,354.51,17,16.56,6.8,592.51,2.6,2.7,3.0,14.0,,"I'm feeling optimistic about the market's continued upward trajectory. My hunch is that traders may be willing to pay around $2.70 in this period, reflecting a slight increase in speculative demand. I have enough cash to buy 2 additional shares at this price, which I believe will yield significant returns as we approach the terminal redemption value of $14 in later periods."
speculative-v1-s140927,RA+MC+BT+PC+NT+OC,trader-02,OC,15,buy,4,4,0.75,0,,270.66,4,285.79,4,13.53,1.6,341.79,2.6,3.0,3.5,14.0,,"I believe the market has yet to fully recognize the true value of these shares, which I expect to rise significantly in the near future. My forecasts indicate a price increase to $3.0 in the next two periods and further to $3.5 in five periods. Given my current cash position, I can confidently buy 4 additional shares at a limit price of $0.75, which I see as a significant bargain. This aligns perfectly with my contrarian strategy of capitalizing on perceived undervaluation, and I trust that the market will eventually acknowledge the true value of these shares, especially with the terminal redemption value being $14."
speculative-v1-s140927,RA+MC+BT+PC+NT+OC,trader-03,PC,15,buy,3,3,2.7,0,,224.05,0,235.25,0,11.2,0.0,235.25,2.6,3.0,3.5,14.0,,"Given the recent upward trend in transaction prices and the market's demand dynamics, I forecast the transaction price will rise to around $3.0 in the next period. To capitalize on this expected price increase, I plan to buy 3 shares at a limit price of $2.7, which gives me a good opportunity to enhance my position before anticipated further appreciation. This aligns with my precommitted schedule of buying shares to maximize my holdings and cash wealth over the remaining trading periods."
speculative-v1-s140927,RA+MC+BT+PC+NT+OC,trader-04,NT,15,sell,3,0,2.7,0,,353.07,0,370.72,0,17.65,0.0,370.72,2.7,2.8,3.0,14.0,,"I'm feeling optimistic about the upward trend in prices. The market has recently shown strong demand, and I believe I can sell my remaining 3 shares at a limit of $2.70. This allows me to capitalize on the current enthusiasm and take some profits, while still maintaining a long-term view of the terminal redemption value. My forecasts suggest continued price increases, making this a strategic time to sell before any potential downturn."
speculative-v1-s140927,RA+MC+BT+PC+NT+OC,trader-05,OC,15,buy,4,4,2.5,0,,270.66,4,285.79,4,13.53,1.6,341.79,2.6,2.8,3.2,14.0,,"I believe the current market price of $2.6 does not fully reflect the potential for recovery and higher dividends. Given my optimistic outlook and the recent upward trends in prices, I see this as a prime opportunity to buy 4 more shares at my limit price of $2.50. My confidence in the market recognizing this value soon aligns with my strategy as an overconfident contrarian, allowing me to capitalize on perceived undervaluation before others catch up."
speculative-v1-s140927,RA+MC+BT+PC+NT+OC,trader-06,RA,15,sell,48,0,2.5,0,,221.72,0,232.81,0,11.09,0.0,232.81,2.6,2.5,14.0,14.0,,"The current market price is $2.6, and I anticipate that it may stabilize or slightly decrease to $2.5 in the next period. Given that I hold 48 shares, selling at this limit allows me to capitalize on the current high price relative to expected dividends, which do not justify holding shares at this level. Additionally, the redemption value of $14.0 for remaining shares supports my decision to sell now before potential downturns."
speculative-v1-s140927,RA+MC+BT+PC+NT+OC,trader-07,PC,15,sell,2,0,2.6,0,,237.7,0,249.59,0,11.89,0.0,249.59,2.6,2.5,2.4,14.0,,"Given that the current market price is $2.6 and I have 2 shares remaining, I will sell both at this price to maximize my cash wealth. My forecasts suggest a slight decline in the next period, and I want to capitalize on the current high price before any potential drop. This aligns with my precommitted schedule to take advantage of higher prices now while exiting the market after this sale."
speculative-v1-s140927,RA+MC+BT+PC+NT+OC,trader-08,MC,15,buy,1,1,2.65,0,,339.72,12,361.51,12,16.99,4.8,529.51,2.6,3.0,4.0,14.0,,"Given the strong upward momentum in the market and my optimistic outlook, I expect the price to remain around 2.6 in this period, with potential increases to 3.0 in the next period. I have enough cash available to buy 1 additional share at a limit price of 2.65, slightly below my forecast to enhance the chances of getting filled. This aligns with my strategy of capitalizing on ongoing momentum and maximizing my position before potential future price increases."
speculative-v1-s140927,RA+MC+BT+PC+NT+OC,trader-09,BT,15,buy,4,4,2.5,0,,243.5,0,255.68,0,12.18,0.0,255.68,2.6,2.7,3.0,14.0,,"The market is currently on an upward trend with the latest transaction price at $2.6. I forecast a slight increase to $2.7 in two periods and $3.0 in five periods, indicating potential for further price growth. As a bubble timer, buying 4 shares at a limit price of $2.5 allows me to capitalize on this expected increase while providing a buffer below the current market price. My exit plan remains to sell once the price approaches $3.0 or if I sense the trend is slowing to lock in profits before any downturn."
speculative-v1-s140927,RA+MC+BT+PC+NT+OC,trader-10,BT,15,sell,1,0,2.7,0,,263.69,0,276.87,0,13.18,0.0,276.87,2.6,2.7,3.0,14.0,,"The current market price is $2.6, and I anticipate it will rise to around $2.7 in the next two periods due to continued speculative demand. Given my holdings of 1 share, I will sell at a limit price of $2.7 to capitalize on this upward trend before potential bubble bursts. This aligns with my exit strategy to lock in profits while prices are still rising."
speculative-v1-s140927,RA+MC+BT+PC+NT+OC,trader-11,RA,15,hold,0,0,0.0,0,,228.67,0,240.1,0,11.43,0.0,240.1,2.6,2.6,2.5,14.0,,"The current market price of $2.6 exceeds my estimated fair value of $2.5, indicating that shares are still overpriced. With my predictions suggesting no significant price increase in the next few periods and a potential stabilization before the terminal redemption value of $14 in period 30, it is prudent to hold cash. This strategy allows me to maintain liquidity for future opportunities without risking losses from purchasing overvalued shares."
speculative-v1-s140927,RA+MC+BT+PC+NT+OC,trader-00,MC,16,buy,4,4,2.7,0,,280.9,11,299.35,11,14.05,4.4,453.35,2.7,3.0,3.5,14.0,,"Given the recent upward momentum in the market, I believe that the transaction price is likely to rise to approximately $2.7 based on continued speculative interest. My forecasts indicate a price of $3.0 in two periods and a potential significant redemption value of $14. I have enough cash to buy 4 more shares at this limit price, aligning with my momentum-chasing strategy to capitalize on the rising trend before it potentially escalates further."
speculative-v1-s140927,RA+MC+BT+PC+NT+OC,trader-01,NT,16,buy,2,2,2.7,0,,354.51,17,379.04,17,17.73,6.8,617.04,2.6,2.8,3.0,14.0,,"I'm feeling optimistic about the market's continued upward trend, especially after seeing the price stabilize around $2.60. I believe that traders will be willing to pay around $2.70 this period, as the speculative demand appears to be increasing. With my current cash position, I can afford to buy 2 additional shares at this price, which could yield significant returns as we approach the terminal redemption value of $14 in later periods."
speculative-v1-s140927,RA+MC+BT+PC+NT+OC,trader-02,OC,16,buy,4,4,0.75,0,,285.79,4,301.68,4,14.29,1.6,357.68,2.7,3.0,3.5,14.0,,"I believe the current market price of $2.6 does not reflect the true value of these shares, which I expect to appreciate significantly in the near future. My forecasts indicate a price increase to $3.0 in the next two periods and further to $3.5 in five periods, with the terminal redemption value being $14. By buying 4 additional shares at a limit price of $0.75, I can capitalize on this perceived undervaluation and strengthen my position. My contrarian strategy supports this decision, as I trust that the market will eventually recognize the true value of these shares."
speculative-v1-s140927,RA+MC+BT+PC+NT+OC,trader-03,PC,16,buy,3,3,2.7,0,,235.25,0,247.01,0,11.76,0.0,247.01,2.6,3.0,3.5,14.0,,"Given the recent trend in transaction prices, I believe the price will stabilize around $2.6 in this period and rise to approximately $3.0 in the next. This aligns with my precommitted schedule of buying shares to maximize my holdings before anticipated price increases. Thus, I plan to buy 3 shares at a limit price of $2.7 to enhance my position based on my forecasts."
speculative-v1-s140927,RA+MC+BT+PC+NT+OC,trader-04,NT,16,sell,3,0,2.8,0,,370.72,0,389.26,0,18.54,0.0,389.26,2.7,2.8,3.0,14.0,,I'm feeling optimistic about the current price trend and believe that other traders might still be willing to pay more in the upcoming periods. Selling my remaining 3 shares at a limit of $2.80 allows me to capitalize on the upward momentum in the market while still keeping an eye on the potential for future dividends and the terminal redemption value. This strategy ensures I take some profits now while balancing my excitement about the market's potential.
speculative-v1-s140927,RA+MC+BT+PC+NT+OC,trader-05,OC,16,buy,4,4,2.5,0,,285.79,4,301.68,4,14.29,1.6,357.68,2.5,2.8,3.2,14.0,,"I believe the current market price of $2.5 does not fully reflect the potential for recovery and higher dividends. The recent upward trend in prices indicates that the market is still catching up to the true value of these shares. Given my optimistic outlook and the expected higher dividends, I see this as a prime opportunity to buy 4 more shares at my limit price of $2.50. My strategy as an overconfident contrarian leads me to capitalize on perceived undervaluation before others recognize the potential for price increases."
speculative-v1-s140927,RA+MC+BT+PC+NT+OC,trader-06,RA,16,sell,48,0,2.5,0,,232.81,0,244.45,0,11.64,0.0,244.45,2.6,2.5,14.0,14.0,,"The current market price is at $2.6, but I anticipate it may stabilize or slightly decrease to $2.5 in the next period. Given that I hold 48 shares, selling at a limit of $2.5 allows me to capitalize on the current high price relative to expected dividends, which do not justify holding shares at this level. Additionally, with the redemption value of $14.0 for remaining shares in period 30, this is an optimal time to realize profits and preserve cash for future opportunities."
speculative-v1-s140927,RA+MC+BT+PC+NT+OC,trader-07,PC,16,sell,2,0,2.6,0,,249.59,0,262.07,0,12.48,0.0,262.07,2.6,2.5,2.4,14.0,,"Given that the current market price is $2.6 and I have 2 shares remaining, I will sell both at this price to maximize my cash wealth. My forecasts indicate a slight decline in the next period, and I want to capitalize on the current high price before any potential drop. This aligns with my precommitted schedule to take advantage of higher prices now while exiting the market after this sale."
speculative-v1-s140927,RA+MC+BT+PC+NT+OC,trader-08,MC,16,buy,1,1,2.65,0,,361.51,12,384.39,12,18.08,4.8,552.39,2.6,3.0,4.0,14.0,,"Given the strong upward momentum in the market and my optimistic outlook, I expect prices to remain around 2.6 in this period, with potential increases to 3.0 in the next. I have enough cash available to buy 1 additional share at a limit price of 2.65, slightly below my forecast to enhance the chances of getting filled. This aligns with my strategy of capitalizing on ongoing momentum and maximizing my position before potential future price increases."
speculative-v1-s140927,RA+MC+BT+PC+NT+OC,trader-09,BT,16,buy,4,4,2.5,0,,255.68,0,268.46,0,12.78,0.0,268.46,2.6,2.7,3.0,14.0,,"The market is currently exhibiting strong upward momentum, with the last transaction price at $2.6. I forecast a slight increase to $2.7 in two periods and an anticipated price of $3.0 in five periods, which aligns with my strategy as a bubble timer. By placing a buy limit order at $2.5, I am positioning myself to capitalize on expected price growth. My exit plan is to sell once the price approaches $3.0 or if I sense the trend is slowing, ensuring I lock in profits before any downturn."
speculative-v1-s140927,RA+MC+BT+PC+NT+OC,trader-10,BT,16,sell,1,0,2.7,0,,276.87,0,290.71,0,13.84,0.0,290.71,2.6,2.7,3.0,14.0,,"The current market price is at $2.6, and I anticipate it will rise to around $2.7 in the next two periods due to continued speculative demand. Given that I have 1 share, I will sell at a limit price of $2.7 to capitalize on this upward trend before potential bubble bursts. This aligns with my exit strategy to lock in profits while prices are still rising."
speculative-v1-s140927,RA+MC+BT+PC+NT+OC,trader-11,RA,16,hold,0,0,0.0,0,,240.1,0,252.11,0,12.01,0.0,252.11,2.6,2.6,2.5,14.0,,"The current market price of $2.6 exceeds my estimated fair value of $2.5, indicating that shares are overpriced. My forecasts suggest little to no price increase in the next few periods and a potential stabilization before the terminal redemption value of $14 in period 30. Holding cash allows me to maintain liquidity for future opportunities without risking losses from purchasing overvalued shares."
speculative-v1-s140927,RA+MC+BT+PC+NT+OC,trader-00,MC,17,buy,4,4,2.7,0,,299.35,11,318.72,11,14.97,4.4,472.72,2.7,3.0,3.5,14.0,,"Given the recent upward momentum in prices, I believe that the transaction price is likely to rise to approximately $2.7 based on continued speculative interest. My forecasts indicate a price of $3.0 in two periods and a significant potential redemption value of $14 in ten periods. I have enough cash to buy 4 more shares at this limit price, aligning with my momentum-chasing strategy to capitalize on the rising trend before it potentially escalates further."
speculative-v1-s140927,RA+MC+BT+PC+NT+OC,trader-01,NT,17,buy,2,2,2.8,0,,379.04,17,404.79,17,18.95,6.8,642.79,2.7,2.8,3.0,14.0,,"I'm feeling optimistic about the market's potential for further speculative demand, especially after seeing the recent price movements. My hunch is that traders may be willing to pay around $2.80 in this period, reflecting an increase in enthusiasm. I have enough cash to buy 2 additional shares at this price, which I believe will yield significant returns as we approach the terminal redemption value of $14 in the later periods."
speculative-v1-s140927,RA+MC+BT+PC+NT+OC,trader-02,OC,17,buy,4,4,0.75,0,,301.68,4,318.36,4,15.08,1.6,374.36,2.6,3.0,3.5,14.0,,"I believe the current market price of $2.6 does not reflect the true value of the shares, which I expect to appreciate significantly in the near future. My forecasts indicate a price increase to $3.0 in the next two periods and further to $3.5 in five periods, with the terminal redemption value being $14. By buying 4 additional shares at a limit price of $0.75, I can capitalize on this perceived undervaluation and strengthen my position. My contrarian strategy supports this decision, as I trust that the market will eventually recognize the true value of these shares."
speculative-v1-s140927,RA+MC+BT+PC+NT+OC,trader-03,PC,17,buy,3,3,2.7,0,,247.01,0,259.36,0,12.35,0.0,259.36,2.6,3.0,3.5,14.0,,"Given the recent trend and the anticipated rise in demand, I forecast the transaction price to increase to around $3.0 in the next period. I plan to buy 3 shares at a limit price of $2.7 to enhance my holdings before this expected price increase, aligning with my precommitted schedule of buying shares to maximize my cash wealth over the remaining trading periods."
speculative-v1-s140927,RA+MC+BT+PC+NT+OC,trader-04,NT,17,sell,3,0,2.9,0,,389.26,0,408.72,0,19.46,0.0,408.72,2.8,3.0,3.5,14.0,,"I'm feeling optimistic about the current market conditions, especially after seeing the upward trend in prices. I believe that other traders may be willing to pay slightly more for my remaining shares. Selling 3 shares at a limit of $2.90 allows me to capitalize on the current enthusiasm while still keeping the potential for dividends and the terminal redemption value in mind. This strategy aims to secure profits while remaining engaged in the market."
speculative-v1-s140927,RA+MC+BT+PC+NT+OC,trader-05,OC,17,buy,4,4,2.5,0,,301.68,4,318.36,4,15.08,1.6,374.36,2.5,2.8,3.2,14.0,,"I believe the market has not fully recognized the potential for recovery and higher dividends, especially given the recent upward trends. At a limit price of $2.50, I see this as a prime opportunity to buy 4 more shares before the market fully catches up to my optimistic forecasts. My strategy as an overconfident contrarian leads me to capitalize on perceived undervaluation and maximize my holdings, especially given the terminal redemption amount significantly higher."
speculative-v1-s140927,RA+MC+BT+PC+NT+OC,trader-06,RA,17,sell,48,0,2.5,0,,244.45,0,256.67,0,12.22,0.0,256.67,2.6,2.5,14.0,14.0,,"The current market price is $2.6, which is higher than my forecast of $2.5 for the next period. Holding shares at this price does not justify the potential returns from expected dividends, and the redemption value of $14 in period 30 is significantly higher than the current price. Therefore, I will sell 48 shares at a limit of $2.5 to lock in profits and preserve my cash for future opportunities."
speculative-v1-s140927,RA+MC+BT+PC+NT+OC,trader-07,PC,17,hold,0,0,0.0,0,,262.07,0,275.17,0,13.1,0.0,275.17,2.6,2.5,2.4,14.0,,"Given the current market price of $2.6 and my strategy to exit the market, I will hold my position this period. I don't plan to buy or sell any shares, as I have already executed my precommitted schedule to sell all my shares in the previous periods. Holding now allows me to maximize cash wealth without taking unnecessary risks with potential price declines. As we approach the redemption period, I am positioned to benefit from the final share redemption value of $14."
speculative-v1-s140927,RA+MC+BT+PC+NT+OC,trader-08,MC,17,buy,1,1,2.65,0,,384.39,12,408.41,12,19.22,4.8,576.41,2.6,3.0,4.0,14.0,,"Given the recent upward momentum in prices and my ongoing optimism about speculative interest, I expect the price to remain around 2.6 in this period, with potential increases to 3.0 in the next. With my current cash position, I can afford to buy 1 additional share at a limit price of 2.65, which is slightly below my forecast. This aligns with my strategy of capitalizing on the ongoing momentum and maximizing my position before potential future price increases."
speculative-v1-s140927,RA+MC+BT+PC+NT+OC,trader-09,BT,17,buy,4,4,2.5,0,,268.46,0,281.88,0,13.42,0.0,281.88,2.6,2.7,3.0,14.0,,"The market is currently on an upward trend, with the most recent transaction price at $2.6. I anticipate further price growth to $2.7 in two periods and potentially reaching $3.0 in five periods. By placing a buy order at a limit price of $2.5, I can capitalize on this expected increase while remaining slightly below the current market price. My exit plan remains to sell once the price approaches $3.0 or if I sense the trend is slowing, allowing me to lock in profits before any downturn."
speculative-v1-s140927,RA+MC+BT+PC+NT+OC,trader-10,BT,17,buy,1,1,2.6,0,,290.71,0,305.25,0,14.54,0.0,305.25,2.6,2.7,3.0,14.0,,"The current market price is $2.6, and I anticipate it will rise to around $2.7 in the next two periods due to ongoing speculative demand. Buying 1 share at this price aligns with my strategy as a bubble timer, as I believe I can sell it at a higher price in the near future, potentially locking in profits before the bubble bursts. My exit plan remains focused on capitalizing on the upward trend while being cautious of a potential downturn."
speculative-v1-s140927,RA+MC+BT+PC+NT+OC,trader-11,RA,17,hold,0,0,0.0,0,,252.11,0,264.72,0,12.61,0.0,264.72,2.6,2.6,2.5,14.0,,"The current market price of $2.6 exceeds my estimated fair value of $2.5, indicating that shares remain overpriced. My forecasts suggest little to no price increase in the next two periods, and a potential stabilization before the terminal redemption value of $14 in period 30. Holding cash allows me to maintain liquidity for future opportunities without risking losses from purchasing overvalued shares."
speculative-v1-s140927,RA+MC+BT+PC+NT+OC,trader-00,MC,18,buy,4,4,2.7,0,,318.72,11,345.66,11,15.94,11.0,499.66,2.7,3.0,3.5,14.0,,"Given the recent upward momentum in prices and the last transaction price at $2.6, I believe the market will continue to rise, projecting a transaction price of approximately $2.7. My forecasts suggest prices could reach $3.0 in two periods, and I want to maximize my holdings during this bullish phase. With my current cash position, I can buy 4 more shares at this limit price, aligning with my momentum-chasing strategy."
speculative-v1-s140927,RA+MC+BT+PC+NT+OC,trader-01,NT,18,buy,2,2,2.9,0,,404.79,17,442.03,17,20.24,17.0,680.03,2.8,3.0,3.5,14.0,,"I'm feeling optimistic about the market's potential for further speculative demand. Recent price movements indicate a steady increase, and I believe traders may be willing to pay around $2.90 this period. With my current cash position, I can afford to buy 2 additional shares at this price, which I anticipate will yield significant returns as we approach the terminal redemption value of $14 in the later periods."
speculative-v1-s140927,RA+MC+BT+PC+NT+OC,trader-02,OC,18,buy,4,4,0.75,0,,318.36,4,338.28,4,15.92,4.0,394.28,2.7,3.0,3.5,14.0,,"I believe that the current market price of $2.6 does not reflect the true value of these shares. My optimistic forecast suggests that prices will appreciate to $3.0 in the next two periods and further to $3.5 in five periods, with the terminal redemption value being $14. Given my cash position of $3820.41, I can confidently buy 4 additional shares at a limit price of $0.75, which I see as a significant bargain. This aligns with my contrarian strategy of capitalizing on perceived undervaluation and strengthening my position for potential recovery."
speculative-v1-s140927,RA+MC+BT+PC+NT+OC,trader-03,PC,18,buy,3,3,2.8,0,,259.36,0,272.33,0,12.97,0.0,272.33,3.0,3.5,14.0,14.0,,"Given the recent upward trend in transaction prices and the anticipation of a continued increase, I forecast the price will stabilize around $3.0 in this period and potentially rise to approximately $3.5 in the next. I plan to buy 3 shares at a limit price of $2.8, which allows me to enhance my holdings before the expected price escalation. This aligns with my precommitted schedule of buying shares to maximize my wealth in the remaining trading periods."
speculative-v1-s140927,RA+MC+BT+PC+NT+OC,trader-04,NT,18,sell,3,0,2.9,0,,408.72,0,429.16,0,20.44,0.0,429.16,2.9,3.0,3.5,14.0,,"I'm feeling optimistic about the current market trend, and I believe that other traders might be willing to pay slightly more for my remaining shares. Given the recent price movements and my forecasts, selling 3 shares at a limit of $2.90 allows me to capitalize on the current enthusiasm in the market. This strategy secures some profits while I still have the potential for dividends and the terminal redemption value, especially as we are approaching the end of the trading periods."
speculative-v1-s140927,RA+MC+BT+PC+NT+OC,trader-05,OC,18,buy,4,4,2.5,0,,318.36,4,338.28,4,15.92,4.0,394.28,2.5,2.8,3.0,14.0,,"I believe the market is currently undervaluing the shares at $2.5, especially given the recent upward trends in prices and the potential for recovery in dividends. My optimistic outlook aligns with my strategy as an overconfident contrarian, leading me to capitalize on perceived undervaluation before others catch up. Buying 4 more shares at this limit price allows me to maximize my holdings and take advantage of the expected future price increases."
speculative-v1-s140927,RA+MC+BT+PC+NT+OC,trader-06,RA,18,sell,48,0,2.5,0,,256.67,0,269.5,0,12.83,0.0,269.5,2.5,2.4,2.5,14.0,,"The current market price of $2.5 is above my forecast for the next period and aligns with my strategy to capitalize on high prices. Given that I hold 48 shares, selling at this limit allows me to lock in profits relative to the expected dividends, which do not justify holding shares at this level. Additionally, with the redemption value of $14.0 for remaining shares in period 30, this is an optimal time to realize profits and preserve cash for future opportunities."
speculative-v1-s140927,RA+MC+BT+PC+NT+OC,trader-07,PC,18,hold,0,0,0.0,0,,275.17,0,288.93,0,13.76,0.0,288.93,2.6,2.5,2.4,14.0,,"Given that I have already executed my precommitted trading schedule to sell all my shares in the previous periods, I will hold my position this period. I don't plan to buy or sell any shares, as holding now allows me to maximize cash wealth without taking unnecessary risks with potential price declines. As we approach the redemption period, I am positioned to benefit from the final share redemption value of $14."
speculative-v1-s140927,RA+MC+BT+PC+NT+OC,trader-08,MC,18,buy,1,1,2.65,0,,408.41,12,440.83,12,20.42,12.0,608.83,2.6,3.0,4.0,14.0,,"Given the current upward momentum in the market and my optimistic outlook, I expect prices to stay around 2.6 in this period, potentially rising to 3.0 in the next. I have enough cash available to buy 1 additional share at a limit price of 2.65, which is slightly below my forecast and aligns with my momentum-chasing strategy. This allows me to capitalize on ongoing momentum and maximize my position before potential future price increases."
speculative-v1-s140927,RA+MC+BT+PC+NT+OC,trader-09,BT,18,buy,4,4,2.5,0,,281.88,0,295.97,0,14.09,0.0,295.97,2.6,2.7,3.0,14.0,,"The market is currently experiencing an upward trend with the last transaction price at $2.6. I forecast a slight increase to $2.7 in two periods and anticipate reaching around $3.0 in five periods. Given my strategy as a bubble timer, I see an opportunity to buy 4 shares at a limit price of $2.5, which is slightly below the current market price. This aligns with my exit plan to sell once the price approaches $3.0 or if I sense the trend is slowing, ensuring I lock in profits before any downturn."
speculative-v1-s140927,RA+MC+BT+PC+NT+OC,trader-10,BT,18,sell,1,0,2.7,0,,305.25,0,320.51,0,15.26,0.0,320.51,2.6,2.7,3.0,14.0,,"The current market price is at $2.6, and I anticipate it will rise to around $2.7 in the next two periods due to ongoing speculative demand. Selling 1 share at a limit price of $2.7 allows me to capitalize on this upward trend and lock in profits before potential bubble bursts. This aligns with my exit strategy to secure gains while the price is still rising."
speculative-v1-s140927,RA+MC+BT+PC+NT+OC,trader-11,RA,18,hold,0,0,0.0,0,,264.72,0,277.96,0,13.24,0.0,277.96,2.6,2.6,2.5,14.0,,"The current market price of $2.6 is above my estimated fair value of $2.5, indicating that shares remain overpriced. My forecasts suggest little to no price increase in the next few periods and a potential stabilization before the terminal redemption value of $14 in period 30. Holding cash allows me to maintain liquidity for future opportunities without risking losses from purchasing overvalued shares."
speculative-v1-s140927,RA+MC+BT+PC+NT+OC,trader-00,MC,19,buy,4,4,2.7,0,,345.66,11,373.94,11,17.28,11.0,527.94,2.7,3.0,3.5,14.0,,"Given the recent upward momentum in prices and the last transaction price at $2.6, I believe the market will continue to rise, projecting a transaction price of approximately $2.7. My forecasts suggest prices could reach $3.0 in two periods, and I want to maximize my holdings during this bullish phase. With my current cash position, I can buy 4 more shares at this limit price, aligning with my momentum-chasing strategy."
speculative-v1-s140927,RA+MC+BT+PC+NT+OC,trader-01,NT,19,buy,2,2,3.0,0,,442.03,17,481.13,17,22.1,17.0,719.13,2.9,3.0,3.5,14.0,,"I'm feeling optimistic about the market's potential for speculative demand. Given the recent price stabilization around $2.90 and my belief that traders may be willing to pay around $3.00 this period, I want to capitalize on this potential increase. I can afford to buy 2 additional shares at this price, which I anticipate will yield significant returns as we approach the terminal redemption value of $14 in the later periods."
speculative-v1-s140927,RA+MC+BT+PC+NT+OC,trader-02,OC,19,buy,4,4,0.75,0,,338.28,4,359.19,4,16.91,4.0,415.19,2.7,3.0,3.5,14.0,,"I believe that the current market price of $2.6 does not reflect the true value of these shares. My optimistic forecast suggests that prices will appreciate to $3.0 in the next two periods and further to $3.5 in five periods, with the terminal redemption value being $14. Given my cash position of $4059.44, I can confidently buy 4 additional shares at a limit price of $0.75, which I see as a significant bargain. This aligns with my contrarian strategy of capitalizing on perceived undervaluation and strengthening my position for potential recovery."
speculative-v1-s140927,RA+MC+BT+PC+NT+OC,trader-03,PC,19,sell,3,0,3.0,0,,272.33,0,285.95,0,13.62,0.0,285.95,3.0,3.5,14.0,14.0,,"Given the recent upward trend in transaction prices and consistent demand observed in previous periods, I anticipate that the price will stabilize around $3.0 in this period. As per my precommitted schedule, I plan to sell 3 shares at this limit price to capitalize on the anticipated price increase before potentially facing a downturn. Selling now allows me to take advantage of the appreciation of my shares since I purchased them at lower prices. Additionally, I foresee a significant jump in value as we approach the redemption period, further justifying my decision to sell now."
speculative-v1-s140927,RA+MC+BT+PC+NT+OC,trader-04,NT,19,sell,3,0,2.9,0,,429.16,0,450.62,0,21.46,0.0,450.62,2.9,3.0,3.5,14.0,,"I'm feeling optimistic about the current market trend, especially with the recent price movements. I believe that other traders might still be willing to pay this price for my remaining shares. Selling 3 shares at a limit of $2.90 allows me to secure profits while maintaining a potential for dividends and terminal redemption value. Given that we're nearing the end of trading periods, this seems like a strategic time to sell to capitalize on current enthusiasm."
speculative-v1-s140927,RA+MC+BT+PC+NT+OC,trader-05,OC,19,buy,4,4,2.5,0,,338.28,4,359.19,4,16.91,4.0,415.19,2.5,2.8,3.2,14.0,,"I believe that the market is currently undervaluing the shares at $2.50, especially given the recent upward trends in prices and the potential for recovery in dividends. My optimistic outlook aligns with my strategy as an overconfident contrarian, leading me to capitalize on perceived undervaluation before others catch up. Buying 4 more shares at this limit price allows me to maximize my holdings and take advantage of the expected future price increases."
speculative-v1-s140927,RA+MC+BT+PC+NT+OC,trader-06,RA,19,sell,48,0,2.5,0,,269.5,0,282.98,0,13.48,0.0,282.98,2.5,2.4,2.5,14.0,,"The current market price is $2.5, which is above my expectation for the next period at $2.4. Given that I hold 48 shares, selling at this limit locks in profits and preserves cash for future opportunities. The expected dividends do not justify holding shares at this price, and with the redemption value of $14.0 in period 30, it is prudent to realize gains now."
speculative-v1-s140927,RA+MC+BT+PC+NT+OC,trader-07,PC,19,hold,0,0,0.0,0,,288.93,0,303.38,0,14.45,0.0,303.38,2.6,2.5,2.4,14.0,,"Given that I have already executed my precommitted trading schedule to sell all my shares in the previous periods, I will hold my position this period. I don't plan to buy or sell any shares, as holding now allows me to maximize cash wealth without taking unnecessary risks with potential price declines. As we approach the redemption period, I am positioned to benefit from the final share redemption value of $14."
speculative-v1-s140927,RA+MC+BT+PC+NT+OC,trader-08,MC,19,buy,1,1,2.65,0,,440.83,12,474.87,12,22.04,12.0,642.87,2.6,3.0,4.0,14.0,,"Given the current upward momentum in the market, I expect prices to remain strong, forecasting a price of around 2.6 in this period and potentially rising to 3.0 in the next. I want to capitalize on this momentum by buying 1 additional share at a limit price of 2.65, which is slightly below my forecast. This aligns with my strategy of enhancing my position before potential future price increases, especially as we are nearing the end of the trading periods."
speculative-v1-s140927,RA+MC+BT+PC+NT+OC,trader-09,BT,19,buy,4,4,2.5,0,,295.97,0,310.77,0,14.8,0.0,310.77,2.5,2.7,3.0,14.0,,"The market is currently experiencing a strong upward trend, with the last transaction price at $2.6. I anticipate that the price will rise to around $2.7 in the next period and potentially reach $3.0 in five periods. Given my strategy as a bubble timer, buying 4 shares at a limit price of $2.5 allows me to capitalize on this expected price growth while being mindful of the potential for a downturn. My exit plan remains to sell once the price approaches $3.0 or if I sense the trend is slowing, ensuring I lock in profits before any downturn."
speculative-v1-s140927,RA+MC+BT+PC+NT+OC,trader-10,BT,19,sell,1,0,2.7,0,,320.51,0,336.54,0,16.03,0.0,336.54,2.6,2.7,3.0,14.0,,"The current market price is at $2.6, and I anticipate it will rise to around $2.7 in the next two periods due to ongoing speculative demand. Selling 1 share at a limit price of $2.7 allows me to capitalize on this upward trend and lock in profits before potential bubble bursts. This aligns with my exit strategy to secure gains while the price is still rising."
speculative-v1-s140927,RA+MC+BT+PC+NT+OC,trader-11,RA,19,hold,0,0,0.0,0,,277.96,0,291.86,0,13.9,0.0,291.86,2.6,2.6,2.5,14.0,,"The current market price of $2.6 exceeds my estimated fair value of $2.5, indicating that shares remain overpriced. My forecasts suggest little to no price increase in the next few periods, and potential stabilization before the terminal redemption value of $14 in period 30. Holding cash allows me to maintain liquidity for future opportunities without risking losses from purchasing overvalued shares."
speculative-v1-s140927,RA+MC+BT+PC+NT+OC,trader-00,MC,20,buy,4,4,2.7,0,,373.94,11,397.04,11,18.7,4.4,551.04,2.7,3.0,3.5,14.0,,"Given the recent upward momentum in the market, I expect prices to continue rising, projecting a transaction price of approximately $2.7. My forecasts suggest prices could reach $3.0 in two periods and have significant long-term potential at redemption worth $14. I want to capitalize on this bullish phase by buying 4 more shares at this limit price."
speculative-v1-s140927,RA+MC+BT+PC+NT+OC,trader-01,NT,20,buy,2,2,3.1,0,,481.13,17,511.99,17,24.06,6.8,749.99,3.0,3.5,3.8,14.0,,"I'm feeling optimistic about the market's upward trend, especially since the price appears to be stabilizing around $3.00. Given my hunch, I believe traders might pay around $3.10 this period due to increasing speculative demand. With my current cash position, I can afford to buy 2 additional shares at this price, which I anticipate will yield significant returns as we approach the terminal redemption value of $14 in the later periods."
speculative-v1-s140927,RA+MC+BT+PC+NT+OC,trader-02,OC,20,buy,4,4,0.75,0,,359.19,4,378.75,4,17.96,1.6,434.75,2.6,3.0,3.5,14.0,,"I believe the current market price of $2.6 does not reflect the true value of the shares. My optimistic forecast suggests prices will appreciate to $3.0 in the next two periods and further to $3.5 in five periods, with the terminal redemption value being $14. Given my cash position of $4310.42, I can confidently buy 4 additional shares at a limit price of $0.75, which I see as a significant bargain. This aligns with my contrarian strategy of capitalizing on perceived undervaluation and strengthening my position for potential recovery."
speculative-v1-s140927,RA+MC+BT+PC+NT+OC,trader-03,PC,20,sell,3,0,3.0,0,,285.95,0,300.25,0,14.3,0.0,300.25,3.0,3.5,14.0,14.0,,"Given the steady increase in market prices over the past few periods and my anticipation of a peak around $3.0, I plan to sell 3 shares at this limit price. This aligns with my precommitted schedule of maximizing cash wealth through strategic selling in the upcoming periods. Selling now allows me to capitalize on the appreciation of my shares, as the market may stabilize or face a downturn in the following periods. Furthermore, with redemption approaching, this is a prime opportunity to secure profits before the final periods."
speculative-v1-s140927,RA+MC+BT+PC+NT+OC,trader-04,NT,20,sell,3,0,2.9,0,,450.62,0,473.15,0,22.53,0.0,473.15,2.9,3.0,3.5,14.0,,"I'm feeling optimistic about the current price trend and believe that now is a good time to sell my remaining shares. The market has shown strong demand, and I think other traders might still be willing to pay this price. Selling 3 shares at a limit of $2.90 allows me to secure profits while maintaining the potential for dividends and the terminal redemption value as we approach the end of trading periods."
speculative-v1-s140927,RA+MC+BT+PC+NT+OC,trader-05,OC,20,buy,4,4,2.5,0,,359.19,4,378.75,4,17.96,1.6,434.75,2.5,2.8,3.2,14.0,,"I believe the market is currently undervaluing the shares at $2.50, especially given the recent upward trends in prices and the potential for recovery in dividends. With my optimistic outlook, I see this as a prime opportunity to buy 4 more shares at this limit price, which aligns with my strategy as an overconfident contrarian. This purchase allows me to maximize my holdings before the market recognizes the true value of the shares."
speculative-v1-s140927,RA+MC+BT+PC+NT+OC,trader-06,RA,20,sell,48,0,2.5,0,,282.98,0,297.13,0,14.15,0.0,297.13,2.5,2.4,2.5,14.0,,"The current market price is $2.5, and I anticipate that it may stabilize or slightly decrease to $2.4 in the next period. Given that I hold 48 shares, selling at this limit allows me to capitalize on the high price relative to expected dividends, which do not justify holding shares at this level. The expected redemption value of $14.0 in period 30 further supports my decision to sell now and lock in profits while preserving cash for future opportunities."
speculative-v1-s140927,RA+MC+BT+PC+NT+OC,trader-07,PC,20,hold,0,0,0.0,0,,303.38,0,318.55,0,15.17,0.0,318.55,2.6,2.5,2.4,14.0,,"Given that I have already executed my precommitted trading schedule to sell all my shares in the previous periods, I will hold my position this period. I don't plan to buy or sell any shares, as holding now allows me to maximize cash wealth without taking unnecessary risks with potential price declines. As we approach the redemption period, I am positioned to benefit from the final share redemption value of $14."
speculative-v1-s140927,RA+MC+BT+PC+NT+OC,trader-08,MC,20,buy,1,1,2.65,0,,474.87,12,503.41,12,23.74,4.8,671.41,2.65,3.0,4.0,14.0,,"Given the recent upward momentum in prices and my ongoing optimism, I expect prices to remain strong at around 2.65 in this period, with potential increases to 3.0 in the next period. I want to capitalize on this momentum by purchasing 1 additional share at a limit price of 2.65, which aligns with my strategy of enhancing my position before potential future price increases, especially as we are nearing the end of the trading periods."
speculative-v1-s140927,RA+MC+BT+PC+NT+OC,trader-09,BT,20,buy,4,4,2.5,0,,310.77,0,326.31,0,15.54,0.0,326.31,2.5,2.7,3.0,14.0,,"The market is currently on a strong upward trend, with the last transaction price at $2.6. I anticipate further price growth to $2.7 in two periods and potentially reaching $3.0 in five periods. By placing a buy order at a limit price of $2.5, I can capitalize on this expected increase while remaining slightly below the current market price. My exit plan remains to sell once the price approaches $3.0 or if I sense the trend is slowing, allowing me to lock in profits before any downturn."
speculative-v1-s140927,RA+MC+BT+PC+NT+OC,trader-10,BT,20,sell,1,0,2.7,0,,336.54,0,353.37,0,16.83,0.0,353.37,2.7,3.0,3.5,14.0,,"Given the current market price of $2.6, I am forecasting it to rise to around $2.7 in the next two periods due to ongoing speculative demand. With only one share left, selling at a limit price of $2.7 allows me to capitalize on this upward trend and lock in profits before potential bubble bursts. This aligns with my exit strategy to secure gains while the price is still rising."
speculative-v1-s140927,RA+MC+BT+PC+NT+OC,trader-11,RA,20,hold,0,0,0.0,0,,291.86,0,306.45,0,14.59,0.0,306.45,2.6,2.6,2.5,14.0,,"The current market price of $2.6 exceeds my estimated fair value of $2.5, indicating that shares remain overpriced. My forecasts suggest little to no price increase in the next two periods, and potential stabilization before the terminal redemption value of $14 in period 30. Holding cash allows me to maintain liquidity for future opportunities without risking losses from purchasing overvalued shares."
speculative-v1-s140927,RA+MC+BT+PC+NT+OC,trader-00,MC,21,buy,4,4,2.7,0,,397.04,11,427.89,11,19.85,11.0,581.89,2.7,3.0,3.5,14.0,,"Given the recent upward momentum in prices and the last transaction price at $2.6, I believe the market will continue to rise, projecting a transaction price of approximately $2.7. My forecasts suggest prices could reach $3.0 in two periods and have significant long-term potential at redemption worth $14. I want to capitalize on this bullish phase by buying 4 more shares at this limit price."
speculative-v1-s140927,RA+MC+BT+PC+NT+OC,trader-01,NT,21,buy,2,2,3.2,0,,511.99,17,554.59,17,25.6,17.0,792.59,3.1,3.5,3.8,14.0,,"I'm feeling optimistic about the market's potential for further speculative demand, especially as we approach the final periods. Given the recent price movements and my hunch that traders might be willing to pay around $3.20 this period, I want to capitalize on this opportunity to buy 2 more shares. With the terminal redemption value of $14, I believe holding more shares now will maximize my returns in the later periods."
speculative-v1-s140927,RA+MC+BT+PC+NT+OC,trader-02,OC,21,buy,4,4,0.75,0,,378.75,4,401.69,4,18.94,4.0,457.69,2.6,3.0,3.5,14.0,,"I believe the current market price of $2.6 is undervalued and does not reflect the true potential of these shares. My optimistic forecast suggests that prices will rise to $3.0 in the next two periods and further to $3.5 in five periods. I can buy 4 additional shares at a limit price of $0.75, which I view as a significant bargain. This aligns with my contrarian strategy of capitalizing on perceived undervaluation, and I trust that the market will eventually recognize the true value of these shares, especially with the terminal redemption value of $14."
speculative-v1-s140927,RA+MC+BT+PC+NT+OC,trader-03,PC,21,sell,3,0,3.0,0,,300.25,0,315.26,0,15.01,0.0,315.26,3.0,3.5,14.0,14.0,,"Given the recent upward trend in transaction prices, I anticipate that the price will stabilize around $3.0 in this period. As per my precommitted schedule, I plan to sell 3 shares at this limit price to capitalize on the anticipated price increase before potentially facing a downturn. Selling now allows me to take advantage of the appreciation of my shares since I purchased them at lower prices. Additionally, as we approach the redemption period, this is a prime opportunity to secure profits before the final periods."
speculative-v1-s140927,RA+MC+BT+PC+NT+OC,trader-04,NT,21,sell,3,0,2.9,0,,473.15,0,496.81,0,23.66,0.0,496.81,2.9,3.0,3.5,14.0,,"I'm feeling optimistic about the market conditions and believe that the current price of $2.9 reflects the enthusiasm of other traders. Since I have 3 shares left, selling them at this price allows me to capitalize on the current trend while still benefiting from potential dividends. As we approach the end of trading periods, this seems like a strategic time to secure profits and take advantage of the upbeat market sentiment."
speculative-v1-s140927,RA+MC+BT+PC+NT+OC,trader-05,OC,21,buy,4,4,2.5,0,,378.75,4,401.69,4,18.94,4.0,457.69,2.5,2.8,3.2,14.0,,"I believe the current market price of $2.50 does not reflect the true potential for recovery and higher dividends, especially with the recent upward trends in prices. Given my optimistic outlook and confidence as an overconfident contrarian, I see this as an opportunity to buy 4 more shares at this limit price. This aligns with my strategy of maximizing holdings before the market recognizes the value of the shares."
speculative-v1-s140927,RA+MC+BT+PC+NT+OC,trader-06,RA,21,sell,48,0,2.5,0,,297.13,0,311.99,0,14.86,0.0,311.99,2.5,2.4,2.5,14.0,,"The current market price of $2.5 is at my expected level for this period. Given that I hold 48 shares and the expected dividends do not justify holding shares at this price, I will sell at a limit of $2.5 to lock in profits. Additionally, with the redemption value of $14.0 for remaining shares in period 30, this is a prudent decision to realize gains now and preserve cash for future opportunities."
speculative-v1-s140927,RA+MC+BT+PC+NT+OC,trader-07,PC,21,hold,0,0,0.0,0,,318.55,0,334.48,0,15.93,0.0,334.48,2.6,2.5,2.4,14.0,,"Given that I have already executed my precommitted trading schedule to sell all my shares in the previous periods, I will hold my position this period. I don't plan to buy or sell any shares, as holding now allows me to maximize cash wealth without taking unnecessary risks with potential price declines. As we approach the redemption period, I am positioned to benefit from the final share redemption value of $14."
speculative-v1-s140927,RA+MC+BT+PC+NT+OC,trader-08,MC,21,buy,1,1,2.65,0,,503.41,12,540.58,12,25.17,12.0,708.58,2.65,3.0,4.0,14.0,,"Given the recent upward momentum in prices, I anticipate that the market will continue to rise, forecasting a price of around 2.65 in this period, with potential increases to 3.0 in the next. I have enough cash available to buy 1 additional share at a limit price of 2.65, which aligns with my strategy of capitalizing on ongoing momentum before the end of the trading periods. This strategy helps me to maximize my position and potential future profits."
speculative-v1-s140927,RA+MC+BT+PC+NT+OC,trader-09,BT,21,buy,4,4,2.5,0,,326.31,0,342.63,0,16.32,0.0,342.63,2.6,2.7,3.0,14.0,,"The market is currently trending upward, with the last transaction price at $2.6. I anticipate further price growth to $2.7 in two periods and potentially reaching $3.0 in five periods. By placing a buy order at a limit price of $2.5, I can capitalize on this expected increase while remaining slightly below the current market price. My exit plan is to sell once the price approaches $3.0 or if I sense the trend slowing, allowing me to lock in profits before any downturn."
speculative-v1-s140927,RA+MC+BT+PC+NT+OC,trader-10,BT,21,sell,1,0,2.7,0,,353.37,0,371.04,0,17.67,0.0,371.04,2.6,2.7,3.0,14.0,,"The current market price is at $2.6, and I anticipate it will rise to around $2.7 in the next two periods due to ongoing speculative demand. Selling 1 share at a limit price of $2.7 allows me to capitalize on this upward trend and lock in profits before potential bubble bursts. This aligns with my exit strategy to secure gains while the price is still rising."
speculative-v1-s140927,RA+MC+BT+PC+NT+OC,trader-11,RA,21,hold,0,0,0.0,0,,306.45,0,321.77,0,15.32,0.0,321.77,2.6,2.6,2.5,14.0,,"The current market price of $2.6 exceeds my estimated fair value of $2.5, indicating that shares are overpriced. My forecasts suggest little to no price increase in the next few periods, as well as potential stabilization before the terminal redemption value of $14 in period 30. Holding cash allows me to maintain liquidity for future opportunities without risking losses from purchasing overvalued shares."
speculative-v1-s140927,RA+MC+BT+PC+NT+OC,trader-00,MC,22,buy,4,4,2.7,0,,427.89,11,453.68,11,21.39,4.4,607.68,2.7,3.0,3.5,14.0,,"Given the recent upward momentum in prices and the expectation that the market will continue to rise, I forecast a transaction price of approximately $2.7. With my cash position, I can buy 4 more shares at this limit price, which aligns with my momentum-chasing strategy to capitalize on the bullish trend before it escalates further. The long-term potential at redemption adds further justification for increasing my holdings."
speculative-v1-s140927,RA+MC+BT+PC+NT+OC,trader-01,NT,22,buy,2,2,3.3,0,,554.59,17,589.12,17,27.73,6.8,827.12,3.2,3.5,3.8,14.0,,"I'm feeling optimistic about the market's potential for further speculative demand, especially as we approach the final periods. Given the recent price movements, I believe traders might be willing to pay around $3.30 this period. I want to capitalize on this opportunity to buy 2 more shares, as holding more shares now will maximize my returns in the later periods, particularly considering the terminal redemption value of $14."
speculative-v1-s140927,RA+MC+BT+PC+NT+OC,trader-02,OC,22,buy,4,4,0.75,0,,401.69,4,423.37,4,20.08,1.6,479.37,2.6,3.0,3.5,14.0,,"I believe the current market price of $2.6 does not reflect the true potential of these shares, and I expect the price to rise significantly in the next few periods. My forecasts indicate an increase to $3.0 in the next two periods and further to $3.5 in five periods, with a terminal redemption value of $14. At a limit price of $0.75, I see an opportunity to acquire 4 additional shares, which I view as a significant bargain. This aligns perfectly with my contrarian strategy of capitalizing on perceived undervaluation, and I am confident that the market will eventually recognize the true value of these shares."
speculative-v1-s140927,RA+MC+BT+PC+NT+OC,trader-03,PC,22,sell,3,0,3.0,0,,315.26,0,331.02,0,15.76,0.0,331.02,3.0,3.5,14.0,14.0,,"Given the consistent upward trend in transaction prices and the approaching redemption period, I anticipate that the price will stabilize around $3.0 in this period. As per my precommitted schedule to maximize cash wealth, I plan to sell 3 shares at this limit price to capitalize on the anticipated price increase before potentially facing a downturn. Selling now allows me to take advantage of the appreciation of my shares since I purchased them at lower prices, and with only 9 trading periods remaining, it's prudent to secure profits."
speculative-v1-s140927,RA+MC+BT+PC+NT+OC,trader-04,NT,22,sell,3,0,2.9,0,,496.81,0,521.65,0,24.84,0.0,521.65,2.9,3.0,3.5,14.0,,"I'm feeling optimistic about the current market trend, and I believe that the price of $2.9 reflects strong demand from other traders. Since I have 3 shares left, selling them at this price allows me to capitalize on the current enthusiasm while still benefiting from potential dividends. As we approach the end of trading periods, this seems like a strategic time to secure profits and take advantage of the upbeat market sentiment."
speculative-v1-s140927,RA+MC+BT+PC+NT+OC,trader-05,OC,22,buy,4,4,2.5,0,,401.69,4,423.37,4,20.08,1.6,479.37,2.5,2.8,3.2,14.0,,"I believe the market is currently undervaluing the shares at $2.50, especially given the recent upward trends in prices and the potential for recovery in dividends. My optimistic outlook aligns with my strategy as an overconfident contrarian, leading me to capitalize on perceived undervaluation before others catch up. Buying 4 more shares at this limit price allows me to maximize my holdings and take advantage of the expected future price increases."
speculative-v1-s140927,RA+MC+BT+PC+NT+OC,trader-06,RA,22,sell,48,0,2.5,0,,311.99,0,327.59,0,15.6,0.0,327.59,2.5,2.4,2.5,14.0,,"The current market price is $2.5, which aligns with my forecast for this period. Given that I hold 48 shares, selling at this limit allows me to lock in profits as the expected dividends do not justify holding shares at this price. Additionally, with the redemption value of $14.0 in period 30, selling now is a prudent decision to realize gains and preserve cash for future opportunities."
speculative-v1-s140927,RA+MC+BT+PC+NT+OC,trader-07,PC,22,hold,0,0,0.0,0,,334.48,0,351.2,0,16.72,0.0,351.2,2.6,2.5,2.4,14.0,,"Given that I have already executed my precommitted trading schedule to sell all my shares in the previous periods, I will hold my position this period. I don't plan to buy or sell any shares, as holding now allows me to maximize cash wealth without taking unnecessary risks with potential price declines. As we approach the redemption period, I am positioned to benefit from the final share redemption value of $14."
speculative-v1-s140927,RA+MC+BT+PC+NT+OC,trader-08,MC,22,buy,1,1,2.65,0,,540.58,12,572.41,12,27.03,4.8,740.41,2.65,3.0,4.0,14.0,,"Given the recent upward momentum in prices and my ongoing optimism about speculative interest, I expect prices to remain strong at around 2.65 in this period, with potential increases to 3.0 in the next period. I have enough cash available to buy 1 additional share at a limit price of 2.65, which aligns with my strategy of capitalizing on ongoing momentum before the end of the trading periods. This strategy helps me to maximize my position and potential future profits."
speculative-v1-s140927,RA+MC+BT+PC+NT+OC,trader-09,BT,22,buy,4,4,2.5,0,,342.63,0,359.76,0,17.13,0.0,359.76,2.5,2.7,3.0,14.0,,"The market is currently experiencing an upward trend with the last transaction price at $2.6. I anticipate further price growth to $2.7 in two periods and potentially reaching around $3.0 in five periods. Buying 4 shares at a limit price of $2.5 allows me to capitalize on this expected increase while remaining slightly below the current market price. My exit plan is to sell once the price approaches $3.0 or if I sense the trend slowing, ensuring I lock in profits before any downturn."
speculative-v1-s140927,RA+MC+BT+PC+NT+OC,trader-10,BT,22,sell,1,0,2.7,0,,371.04,0,389.59,0,18.55,0.0,389.59,2.7,3.0,3.5,14.0,,"The current market price is at $2.6, and I anticipate it will rise to around $2.7 in the next two periods due to ongoing speculative demand. Selling 1 share at a limit price of $2.7 allows me to capitalize on this upward trend and lock in profits before potential bubble bursts. This aligns with my exit strategy to secure gains while the price is still rising."
speculative-v1-s140927,RA+MC+BT+PC+NT+OC,trader-11,RA,22,hold,0,0,0.0,0,,321.77,0,337.86,0,16.09,0.0,337.86,2.6,2.6,2.5,14.0,,"The current market price of $2.6 exceeds my estimated fair value of $2.5, indicating shares are overpriced. My forecasts suggest limited price growth in the next few periods. Holding cash allows me to maintain liquidity for future opportunities, especially with the terminal redemption value of $14 in period 30. Therefore, it is prudent to hold and avoid purchasing at inflated prices."
speculative-v1-s140927,RA+MC+BT+PC+NT+OC,trader-00,MC,23,buy,4,4,2.7,0,,453.68,11,487.36,11,22.68,11.0,641.36,2.7,3.0,3.5,14.0,,"Given the recent upward momentum in prices and the last transaction price at $2.6, I believe the market will continue to rise, projecting a transaction price of approximately $2.7. My forecasts suggest prices could reach $3.0 in two periods and have significant long-term potential at redemption worth $14. I want to capitalize on this bullish phase by buying 4 more shares at this limit price, aligning with my momentum-chasing strategy."
speculative-v1-s140927,RA+MC+BT+PC+NT+OC,trader-01,NT,23,buy,2,2,3.4,0,,589.12,17,635.58,17,29.46,17.0,873.58,3.3,3.5,3.8,14.0,,"I'm feeling optimistic about the market as we approach the final periods, and I believe that speculative demand will continue to push prices higher. My hunch is that traders may be willing to pay around $3.40 this period. With my current cash position, I can afford to buy 2 additional shares at this price, which I anticipate will yield significant returns as we approach the terminal redemption value of $14 in the later periods."
speculative-v1-s140927,RA+MC+BT+PC+NT+OC,trader-02,OC,23,buy,4,4,0.75,0,,423.37,4,448.54,4,21.17,4.0,504.54,2.6,3.0,3.5,14.0,,"I believe the current market price of $2.6 does not reflect the true value of these shares, which I expect to appreciate significantly. My forecasts indicate an increase to $3.0 in the next two periods and further to $3.5 in five periods, with a terminal redemption value of $14. At a limit price of $0.75, I see an opportunity to acquire 4 additional shares, which I view as a significant bargain. This aligns perfectly with my contrarian strategy of capitalizing on perceived undervaluation, and I am confident that the market will eventually recognize the true value of these shares."
speculative-v1-s140927,RA+MC+BT+PC+NT+OC,trader-03,PC,23,sell,3,0,3.0,0,,331.02,0,347.57,0,16.55,0.0,347.57,3.0,3.5,14.0,14.0,,"Given my previous forecasts and the consistent upward trend in transaction prices, I anticipate that the price will stabilize around $3.0 in this period. As per my precommitted schedule to maximize cash wealth, I plan to sell 3 shares at this limit price to capitalize on the anticipated price increase before potentially facing a downturn. Selling now allows me to take advantage of the appreciation of my shares, and as we approach the redemption period, this is a prime opportunity to secure profits."
speculative-v1-s140927,RA+MC+BT+PC+NT+OC,trader-04,NT,23,sell,3,0,2.9,0,,521.65,0,547.73,0,26.08,0.0,547.73,2.9,3.0,3.5,14.0,,"I'm feeling optimistic about the current market conditions and believe that the price of $2.9 reflects strong demand from other traders. Since I have 3 shares left, selling them at this price allows me to capitalize on the current enthusiasm while still benefiting from potential dividends. As we approach the end of trading periods, this seems like a strategic time to secure profits and take advantage of the upbeat market sentiment."
speculative-v1-s140927,RA+MC+BT+PC+NT+OC,trader-05,OC,23,buy,4,4,2.5,0,,423.37,4,448.54,4,21.17,4.0,504.54,2.5,2.8,3.2,14.0,,"I believe the current market price of $2.50 does not fully reflect the potential for recovery and higher dividends, especially with the recent upward trends. Given my optimistic outlook and the expected price increases, I see a prime opportunity to buy 4 more shares at this limit price. This aligns with my strategy as an overconfident contrarian, allowing me to capitalize on perceived undervaluation before others catch up."
speculative-v1-s140927,RA+MC+BT+PC+NT+OC,trader-06,RA,23,sell,48,0,2.5,0,,327.59,0,343.97,0,16.38,0.0,343.97,2.5,2.4,2.5,14.0,,"The current market price is $2.5, which matches my forecast for this period. Given that I hold 48 shares, selling at this limit allows me to capitalize on high prices relative to expected dividends, which do not justify holding shares at this level. Additionally, with the redemption value of $14.0 in period 30, it is prudent to realize my gains now and preserve cash for future opportunities."
speculative-v1-s140927,RA+MC+BT+PC+NT+OC,trader-07,PC,23,hold,0,0,0.0,0,,351.2,0,368.76,0,17.56,0.0,368.76,2.6,2.5,2.4,14.0,,"I have already executed my precommitted trading schedule and sold all my shares in previous periods. Holding now allows me to maximize cash wealth without taking unnecessary risks with potential price declines. As we approach the redemption period, I am positioned to benefit from the final share redemption value of $14, which will significantly increase my cash wealth."
speculative-v1-s140927,RA+MC+BT+PC+NT+OC,trader-08,MC,23,buy,1,1,2.65,0,,572.41,12,613.03,12,28.62,12.0,781.03,2.65,3.0,4.0,14.0,,"Given the recent upward momentum in prices and my ongoing optimism about speculative interest, I expect prices to remain strong at around 2.65 in this period, with potential increases to 3.0 in the next. I want to capitalize on this momentum by purchasing 1 additional share at a limit price of 2.65, which aligns with my strategy of enhancing my position before the end of the trading periods. This strategy helps me maximize my potential future profits."
speculative-v1-s140927,RA+MC+BT+PC+NT+OC,trader-09,BT,23,buy,4,4,2.5,0,,359.76,0,377.75,0,17.99,0.0,377.75,2.5,2.7,3.0,14.0,,"The market is currently experiencing an upward trend, with the last transaction price at $2.6. I forecast a slight increase to $2.7 in two periods and anticipate reaching around $3.0 in five periods. Buying 4 shares at a limit price of $2.5 allows me to capitalize on this expected increase while remaining slightly below the current market price. My exit plan remains to sell once the price approaches $3.0 or if I sense the trend is slowing, ensuring I lock in profits before any downturn."
speculative-v1-s140927,RA+MC+BT+PC+NT+OC,trader-10,BT,23,sell,1,0,2.7,0,,389.59,0,409.07,0,19.48,0.0,409.07,2.6,2.7,3.0,14.0,,"The current market price is at $2.6, and I anticipate it will rise to around $2.7 in the next two periods due to ongoing speculative demand. Selling 1 share at a limit price of $2.7 allows me to capitalize on this upward trend and lock in profits before potential bubble bursts. This aligns with my exit strategy to secure gains while the price is still rising."
speculative-v1-s140927,RA+MC+BT+PC+NT+OC,trader-11,RA,23,hold,0,0,0.0,0,,337.86,0,354.75,0,16.89,0.0,354.75,2.6,2.6,2.5,14.0,,"The current market price of $2.6 exceeds my estimated fair value of $2.5, indicating that shares are still overpriced. My forecasts suggest little to no price increase in the next few periods, and a potential stabilization before the terminal redemption value of $14 in period 30. Holding cash allows me to maintain liquidity for future opportunities without risking losses from purchasing overvalued shares."
speculative-v1-s140927,RA+MC+BT+PC+NT+OC,trader-00,MC,24,buy,4,4,2.7,0,,487.36,11,516.13,11,24.37,4.4,670.13,2.7,3.0,3.5,14.0,,"Given the recent upward momentum in prices and the last transaction price at $2.6, I believe the market will continue to rise, projecting a transaction price of approximately $2.7. My forecasts suggest prices could reach $3.0 in two periods and have significant long-term potential at redemption worth $14. I want to capitalize on this bullish phase by buying 4 more shares at this limit price, which aligns with my momentum-chasing strategy to maximize my holdings before any potential price rally."
speculative-v1-s140927,RA+MC+BT+PC+NT+OC,trader-01,NT,24,buy,2,2,3.5,0,,635.58,17,674.16,17,31.78,6.8,912.16,3.4,3.5,3.8,14.0,,"I'm feeling optimistic about the market's potential for further speculative demand, especially as we approach the final periods. Given the recent price movements, I believe traders might be willing to pay around $3.50 this period. With my current cash position, I can afford to buy 2 additional shares at this price. Holding more shares now will maximize my returns in the later periods, particularly considering the terminal redemption value of $14."
speculative-v1-s140927,RA+MC+BT+PC+NT+OC,trader-02,OC,24,buy,4,4,0.75,0,,448.54,4,472.57,4,22.43,1.6,528.57,2.6,3.0,3.5,14.0,,"I believe the current market price of $2.6 does not reflect the true value of the shares, which I expect to appreciate significantly in the near future. My optimistic forecast suggests prices will rise to $3.0 in the next two periods and further to $3.5 in five periods, with a terminal redemption value of $14. At a limit price of $0.75, I see an opportunity to acquire 4 additional shares, which I view as a significant bargain. This aligns perfectly with my contrarian strategy of capitalizing on perceived undervaluation, and I trust that the market will eventually recognize the true value of these shares."
speculative-v1-s140927,RA+MC+BT+PC+NT+OC,trader-03,PC,24,sell,3,0,3.0,0,,347.57,0,364.95,0,17.38,0.0,364.95,3.0,3.5,14.0,14.0,,"Given the consistent upward trend in transaction prices and my anticipation of prices stabilizing around $3.0 in this period, I plan to sell 3 shares at this limit price. This aligns with my precommitted schedule to maximize cash wealth through strategic selling in the upcoming periods. Selling now allows me to capitalize on the appreciation of my shares. Furthermore, with only a few trading periods remaining, it's prudent to secure profits before the final periods."
speculative-v1-s140927,RA+MC+BT+PC+NT+OC,trader-04,NT,24,sell,3,0,2.9,0,,547.73,0,575.12,0,27.39,0.0,575.12,2.9,3.0,3.5,14.0,,"I'm feeling optimistic about the current market conditions and believe that the price of $2.9 reflects strong demand from other traders. Selling my remaining 3 shares at this price allows me to capitalize on the current enthusiasm while still benefiting from potential dividends. As we approach the end of trading periods, this seems like a strategic time to secure profits and take advantage of the upbeat market sentiment."
speculative-v1-s140927,RA+MC+BT+PC+NT+OC,trader-05,OC,24,buy,4,4,2.5,0,,448.54,4,472.57,4,22.43,1.6,528.57,2.5,2.8,3.2,14.0,,"I believe the current market price of $2.50 does not reflect the true potential for recovery and higher dividends, especially with the recent upward trends. Given my optimistic outlook and the expected price increases, I see a prime opportunity to buy 4 more shares at this limit price. This aligns with my strategy as an overconfident contrarian, allowing me to capitalize on perceived undervaluation before others catch up."
speculative-v1-s140927,RA+MC+BT+PC+NT+OC,trader-06,RA,24,sell,48,0,2.5,0,,343.97,0,361.17,0,17.2,0.0,361.17,2.5,2.4,2.5,14.0,,"The current market price of $2.5 matches my expectation for this period and is significantly above my anticipated dividend yield. Given that I hold 48 shares, selling at this limit allows me to lock in profits while preserving cash for future opportunities. The expected dividends do not justify holding shares at this price, and with the redemption value of $14.0 in period 30, it is prudent to realize my gains now."
speculative-v1-s140927,RA+MC+BT+PC+NT+OC,trader-07,PC,24,hold,0,0,0.0,0,,368.76,0,387.2,0,18.44,0.0,387.2,2.6,2.5,2.4,14.0,,"Given that I have already executed my precommitted trading schedule to sell all my shares in previous periods, I will hold my position this period. Holding now allows me to maximize cash wealth without taking unnecessary risks with potential price declines. As we approach the redemption period, I am positioned to benefit from the final share redemption value of $14, which will significantly increase my cash wealth."
speculative-v1-s140927,RA+MC+BT+PC+NT+OC,trader-08,MC,24,buy,1,1,2.65,0,,613.03,12,648.48,12,30.65,4.8,816.48,2.65,3.0,4.0,14.0,,"Given the ongoing upward momentum in prices and my optimistic outlook, I believe the price will remain around 2.65 in this period, with potential increases to 3.0 in the next period. With sufficient cash available, I am placing a buy order for 1 additional share at a limit price of 2.65, aligning with my strategy of capitalizing on momentum before the end of the trading periods. This decision enhances my position while aiming for potential future profits."
speculative-v1-s140927,RA+MC+BT+PC+NT+OC,trader-09,BT,24,buy,4,4,2.5,0,,377.75,0,396.64,0,18.89,0.0,396.64,2.5,2.7,3.0,14.0,,"The market is currently on an upward trend, with the last transaction price at $2.6. I anticipate further price growth to $2.7 in two periods and potentially reaching around $3.0 in five periods. Buying 4 shares at a limit price of $2.5 allows me to capitalize on this expected increase while remaining slightly below the current market price. My exit plan remains to sell once the price approaches $3.0 or if I sense the trend slowing, ensuring I lock in profits before any downturn."
speculative-v1-s140927,RA+MC+BT+PC+NT+OC,trader-10,BT,24,sell,1,0,2.7,0,,409.07,0,429.52,0,20.45,0.0,429.52,2.7,3.0,3.5,14.0,,"I anticipate the price will reach around $2.7 in the next trading periods due to ongoing speculative demand. Selling now at a limit price of $2.7 allows me to capitalize on the current upward trend and lock in profits before any potential downturn. This aligns with my strategy as a bubble timer, focusing on securing gains while the price is still rising."
speculative-v1-s140927,RA+MC+BT+PC+NT+OC,trader-11,RA,24,hold,0,0,0.0,0,,354.75,0,372.49,0,17.74,0.0,372.49,2.6,2.6,2.5,14.0,,"The current market price of $2.6 exceeds my estimated fair value of $2.5, indicating that shares are overpriced. Given my forecasts suggest limited price growth in the next few periods and a potential stabilization before the terminal redemption value of $14 in period 30, it is prudent to hold off on purchasing assets at inflated prices. Holding cash allows me to maintain liquidity for future opportunities without risking losses from purchasing overvalued shares."
speculative-v1-s140927,RA+MC+BT+PC+NT+OC,trader-00,MC,25,buy,4,4,2.7,0,,516.13,11,546.34,11,25.81,4.4,700.34,2.7,3.0,3.5,14.0,,"Given the recent upward momentum in prices and the last transaction price at $2.6, I believe the market will continue to rise, projecting a transaction price of approximately $2.7. My forecasts suggest prices could reach $3.0 in two periods and have significant long-term potential at redemption worth $14. I want to capitalize on this bullish phase by buying 4 more shares at this limit price, which aligns with my momentum-chasing strategy to maximize my holdings before any potential price rally."
speculative-v1-s140927,RA+MC+BT+PC+NT+OC,trader-01,NT,25,buy,2,2,3.5,0,,674.16,17,714.67,17,33.71,6.8,952.67,3.5,3.8,4.0,14.0,,"I'm feeling optimistic about the market's potential for further speculative demand, especially as we approach the final periods. Given the recent price movements, I believe traders might be willing to pay around $3.50 this period. I want to capitalize on this opportunity to buy 2 more shares, as holding more shares now will maximize my returns in the later periods, particularly considering the terminal redemption value of $14."
speculative-v1-s140927,RA+MC+BT+PC+NT+OC,trader-02,OC,25,buy,4,4,0.75,0,,472.57,4,497.8,4,23.63,1.6,553.8,2.7,3.0,3.5,14.0,,"I believe the current market price does not reflect the true potential value of these shares, which I expect to appreciate significantly. Given my cash position, I can confidently buy 4 additional shares at a limit price of $0.75, which I see as a significant bargain. This aligns perfectly with my contrarian strategy of capitalizing on perceived undervaluation, and I trust that the market will eventually recognize the true value of these shares, especially with the terminal redemption value being $14."
speculative-v1-s140927,RA+MC+BT+PC+NT+OC,trader-03,PC,25,sell,3,0,3.0,0,,364.95,0,383.2,0,18.25,0.0,383.2,3.0,3.5,14.0,14.0,,"Given the recent upward trend in transaction prices and consistent demand, I anticipate that the price will stabilize around $3.0 in this period. Following my precommitted schedule to maximize cash wealth, I plan to sell 3 shares at this limit price to capitalize on the anticipated price increase before potentially facing a downturn. Selling now allows me to take advantage of the appreciation of my shares, especially as we approach the redemption period with only a few trading periods remaining."
speculative-v1-s140927,RA+MC+BT+PC+NT+OC,trader-04,NT,25,sell,3,0,2.9,0,,575.12,0,603.88,0,28.76,0.0,603.88,2.9,3.0,3.5,14.0,,"I'm feeling optimistic about the current market conditions and believe that the price of $2.9 reflects strong demand from other traders. Selling my remaining 3 shares at this price allows me to capitalize on the current enthusiasm while still benefiting from potential dividends. As we approach the end of trading periods, this seems like a strategic time to secure profits and take advantage of the upbeat market sentiment."
speculative-v1-s140927,RA+MC+BT+PC+NT+OC,trader-05,OC,25,buy,4,4,2.5,0,,472.57,4,497.8,4,23.63,1.6,553.8,2.5,2.8,3.2,14.0,,"I believe the current market price of $2.50 does not reflect the true potential for recovery and higher dividends, especially with the recent upward trends. Given my optimistic outlook and confidence as an overconfident contrarian, I see this as an opportunity to buy 4 more shares at this limit price. This aligns with my strategy of maximizing holdings before the market recognizes the value of the shares."
speculative-v1-s140927,RA+MC+BT+PC+NT+OC,trader-06,RA,25,sell,48,0,2.5,0,,361.17,0,379.23,0,18.06,0.0,379.23,2.5,2.4,2.5,14.0,,"The current market price of $2.5 matches my forecast for this period. Given that I hold 48 shares and the expected dividends do not justify holding shares at this price, selling at this limit allows me to lock in profits. Additionally, with the redemption value of $14.0 in period 30, it is prudent to realize my gains now and preserve cash for future opportunities."
speculative-v1-s140927,RA+MC+BT+PC+NT+OC,trader-07,PC,25,hold,0,0,0.0,0,,387.2,0,406.56,0,19.36,0.0,406.56,2.6,2.5,2.4,14.0,,"Having executed my precommitted schedule to sell all my shares in previous periods, I will hold my position this period. Holding allows me to maximize cash wealth without taking unnecessary risks with potential price declines as we approach the redemption period. My cash is positioned to benefit from the final share redemption value of $14, significantly increasing my cash wealth."
speculative-v1-s140927,RA+MC+BT+PC+NT+OC,trader-08,MC,25,buy,1,1,2.65,0,,648.48,12,685.7,12,32.42,4.8,853.7,2.65,3.0,4.0,14.0,,"With the ongoing upward momentum in prices and my bullish outlook, I believe the market will continue to rise. I forecast a price of around 2.65 in this period, and I want to capitalize on this momentum by purchasing 1 additional share at a limit price of 2.65. This aligns with my strategy to enhance my position before the end of the trading periods, maximizing potential future profits as the market sentiment remains strong."
speculative-v1-s140927,RA+MC+BT+PC+NT+OC,trader-09,BT,25,buy,4,4,2.5,0,,396.64,0,416.47,0,19.83,0.0,416.47,2.5,2.7,3.0,14.0,,"The market is currently experiencing an upward trend, and I anticipate further price growth to around $2.7 in two periods and $3.0 in five periods. By placing a buy order at a limit price of $2.5, I can capitalize on this expected increase while providing a buffer below the current market price. My exit plan remains to sell once the price approaches $3.0 or if I sense the trend slowing, ensuring I lock in profits before any downturn."
speculative-v1-s140927,RA+MC+BT+PC+NT+OC,trader-10,BT,25,sell,1,0,2.7,0,,429.52,0,451.0,0,21.48,0.0,451.0,2.7,3.0,3.5,14.0,,"Given the current market price is at $2.6 and my forecast suggests it will rise to around $2.7 in the next two periods due to ongoing speculative demand, I plan to sell my remaining 1 share at a limit price of $2.7. This aligns with my strategy as a bubble timer to lock in profits before any potential downturn. With only 5 periods remaining, it's crucial to secure gains while the price is still rising."
speculative-v1-s140927,RA+MC+BT+PC+NT+OC,trader-11,RA,25,hold,0,0,0.0,0,,372.49,0,391.11,0,18.62,0.0,391.11,2.6,2.6,2.5,14.0,,"The current market price of $2.6 exceeds my estimated fair value of $2.5, indicating shares are overpriced. My forecasts suggest limited price growth in the next few periods and potential stabilization before the terminal redemption value of $14 in period 30. Holding cash allows me to maintain liquidity for future opportunities without risking losses from purchasing overvalued shares."
speculative-v1-s140927,RA+MC+BT+PC+NT+OC,trader-00,MC,26,buy,4,4,2.7,0,,546.34,11,584.66,11,27.32,11.0,738.66,2.7,3.0,3.5,14.0,,"Given the recent upward momentum in prices and the last transaction price at $2.6, I believe the market will continue to rise, projecting a transaction price of approximately $2.7. My forecasts suggest prices could reach $3.0 in two periods, and I want to maximize my holdings during this bullish phase. With my current cash position, I can buy 4 more shares at this limit price, aligning with my momentum-chasing strategy."
speculative-v1-s140927,RA+MC+BT+PC+NT+OC,trader-01,NT,26,buy,2,2,3.5,0,,714.67,17,767.4,17,35.73,17.0,1005.4,3.5,3.8,4.0,14.0,,"I'm feeling optimistic about the market's potential for further speculative demand as we approach the final trading periods. Given the recent price movements, I believe traders may be willing to pay around $3.50 this period, especially since I'm looking to maximize my shares before the terminal redemption value of $14. I can afford to buy 2 additional shares at this price, which I believe will yield significant returns as we move closer to the final period."
speculative-v1-s140927,RA+MC+BT+PC+NT+OC,trader-02,OC,26,buy,4,4,0.75,0,,497.8,4,526.69,4,24.89,4.0,582.69,2.7,3.0,3.5,14.0,,"I believe the current market price does not reflect the true potential value of these shares. My optimistic forecast suggests prices will rise to $3.0 in the next two periods and further to $3.5 in five periods, with a terminal redemption value of $14. Given my cash position of $5973.76, I can confidently buy 4 additional shares at a limit price of $0.75, which I see as a significant bargain. This aligns perfectly with my contrarian strategy of capitalizing on perceived undervaluation, and I trust that the market will eventually recognize the true value of these shares."
speculative-v1-s140927,RA+MC+BT+PC+NT+OC,trader-03,PC,26,sell,3,0,3.0,0,,383.2,0,402.36,0,19.16,0.0,402.36,3.0,3.5,14.0,14.0,,"Given the consistent upward trend in transaction prices and the approaching redemption period, I anticipate that the price will stabilize around $3.0 in this period. Following my precommitted schedule to maximize cash wealth, I plan to sell 3 shares at this limit price to capitalize on the anticipated price increase before potentially facing a downturn. Selling now allows me to take advantage of the appreciation of my shares, especially as we approach the redemption period with only a few trading periods remaining."
speculative-v1-s140927,RA+MC+BT+PC+NT+OC,trader-04,NT,26,sell,3,0,2.9,0,,603.88,0,634.07,0,30.19,0.0,634.07,2.9,3.0,3.5,14.0,,"I'm feeling optimistic about the current market conditions and believe that the price of $2.9 reflects strong demand from other traders. Since I have 3 shares left, selling them at this price allows me to capitalize on the current enthusiasm while still benefiting from potential dividends. As we approach the end of trading periods, this seems like a strategic time to secure profits and take advantage of the upbeat market sentiment."
speculative-v1-s140927,RA+MC+BT+PC+NT+OC,trader-05,OC,26,buy,4,4,2.5,0,,497.8,4,526.69,4,24.89,4.0,582.69,2.5,2.8,3.2,14.0,,"I believe the current market price of $2.50 does not accurately reflect the potential for recovery and higher dividends, especially considering the recent upward trends. My optimistic outlook drives me to capitalize on this perceived undervaluation before the market fully recognizes the true value of these shares. With only a few trading periods left, this is an ideal time to maximize my holdings before the market adjusts to my forecasts."
speculative-v1-s140927,RA+MC+BT+PC+NT+OC,trader-06,RA,26,sell,48,0,2.5,0,,379.23,0,398.19,0,18.96,0.0,398.19,2.5,2.4,2.5,14.0,,"The current market price is $2.5, which aligns with my forecast for this period. Given that I hold 48 shares and the expected dividends do not justify holding shares at this price, selling at this limit allows me to lock in profits. Additionally, with the redemption value of $14.0 in period 30, selling now is a prudent decision to realize gains and preserve cash for future opportunities."
speculative-v1-s140927,RA+MC+BT+PC+NT+OC,trader-07,PC,26,hold,0,0,0.0,0,,406.56,0,426.89,0,20.33,0.0,426.89,2.6,2.5,2.4,14.0,,"Having executed my precommitted schedule to sell all my shares in previous periods, I will hold my position this period. Holding allows me to maximize cash wealth without taking unnecessary risks with potential price declines as we approach the redemption period. My cash is positioned to benefit from the final share redemption value of $14, significantly increasing my cash wealth."
speculative-v1-s140927,RA+MC+BT+PC+NT+OC,trader-08,MC,26,buy,1,1,2.65,0,,685.7,12,731.99,12,34.29,12.0,899.99,2.65,3.0,4.0,14.0,,"Given the recent upward momentum in prices and my ongoing optimism, I believe the price will remain strong around 2.65 in this period, with potential increases to 3.0 in the next. I want to capitalize on this momentum by purchasing 1 additional share at a limit price of 2.65, which aligns with my strategy of enhancing my position before the end of the trading periods. This decision aims to maximize my potential future profits as market sentiment remains strong."
speculative-v1-s140927,RA+MC+BT+PC+NT+OC,trader-09,BT,26,buy,4,4,2.5,0,,416.47,0,437.29,0,20.82,0.0,437.29,2.5,2.7,3.0,14.0,,"The market is currently experiencing a strong upward trend, with the last transaction price at $2.6. I anticipate further price growth to around $2.7 in two periods and potentially reaching $3.0 in five periods. Given my strategy as a bubble timer, buying 4 shares at a limit price of $2.5 allows me to capitalize on this expected increase while being slightly below the current market price. My exit plan remains to sell once the price approaches $3.0 or if I sense the trend slowing, ensuring I lock in profits before any downturn."
speculative-v1-s140927,RA+MC+BT+PC+NT+OC,trader-10,BT,26,sell,1,0,2.7,0,,451.0,0,473.55,0,22.55,0.0,473.55,2.7,3.0,3.5,14.0,,"I believe that the price will reach around $2.7 in this next period due to ongoing speculative demand. Given that I have 1 share left, selling at a limit price of $2.7 allows me to capitalize on the upward trend and lock in profits before potential bubble bursts. This aligns with my strategy as a bubble timer to secure gains while the price is still rising, especially with only a few periods left."
speculative-v1-s140927,RA+MC+BT+PC+NT+OC,trader-11,RA,26,hold,0,0,0.0,0,,391.11,0,410.67,0,19.56,0.0,410.67,2.6,2.6,2.5,14.0,,"The current market price of $2.6 exceeds my estimated fair value of $2.5, indicating that shares are overpriced. With limited price growth expected in the next few periods and a potential stabilization before the terminal redemption value of $14 in period 30, it is prudent to hold cash. This strategy maintains liquidity for future opportunities without risking losses from purchasing overvalued shares."
speculative-v1-s140927,RA+MC+BT+PC+NT+OC,trader-00,MC,27,buy,4,4,2.7,0,,584.66,11,618.29,11,29.23,4.4,772.29,2.7,3.0,3.5,14.0,,"Given the recent upward momentum in prices, I anticipate that the market will continue to rise, projecting a transaction price of approximately $2.7. My forecasts suggest prices could reach $3.0 in two periods and even higher in the long term, with a significant redemption value of $14. I want to capitalize on this bullish phase by buying 4 more shares at this limit price, which aligns with my momentum-chasing strategy to maximize my holdings before any potential price rally."
speculative-v1-s140927,RA+MC+BT+PC+NT+OC,trader-01,NT,27,buy,2,2,3.5,0,,767.4,17,812.57,17,38.37,6.8,1050.57,3.5,3.8,4.0,14.0,,"I'm feeling optimistic about the market as we approach the final periods, and I believe that speculative demand will continue to push prices higher. My hunch is that traders may be willing to pay around $3.50 this period. With my current cash position, I can afford to buy 2 additional shares at this price, which I anticipate will yield significant returns as we approach the terminal redemption value of $14."
speculative-v1-s140927,RA+MC+BT+PC+NT+OC,trader-02,OC,27,buy,4,4,0.75,0,,526.69,4,554.62,4,26.33,1.6,610.62,2.6,3.0,3.5,14.0,,"I believe that the current market price of $2.6 does not reflect the true value of the shares, which I expect to appreciate significantly. My optimistic forecast suggests that prices will rise to $3.0 in the next two periods and further to $3.5 in five periods, with a terminal redemption value of $14. At a limit price of $0.75, I see an opportunity to acquire 4 additional shares, which I view as a significant bargain. This aligns perfectly with my contrarian strategy of capitalizing on perceived undervaluation, and I trust that the market will eventually recognize the true value of these shares."
speculative-v1-s140927,RA+MC+BT+PC+NT+OC,trader-03,PC,27,sell,3,0,3.0,0,,402.36,0,422.48,0,20.12,0.0,422.48,3.0,3.5,14.0,14.0,,"Given the consistent upward trend in transaction prices and the approaching redemption period, I anticipate that the price will stabilize around $3.0 in this period. As per my precommitted schedule to maximize cash wealth, I plan to sell 3 shares at this limit price to capitalize on the anticipated price increase before potentially facing a downturn. Selling now allows me to take advantage of the appreciation of my shares, especially as we approach the redemption period with only a few trading periods remaining."
speculative-v1-s140927,RA+MC+BT+PC+NT+OC,trader-04,NT,27,sell,3,0,2.9,0,,634.07,0,665.77,0,31.7,0.0,665.77,2.9,3.0,3.5,14.0,,"I'm feeling optimistic about the current market conditions and believe that the price of $2.9 reflects strong demand from other traders. Since I have 3 shares left, selling them at this price allows me to capitalize on the current enthusiasm while still benefiting from potential dividends. As we approach the end of trading periods, this seems like a strategic time to secure profits and take advantage of the upbeat market sentiment."
speculative-v1-s140927,RA+MC+BT+PC+NT+OC,trader-05,OC,27,buy,4,4,2.5,0,,526.69,4,554.62,4,26.33,1.6,610.62,2.5,2.8,3.2,14.0,,"I believe the market is currently undervaluing the shares at $2.50, especially given the recent upward trends and potential for recovery in dividends. With only a few trading periods left, I see this as a prime opportunity to buy 4 more shares at this limit price, aligning with my strategy as an overconfident contrarian. This purchase maximizes my holdings before the market recognizes the true value of the shares and allows me to capitalize on expected price increases."
speculative-v1-s140927,RA+MC+BT+PC+NT+OC,trader-06,RA,27,sell,48,0,2.5,0,,398.19,0,418.1,0,19.91,0.0,418.1,2.5,2.4,2.5,14.0,,"The current market price of $2.5 aligns with my expectations. Given that I hold 48 shares and the expected dividends do not justify holding shares at this price, I will sell at a limit of $2.5 to lock in profits. The redemption value of $14.0 in period 30 further supports this decision to realize gains now and preserve my cash for future opportunities."
speculative-v1-s140927,RA+MC+BT+PC+NT+OC,trader-07,PC,27,hold,0,0,0.0,0,,426.89,0,448.23,0,21.34,0.0,448.23,2.6,2.5,2.4,14.0,,"Having executed my precommitted schedule to sell all my shares in previous periods, I will hold my position this period. Holding allows me to maximize cash wealth without taking unnecessary risks with potential price declines as we approach the redemption period. My cash is positioned to benefit from the final share redemption value of $14, significantly increasing my cash wealth."
speculative-v1-s140927,RA+MC+BT+PC+NT+OC,trader-08,MC,27,buy,1,1,2.65,0,,731.99,12,773.39,12,36.6,4.8,941.39,2.65,3.0,4.0,14.0,,"Given the ongoing upward momentum in prices and my bullish outlook, I believe the price will remain strong around 2.65 in this period, with potential increases to 3.0 in the next period. I want to capitalize on this momentum by purchasing 1 additional share at a limit price of 2.65, aligning with my strategy of enhancing my position before the end of the trading periods. This decision aims to maximize my potential future profits as market sentiment remains strong."
speculative-v1-s140927,RA+MC+BT+PC+NT+OC,trader-09,BT,27,buy,4,4,2.5,0,,437.29,0,459.15,0,21.86,0.0,459.15,2.5,2.7,3.0,14.0,,"The market is currently trending upward, with the last transaction price at $2.6. I anticipate further price growth to around $2.7 in two periods and potentially reaching $3.0 in five periods. Given my strategy as a bubble timer, I see an opportunity to buy 4 shares at a limit price of $2.5, which aligns with my exit plan to sell once the price approaches $3.0 or if I sense the trend slowing, ensuring I lock in profits before any downturn."
speculative-v1-s140927,RA+MC+BT+PC+NT+OC,trader-10,BT,27,sell,1,0,2.7,0,,473.55,0,497.23,0,23.68,0.0,497.23,2.7,3.0,3.5,14.0,,"The current market price is at $2.6, and I anticipate it will rise to around $2.7 in the next period due to ongoing speculative demand. Selling my remaining share at a limit price of $2.7 allows me to capitalize on the upward trend and lock in profits before potential bubble bursts. With only 4 trading periods left, this aligns with my exit strategy to secure gains while the price is still rising."
speculative-v1-s140927,RA+MC+BT+PC+NT+OC,trader-11,RA,27,hold,0,0,0.0,0,,410.67,0,431.2,0,20.53,0.0,431.2,2.6,2.6,2.5,14.0,,"The current market price of $2.6 exceeds my estimated fair value of $2.5, indicating that shares are overpriced. My forecasts suggest little to no price increase in the next periods, and a potential stabilization before the terminal redemption value of $14 in period 30. Holding cash allows me to maintain liquidity for future opportunities without risking losses from purchasing overvalued shares."
speculative-v1-s140927,RA+MC+BT+PC+NT+OC,trader-00,MC,28,buy,4,4,2.7,0,,618.29,11,660.2,11,30.91,11.0,814.2,2.7,3.0,3.5,14.0,,"Given the recent positive momentum in the market, I believe prices will rise to approximately $2.7 based on speculative interest. I forecast a near-term price of $3.0 in two periods, and I want to capitalize on this upward trend by buying 4 more shares at this limit price. This aligns with my momentum-chasing strategy, maximizing my holdings before any potential price rally, especially with the long-term potential at redemption significantly higher."
speculative-v1-s140927,RA+MC+BT+PC+NT+OC,trader-01,NT,28,buy,2,2,3.5,0,,812.57,17,870.2,17,40.63,17.0,1108.2,3.5,3.8,4.0,14.0,,"I'm feeling optimistic about the market as we approach the final trading periods, and I believe that speculative demand will continue to push prices higher. My hunch is that traders may be willing to pay around $3.50 this period. With my current cash position, I can afford to buy 2 additional shares at this price, which I anticipate will yield significant returns as we approach the terminal redemption value of $14."
speculative-v1-s140927,RA+MC+BT+PC+NT+OC,trader-02,OC,28,buy,4,4,0.75,0,,554.62,4,586.35,4,27.73,4.0,642.35,2.6,3.0,3.5,14.0,,"I believe the current market price of $2.6 is undervalued, and I expect it to rise significantly in the next few periods. My forecasts indicate a price increase to $3.0 in the next two periods and further to $3.5 in five periods, with a terminal redemption value of $14. Given my cash position of $6655.65, I can confidently buy 4 additional shares at a limit price of $0.75, which I view as a significant bargain. This aligns perfectly with my contrarian strategy of capitalizing on perceived undervaluation, and I trust that the market will eventually recognize the true value of these shares."
speculative-v1-s140927,RA+MC+BT+PC+NT+OC,trader-03,PC,28,sell,3,0,3.0,0,,422.48,0,443.6,0,21.12,0.0,443.6,3.0,3.5,14.0,14.0,,"In this period, I anticipate that the market price will stabilize around $3.0 based on the consistent upward trend observed in previous periods. As part of my precommitted schedule to maximize cash wealth, I plan to sell 3 shares at this limit price. This allows me to capitalize on the appreciation of my shares, especially as we approach the redemption period, where shares will be redeemed at $14 each. Selling now secures profits before potentially facing a downturn in the last trading periods."
speculative-v1-s140927,RA+MC+BT+PC+NT+OC,trader-04,NT,28,sell,3,0,2.9,0,,665.77,0,699.06,0,33.29,0.0,699.06,2.9,3.0,3.5,14.0,,"I'm feeling optimistic about the current market trend and believe that the price of $2.90 reflects strong demand from other traders. Since I have 3 shares left, selling them at this price allows me to capitalize on the current enthusiasm while still benefiting from potential dividends and the terminal redemption value. As we approach the end of trading periods, this seems like a strategic time to secure profits and take advantage of the upbeat market sentiment."
speculative-v1-s140927,RA+MC+BT+PC+NT+OC,trader-05,OC,28,buy,4,4,2.5,0,,554.62,4,586.35,4,27.73,4.0,642.35,2.5,2.8,3.2,14.0,,"I believe the market is currently undervaluing the shares at $2.50, especially given the recent upward trends and the potential for recovery in dividends. With only a few trading periods left, this is an ideal time to maximize my holdings before the market adjusts to my optimistic forecasts. My strategy as an overconfident contrarian drives me to capitalize on perceived undervaluation before others recognize the true value of the shares."
speculative-v1-s140927,RA+MC+BT+PC+NT+OC,trader-06,RA,28,sell,48,0,2.5,0,,418.1,0,439.01,0,20.91,0.0,439.01,2.5,2.4,2.5,14.0,,"The current market price of $2.5 aligns with my expectations. I hold 48 shares, and the expected dividends do not justify holding shares at this price. Selling at this limit allows me to lock in profits and preserve my cash for future opportunities, especially considering the redemption value of $14.0 in period 30."
speculative-v1-s140927,RA+MC+BT+PC+NT+OC,trader-07,PC,28,hold,0,0,0.0,0,,448.23,0,470.64,0,22.41,0.0,470.64,2.6,2.5,2.4,14.0,,"Having executed my precommitted schedule to sell all my shares in previous periods, I will hold my position this period. Holding allows me to maximize cash wealth without taking unnecessary risks with potential price declines as we approach the redemption period. My cash is positioned to benefit from the final share redemption value of $14, significantly increasing my cash wealth."
speculative-v1-s140927,RA+MC+BT+PC+NT+OC,trader-08,MC,28,buy,1,1,2.65,0,,773.39,12,824.06,12,38.67,12.0,992.06,2.65,3.0,4.0,14.0,,"Given the recent upward momentum in prices and my ongoing optimism about speculative interest, I expect prices to remain strong at around 2.65 in this period, with potential increases to 3.0 in the next. I want to capitalize on this momentum by purchasing 1 additional share at a limit price of 2.65, which aligns with my strategy of enhancing my position before the end of the trading periods. This decision aims to maximize my potential future profits as market sentiment remains strong."
speculative-v1-s140927,RA+MC+BT+PC+NT+OC,trader-09,BT,28,buy,4,4,2.5,0,,459.15,0,482.11,0,22.96,0.0,482.11,2.5,2.7,3.0,14.0,,"The market is currently on an upward trend, with the last transaction price at $2.6. I anticipate further price growth to around $2.7 in two periods and potentially reaching $3.0 in five periods. Buying 4 shares at a limit price of $2.5 allows me to capitalize on this expected increase while remaining slightly below the current market price. My exit plan remains to sell once the price approaches $3.0 or if I sense the trend slowing, ensuring I lock in profits before any downturn."
speculative-v1-s140927,RA+MC+BT+PC+NT+OC,trader-10,BT,28,sell,1,0,2.7,0,,497.23,0,522.09,0,24.86,0.0,522.09,2.7,3.0,3.5,14.0,,"Given the current market price is at $2.6, I anticipate it will rise to around $2.7 in the next period due to ongoing speculative demand. Selling my remaining 1 share at a limit price of $2.7 allows me to capitalize on the upward trend and lock in profits before potential bubble bursts. With only 3 trading periods left, this aligns with my exit strategy to secure gains while the price is still rising."
speculative-v1-s140927,RA+MC+BT+PC+NT+OC,trader-11,RA,28,hold,0,0,0.0,0,,431.2,0,452.76,0,21.56,0.0,452.76,2.6,2.6,2.5,14.0,,"The current market price of $2.6 exceeds my estimated fair value of $2.5, indicating that shares are overpriced. Given that there are only three trading periods left, and the expected terminal redemption value is $14, holding cash allows me to maintain liquidity for potential future opportunities without risking losses from purchasing overvalued shares. This strategy aligns with my goal to maximize final cash wealth."
speculative-v1-s140927,RA+MC+BT+PC+NT+OC,trader-00,MC,29,buy,4,4,2.7,0,,660.2,11,704.21,11,33.01,11.0,858.21,2.7,3.0,3.5,14.0,,"Given the recent upward momentum in prices and the expectation that the market will continue to rise, I believe that I can capitalize on this bullish phase by buying 4 more shares at my limit price of $2.7. My forecasts indicate that prices could reach $3.0 in two periods and even higher in the long term, with a significant redemption value of $14. This aligns with my momentum-chasing strategy, allowing me to maximize my holdings before any potential price rally."
speculative-v1-s140927,RA+MC+BT+PC+NT+OC,trader-01,NT,29,buy,2,2,3.5,0,,870.2,17,930.71,17,43.51,17.0,1168.71,3.5,3.8,4.0,14.0,,"I'm feeling optimistic about the market's potential for further speculative demand as we approach the final trading periods. Recent price movements suggest a steady increase, and I believe traders may be willing to pay around $3.50 this period. With my current cash position, I can afford to buy 2 additional shares at this price, which could yield significant returns as we approach the terminal redemption value of $14."
speculative-v1-s140927,RA+MC+BT+PC+NT+OC,trader-02,OC,29,buy,4,4,0.75,0,,586.35,4,619.67,4,29.32,4.0,675.67,2.6,3.0,3.5,14.0,,"I believe the current market price of $2.6 is undervalued and does not reflect the true potential of these shares. Given my optimistic forecast of $3.0 in two periods and $3.5 in five periods, I see an opportunity to buy 4 additional shares at a limit price of $0.75, which I consider a significant bargain. My contrarian strategy is to capitalize on this perceived undervaluation, trusting that the market will eventually recognize the true value of these shares, especially with the terminal redemption value being $14."
speculative-v1-s140927,RA+MC+BT+PC+NT+OC,trader-03,PC,29,sell,3,0,3.0,0,,443.6,0,465.78,0,22.18,0.0,465.78,3.0,3.5,14.0,14.0,,"Given the strong upward trend in transaction prices and my precommitted schedule to maximize cash wealth, I plan to sell 3 shares at a limit price of $3.0. This aligns with my strategy to capitalize on the appreciation of my shares as we approach the redemption period. Selling now allows me to secure profits before potentially facing a downturn in the final trading period."
speculative-v1-s140927,RA+MC+BT+PC+NT+OC,trader-04,NT,29,sell,3,0,2.9,0,,699.06,0,734.01,0,34.95,0.0,734.01,2.9,3.0,3.5,14.0,,"I'm feeling optimistic about the market conditions, especially as we are approaching the end of the trading periods. The price of $2.9 reflects strong demand from other traders, and I believe this is a good opportunity to sell my remaining 3 shares to capitalize on the current enthusiasm. This strategy allows me to secure profits while still benefiting from potential dividends and the terminal redemption value."
speculative-v1-s140927,RA+MC+BT+PC+NT+OC,trader-05,OC,29,buy,4,4,2.5,0,,586.35,4,619.67,4,29.32,4.0,675.67,2.5,2.8,3.2,14.0,,"I believe the market is currently undervaluing the shares at $2.50, especially considering my optimistic outlook for the next periods and the potential for recovery in dividends. With only two trading periods left, this is a prime opportunity to buy 4 more shares at this limit price. My strategy as an overconfident contrarian drives me to capitalize on perceived undervaluation before others catch up, maximizing my holdings ahead of expected price increases."
speculative-v1-s140927,RA+MC+BT+PC+NT+OC,trader-06,RA,29,sell,48,0,2.5,0,,439.01,0,460.96,0,21.95,0.0,460.96,2.5,2.4,2.5,14.0,,"The current market price is $2.5, and this is my expected price for this period. Given that I hold 48 shares and the expected dividends do not justify holding shares at this price, I will sell at a limit of $2.5 to lock in profits. Additionally, with the redemption value of $14.0 in period 30, selling now is a prudent decision to realize gains and preserve my cash for future opportunities."
speculative-v1-s140927,RA+MC+BT+PC+NT+OC,trader-07,PC,29,hold,0,0,0.0,0,,470.64,0,494.17,0,23.53,0.0,494.17,2.6,2.5,2.4,14.0,,"With only two trading periods remaining, I have already executed my precommitted plan to sell all my shares. Holding my position this period allows me to maximize cash wealth without taking unnecessary risks with potential price declines. As we approach the redemption period, I am positioned to benefit from the final share redemption value of $14, which will significantly increase my cash wealth."
speculative-v1-s140927,RA+MC+BT+PC+NT+OC,trader-08,MC,29,buy,1,1,2.65,0,,824.06,12,877.26,12,41.2,12.0,1045.26,2.65,3.0,4.0,14.0,,"Given the ongoing upward momentum in prices and my bullish outlook, I believe the market will continue to rise. I expect the price to remain strong around 2.65 in this period, with potential increases to 3.0 in the next period and ultimately reaching 14.0 at redemption. I want to capitalize on this momentum by purchasing 1 additional share at a limit price of 2.65, aligning with my strategy of enhancing my position before the end of the trading periods."
speculative-v1-s140927,RA+MC+BT+PC+NT+OC,trader-09,BT,29,buy,4,4,2.5,0,,482.11,0,506.22,0,24.11,0.0,506.22,2.5,2.7,3.0,14.0,,"The market is showing consistent upward momentum, with recent prices around $2.6. Given my forecasts of $2.7 in the next period and $3.0 in five periods, this is a strategic time to buy 4 shares at a limit price of $2.5 to capitalize on expected price growth. My exit plan remains to sell once the price approaches $3.0 or if I sense the trend is slowing, ensuring I lock in profits before any downturn."
speculative-v1-s140927,RA+MC+BT+PC+NT+OC,trader-10,BT,29,sell,1,0,2.7,0,,522.09,0,548.19,0,26.1,0.0,548.19,2.7,3.0,3.5,14.0,,"The current market price is at $2.6, and I anticipate it will rise to around $2.7 in the next period due to ongoing speculative demand. Selling my remaining share at a limit price of $2.7 allows me to capitalize on the upward trend and lock in profits before potential bubble bursts. With only 2 trading periods left, this aligns with my exit strategy to secure gains while the price is still rising."
speculative-v1-s140927,RA+MC+BT+PC+NT+OC,trader-11,RA,29,hold,0,0,0.0,0,,452.76,0,475.4,0,22.64,0.0,475.4,2.6,2.6,2.5,14.0,,"The current market price of $2.6 exceeds my estimated fair value of $2.5, indicating that shares are overpriced. Given that there are only two trading periods remaining, and the expected terminal redemption value is $14, holding cash allows me to maintain liquidity for potential future opportunities without risking losses from purchasing overvalued shares. This strategy aligns with my goal to maximize final cash wealth."
speculative-v1-s140927,RA+MC+BT+PC+NT+OC,trader-00,MC,30,buy,4,4,2.7,0,,704.21,11,750.42,11,35.21,11.0,904.42,2.7,3.0,3.5,14.0,,"Given the recent upward momentum in the market and the last transaction price at $2.6, I believe the market will continue to rise, projecting a transaction price of approximately $2.7. My forecasts indicate prices could reach $3.0 in two periods and have significant long-term potential at redemption worth $14. I want to capitalize on this bullish phase by buying 4 more shares at this limit price, aligning with my momentum-chasing strategy to maximize my holdings before any potential price rally."
speculative-v1-s140927,RA+MC+BT+PC+NT+OC,trader-01,NT,30,buy,2,2,3.5,0,,930.71,17,994.25,17,46.54,17.0,1232.25,3.5,3.8,4.0,14.0,,"I'm feeling optimistic about the market's potential for further speculative demand, especially as we approach the final trading periods. I believe traders may be willing to pay around $3.50 this period. With my current cash position, I can afford to buy 2 additional shares at this price, which I anticipate will yield significant returns as we approach the terminal redemption value of $14."
speculative-v1-s140927,RA+MC+BT+PC+NT+OC,trader-02,OC,30,buy,4,4,0.75,0,,619.67,4,654.65,4,30.98,4.0,710.65,2.6,3.0,3.5,14.0,,"I believe the current market price of $2.6 is undervalued, and my optimistic forecast suggests a price increase to $3.0 in the next two periods and further to $3.5 in five periods. Given my cash position of $7436.25, I can buy 4 additional shares at a limit price of $0.75, which I view as a significant bargain. This aligns perfectly with my contrarian strategy of capitalizing on perceived undervaluation, and I trust that the market will eventually recognize the true value of these shares, especially with the terminal redemption value being $14."
speculative-v1-s140927,RA+MC+BT+PC+NT+OC,trader-03,PC,30,sell,3,0,3.0,0,,465.78,0,489.07,0,23.29,0.0,489.07,3.0,3.5,14.0,14.0,,"Given the steady increase in transaction prices and the approaching redemption period, I anticipate that the price will stabilize around $3.0 in this period. As per my precommitted schedule to maximize cash wealth, I plan to sell 3 shares at this limit price. This allows me to capitalize on the appreciation of my shares, especially as we approach the redemption period, where shares will be redeemed at $14 each. Selling now secures profits before potentially facing a downturn in the last trading period."
speculative-v1-s140927,RA+MC+BT+PC+NT+OC,trader-04,NT,30,sell,3,0,2.9,0,,734.01,0,770.71,0,36.7,0.0,770.71,2.9,3.0,3.5,14.0,,"I'm feeling optimistic about the current market conditions and believe that the price of $2.9 reflects strong demand from other traders. Since I have 3 shares left, selling them at this price allows me to capitalize on the current enthusiasm while still benefiting from potential dividends. As we approach the end of trading periods, this seems like a strategic time to secure profits and take advantage of the upbeat market sentiment."
speculative-v1-s140927,RA+MC+BT+PC+NT+OC,trader-05,OC,30,buy,4,4,2.5,0,,619.67,4,654.65,4,30.98,4.0,710.65,2.5,2.8,3.2,14.0,,"I believe the market is still undervaluing the shares at $2.50, especially given my optimistic outlook for the next periods and the potential for recovery in dividends. With only one trading period left before the redemption, this is a prime opportunity to buy 4 more shares at this limit price. My strategy as an overconfident contrarian drives me to capitalize on perceived undervaluation before others catch up, maximizing my holdings ahead of expected price increases."
speculative-v1-s140927,RA+MC+BT+PC+NT+OC,trader-06,RA,30,sell,48,0,2.5,0,,460.96,0,484.01,0,23.05,0.0,484.01,2.5,2.4,2.5,14.0,,"The current market price is $2.5, which aligns with my forecast for this period. Given that I hold 48 shares and the expected dividends do not justify holding shares at this price, selling at this limit allows me to lock in profits. Additionally, with the redemption value of $14.0 in period 30, I am optimizing my position to realize gains now and preserve my cash for future opportunities."
speculative-v1-s140927,RA+MC+BT+PC+NT+OC,trader-07,PC,30,hold,0,0,0.0,0,,494.17,0,518.88,0,24.71,0.0,518.88,14.0,14.0,14.0,14.0,,"With only one trading period remaining, I have already executed my precommitted plan to sell all my shares in previous periods. Holding my position allows me to maximize cash wealth without taking unnecessary risks with potential price declines. As we approach the redemption period, I am positioned to benefit from the final share redemption value of $14, which will significantly increase my cash wealth."
speculative-v1-s140927,RA+MC+BT+PC+NT+OC,trader-08,MC,30,buy,1,1,2.65,0,,877.26,12,933.12,12,43.86,12.0,1101.12,2.65,3.0,4.0,14.0,,"Given the ongoing upward momentum in prices and my bullish outlook, I believe the market will continue to rise. I expect the price to remain strong around 2.65 in this period, with potential increases to 3.0 in the next period. I want to capitalize on this momentum by purchasing 1 additional share at a limit price of 2.65, which aligns with my strategy to enhance my position before the end of the trading periods. This decision aims to maximize my potential future profits as market sentiment remains strong."
speculative-v1-s140927,RA+MC+BT+PC+NT+OC,trader-09,BT,30,buy,4,4,2.5,0,,506.22,0,531.53,0,25.31,0.0,531.53,2.5,2.7,3.0,14.0,,"The market continues to show upward momentum, and with a recent transaction price around $2.6, I anticipate that prices will rise to approximately $2.7 in the next period and potentially reach $3.0 in five periods. Buying 4 shares at a limit price of $2.5 allows me to capitalize on this expected growth while remaining slightly below the current market price. My exit plan is to sell once the price approaches $3.0 or if I sense the trend slowing, ensuring I lock in profits before any downturn."
speculative-v1-s140927,RA+MC+BT+PC+NT+OC,trader-10,BT,30,sell,1,0,2.7,0,,548.19,0,575.6,0,27.41,0.0,575.6,2.7,3.0,3.5,14.0,,"The current market price is at $2.6, and I anticipate it will rise to around $2.7 in the next period due to ongoing speculative demand. Selling my remaining share at a limit price of $2.7 allows me to capitalize on the upward trend and lock in profits before potential bubble bursts. With only one trading period left, this aligns with my exit strategy to secure gains while the price is still rising."
speculative-v1-s140927,RA+MC+BT+PC+NT+OC,trader-11,RA,30,hold,0,0,0.0,0,,475.4,0,499.17,0,23.77,0.0,499.17,2.6,2.6,2.5,14.0,,"The current market price of $2.6 exceeds my estimated fair value of $2.5, indicating that shares are overpriced. With only one trading period remaining, the expected terminal redemption value of $14 suggests that holding cash allows me to maintain liquidity for potential future opportunities without risking losses from purchasing overvalued shares. My strategy is to maximize final cash wealth, and holding is the optimal choice at this time."
speculative-v1-s140928,RA+MC+BT+PC+NT+OC,trader-00,RA,1,buy,7,7,0.7,0,,100.0,4,109.0,4,5.0,4.0,165.0,0.7,0.8,0.9,14.0,,"Given that the expected dividend is either $0.40 or $1.00 equally likely, the expected value of the dividend in the current period is $0.70 (average of $0.40 and $1.00). Since this expected return exceeds the 5% cash return, it is advantageous to buy shares. Additionally, I can afford to buy 7 shares at a price of $0.70 with my available cash, which maximizes my position in the market. Holding shares allows for potential gains in future periods, particularly as the terminal redemption value of $14 approaches in period 30."
speculative-v1-s140928,RA+MC+BT+PC+NT+OC,trader-01,PC,1,buy,5,5,0.7,0,,100.0,4,109.0,4,5.0,4.0,165.0,0.7,0.8,0.9,14.0,,"I expect initial trading prices to settle around $0.70 based on the potential dividends of $0.40 or $1.00. In 2 periods, I forecast a slight increase to $0.80 as traders start to realize the potential for dividends. By period 5, I expect prices to rise further to $0.90 as demand increases. Since I currently have $100 cash and can afford to buy 5 additional shares at this price, I will place a buy order at $0.70 for 5 shares. This aligns with my strategy to accumulate shares early, anticipating gains as the market develops. My plan is to sell some shares in later periods, specifically targeting profitable exits once prices rise. This is the first step in my precommitted schedule to maximize wealth."
speculative-v1-s140928,RA+MC+BT+PC+NT+OC,trader-02,RA,1,buy,10,10,0.7,0,,100.0,4,109.0,4,5.0,4.0,165.0,0.7,0.7,0.7,14.0,,"Considering the expected dividend of $0.40 or $1.00 (equally likely), the average expected dividend per share is $0.70. This gives a higher expected return compared to the 5% cash return, making it favorable to buy. I will place a buy order at $0.70 for 10 shares, which is within my cash limit, allowing for potential profit opportunities in future periods."
speculative-v1-s140928,RA+MC+BT+PC+NT+OC,trader-03,OC,1,buy,4,4,0.75,0,,100.0,4,109.0,4,5.0,4.0,165.0,0.8,1.0,1.2,14.0,,"I believe the market is undervaluing the shares right now, and I see an opportunity to buy at a low price. Given my optimistic view, I expect prices to rise as others recognize the potential value of these shares. Forecasting a price of $0.80 immediately, I will set a buy limit at $0.75 to ensure I can acquire more shares while the price is low. This aligns with my strategy of buying on dips and taking advantage of perceived bargains."
speculative-v1-s140928,RA+MC+BT+PC+NT+OC,trader-04,OC,1,buy,4,4,0.75,0,,100.0,4,109.0,4,5.0,4.0,165.0,0.8,0.9,1.0,14.0,,"I believe the market has undervalued the shares despite potential dividends. My optimistic outlook suggests that others may not recognize the value of shares until later. Buying now at $0.75 allows me to capitalize on future price increases as the market adjusts. Given my current cash and shares, I can afford to buy 4 more shares without realizing any loss on my current holdings."
speculative-v1-s140928,RA+MC+BT+PC+NT+OC,trader-05,BT,1,buy,4,4,1.0,0,,100.0,4,109.0,4,5.0,4.0,165.0,1.0,1.2,1.5,14.0,,"With the potential for a speculative upswing, I anticipate that other traders may be willing to pay higher prices in the near future. I believe that in the next two periods, prices will rise to around $1.20, and even higher in subsequent periods. Given the current cash position and the expected demand, I will place a buy order at $1.00 for all four shares. This aligns with my exit strategy to sell before the peak of the bubble, while also capitalizing on potential dividend income and share redemption value."
speculative-v1-s140928,RA+MC+BT+PC+NT+OC,trader-06,NT,1,buy,4,4,1.0,0,,100.0,4,109.0,4,5.0,4.0,165.0,1.0,1.2,1.5,14.0,,"I'm feeling optimistic about the potential for speculative demand in this market. Given the possibility of dividends and the redemption value of $14, I believe others may be willing to pay more than the current price. My forecast reflects a belief that the price could rise quickly, especially since I have cash available to buy more shares. Buying at $1.00 seems reasonable given my hunch that prices will increase in the near future, and I want to take advantage of this potential upside."
speculative-v1-s140928,RA+MC+BT+PC+NT+OC,trader-07,BT,1,buy,4,4,1.0,0,,100.0,4,109.0,4,5.0,4.0,165.0,1.0,1.2,1.5,14.0,,"I anticipate an initial speculative upswing in prices as other traders may be willing to pay a premium for shares. My forecast for the current period is $1.00 based on potential demand. In two periods, I predict the price could rise to $1.20 as traders start buying. By period five, I estimate it could reach $1.50 as momentum builds. My exit plan is to sell when the price growth slows, ideally before it peaks, securing my profits before the rush. I will buy all 4 shares at $1.00, fully utilizing my cash."
speculative-v1-s140928,RA+MC+BT+PC+NT+OC,trader-08,PC,1,buy,4,4,0.7,0,,100.0,4,109.0,4,5.0,4.0,165.0,0.7,0.8,0.9,14.0,,"I believe that the market will open with an initial price around $0.70 based on the potential dividend outcomes of $0.40 or $1.00. Given the uncertainty in the first period, I forecast prices to rise in the next periods as traders start to react to the dividend distributions and market sentiment. I plan to buy 4 shares at $0.70, using my entire cash balance, in anticipation of a price increase. My strategy is to buy low and sell high in the subsequent periods. I will sell shares in later periods based on market demand and price movements."
speculative-v1-s140928,RA+MC+BT+PC+NT+OC,trader-09,MC,1,buy,4,4,1.0,0,,100.0,4,109.0,4,5.0,4.0,165.0,1.0,1.5,2.0,14.0,,"Given that there is no prior transaction history and as a momentum chaser, I am optimistic about the potential for speculative interest to build. I believe the market will start off strong based on my expectations, and I want to take an early position. I will place a buy order at $1.00 for the maximum allowed quantity of 4 shares to capitalize on the momentum I anticipate in the upcoming periods."
speculative-v1-s140928,RA+MC+BT+PC+NT+OC,trader-10,NT,1,buy,2,2,1.1,0,,100.0,4,109.0,4,5.0,4.0,165.0,1.0,1.2,1.5,14.0,,"I'm feeling optimistic about the potential for speculative demand in this market. Given the possibility of higher dividends and the redemption value of $14 at the end, I believe traders might be willing to pay more than the current valuation. Buying at $1.10 allows me to take advantage of potential price increases in the near future. I want to secure additional shares that could yield higher returns if the price appreciates quickly."
speculative-v1-s140928,RA+MC+BT+PC+NT+OC,trader-11,MC,1,buy,2,2,1.0,0,,100.0,4,109.0,4,5.0,4.0,165.0,1.0,1.25,1.5,14.0,,"Given that this is the first trading period and there is no prior price history, I am optimistic about speculative interest building in the market. I anticipate that traders will be willing to pay a higher price as the market opens, thus I want to take an early position by buying at $1.00, which I believe is a reasonable entry point. I am willing to buy 2 shares with the expectation that prices will rise in the short term, driven by momentum, and I plan to sell the shares if the market shows positive signs."
speculative-v1-s140928,RA+MC+BT+PC+NT+OC,trader-00,RA,2,buy,5,5,0.7,0,,109.0,4,118.45,4,5.45,4.0,174.45,0.7,0.8,0.9,14.0,,"The expected value of the dividend is $0.70, which matches the limit price I set for buying. Since I have $109 in cash, I can afford to buy 5 shares at $0.70 each, which totals $3.50. This investment is advantageous as the expected return exceeds the 5% cash return. Moreover, this positions me for potential gains in future periods, especially with the terminal redemption value being $14 per share in period 30."
speculative-v1-s140928,RA+MC+BT+PC+NT+OC,trader-01,PC,2,buy,3,3,0.8,0,,109.0,4,118.45,4,5.45,4.0,174.45,0.7,0.8,0.9,14.0,,"I expect the market to start stabilizing around $0.70, with a slight increase to $0.80 in the next period as traders become more optimistic about potential dividends. Given that I currently have $109 cash and can afford to buy 3 additional shares at $0.80, I will place a buy order for 3 shares at this limit. This aligns with my precommitted schedule to accumulate shares early and anticipate price increases in the near future. I plan to sell some shares in later periods when prices rise, targeting profitable exits once the market demand increases."
speculative-v1-s140928,RA+MC+BT+PC+NT+OC,trader-02,RA,2,hold,0,0,0.0,0,,109.0,4,118.45,4,5.45,4.0,174.45,0.7,0.7,0.7,14.0,,"Given that the expected average dividend remains at $0.70, which equals the 5% cash return, I see no advantageous trade opportunity at this time. Holding my current shares allows me to potentially benefit from dividends in the next period while maintaining my cash for future trades. I will reassess the market conditions and expected dividends in the next period."
speculative-v1-s140928,RA+MC+BT+PC+NT+OC,trader-03,OC,2,buy,4,4,0.75,0,,109.0,4,118.45,4,5.45,4.0,174.45,0.8,1.0,1.2,14.0,,"I believe the market is currently undervaluing the shares, and I see an opportunity to buy more at a low price. Given my optimistic outlook, I expect that others will recognize the potential value of these shares soon. With my forecast predicting a price increase to $0.80 in the current period and $1.00 in the next, buying 4 shares at $0.75 aligns with my strategy of capitalizing on perceived bargains. I want to take advantage of this situation before the market corrects itself."
speculative-v1-s140928,RA+MC+BT+PC+NT+OC,trader-04,OC,2,buy,4,4,0.75,0,,109.0,4,118.45,4,5.45,4.0,174.45,0.8,0.9,1.0,14.0,,"I strongly believe that the market has undervalued these shares, and they will increase in price as other traders recognize their true value. My previous buy at $0.75 was not filled, which suggests that I can still capitalize on this opportunity. I will buy 4 more shares at the same limit price of $0.75, as I expect the price to recover or increase in upcoming periods due to the potential dividends and the eventual terminal redemption value. This aligns with my contrarian approach, as I trust my optimistic assessment over the market's current sentiment."
speculative-v1-s140928,RA+MC+BT+PC+NT+OC,trader-05,BT,2,buy,4,4,1.0,0,,109.0,4,118.45,4,5.45,4.0,174.45,1.0,1.2,1.5,14.0,,"I anticipate a speculative upswing in the next few periods, with prices expected to rise to around $1.20 in two periods and higher in five. Given my current cash position and the potential for demand, I will place a buy order for all four shares at $1.00, aligning with my exit strategy to sell before the peak of the bubble."
speculative-v1-s140928,RA+MC+BT+PC+NT+OC,trader-06,NT,2,buy,4,4,1.2,0,,109.0,4,118.45,4,5.45,4.0,174.45,1.0,1.5,2.0,14.0,,"I'm feeling optimistic that the speculative demand will increase in this period. I believe that others might be willing to pay more than my initial forecast, especially with the potential for dividends and the $14 redemption value. Buying 4 shares at $1.20 seems like a good opportunity to capitalize on this potential price increase and maximize my cash wealth in the future."
speculative-v1-s140928,RA+MC+BT+PC+NT+OC,trader-07,BT,2,buy,4,4,1.0,0,,109.0,4,118.45,4,5.45,4.0,174.45,1.0,1.2,1.5,14.0,,"I anticipate a speculative upswing in demand, allowing me to buy 4 shares at $1.00, utilizing all my cash. My forecasts suggest a price increase to $1.20 in 2 periods and $1.50 in 5 periods as other traders become more active. Selling later when the price growth slows will help lock in profits before any rush to exit."
speculative-v1-s140928,RA+MC+BT+PC+NT+OC,trader-08,PC,2,buy,4,4,0.75,0,,109.0,4,118.45,4,5.45,4.0,174.45,0.7,0.8,0.9,14.0,,"I believe that the market will start to react positively after the initial period, pushing prices up. I forecast a price of $0.8 in the next period, so I will place a buy limit order at $0.75 to acquire additional shares. My strategy remains to buy low and hold for future resale as the market develops. I plan to buy 4 shares at $0.75 to increase my position, anticipating that prices will rise as demand increases."
speculative-v1-s140928,RA+MC+BT+PC+NT+OC,trader-09,MC,2,buy,4,4,1.0,0,,109.0,4,118.45,4,5.45,4.0,174.45,1.0,1.5,2.0,14.0,,"Given my optimism about potential speculative interest building in this early stage of trading, I believe that the market will start to gain momentum. Therefore, I will place a buy order at $1.00 for the maximum allowed quantity of 4 shares. This aligns with my strategy as a momentum chaser, aiming to capitalize on early opportunities. With no prior transactions, I expect the price to rise in the near future, which supports my decision to increase my position now."
speculative-v1-s140928,RA+MC+BT+PC+NT+OC,trader-10,NT,2,buy,2,2,1.15,0,,109.0,4,118.45,4,5.45,4.0,174.45,1.0,1.2,1.5,14.0,,"I'm feeling optimistic about the potential for speculative demand, and I want to secure additional shares before prices potentially rise. Given that traders may pay more than the current valuation, I'm setting my limit at $1.15 to capture shares if the price moves up slightly. This strategy balances my desire to take advantage of potential price increases while still being cautious about my cash reserves."
speculative-v1-s140928,RA+MC+BT+PC+NT+OC,trader-11,MC,2,buy,2,2,1.25,0,,109.0,4,118.45,4,5.45,4.0,174.45,1.25,1.5,14.0,14.0,,"Given the optimism in the market and the potential for speculative interest to build, I believe that prices will rise as we move into the next trading period. Forecasting a price of $1.25 for the next period reflects a momentum-based approach, anticipating that traders will be willing to pay more as interest grows. I have cash available ($109.0) and can afford to buy 2 shares at this price. This aligns with my strategy to capitalize on upward price movements."
speculative-v1-s140928,RA+MC+BT+PC+NT+OC,trader-00,RA,3,buy,5,5,0.7,0,,118.45,4,125.97,4,5.92,1.6,181.97,0.7,0.8,0.9,14.0,,"The expected value of the dividend remains at $0.70, matching my limit price for buying. With $118.45 in cash, I can afford to buy 5 additional shares at $0.70 each (totaling $3.50). This investment continues to exceed the 5% cash return, enabling me to maximize my position for potential future gains, particularly with the terminal redemption value of $14 per share in period 30. My strategy remains consistent with previous decisions, and I see a good opportunity to further increase my holdings."
speculative-v1-s140928,RA+MC+BT+PC+NT+OC,trader-01,PC,3,buy,3,3,0.8,0,,118.45,4,125.97,4,5.92,1.6,181.97,0.8,0.9,14.0,14.0,,"I expect the market price to stabilize around $0.80 as traders begin to factor in the potential dividends more positively. With my current cash of $118.45 and 4 shares, I can afford to buy 3 additional shares at this limit price of $0.80. This aligns with my precommitted strategy to accumulate shares while anticipating a price rise in the next few periods. I have already established a pattern of buying shares in earlier periods, and I plan to sell some shares when I see profitable opportunities in the coming periods."
speculative-v1-s140928,RA+MC+BT+PC+NT+OC,trader-02,RA,3,hold,0,0,0.0,0,,118.45,4,125.97,4,5.92,1.6,181.97,0.7,0.7,0.7,14.0,,"The expected average dividend remains at $0.70, which is equal to the 5% cash return. With no advantageous trading opportunity at this time, holding my current shares allows me to benefit from dividends in the next period while keeping cash available for potential future trades. I will reassess the market conditions in the next period."
speculative-v1-s140928,RA+MC+BT+PC+NT+OC,trader-03,OC,3,buy,4,4,0.75,0,,118.45,4,125.97,4,5.92,1.6,181.97,0.8,1.0,1.2,14.0,,"I believe the market continues to undervalue these shares, and my optimistic forecast suggests a price increase is imminent. Given the previous periods showed no transactions, I see an opportunity to buy additional shares at $0.75, aligning with my strategy of capitalizing on perceived bargains. I expect to see recovery and growth in value soon, with a forecast of $1.00 in 2 periods and $1.20 in 5 periods, which reinforces my decision to buy more now."
speculative-v1-s140928,RA+MC+BT+PC+NT+OC,trader-04,OC,3,buy,4,4,0.75,0,,118.45,4,125.97,4,5.92,1.6,181.97,0.8,0.9,1.0,14.0,,"I believe the market has undervalued the shares, and despite the lack of transactions in previous periods, my optimistic outlook remains unchanged. I anticipate that the price will recover soon as other traders recognize the true value of these shares. Buying 4 more at a limit of $0.75 aligns with my contrarian strategy, allowing me to capitalize on the future price increase and potential dividends."
speculative-v1-s140928,RA+MC+BT+PC+NT+OC,trader-05,BT,3,buy,4,4,1.0,0,,118.45,4,125.97,4,5.92,1.6,181.97,1.0,1.2,1.5,14.0,,"I anticipate that prices will rise over the next few periods, reaching around $1.20 in 2 periods and even higher in the next 5. Given my current cash position of $118.45 and the likelihood of speculative demand, I will place a buy order for all 4 shares at $1.00. This aligns with my exit strategy to sell before the peak of the bubble, allowing me to capitalize on potential future price increases and dividend income."
speculative-v1-s140928,RA+MC+BT+PC+NT+OC,trader-06,NT,3,buy,4,4,1.5,0,,118.45,4,125.97,4,5.92,1.6,181.97,1.5,2.0,5.0,14.0,,"I'm feeling optimistic that the speculative demand will continue to grow, especially with potential dividends and the $14 redemption value on the horizon. Given my cash availability, I believe buying 4 shares at a limit of $1.50 is reasonable, as I anticipate others may be willing to pay more. This aligns with my hunch that prices will rise in the near future."
speculative-v1-s140928,RA+MC+BT+PC+NT+OC,trader-07,BT,3,buy,4,4,1.0,0,,118.45,4,125.97,4,5.92,1.6,181.97,1.0,1.2,1.5,14.0,,"I anticipate a speculative upswing in demand, and I am willing to buy 4 shares at $1.00 to fully utilize my cash. My forecasts indicate a price increase to $1.20 in 2 periods and $1.50 in 5 periods. Selling when price growth slows will help secure profits before a potential rush to exit. This aligns with my strategy as a bubble timer."
speculative-v1-s140928,RA+MC+BT+PC+NT+OC,trader-08,PC,3,buy,4,4,0.8,0,,118.45,4,125.97,4,5.92,1.6,181.97,0.8,0.9,1.0,14.0,,"I believe the market is gaining momentum and will reach a price of $0.80 based on improved sentiment following the dividend announcements. I will place a buy order for 4 shares at $0.80, anticipating that prices will continue to rise in the coming periods as traders react positively. My precommitted schedule includes buying shares in this period and later selling them when prices peak, thus maximizing my final cash wealth."
speculative-v1-s140928,RA+MC+BT+PC+NT+OC,trader-09,MC,3,buy,4,4,1.0,0,,118.45,4,125.97,4,5.92,1.6,181.97,1.0,1.5,2.0,14.0,,"As a momentum chaser, I am optimistic about the potential for speculative interest to build, and I believe the market will start off strong. I will place a buy order at $1.00 for the maximum allowed quantity of 4 shares to capitalize on the expected upward momentum in the upcoming periods. Given that no transactions have occurred yet, I see this as an opportunity to get in early and take advantage of future price increases."
speculative-v1-s140928,RA+MC+BT+PC+NT+OC,trader-10,NT,3,buy,2,2,1.25,0,,118.45,4,125.97,4,5.92,1.6,181.97,1.2,1.5,1.8,14.0,,"I'm feeling optimistic about the potential for speculative demand and price appreciation. Given that the market hasn't filled my previous buy orders, I believe there may be an opportunity to secure additional shares at a slightly higher limit of $1.25. This aligns with my belief that traders will pay more as they anticipate higher dividends or future resale value. With the cash available, I want to increase my share holdings before the prices move up further."
speculative-v1-s140928,RA+MC+BT+PC+NT+OC,trader-11,MC,3,buy,2,2,1.5,0,,118.45,4,125.97,4,5.92,1.6,181.97,1.5,1.75,14.0,14.0,,"Given the previous periods' lack of transaction prices, I anticipate that the market will begin to reflect speculative interest and that prices will rise. I am forecasting a short-term price of $1.5 based on optimism and momentum, expecting that traders will be willing to pay more as interest grows. With $118.45 in cash, I can buy 2 shares at this price, further increasing my position before the anticipated rally continues."
speculative-v1-s140928,RA+MC+BT+PC+NT+OC,trader-00,RA,4,buy,5,5,0.7,0,,125.97,4,136.27,4,6.3,4.0,192.27,0.7,0.8,0.9,14.0,,"The expected value of the dividend remains at $0.70, which matches my limit price for buying. With $125.97 in cash, I can afford to buy 5 additional shares at $0.70 each (totaling $3.50). This investment continues to exceed the 5% cash return, allowing me to maximize my position for potential future gains, especially with the terminal redemption value of $14 per share in period 30. The market has had no transactions so far, but I believe the expected returns justify further investment."
speculative-v1-s140928,RA+MC+BT+PC+NT+OC,trader-01,PC,4,buy,3,3,0.8,0,,125.97,4,136.27,4,6.3,4.0,192.27,0.8,0.9,14.0,14.0,,"I anticipate the market price to stabilize around $0.80 as demand increases based on traders' growing optimism regarding dividends. With my current cash of $125.97 and 4 shares, I can afford to buy 3 additional shares at a limit price of $0.80. This aligns with my precommitted schedule to accumulate shares early and take advantage of anticipated price rises in the coming periods. I plan to sell some shares in later periods when prices increase, specifically targeting profitable exits as the market develops."
speculative-v1-s140928,RA+MC+BT+PC+NT+OC,trader-02,RA,4,hold,0,0,0.0,0,,125.97,4,136.27,4,6.3,4.0,192.27,0.7,0.7,0.7,14.0,,"With the expected average dividend remaining at $0.70, it equals the 5% cash return, indicating no advantageous trading opportunity at this time. Holding my current shares allows me to benefit from future dividends while retaining cash for potential future trades. I will continue to monitor market conditions and reassess opportunities in subsequent periods."
speculative-v1-s140928,RA+MC+BT+PC+NT+OC,trader-03,OC,4,buy,4,4,0.75,0,,125.97,4,136.27,4,6.3,4.0,192.27,0.8,1.0,1.2,14.0,,"I believe the market has not yet recognized the true value of the shares, and despite previous periods showing no transactions, my optimistic assessment of future price increases remains strong. I expect a price recovery, forecasting $0.80 now, $1.00 in 2 periods, and $1.20 in 5 periods. Buying 4 more shares at $0.75 aligns with my strategy of capitalizing on perceived bargains. I am confident that as the market adjusts, the value of these shares will increase significantly, allowing for profitable resales in the future."
speculative-v1-s140928,RA+MC+BT+PC+NT+OC,trader-04,OC,4,buy,4,4,0.75,0,,125.97,4,136.27,4,6.3,4.0,192.27,0.8,0.9,1.0,14.0,,"I continue to believe that the market has undervalued these shares, as evidenced by the lack of transactions in previous periods. My optimistic forecast remains unchanged, and I expect recovery soon. Buying 4 more shares at a limit of $0.75 aligns with my contrarian strategy, allowing me to capitalize on future price increases and potential dividends. I am confident that others will soon recognize the true value of these shares."
speculative-v1-s140928,RA+MC+BT+PC+NT+OC,trader-05,BT,4,buy,4,4,1.0,0,,125.97,4,136.27,4,6.3,4.0,192.27,1.0,1.2,1.5,14.0,,"I anticipate a speculative upswing in the next few periods, expecting prices to rise to around $1.20 in two periods and potentially higher in five. Given my current cash position of $125.97 and the potential for demand, I will place a buy order for all four shares at $1.00. This aligns with my exit strategy to sell before the peak of the bubble, allowing me to capitalize on potential future price increases and dividend income."
speculative-v1-s140928,RA+MC+BT+PC+NT+OC,trader-06,NT,4,buy,4,4,1.6,2,1.28,125.97,4,135.58,6,6.17,6.0,219.58,1.5,2.0,5.0,14.0,,"I feel a strong sense of optimism about the market and believe that speculative demand will continue to rise. Given my previous purchases and the potential for dividends, I think a limit price of $1.60 is reasonable. I anticipate that others may be willing to pay a bit more, especially as we move closer to the redemption value of $14. Buying 4 shares at this limit allows me to capitalize on potential price increases while using my available cash effectively."
speculative-v1-s140928,RA+MC+BT+PC+NT+OC,trader-07,BT,4,buy,4,4,1.0,0,,125.97,4,136.27,4,6.3,4.0,192.27,1.0,1.2,1.5,14.0,,"I anticipate a continued speculative upswing in demand for shares, expecting the price to increase to $1.20 in two periods and $1.50 in five periods. Buying 4 shares at $1.00 fully utilizes my cash and positions me to benefit from the anticipated price increase. My exit plan remains to sell before the peak to lock in profits, particularly as I expect the market to become more active soon."
speculative-v1-s140928,RA+MC+BT+PC+NT+OC,trader-08,PC,4,sell,4,4,0.95,-4,1.28,125.97,4,137.64,0,6.55,0.0,137.64,0.9,1.0,1.0,14.0,,"Based on the market sentiment and the previous dividend announcements, I forecast a price increase to approximately $0.90 in this period. I anticipate that demand will continue to build, pushing prices further up to around $1.00 in the next period. Therefore, I will sell my 4 shares at a limit price of $0.95 to capitalize on the expected price rise. This aligns with my precommitted strategy of selling shares at a profit while managing my inventory effectively."
speculative-v1-s140928,RA+MC+BT+PC+NT+OC,trader-09,MC,4,buy,4,4,1.0,0,,125.97,4,136.27,4,6.3,4.0,192.27,1.0,1.5,2.0,14.0,,"As a momentum chaser, I remain optimistic about speculative interest building in the market. With no prior transactions occurring, I still believe that prices will rise in the near future. I will place a buy order at $1.00 for the maximum allowed quantity of 4 shares to capitalize on the anticipated upward momentum. Given the previous periods' lack of transactions, taking an early position at this price remains a strategic choice to maximize potential gains."
speculative-v1-s140928,RA+MC+BT+PC+NT+OC,trader-10,NT,4,buy,2,2,1.3,0,,125.97,4,136.27,4,6.3,4.0,192.27,1.3,1.5,1.8,14.0,,"I feel optimistic about the market and believe there's potential for speculative demand. With my cash reserves, I'm willing to buy 2 shares at a limit of $1.30, anticipating that prices will rise as traders react to potential dividends and the overall market sentiment. Given past trends and my own forecasts, this seems like a reasonable entry point to increase my holdings while still being cautious about my cash balance."
speculative-v1-s140928,RA+MC+BT+PC+NT+OC,trader-11,MC,4,buy,2,2,1.75,2,1.28,125.97,4,135.58,6,6.17,6.0,219.58,1.75,2.0,14.0,14.0,,"Given the upward momentum in the market and my previous forecasts, I anticipate that the price will continue to rise. I'm forecasting $1.75 for the current period due to the building speculative interest. With $125.97 in cash, I can afford to buy 2 more shares at this price. This aligns with my strategy to capitalize on the momentum and increase my position before a potential rally continues."
speculative-v1-s140928,RA+MC+BT+PC+NT+OC,trader-00,RA,5,hold,0,0,0.0,0,,136.27,4,147.08,4,6.81,4.0,203.08,1.28,1.5,1.8,14.0,,"The current market price is $1.28 and my expected dividend value is $0.70, which indicates that shares may be overpriced at this moment. Given the latest transaction prices and my analysis, I believe that the price will increase to around $1.50 in 2 periods and $1.80 in 5 periods before reaching the terminal value of $14 in period 30. However, since I already hold 4 shares and the expected return does not exceed the 5% cash return compared to the market price, it is prudent to hold my current position rather than buy more at this overpriced level."
speculative-v1-s140928,RA+MC+BT+PC+NT+OC,trader-01,PC,5,sell,3,3,1.25,-3,1.38,136.27,4,148.43,1,7.02,1.0,162.43,1.28,1.4,1.5,14.0,,"Given that the market price has recently stabilized around $1.28, I expect a slight increase in the next two periods, forecasting $1.40. This aligns with the growing optimism regarding dividends and increased demand. I have 7 shares, and I will sell 3 shares at a limit price of $1.25 to take profits while still holding a substantial stake for future dividends and potential redemption value. This decision is part of my precommitted schedule to maximize wealth by taking advantage of market fluctuations."
speculative-v1-s140928,RA+MC+BT+PC+NT+OC,trader-02,RA,5,sell,4,4,1.2,-4,1.38,136.27,4,148.88,0,7.09,0.0,148.88,1.28,14.0,14.0,14.0,,"The current market price of $1.28 is significantly higher than my forecasted expected value of $0.70 for future dividends, creating an opportunity to sell my 4 shares. Selling at $1.20 allows me to take profits from the current market conditions, as it is still above my expected average return. Holding cash will also earn 5% interest, making it beneficial to liquidate my position at this point."
speculative-v1-s140928,RA+MC+BT+PC+NT+OC,trader-03,OC,5,buy,4,4,0.75,0,,136.27,4,147.08,4,6.81,4.0,203.08,1.0,1.2,1.4,14.0,,"I believe the market is still undervaluing these shares despite the recent price increase. My optimistic forecast suggests that the price will recover and continue to rise in the coming periods. I expect the price to reach $1.00 now, $1.20 in 2 periods, and eventually $1.40 in 5 periods before redemption at $14. Buying 4 more shares at $0.75 aligns with my strategy of capitalizing on perceived bargains, and I am confident that the market will recognize the value of these shares soon."
speculative-v1-s140928,RA+MC+BT+PC+NT+OC,trader-04,OC,5,buy,4,4,0.75,0,,136.27,4,147.08,4,6.81,4.0,203.08,1.28,1.5,2.0,14.0,,"Despite the previous periods showing no transaction at my buy limit of $0.75, I maintain my belief that these shares are undervalued. I expect that the market will recognize the value soon, and the potential for dividends and the terminal redemption value further support my decision to purchase more shares at this price. Buying 4 more shares aligns with my contrarian strategy, and I am confident that the price will recover."
speculative-v1-s140928,RA+MC+BT+PC+NT+OC,trader-05,BT,5,buy,4,4,1.2,0,,136.27,4,147.08,4,6.81,4.0,203.08,1.28,1.5,1.8,14.0,,"Given the recent price increase to $1.28, I anticipate that speculative demand will continue to drive prices higher. I forecast a price of around $1.50 in the next two periods and $1.80 in five periods. Therefore, I will place a buy order for 4 shares at a limit of $1.20, which I believe will capitalize on the anticipated upswing. This aligns with my exit strategy to sell before the peak of the bubble, allowing me to maximize my cash wealth."
speculative-v1-s140928,RA+MC+BT+PC+NT+OC,trader-06,NT,5,buy,4,4,1.7,4,1.38,135.58,6,146.56,10,6.5,10.0,286.56,1.5,2.0,5.0,14.0,,"I'm feeling optimistic about the market and believe that speculative demand will continue to rise. Given my cash availability and the previous trading patterns, I think a limit price of $1.70 is reasonable. I anticipate that others may be willing to pay more, especially as we move closer to the redemption value of $14. Buying 4 shares allows me to capitalize on potential price increases while using my available cash effectively."
speculative-v1-s140928,RA+MC+BT+PC+NT+OC,trader-07,BT,5,buy,4,4,1.25,0,,136.27,4,147.08,4,6.81,4.0,203.08,1.28,1.5,1.5,14.0,,"I anticipate a continued speculative upswing in demand for shares, especially given the recent price of 1.28. My forecast suggests a price increase to 1.50 in two periods, which is a solid opportunity for profit. By placing a buy order at 1.25, I can acquire shares slightly below the current market price, positioning myself to sell when demand peaks. My exit plan remains to sell when the price growth shows signs of slowing down, ideally before any rush to exit occurs."
speculative-v1-s140928,RA+MC+BT+PC+NT+OC,trader-08,PC,5,buy,4,4,1.25,0,,137.64,0,144.52,0,6.88,0.0,144.52,1.3,1.4,1.5,14.0,,"I believe the market is currently experiencing strong demand, reflected in the recent trading price of $1.28. Given the positive market sentiment and upcoming dividend distributions, I forecast that prices will continue to rise, reaching approximately $1.4 in two periods and $1.5 in five periods. Therefore, I am placing a buy order for 4 shares at a limit price of $1.25 to capitalize on this anticipated price increase while adhering to my precommitted schedule of buying additional shares in this period. This approach aims to maximize my final cash wealth by increasing my inventory at a favorable price."
speculative-v1-s140928,RA+MC+BT+PC+NT+OC,trader-09,MC,5,buy,3,3,1.5,1,1.38,136.27,4,146.63,5,6.74,5.0,216.63,1.28,1.5,2.0,14.0,,"Given the recent price of 1.28 and my momentum-chasing strategy, I anticipate further upward movement in price. I believe that the speculative interest will continue to build, and thus, I am willing to set my buy limit at $1.50 to take advantage of the potential rally. I will buy 3 shares, which aligns with my cash position after factoring in the interest earned and dividend received this period. This position allows me to capitalize on expected gains while managing my cash reserves effectively."
speculative-v1-s140928,RA+MC+BT+PC+NT+OC,trader-10,NT,5,buy,2,2,1.35,0,,136.27,4,147.08,4,6.81,4.0,203.08,1.3,1.5,1.8,14.0,,"I'm feeling optimistic about the market and believe there's potential for speculative demand. Given that my previous orders have not filled, I'm adjusting my limit to $1.35 to increase my chances of buying more shares at a slightly higher price. I anticipate that other traders might pay more as they react to potential dividends and overall market sentiment. By securing more shares now, I position myself for potential future price increases, especially with the redemption value of $14 looming."
speculative-v1-s140928,RA+MC+BT+PC+NT+OC,trader-11,MC,5,buy,2,2,1.75,2,1.38,135.58,6,147.46,8,6.64,8.0,259.46,1.5,1.75,14.0,14.0,,"Given the upward momentum in the market and the recent transaction price of $1.28, I believe that there is potential for further price increases in the near term. My forecast of $1.75 reflects my momentum-based approach, anticipating that traders will be willing to pay more as speculative interest builds. With $135.58 in cash, I can afford to buy 2 shares at this price, which aligns with my strategy to capitalize on upward price movements before the anticipated rally continues."
speculative-v1-s140928,RA+MC+BT+PC+NT+OC,trader-00,RA,6,sell,4,4,1.35,-4,1.55,147.08,4,160.94,0,7.66,0.0,160.94,1.38,1.5,1.8,14.0,,"The current market price is $1.38, and my expected transaction price in 2 periods is $1.50, while in 5 periods it is $1.80. Given that I hold 4 shares and the expected return from holding additional shares does not exceed the 5% cash return at the current market price, it is prudent to sell my shares at a limit of $1.35. This allows me to take profits before the market potentially corrects and the prices stabilize closer to the expected terminal value of $14 in period 30."
speculative-v1-s140928,RA+MC+BT+PC+NT+OC,trader-01,PC,6,sell,2,1,1.35,-1,1.55,148.43,1,157.48,0,7.5,0.0,157.48,1.28,1.4,1.5,14.0,,"Given that the market price has stabilized around $1.28 and my forecast indicates a slight increase to $1.40 in the next period, I believe selling 2 shares at a limit price of $1.35 will allow me to take profits while still retaining a position for future dividends. This decision is part of my precommitted schedule to maximize wealth by strategically taking advantage of market fluctuations and securing profits while anticipating continued demand."
speculative-v1-s140928,RA+MC+BT+PC+NT+OC,trader-02,RA,6,sell,4,0,1.2,0,,148.88,0,156.32,0,7.44,0.0,156.32,1.28,14.0,14.0,14.0,,"The current market price of $1.28 is still above my forecasted expected value of $0.70 for future dividends, providing an opportunity to sell my remaining shares at $1.20, which is profitable. This allows me to realize gains while maintaining cash for future investments, especially since the expected return from holding shares is not favorable compared to the cash return of 5%. By liquidating my position, I can take advantage of the higher market price and keep my cash growing through interest."
speculative-v1-s140928,RA+MC+BT+PC+NT+OC,trader-03,OC,6,buy,4,4,0.75,0,,147.08,4,156.03,4,7.35,1.6,212.03,1.4,1.6,1.8,14.0,,"I believe the market is still undervaluing these shares despite the recent price increase. My optimistic forecast suggests that the price will continue to rise in the coming periods, reaching $1.40 now, $1.60 in 2 periods, and $1.80 in 5 periods before redemption at $14. Buying 4 more shares at $0.75 aligns with my strategy of capitalizing on perceived bargains. I am confident that the market will recognize the value of these shares soon, and I want to take advantage of this opportunity while prices are low."
speculative-v1-s140928,RA+MC+BT+PC+NT+OC,trader-04,OC,6,buy,4,4,0.75,0,,147.08,4,156.03,4,7.35,1.6,212.03,1.38,1.5,2.0,14.0,,"I believe the market has consistently undervalued these shares, and despite previous periods showing no transactions at my buy limit of $0.75, my optimism about a price recovery remains strong. With the current market price at $1.38 and my forecasts predicting further increases, I see a significant opportunity to acquire more shares at a bargain price. My contrarian approach leads me to trust my optimistic assessment over the prevailing market sentiment, and I am confident that buying 4 more shares at this price will yield substantial returns as the market catches up to the true value of these shares."
speculative-v1-s140928,RA+MC+BT+PC+NT+OC,trader-05,BT,6,buy,4,4,1.4,0,,147.08,4,156.03,4,7.35,1.6,212.03,1.38,1.5,1.8,14.0,,"Given the recent increase in price to $1.38 and the ongoing speculative demand, I anticipate that prices will continue to rise, reaching around $1.50 in two periods and potentially $1.80 in five periods. By placing a buy order for 4 shares at a limit of $1.40, I hope to capitalize on the anticipated upswing before the bubble peaks. This aligns with my exit strategy to sell before the peak, allowing me to maximize my cash wealth."
speculative-v1-s140928,RA+MC+BT+PC+NT+OC,trader-06,NT,6,buy,4,4,1.8,4,1.55,146.56,10,152.98,14,7.02,5.6,348.98,1.5,2.0,5.0,14.0,,"I'm feeling optimistic that the market will continue to show speculative demand. Given that my previous forecasts have steadily increased and considering the potential dividends and the $14 redemption value, I believe a limit price of $1.80 is a reasonable bet. I want to capitalize on this upswing by buying 4 more shares, as I have sufficient cash available. This aligns with my hunch that prices could rise in the near future."
speculative-v1-s140928,RA+MC+BT+PC+NT+OC,trader-07,BT,6,buy,2,2,1.5,0,,147.08,4,156.03,4,7.35,1.6,212.03,1.38,1.5,1.5,14.0,,"I anticipate that the price will continue to rise, especially with the recent increase to $1.38. Forecasting a price of $1.50 in two periods aligns with my strategy of capitalizing on the speculative upswing. By buying 2 shares at $1.50, I position myself to profit from future price increases while still holding enough cash for potential further trades. My exit plan remains to sell before the peak, locking in profits as the demand slows down."
speculative-v1-s140928,RA+MC+BT+PC+NT+OC,trader-08,PC,6,buy,4,4,1.25,0,,144.52,0,151.75,0,7.23,0.0,151.75,1.38,1.5,1.6,14.0,,"The market is currently experiencing strong demand, and my forecasts indicate a rise in price to approximately $1.5 in the next period and $1.6 in five periods. Given my precommitted strategy to buy in this period, I will place a buy order for 4 shares at a limit price of $1.25 to capitalize on this anticipated price increase. This approach aligns with my goal of maximizing final cash wealth by increasing my inventory at a favorable price."
speculative-v1-s140928,RA+MC+BT+PC+NT+OC,trader-09,MC,6,buy,3,3,1.5,0,,146.63,5,155.96,5,7.33,2.0,225.96,1.5,2.0,2.0,14.0,,"Given the recent price trend moving upward, I believe the market will continue to build momentum. With the last transaction price at $1.38 and my forecast of $1.5 for the current period, I will place a buy order at $1.50 for 3 shares, as my cash position allows for this and aligns with my strategy as a momentum chaser. This positions me to capitalize on the anticipated rally while maintaining a significant cash reserve."
speculative-v1-s140928,RA+MC+BT+PC+NT+OC,trader-10,NT,6,buy,2,2,1.4,0,,147.08,4,156.03,4,7.35,1.6,212.03,1.4,1.5,1.8,14.0,,"I'm feeling optimistic about the market and believe there's potential for speculative demand to drive prices upwards. Given the recent trend of rising prices, I anticipate that traders may be willing to pay around $1.40 for additional shares. By placing a buy order for 2 shares at this price, I can increase my holdings while still being mindful of my cash reserves. My forecasts indicate continued price appreciation, especially with the redemption value of $14 in mind."
speculative-v1-s140928,RA+MC+BT+PC+NT+OC,trader-11,MC,6,buy,2,2,1.75,1,1.55,147.46,8,156.81,9,7.3,3.6,282.81,1.5,1.75,14.0,14.0,,"I anticipate that the market will continue to show upward momentum, especially after the recent transaction prices of $1.28 and $1.38. My forecast of $1.75 for the current period reflects my belief that speculative interest will keep building, allowing me to capitalize on potential price increases. I have $135.58 in cash which allows me to buy 2 shares at this price, further increasing my position before a potential rally continues."
speculative-v1-s140928,RA+MC+BT+PC+NT+OC,trader-00,RA,7,buy,3,3,1.55,0,,160.94,0,168.99,0,8.05,0.0,168.99,1.55,1.8,14.0,14.0,,"The current market price of $1.55 is aligned with my forecast for the next period of $1.80, indicating potential for appreciation. Since I have $1872.39 in cash, I can afford to buy 3 shares at this price, totaling $4.65. This investment is advantageous compared to the 5% cash return, as the expected return from holding these shares exceeds that return. Given the terminal redemption value of $14 per share in period 30, this purchase positions me favorably for future gains."
speculative-v1-s140928,RA+MC+BT+PC+NT+OC,trader-01,PC,7,sell,2,0,1.5,0,,157.48,0,165.35,0,7.87,0.0,165.35,1.55,1.6,1.75,14.0,,"Given the recent price stabilization around $1.55 and my forecast indicating a slight increase to $1.60 in the next period, I will sell 2 shares at a limit price of $1.50. This decision aligns with my precommitted schedule to take profits while still retaining shares for future dividends and potential redemption value. Selling now allows me to capitalize on the current demand before prices potentially drop or stabilize."
speculative-v1-s140928,RA+MC+BT+PC+NT+OC,trader-02,RA,7,sell,0,0,0.0,0,,156.32,0,164.14,0,7.82,0.0,164.14,1.55,14.0,14.0,14.0,active orders require positive price and quantity,"Given that the current market price of $1.55 is above my forecast for future dividends, I will not sell at this time since I have no shares left. I will continue to hold cash, which is currently earning 5% interest. I expect the asset to redeem at $14.00 after period 30, so I will wait for better trading opportunities in future periods while monitoring the market for favorable buy/sell conditions."
speculative-v1-s140928,RA+MC+BT+PC+NT+OC,trader-03,OC,7,buy,4,4,0.75,0,,156.03,4,165.43,4,7.8,1.6,221.43,1.6,1.8,1.9,14.0,,"I believe the market is still undervaluing these shares despite the recent price increases. My optimistic forecast suggests the price will continue to rise, and I expect a recovery to $1.60 now, $1.80 in 2 periods, and $1.90 in 5 periods before redemption at $14. Buying 4 more shares at $0.75 aligns with my strategy of capitalizing on perceived bargains, and I am confident that as the market recognizes the value of these shares, my holdings will significantly increase in worth."
speculative-v1-s140928,RA+MC+BT+PC+NT+OC,trader-04,OC,7,buy,4,4,1.55,0,,156.03,4,165.43,4,7.8,1.6,221.43,1.55,1.8,2.0,14.0,,"I believe that the market has not fully recognized the value of these shares, and with the current market price at $1.55, I see it as an opportunity to buy more. My optimistic forecasts suggest that the price will rise to $1.80 in 2 periods and $2.00 in 5 periods, with the possibility of reaching the terminal redemption value of $14.00. Given my previous purchasing strategy and confidence in the recovery of these shares, I will buy 4 more shares at the current market price."
speculative-v1-s140928,RA+MC+BT+PC+NT+OC,trader-05,BT,7,buy,4,4,1.6,0,,156.03,4,165.43,4,7.8,1.6,221.43,1.55,1.8,1.9,14.0,,"Given the recent price increase to $1.55 and the anticipated continued speculative demand, I expect prices to rise to around $1.80 in two periods and potentially $1.90 in five periods. I will place a buy order for 4 shares at a limit of $1.60, which I believe will capitalize on the anticipated upswing before the bubble peaks. This aligns with my exit strategy to sell before the peak, allowing me to maximize my cash wealth."
speculative-v1-s140928,RA+MC+BT+PC+NT+OC,trader-06,NT,7,buy,4,4,1.9,0,,152.98,14,166.23,14,7.65,5.6,362.23,1.6,2.0,5.0,14.0,,"I'm feeling optimistic about the market's continued speculative demand. My previous purchases have been at prices that reflect rising enthusiasm, and I believe that others may be willing to pay more than the current market price. Given the potential for dividends and the eventual redemption value of $14, buying 4 shares at a limit of $1.90 seems like a reasonable bet. I anticipate that prices may rise in the near future, and I want to capitalize on this opportunity."
speculative-v1-s140928,RA+MC+BT+PC+NT+OC,trader-07,BT,7,buy,2,2,1.6,0,,156.03,4,165.43,4,7.8,1.6,221.43,1.55,1.75,1.9,14.0,,"Given the recent price increase to $1.55, I anticipate continued demand leading to a further rise in price. I forecast the price will reach $1.75 in two periods and $1.90 in five periods, aligning with my strategy as a bubble timer. By placing a buy order at $1.60, I can acquire shares just above the current price, positioning myself for profit later. My exit plan remains to sell before the peak when I observe any signs of slowing demand."
speculative-v1-s140928,RA+MC+BT+PC+NT+OC,trader-08,PC,7,buy,4,4,1.5,0,,151.75,0,159.34,0,7.59,0.0,159.34,1.55,1.6,1.7,14.0,,"I believe the market is continuing to show strong demand, and the price is likely to rise to about $1.6 in two periods and $1.7 in five periods. To capitalize on this anticipated growth, I will place a buy order for 4 shares at a limit price of $1.50. This aligns with my precommitted strategy of buying in this period, as I aim to increase my inventory at a favorable price while maximizing my final cash wealth."
speculative-v1-s140928,RA+MC+BT+PC+NT+OC,trader-09,MC,7,buy,3,3,1.75,0,,155.96,5,165.76,5,7.8,2.0,235.76,1.55,1.75,2.0,14.0,,"With the price currently at 1.55 and a positive trend in the last few periods, I anticipate that the momentum will continue to build. My forecasts indicate that the price could reach 1.75 in the near term. As a momentum chaser, I'm willing to buy 3 shares at this limit to capitalize on the expected price increase and maximize my cash wealth. This fits my strategy of increasing my position in a rising market."
speculative-v1-s140928,RA+MC+BT+PC+NT+OC,trader-10,NT,7,buy,2,2,1.6,0,,156.03,4,165.43,4,7.8,1.6,221.43,1.6,1.8,2.0,14.0,,"I'm feeling optimistic about the market and believe that speculative demand will push prices higher in the near future. My cash reserves allow me to buy 2 shares at a limit of $1.60, which I think is a reasonable entry point given the recent upward price trend. With the potential for dividends and the redemption value of $14 at the end, I want to increase my share holdings now before prices potentially rise further."
speculative-v1-s140928,RA+MC+BT+PC+NT+OC,trader-11,MC,7,buy,2,2,1.75,0,,156.81,9,168.25,9,7.84,3.6,294.25,1.75,2.0,14.0,14.0,,"Given the recent upward momentum in the market and the last transaction price of $1.55, I believe that the price will continue to rise. My forecast of $1.75 reflects this optimism and momentum-chasing behavior. With $156.81 in cash, I can afford to buy 2 shares at this price, which aligns with my strategy to capitalize on potential price increases before the anticipated rally continues."
speculative-v1-s140928,RA+MC+BT+PC+NT+OC,trader-00,RA,8,buy,3,3,1.55,0,,168.99,0,177.44,0,8.45,0.0,177.44,1.55,1.8,14.0,14.0,,"The current market price is $1.55, which aligns with my forecast for the next period of $1.80, indicating potential for appreciation. Given I have $1985.21 in cash, I can afford to buy 3 shares at this price, totaling $4.65. This investment is advantageous compared to the 5% cash return, as the expected return from holding these shares exceeds that return. With the terminal redemption value of $14 per share in period 30, this purchase positions me favorably for future gains."
speculative-v1-s140928,RA+MC+BT+PC+NT+OC,trader-01,PC,8,sell,2,0,1.55,0,,165.35,0,173.62,0,8.27,0.0,173.62,1.55,1.6,1.75,14.0,,"Given the recent market price stabilization around $1.55 and my forecast indicating a slight increase to $1.60 in the next period, I will sell 2 shares at a limit price of $1.55. This decision aligns with my precommitted schedule to take profits while still retaining shares for future dividends and potential redemption value. Selling now allows me to capitalize on the current demand before prices potentially drop or stabilize."
speculative-v1-s140928,RA+MC+BT+PC+NT+OC,trader-02,RA,8,buy,4,4,1.4,0,,164.14,0,172.35,0,8.21,0.0,172.35,1.55,1.4,1.2,14.0,,"The current market price of $1.55 is approaching my expected future dividend value, but it is still significantly higher than my forecasted value of $1.20 for future periods. I anticipate a slight decrease in market price over the next couple of periods, so I will place a buy order at $1.40 for 4 shares, taking advantage of the potential for future resale and the expected terminal redemption of $14 after period 30. This provides a good opportunity for a profitable investment while my cash continues to earn interest."
speculative-v1-s140928,RA+MC+BT+PC+NT+OC,trader-03,OC,8,buy,4,4,0.75,0,,165.43,4,177.7,4,8.27,4.0,233.7,1.6,1.8,1.9,14.0,,"I believe the market is still undervaluing these shares, and my optimistic forecast indicates that the price will continue to rise. I expect a recovery to $1.60 now, $1.80 in 2 periods, and $1.90 in 5 periods before redemption at $14. Buying 4 more shares at $0.75 aligns with my strategy of capitalizing on perceived bargains. I am confident that as the market recognizes the value of these shares, my holdings will significantly increase in worth."
speculative-v1-s140928,RA+MC+BT+PC+NT+OC,trader-04,OC,8,buy,4,4,1.55,0,,165.43,4,177.7,4,8.27,4.0,233.7,1.55,1.8,2.0,14.0,,"I believe that the market has undervalued these shares, and with the current market price at $1.55, I view this as an opportunity to buy more at what I perceive to be a bargain price. My optimistic forecasts suggest that the price will rise to $1.80 in 2 periods and $2.00 in 5 periods, with the potential for significant appreciation as the market recognizes the true value of these shares over the long term. Given my confidence in recovery and the potential for dividends, I will buy 4 more shares at the current market price."
speculative-v1-s140928,RA+MC+BT+PC+NT+OC,trader-05,BT,8,buy,4,4,1.6,0,,165.43,4,177.7,4,8.27,4.0,233.7,1.6,1.8,1.9,14.0,,"Given my anticipation of continued speculative demand, I believe the price will rise to around $1.80 in two periods and $1.90 in five periods. My current cash position allows me to place a buy order for 4 shares at a limit of $1.60. This aligns with my strategy to capitalize on the speculative upswing and sell before any potential peak, maximizing my final cash wealth."
speculative-v1-s140928,RA+MC+BT+PC+NT+OC,trader-06,NT,8,buy,4,4,2.0,0,,166.23,14,188.54,14,8.31,14.0,384.54,1.6,2.0,5.0,14.0,,"I'm feeling optimistic about the market and believe that speculative demand will continue to rise. Given my previous experience and the potential for dividends and the eventual redemption value of $14, I think this is a good time to buy more shares. With my cash available, I anticipate that others may be willing to pay more than my limit of $2.00 in the near future, allowing me to capitalize on potential price increases."
speculative-v1-s140928,RA+MC+BT+PC+NT+OC,trader-07,BT,8,buy,2,2,1.7,0,,165.43,4,177.7,4,8.27,4.0,233.7,1.6,1.75,1.9,14.0,,"I anticipate a continued rise in price based on the recent patterns, forecasting the price to reach $1.75 in two periods and $1.90 in five periods. Buying 2 shares at $1.70 will allow me to capitalize on the speculative upswing while maintaining enough cash for potential future trades. My exit plan remains to sell before the peak when I observe any signs of slowing demand."
speculative-v1-s140928,RA+MC+BT+PC+NT+OC,trader-08,PC,8,buy,4,4,1.5,0,,159.34,0,167.31,0,7.97,0.0,167.31,1.6,1.7,1.8,14.0,,"I believe that the market will continue to show strong demand, with prices expected to rise to around $1.6 in the next period and $1.7 in two periods. Following my precommitted strategy, I will place a buy order for 4 shares at a limit price of $1.50 to capitalize on this anticipated growth. This decision aligns with my goal of maximizing final cash wealth by increasing my inventory at a favorable price."
speculative-v1-s140928,RA+MC+BT+PC+NT+OC,trader-09,MC,8,buy,3,3,1.75,0,,165.76,5,179.05,5,8.29,5.0,249.05,1.55,1.75,2.0,14.0,,"Given the current price of 1.55 and my optimistic outlook as a momentum chaser, I believe the price will continue to rise, reaching at least 1.75 in the near term. I will place a buy order for 3 shares at this limit to capitalize on the anticipated upward momentum. This aligns with my strategy of increasing my position in a rising market while managing my cash effectively."
speculative-v1-s140928,RA+MC+BT+PC+NT+OC,trader-10,NT,8,buy,2,2,1.65,0,,165.43,4,177.7,4,8.27,4.0,233.7,1.6,1.8,2.0,14.0,,"I'm feeling optimistic about the potential for speculative demand in the market. Despite my previous orders not filling, I believe that the upward trend in prices will continue. I think traders are likely to pay around $1.65 in the near future, so I'm placing a buy order for 2 additional shares to capitalize on this optimism. My forecast reflects a continued rise in market sentiment and the potential for higher dividends, especially with the redemption value of $14 looming."
speculative-v1-s140928,RA+MC+BT+PC+NT+OC,trader-11,MC,8,buy,2,2,1.75,0,,168.25,9,185.66,9,8.41,9.0,311.66,1.75,2.0,14.0,14.0,,"Given the recent upward momentum in the market, with the last transaction price at 1.55, I anticipate that prices will continue to rise. My forecast of 1.75 reflects this optimism and my momentum-chasing behavior. I have sufficient cash to buy 2 more shares at this price, which aligns with my strategy to capitalize on potential price increases before the anticipated rally continues."
speculative-v1-s140928,RA+MC+BT+PC+NT+OC,trader-00,RA,9,buy,3,3,1.55,0,,177.44,0,186.31,0,8.87,0.0,186.31,1.55,1.8,14.0,14.0,,"The current market price of $1.55 aligns with my forecast for the next period of $1.80, indicating a potential for appreciation. With $1985.21 in cash, I can afford to buy 3 shares at $1.55 each, totaling $4.65. This investment is favorable compared to the 5% cash return, as the expected return from holding these shares exceeds that return. Additionally, the terminal redemption value of $14 per share in period 30 presents a strong incentive to acquire more shares now."
speculative-v1-s140928,RA+MC+BT+PC+NT+OC,trader-01,PC,9,sell,2,0,1.55,0,,173.62,0,182.3,0,8.68,0.0,182.3,1.55,1.6,1.75,14.0,,"Given the recent market price stabilization around $1.55 and my forecast indicating a slight increase to $1.60 in the next period, I will sell 2 shares at a limit price of $1.55. This decision aligns with my precommitted schedule to take profits while still retaining shares for future dividends and potential redemption value. Selling now allows me to capitalize on the current demand before prices potentially drop or stabilize."
speculative-v1-s140928,RA+MC+BT+PC+NT+OC,trader-02,RA,9,buy,4,4,1.4,0,,172.35,0,180.97,0,8.62,0.0,180.97,1.4,1.2,14.0,14.0,,"The current market price of $1.55 is slightly above my forecasted value of $1.40, but given the potential for future dividends and the redemption value of $14, I see an opportunity to buy 4 shares at $1.40. This represents a reasonable entry point since the expected future dividends outweigh the cash return. Additionally, holding shares provides the possibility of earning dividends in the upcoming periods while positioning myself for a profitable resale closer to the redemption date."
speculative-v1-s140928,RA+MC+BT+PC+NT+OC,trader-03,OC,9,buy,4,4,0.75,0,,177.7,4,188.19,4,8.89,1.6,244.19,1.6,1.8,1.9,14.0,,"I believe the market continues to undervalue these shares, and my optimistic forecast indicates that the price will rise further. I expect a recovery to $1.60 now, $1.80 in 2 periods, and $1.90 in 5 periods before redemption at $14. Buying 4 more shares at $0.75 aligns with my strategy of capitalizing on perceived bargains, and I am confident that the market will soon recognize the true value of these shares."
speculative-v1-s140928,RA+MC+BT+PC+NT+OC,trader-04,OC,9,buy,4,4,1.55,0,,177.7,4,188.19,4,8.89,1.6,244.19,1.55,1.8,2.0,14.0,,"I believe the market has not fully recognized the value of these shares at the current price of $1.55, which is still below my optimistic forecast. With my confidence in the potential for price recovery and appreciation from other traders recognizing the value, I will buy 4 more shares at this price. This aligns with my contrarian strategy, and I am convinced that holding onto these shares will yield substantial returns in the future."
speculative-v1-s140928,RA+MC+BT+PC+NT+OC,trader-05,BT,9,buy,4,4,1.6,0,,177.7,4,188.19,4,8.89,1.6,244.19,1.6,1.8,1.9,14.0,,"Given my anticipation of continued speculative demand and the recent price trends, I believe the price will rise to around $1.80 in two periods and potentially $1.90 in five periods. My current cash position allows me to place a buy order for 4 shares at a limit of $1.60, which aligns with my strategy to capitalize on the speculative upswing and sell before any potential peak, maximizing my final cash wealth."
speculative-v1-s140928,RA+MC+BT+PC+NT+OC,trader-06,NT,9,buy,4,4,2.2,0,,188.54,14,203.57,14,9.43,5.6,399.57,2.0,2.5,5.0,14.0,,"I'm feeling optimistic about the market and believe that speculative demand will continue to increase. My previous purchases indicate a trend of rising prices, and with the potential for dividends and the $14 redemption value approaching, I want to seize this opportunity to buy more shares. Setting a limit price of $2.20 allows me to capitalize on the anticipated upward movement while still being cautious about my cash reserves."
speculative-v1-s140928,RA+MC+BT+PC+NT+OC,trader-07,BT,9,buy,2,2,1.7,0,,177.7,4,188.19,4,8.89,1.6,244.19,1.7,1.75,1.9,14.0,,"I believe the price will continue to rise based on the recent upward trend, forecasting it to reach $1.75 in two periods and $1.90 in five periods. By placing a buy order for 2 shares at $1.70, I am positioning myself to capitalize on this speculative upswing while still retaining enough cash for potential future trades. My exit plan is to sell before the peak when I observe any signs of slowing demand."
speculative-v1-s140928,RA+MC+BT+PC+NT+OC,trader-08,PC,9,buy,4,4,1.5,0,,167.31,0,175.68,0,8.37,0.0,175.68,1.55,1.6,1.7,14.0,,"Based on the current market sentiment and my previous trading observations, I believe the price is likely to remain around $1.55 in this period. I anticipate that the price will rise to approximately $1.6 in two periods and $1.7 in five periods, as traders react positively to the dividends and the overall market demand. Following my precommitted strategy to buy in Period 8, I will place a buy order for 4 shares at a limit price of $1.50. This aligns with my goal of maximizing final cash wealth by increasing my inventory at a favorable price while managing my risk in anticipation of future price increases."
speculative-v1-s140928,RA+MC+BT+PC+NT+OC,trader-09,MC,9,buy,3,3,1.75,0,,179.05,5,190.0,5,8.95,2.0,260.0,1.75,2.0,2.0,14.0,,"With the current price at 1.55 and my optimistic outlook as a momentum chaser, I believe the price will continue to rise, potentially reaching 2.0 in the near term. I will place a buy order for 3 shares at a limit of 1.75 to capitalize on the anticipated upward momentum. This aligns with my strategy of increasing my position in a rising market while effectively managing my cash reserves."
speculative-v1-s140928,RA+MC+BT+PC+NT+OC,trader-10,NT,9,buy,2,2,1.7,0,,177.7,4,188.19,4,8.89,1.6,244.19,1.65,1.8,2.0,14.0,,"I'm feeling optimistic about the potential for speculative demand in the market. Given that my previous orders haven’t filled and the market has shown signs of upward movement, I believe that traders might start paying more, especially with the dividends and the redemption value of $14 in mind. Setting my buy limit at $1.70 allows me to secure 2 additional shares while still being cautious about my cash reserves. I anticipate that the price will continue to rise in the near future based on the sentiment of other traders."
speculative-v1-s140928,RA+MC+BT+PC+NT+OC,trader-11,MC,9,buy,2,2,1.75,0,,185.66,9,198.54,9,9.28,3.6,324.54,1.75,2.0,14.0,14.0,,"Given the recent upward momentum in the market, with the last transaction price at 1.55 and my previous forecasts, I believe that prices will continue to rise. I am forecasting $1.75 for the current period due to my optimism and momentum-chasing behavior. I have sufficient cash to buy 2 more shares at this price, which aligns with my strategy to capitalize on potential price increases before the anticipated rally continues."
speculative-v1-s140928,RA+MC+BT+PC+NT+OC,trader-00,RA,10,buy,3,3,1.55,0,,186.31,0,195.63,0,9.32,0.0,195.63,1.55,1.8,14.0,14.0,,"The current market price of $1.55 aligns with my forecast for the next period of $1.80, indicating potential for appreciation. With $2258.32 in cash, I can afford to buy 3 shares at $1.55 each, totaling $4.65. This investment is advantageous compared to the 5% cash return, as the expected return from holding these shares exceeds that return, especially considering the terminal redemption value of $14 per share in period 30."
speculative-v1-s140928,RA+MC+BT+PC+NT+OC,trader-01,PC,10,sell,2,0,1.55,0,,182.3,0,191.42,0,9.12,0.0,191.42,1.55,1.6,1.75,14.0,,"Given that the market price has stabilized around $1.55, and I forecast a slight increase to $1.60 in the next period, I will sell 2 shares at a limit price of $1.55. This decision aligns with my precommitted schedule to take profits while retaining shares for future dividends and potential redemption value. Selling now allows me to capitalize on the current demand before prices potentially drop or stabilize. I want to maximize my cash wealth by securing profits at this price point."
speculative-v1-s140928,RA+MC+BT+PC+NT+OC,trader-02,RA,10,hold,0,0,0.0,0,,180.97,0,190.02,0,9.05,0.0,190.02,1.55,1.4,1.2,14.0,,"The current market price of $1.55 is not favorable for buying, as it is above my expected future values of $1.40 and $1.20 for the next periods. Given my cash of $180.97 earning 5% interest, holding cash is more advantageous than buying shares at the current price. I will continue to monitor the market for potential buying opportunities as we approach later periods."
speculative-v1-s140928,RA+MC+BT+PC+NT+OC,trader-03,OC,10,buy,4,4,0.75,0,,188.19,4,201.6,4,9.41,4.0,257.6,1.6,1.8,1.9,14.0,,"I believe the market is still undervaluing these shares, and my forecast indicates that the price will continue to rise. Given my optimistic outlook, I expect to see a recovery to $1.60 now, $1.80 in 2 periods, and $1.90 in 5 periods, before the shares are redeemed at $14. Buying 4 more shares at $0.75 aligns with my strategy of capitalizing on perceived bargains, especially after observing no transactions in the previous periods. I am confident that as the market recognizes the value of these shares, my holdings will significantly increase in worth."
speculative-v1-s140928,RA+MC+BT+PC+NT+OC,trader-04,OC,10,buy,4,4,1.55,0,,188.19,4,201.6,4,9.41,4.0,257.6,1.55,1.8,2.0,14.0,,"I believe the market continues to undervalue these shares at the current price of $1.55. My optimistic forecasts suggest that the price will rise to $1.80 in 2 periods and $2.00 in 5 periods, with the potential for significant appreciation as the market recognizes the true value of these shares over the long term. Given my confidence in recovery and the potential for dividends, I am willing to buy 4 more shares at this price to capitalize on the market's eventual correction."
speculative-v1-s140928,RA+MC+BT+PC+NT+OC,trader-05,BT,10,buy,4,4,1.6,0,,188.19,4,201.6,4,9.41,4.0,257.6,1.6,1.8,1.9,14.0,,"Given the continued speculative demand in the market and the recent price trends, I believe that prices are likely to rise to around $1.80 in two periods and potentially $1.90 in five periods. I have sufficient cash to place a buy order for 4 shares at a limit of $1.60. This aligns with my strategy to capitalize on the speculative upswing and sell before any potential peak, ensuring I maximize my final cash wealth."
speculative-v1-s140928,RA+MC+BT+PC+NT+OC,trader-06,NT,10,buy,4,4,2.4,0,,203.57,14,227.75,14,10.18,14.0,423.75,2.2,2.5,5.0,14.0,,"I'm feeling optimistic about the market and believe that speculative demand is likely to continue increasing. The recent price trends suggest that others may be willing to pay more for shares, especially with the potential for dividends and the upcoming redemption value of $14. By placing a buy order at a limit price of $2.40, I aim to capitalize on this positive sentiment while using my available cash effectively. I have the capacity to buy 4 more shares, which I believe will enhance my final cash wealth as prices rise."
speculative-v1-s140928,RA+MC+BT+PC+NT+OC,trader-07,BT,10,buy,2,2,1.7,0,,188.19,4,201.6,4,9.41,4.0,257.6,1.7,1.75,1.9,14.0,,"I believe the price will continue to rise based on the recent upward trend, forecasting it to reach $1.75 in two periods and $1.90 in five periods. By placing a buy order for 2 shares at $1.70, I am positioning myself to capitalize on this speculative upswing while still retaining enough cash for potential future trades. My exit plan remains to sell before the peak when I observe any signs of slowing demand."
speculative-v1-s140928,RA+MC+BT+PC+NT+OC,trader-08,PC,10,buy,4,4,1.5,0,,175.68,0,184.46,0,8.78,0.0,184.46,1.55,1.6,1.7,14.0,,"Based on the current market sentiment and previous observations, I believe the price will remain stable around $1.55. I anticipate a slight increase in the coming periods, reaching approximately $1.6 in the next period and $1.7 in five periods. Following my precommitted schedule, I will place a buy order for 4 shares at a limit price of $1.50 to capitalize on this anticipated price growth. This approach aims to maximize my final cash wealth by increasing my inventory at a favorable price."
speculative-v1-s140928,RA+MC+BT+PC+NT+OC,trader-09,MC,10,buy,3,3,1.75,0,,190.0,5,204.5,5,9.5,5.0,274.5,1.75,2.0,2.0,14.0,,"With the current price at 1.55 and a positive upward trend, I believe the momentum will continue, leading to a forecast of at least 1.75 in the near term. As a momentum chaser, I want to capitalize on this potential price increase by placing a buy order for 3 shares at my limit of 1.75. This aligns with my belief that speculative interest will continue to build, and I want to increase my position accordingly."
speculative-v1-s140928,RA+MC+BT+PC+NT+OC,trader-10,NT,10,buy,2,2,1.75,0,,188.19,4,201.6,4,9.41,4.0,257.6,1.7,1.8,2.0,14.0,,"I'm feeling optimistic about the market and believe that speculative demand will continue to drive prices higher. Given the recent upward trend and my previous orders not filling, I'm setting my buy limit at $1.75 to secure 2 more shares before prices potentially rise further. My forecasts indicate continued sentiment growth, especially with the redemption value of $14 at the end of the trading period."
speculative-v1-s140928,RA+MC+BT+PC+NT+OC,trader-11,MC,10,buy,2,2,1.75,0,,198.54,9,217.47,9,9.93,9.0,343.47,1.75,2.0,14.0,14.0,,"Given the recent upward momentum in the market and the last transaction price of $1.55, I believe that prices will continue to rise. My forecast of $1.75 reflects this optimism and my momentum-chasing behavior. I have sufficient cash to buy 2 more shares at this price, which aligns with my strategy to capitalize on potential price increases before the anticipated rally continues."
speculative-v1-s140928,RA+MC+BT+PC+NT+OC,trader-00,RA,11,buy,3,3,1.55,0,,195.63,0,205.41,0,9.78,0.0,205.41,1.55,1.8,14.0,14.0,,"The current market price of $1.55 aligns with my forecast for the next period of $1.80, indicating potential for appreciation. I have $2419.25 in cash and can afford to buy 3 shares at this price, totaling $4.65. This investment is favorable compared to the 5% cash return, as the expected return from holding these shares exceeds that return, especially considering the terminal redemption value of $14 per share in period 30. This strategy positions me well for future gains."
speculative-v1-s140928,RA+MC+BT+PC+NT+OC,trader-01,PC,11,sell,2,0,1.55,0,,191.42,0,200.99,0,9.57,0.0,200.99,1.55,1.6,1.75,14.0,,"Currently, the market price has stabilized around $1.55, and I expect a slight increase to $1.60 in the next period. Given that I have been following a precommitted schedule to take profits, I will sell 2 shares at a limit price of $1.55. This aligns with my strategy of maximizing cash wealth by securing profits while still retaining shares for future dividends and potential redemption value. Selling now allows me to capitalize on the current demand before prices potentially drop or stabilize."
speculative-v1-s140928,RA+MC+BT+PC+NT+OC,trader-02,RA,11,hold,0,0,0.0,0,,190.02,0,199.52,0,9.5,0.0,199.52,1.55,1.4,1.2,14.0,,"Given the current market price of $1.55, it is above my forecasted values for the next periods ($1.40 and $1.20). Since I have no shares to sell, holding my cash is more advantageous at this time, allowing it to earn 5% interest. I will continue to monitor the market for future buying opportunities as we approach the redemption value of $14 at the end of the trading period."
speculative-v1-s140928,RA+MC+BT+PC+NT+OC,trader-03,OC,11,buy,4,4,0.75,0,,201.6,4,213.28,4,10.08,1.6,269.28,1.6,1.8,1.9,14.0,,"I believe the market is still underestimating the potential of these shares. My confident forecast suggests a recovery to $1.60 in the current period, with further increases to $1.80 in 2 periods and $1.90 in 5 periods, before redemption at $14.00. Given my strategy as an overconfident contrarian, I see this as an opportunity to buy 4 more shares at $0.75, capitalizing on perceived bargains while the market has yet to recognize their true value."
speculative-v1-s140928,RA+MC+BT+PC+NT+OC,trader-04,OC,11,buy,4,4,1.55,0,,201.6,4,213.28,4,10.08,1.6,269.28,1.55,1.8,2.0,14.0,,"I believe the market has undervalued these shares at the current price of $1.55. My optimistic forecasts suggest that the price will rise to $1.80 in 2 periods and $2.00 in 5 periods, with the potential for significant appreciation as the market recognizes the true value of these shares over the long term. I trust my assessment and see this as a valuable opportunity to buy more shares at what I perceive to be a bargain price, aligning with my contrarian strategy and confidence in recovery."
speculative-v1-s140928,RA+MC+BT+PC+NT+OC,trader-05,BT,11,buy,4,4,1.6,0,,201.6,4,213.28,4,10.08,1.6,269.28,1.6,1.8,1.9,14.0,,"I anticipate continued speculative demand in the market, leading to a price increase to around $1.80 in two periods and potentially $1.90 in five periods. Given my current cash position and the ongoing price trends, I will place a buy order for 4 shares at a limit of $1.60. This aligns with my strategy to capitalize on the speculative upswing and sell before any potential peak, ensuring I maximize my final cash wealth."
speculative-v1-s140928,RA+MC+BT+PC+NT+OC,trader-06,NT,11,buy,4,4,2.5,0,,227.75,14,244.74,14,11.39,5.6,440.74,2.4,2.5,5.0,14.0,,"I'm feeling optimistic about the speculative demand in the market and believe that prices could rise further. With my previous forecasts showing an upward trend and the potential for dividends and the redemption value of $14, I think setting a buy limit at $2.50 is reasonable. I want to capitalize on the anticipated price increase while utilizing my available cash effectively."
speculative-v1-s140928,RA+MC+BT+PC+NT+OC,trader-07,BT,11,buy,2,2,1.7,0,,201.6,4,213.28,4,10.08,1.6,269.28,1.7,1.75,1.9,14.0,,"I anticipate that the price will continue to rise based on recent trends and forecasts. I believe the price will reach $1.75 in two periods and $1.90 in five periods, making this a good opportunity to buy more shares at $1.70. This aligns with my strategy as a bubble timer, allowing me to capitalize on the speculative upswing while retaining some cash for future trades. I plan to sell before any signs of demand slowing down to secure profits."
speculative-v1-s140928,RA+MC+BT+PC+NT+OC,trader-08,PC,11,buy,4,4,1.5,0,,184.46,0,193.68,0,9.22,0.0,193.68,1.55,1.6,1.7,14.0,,"I believe the market demand is still strong, and the price is likely to be around $1.55 now, with an anticipated rise to $1.6 in two periods and $1.7 in five periods. I will continue with my precommitted strategy to buy 4 shares at a limit price of $1.50 this period. This decision aligns with my goal of maximizing my final cash wealth by increasing my inventory at a favorable price, as I expect prices to continue to rise based on market sentiment and upcoming dividends."
speculative-v1-s140928,RA+MC+BT+PC+NT+OC,trader-09,MC,11,buy,3,3,1.75,0,,204.5,5,216.73,5,10.23,2.0,286.73,1.75,2.0,2.0,14.0,,"Given the recent price trend and my momentum-chasing strategy, I believe the price will continue to rise, reaching at least $1.75 in the near term. This aligns with my expectation of building speculative interest in the market. I will place a buy order for 3 shares at this limit to capitalize on the anticipated upward momentum."
speculative-v1-s140928,RA+MC+BT+PC+NT+OC,trader-10,NT,11,buy,2,2,1.8,0,,201.6,4,213.28,4,10.08,1.6,269.28,1.8,2.0,2.5,14.0,,"I'm feeling optimistic about the continued potential for speculative demand in the market. Given the upward trend I've observed, I believe traders may be willing to pay around $1.80 for shares in the near future. With my cash reserves, I can afford to buy 2 additional shares at this price, which aligns with my strategy of increasing my holdings before the price rises further. The upcoming dividends and the eventual redemption value of $14 motivate me to act now."
speculative-v1-s140928,RA+MC+BT+PC+NT+OC,trader-11,MC,11,buy,2,2,1.75,0,,217.47,9,231.94,9,10.87,3.6,357.94,1.75,2.0,14.0,14.0,,"Given the recent upward momentum and the last transaction price of $1.55, I believe the market will continue to rise. My forecast of $1.75 reflects my optimism and momentum-chasing behavior. I have sufficient cash to buy 2 more shares at this price, further increasing my position before a potential rally continues."
speculative-v1-s140928,RA+MC+BT+PC+NT+OC,trader-00,RA,12,buy,3,3,1.55,0,,205.41,0,215.68,0,10.27,0.0,215.68,1.55,1.8,14.0,14.0,,"The current market price of $1.55 aligns with my forecast for the next period of $1.80, indicating potential for appreciation. I have $2419.25 in cash and can afford to buy 3 shares at this price, totaling $4.65. Given the expected return from holding these shares exceeds the 5% cash return and considering the terminal redemption value of $14 per share in period 30, this investment positions me well for future gains."
speculative-v1-s140928,RA+MC+BT+PC+NT+OC,trader-01,PC,12,sell,2,0,1.55,0,,200.99,0,211.04,0,10.05,0.0,211.04,1.55,1.6,1.75,14.0,,"The market price has been stable around $1.55, and I expect a slight increase to $1.60 in the next period based on the growing demand and potential dividends. Following my precommitted strategy to take profits while maintaining a position for future dividends, I will sell 2 shares at a limit price of $1.55. This aligns with my approach to maximize cash wealth by capitalizing on current market conditions before any potential drop or stabilization."
speculative-v1-s140928,RA+MC+BT+PC+NT+OC,trader-02,RA,12,hold,0,0,0.0,0,,199.52,0,209.5,0,9.98,0.0,209.5,1.55,1.4,1.2,14.0,,"The current market price of $1.55 is above my expected future values of $1.40 and $1.20 for the next periods, indicating no advantageous buying opportunity at this time. Holding cash allows me to earn 5% interest while I wait for potentially better trading opportunities as we approach the redemption value of $14 at the end of the trading period."
speculative-v1-s140928,RA+MC+BT+PC+NT+OC,trader-03,OC,12,buy,4,4,0.75,0,,213.28,4,227.94,4,10.66,4.0,283.94,1.6,1.8,1.9,14.0,,"I believe the market is still undervaluing these shares, and my optimistic forecast indicates that the price will continue to rise. Given the recent trends of no transactions, I see this as a great opportunity to buy more shares at $0.75, aligning with my strategy of capitalizing on perceived bargains. I am confident that as the market recognizes the true value of these shares, my holdings will significantly increase in worth. My forecasts suggest a recovery to $1.60 now, $1.80 in 2 periods, and eventually $1.90 in 5 periods before the shares are redeemed at $14.00."
speculative-v1-s140928,RA+MC+BT+PC+NT+OC,trader-04,OC,12,buy,4,4,1.55,0,,213.28,4,227.94,4,10.66,4.0,283.94,1.55,1.8,2.0,14.0,,"I maintain my belief that the market has undervalued these shares at the current price of $1.55. My optimistic forecasts suggest that the price will rise to $1.80 in 2 periods and $2.00 in 5 periods, with the potential for significant appreciation as the market recognizes the true value of these shares over the long term. Given my confidence in recovery and the potential for dividends, I will take advantage of this opportunity to buy 4 more shares at what I perceive to be a bargain price, aligning with my contrarian strategy."
speculative-v1-s140928,RA+MC+BT+PC+NT+OC,trader-05,BT,12,buy,4,4,1.6,0,,213.28,4,227.94,4,10.66,4.0,283.94,1.6,1.8,1.9,14.0,,"I anticipate continued speculative demand will push prices higher, with a forecast of $1.80 in two periods and $1.90 in five. My strategy is to capitalize on this upswing before the bubble peaks, and I have sufficient cash to place a buy order for 4 shares at this price. This aligns with my exit strategy to sell before the market peak, maximizing my final cash wealth."
speculative-v1-s140928,RA+MC+BT+PC+NT+OC,trader-06,NT,12,buy,4,4,2.6,0,,244.74,14,270.98,14,12.24,14.0,466.98,2.5,3.0,5.0,14.0,,"I believe that the market is still bullish and that speculative demand will continue to rise, especially as we approach the $14 redemption value. Given the recent trends, I forecast the current price at $2.5 and expect it to increase to $3.0 in the next two periods. Therefore, placing a buy order at $2.60 allows me to acquire more shares at a slightly higher limit, anticipating that others will also see the value in buying as the redemption date nears. I have enough cash available to make this purchase, and it aligns with my goal of maximizing final cash wealth."
speculative-v1-s140928,RA+MC+BT+PC+NT+OC,trader-07,BT,12,buy,2,2,1.7,0,,213.28,4,227.94,4,10.66,4.0,283.94,1.7,1.75,1.9,14.0,,"I believe the price will continue to rise based on the recent upward trend and my forecasts. Buying 2 shares at $1.70 allows me to capitalize on the speculative upswing, and with the current market price hovering around this level, I can position myself for future profits. My exit plan remains to sell before the peak, ensuring I lock in my profits before other traders rush to exit."
speculative-v1-s140928,RA+MC+BT+PC+NT+OC,trader-08,PC,12,buy,4,4,1.5,0,,193.68,0,203.36,0,9.68,0.0,203.36,1.55,1.6,1.7,14.0,,"I believe the market is currently positioned for a price around $1.55, and I anticipate it will rise to $1.6 in the next period based on strong demand and previous trading patterns. Following my precommitted strategy, I will place a buy order for 4 shares at a limit price of $1.50. This aligns with my goal of maximizing final cash wealth by increasing my inventory at a favorable price before I plan to sell at a higher price in upcoming periods."
speculative-v1-s140928,RA+MC+BT+PC+NT+OC,trader-09,MC,12,buy,3,3,1.75,0,,216.73,5,232.57,5,10.84,5.0,302.57,1.75,2.0,2.0,14.0,,"Given the positive price trend and my momentum-chasing strategy, I believe the price will continue to rise, reaching at least $1.75 in the near term. My forecasts indicate a potential rally, and I want to capitalize on this momentum by buying 3 shares at my limit of $1.75. This aligns with my strategy of increasing my position in a rising market while managing my cash effectively."
speculative-v1-s140928,RA+MC+BT+PC+NT+OC,trader-10,NT,12,buy,2,2,1.85,0,,213.28,4,227.94,4,10.66,4.0,283.94,1.8,2.0,2.5,14.0,,"I'm feeling optimistic about the market and believe speculative demand will push prices higher soon. Given my previous buy orders have not filled, I want to secure 2 more shares at a limit of $1.85, slightly above my current forecast. This aligns with my belief that traders might be willing to pay more as we approach the potential for dividends and the redemption value of $14. I want to increase my holdings while still being mindful of my cash reserves."
speculative-v1-s140928,RA+MC+BT+PC+NT+OC,trader-11,MC,12,buy,2,2,1.75,0,,231.94,9,252.54,9,11.6,9.0,378.54,1.75,2.0,14.0,14.0,,"I believe the upward momentum will continue, with recent prices and speculative interest suggesting a forecast of $1.75 for the current period. Given my current cash position and the opportunity to increase my shares, I will buy 2 more shares at this price to capitalize on the anticipated upward trend."
speculative-v1-s140928,RA+MC+BT+PC+NT+OC,trader-00,RA,13,buy,3,3,1.55,0,,215.68,0,226.46,0,10.78,0.0,226.46,1.55,1.8,14.0,14.0,,"The current market price is $1.55, which aligns with my forecast for the next period of $1.80, indicating potential for appreciation. Given my cash balance of $2735.37, I can afford to buy 3 shares at this price, totaling $4.65. This investment is favorable compared to the 5% cash return, as the expected return from holding these shares exceeds that return. Additionally, the terminal redemption value of $14 per share in period 30 presents a strong incentive to acquire more shares now."
speculative-v1-s140928,RA+MC+BT+PC+NT+OC,trader-01,PC,13,sell,2,0,1.55,0,,211.04,0,221.59,0,10.55,0.0,221.59,1.55,1.6,1.75,14.0,,"The market price has stabilized around $1.55, and I anticipate a slight increase to $1.60 in the next period. I will sell 2 shares at a limit price of $1.55 to take profits while still retaining shares for future dividends and potential redemption value. This decision follows my precommitted schedule to maximize cash wealth by capitalizing on current market conditions before any potential drop or stabilization."
speculative-v1-s140928,RA+MC+BT+PC+NT+OC,trader-02,RA,13,hold,0,0,0.0,0,,209.5,0,219.98,0,10.48,0.0,219.98,1.55,1.4,1.2,14.0,,"The current market price of $1.55 is above my expected future values for dividends in the next periods ($1.40 and $1.20). With no shares to sell and given that my cash is earning 5% interest, holding cash is the best strategy right now. I will continue to monitor the market for potential buying opportunities as we approach the redemption value of $14 at the end of the trading period."
speculative-v1-s140928,RA+MC+BT+PC+NT+OC,trader-03,OC,13,buy,4,4,0.75,0,,227.94,4,240.94,4,11.4,1.6,296.94,1.6,1.8,1.9,14.0,,"I believe the market is still undervaluing these shares based on my optimistic forecasts. Despite no transactions in previous periods, I see this as an opportunity to buy more shares at $0.75. My confidence in a price recovery to $1.60 now, followed by $1.80 and $1.90 in the coming periods, reinforces my decision to capitalize on perceived bargains. With redemption at $14.00 at the end, I am convinced that my holdings will significantly increase in value as the market adjusts."
speculative-v1-s140928,RA+MC+BT+PC+NT+OC,trader-04,OC,13,buy,4,4,1.55,0,,227.94,4,240.94,4,11.4,1.6,296.94,1.55,1.8,2.0,14.0,,"I believe the market continues to undervalue these shares at the current price of $1.55. My optimistic forecasts suggest that the price will rise to $1.80 in 2 periods and $2.00 in 5 periods, with the potential for significant appreciation as the market recognizes the true value of these shares over the long term. Given my confidence in recovery and the potential for dividends, I will take advantage of this opportunity to buy 4 more shares at what I perceive to be a bargain price, aligning with my contrarian strategy."
speculative-v1-s140928,RA+MC+BT+PC+NT+OC,trader-05,BT,13,buy,4,4,1.6,0,,227.94,4,240.94,4,11.4,1.6,296.94,1.6,1.8,1.9,14.0,,"I anticipate continued speculative demand will push prices higher, with a forecast of $1.80 in two periods and $1.90 in five. My strategy is to capitalize on this upswing before the bubble peaks. I have sufficient cash to place a buy order for 4 shares at $1.60, aligning with my exit strategy to sell before the market peak, maximizing my final cash wealth."
speculative-v1-s140928,RA+MC+BT+PC+NT+OC,trader-06,NT,13,buy,4,4,2.7,0,,270.98,14,290.13,14,13.55,5.6,486.13,2.6,3.0,5.0,14.0,,"I'm feeling optimistic about the market's potential for speculative demand, and I believe that prices will continue to rise as we approach the redemption value of $14. Setting a limit at $2.70 allows me to buy additional shares at a slightly higher price, anticipating that others will also see value in purchasing at this time. I have sufficient cash to make this purchase, and I want to capitalize on the expected upward trend in prices."
speculative-v1-s140928,RA+MC+BT+PC+NT+OC,trader-07,BT,13,buy,2,2,1.7,0,,227.94,4,240.94,4,11.4,1.6,296.94,1.7,1.75,1.9,14.0,,"I believe the price will continue to rise based on recent trends, with forecasts indicating a rise to $1.75 in two periods and $1.90 in five periods. Buying 2 shares at $1.70 allows me to capitalize on the current speculative upswing while retaining cash for future trades. My exit plan is to sell before any signs of slowing demand to secure profits."
speculative-v1-s140928,RA+MC+BT+PC+NT+OC,trader-08,PC,13,buy,4,4,1.5,0,,203.36,0,213.53,0,10.17,0.0,213.53,1.55,1.6,1.7,14.0,,"I believe the market is currently showing strong demand, with prices likely to be around $1.55 now. I anticipate a price increase to approximately $1.6 in two periods and $1.7 in five periods as traders react positively to upcoming dividends and the overall market sentiment. Following my precommitted strategy of buying in this period, I will place a buy order for 4 shares at a limit price of $1.50. This approach aims to maximize my final cash wealth by increasing my inventory at a favorable price before I plan to sell at a higher price in future periods."
speculative-v1-s140928,RA+MC+BT+PC+NT+OC,trader-09,MC,13,buy,3,3,1.75,0,,232.57,5,246.2,5,11.63,2.0,316.2,1.75,2.0,2.0,14.0,,"Given the recent price trend and my momentum-chasing strategy, I believe the price will continue to rise, reaching at least $1.75 in the near term. I anticipate that speculative interest will build further, leading to increased prices. Therefore, I will place a buy order for 3 shares at my limit of $1.75 to capitalize on the expected upward momentum while managing my cash effectively."
speculative-v1-s140928,RA+MC+BT+PC+NT+OC,trader-10,NT,13,buy,2,2,1.9,0,,227.94,4,240.94,4,11.4,1.6,296.94,1.85,2.0,2.5,14.0,,"I'm feeling optimistic about the market's potential for speculative demand, especially with the upcoming dividends and the high redemption value of $14. As my previous buy orders have not filled, I'm adjusting my limit to $1.90, slightly above my current forecast, to increase the chances of securing 2 additional shares. This strategy aligns with my belief that traders may be willing to pay more as we approach the next dividend payout, and my cash reserves allow me to make this purchase."
speculative-v1-s140928,RA+MC+BT+PC+NT+OC,trader-11,MC,13,buy,2,2,1.75,0,,252.54,9,268.77,9,12.63,3.6,394.77,1.75,2.0,14.0,14.0,,"Given the recent transaction prices and the building speculative interest in the market, I anticipate that prices will continue to rise. My forecast of $1.75 reflects my momentum-chasing behavior, and I want to capitalize on this potential upward trend. I have sufficient cash available ($252.54) to buy 2 more shares at this price, which aligns with my strategy to increase my position before the anticipated rally continues."
speculative-v1-s140928,RA+MC+BT+PC+NT+OC,trader-00,RA,14,buy,3,3,1.55,0,,226.46,0,237.78,0,11.32,0.0,237.78,1.55,1.8,1.8,14.0,,"The current market price of $1.55 is in line with my short-term forecast of $1.80 in 2 periods, indicating potential for appreciation. Given my cash balance of $2891.36, I can afford to buy 3 shares at this price, totaling $4.65. This investment is advantageous compared to the 5% cash return, as the expected return from holding these shares exceeds that return. Furthermore, the terminal redemption value of $14 per share in period 30 provides a strong incentive to acquire more shares now."
speculative-v1-s140928,RA+MC+BT+PC+NT+OC,trader-01,PC,14,sell,2,0,1.55,0,,221.59,0,232.67,0,11.08,0.0,232.67,1.55,1.6,1.75,14.0,,"The market price has stabilized around $1.55, and I expect a slight increase to $1.60 in the next period based on the growing demand and potential dividends. Following my precommitted schedule to take profits while maintaining a position for future dividends, I will sell 2 shares at a limit price of $1.55. This decision aligns with my strategy to maximize cash wealth by capitalizing on current market conditions before any potential drop or stabilization."
speculative-v1-s140928,RA+MC+BT+PC+NT+OC,trader-02,RA,14,hold,0,0,0.0,0,,219.98,0,230.98,0,11.0,0.0,230.98,1.55,1.4,1.2,14.0,,"The current market price of $1.55 is above my expected future values ($1.40 and $1.20) for dividends in the upcoming periods, making it unwise to buy. Holding cash allows me to earn 5% interest while I wait for more favorable trading opportunities as we approach the redemption value of $14 at the end of the trading period."
speculative-v1-s140928,RA+MC+BT+PC+NT+OC,trader-03,OC,14,buy,4,4,0.75,0,,240.94,4,254.59,4,12.05,1.6,310.59,1.6,1.8,1.9,14.0,,"I believe the market is still undervaluing these shares, despite the lack of transactions in previous periods. My optimistic forecast indicates a recovery to $1.60 now, $1.80 in 2 periods, and $1.90 in 5 periods, with redemption at $14.00 at the end. Buying 4 more shares at $0.75 aligns with my strategy of capitalizing on perceived bargains. I am confident that the market will eventually recognize the true value of these shares, allowing for profitable resales in the future."
speculative-v1-s140928,RA+MC+BT+PC+NT+OC,trader-04,OC,14,buy,4,4,1.55,0,,240.94,4,254.59,4,12.05,1.6,310.59,1.55,1.8,2.0,14.0,,"I believe the market continues to undervalue these shares at the current price of $1.55. My optimistic forecasts indicate that the price will rise to $1.80 in 2 periods and $2.00 in 5 periods, with the potential for significant appreciation as the market recognizes the true value of these shares over the long term. Given my confidence in recovery and the potential for dividends, I will buy 4 more shares at this price. This aligns with my contrarian strategy, allowing me to capitalize on the market's eventual correction."
speculative-v1-s140928,RA+MC+BT+PC+NT+OC,trader-05,BT,14,buy,4,4,1.6,0,,240.94,4,254.59,4,12.05,1.6,310.59,1.6,1.8,1.9,14.0,,"Given the recent price trends and anticipated speculative demand, I expect prices to rise to around $1.80 in two periods and potentially $1.90 in five periods. I believe that purchasing 4 shares at a limit of $1.60 will allow me to capitalize on this upswing before the bubble peaks. This aligns with my exit strategy to sell before any potential peak, maximizing my final cash wealth."
speculative-v1-s140928,RA+MC+BT+PC+NT+OC,trader-06,NT,14,buy,4,4,2.8,0,,290.13,14,310.24,14,14.51,5.6,506.24,2.8,3.0,5.0,14.0,,"I'm feeling optimistic about the continuing speculative demand as we approach the redemption value of $14. With my cash available and the recent trends indicating a potential price rise, I believe that setting a limit to buy 4 shares at $2.80 is a reasonable move. This aligns with my hunch that prices will keep increasing, allowing me to maximize my cash wealth."
speculative-v1-s140928,RA+MC+BT+PC+NT+OC,trader-07,BT,14,buy,2,2,1.7,0,,240.94,4,254.59,4,12.05,1.6,310.59,1.7,1.75,1.9,14.0,,"I anticipate that the price will continue to rise based on the recent upward trend and my forecasts. With the current market price hovering around $1.70, I believe this is a good opportunity to buy 2 more shares. This aligns with my strategy as a bubble timer, positioning me to benefit from the anticipated price increase to $1.75 in two periods and potentially $1.90 in five periods. My exit plan remains to sell before any signs of demand slowing down to secure profits."
speculative-v1-s140928,RA+MC+BT+PC+NT+OC,trader-08,PC,14,buy,4,4,1.5,0,,213.53,0,224.21,0,10.68,0.0,224.21,1.55,1.6,1.7,14.0,,"I believe that the market is currently showing strong demand, with prices likely to remain around $1.55 now. I anticipate a price increase to approximately $1.6 in two periods and $1.7 in five periods as traders react positively to upcoming dividends and the overall market sentiment. Following my precommitted strategy of buying in this period, I will place a buy order for 4 shares at a limit price of $1.50. This approach aims to maximize my final cash wealth by increasing my inventory at a favorable price before I plan to sell at a higher price in future periods."
speculative-v1-s140928,RA+MC+BT+PC+NT+OC,trader-09,MC,14,buy,3,3,1.75,0,,246.2,5,260.51,5,12.31,2.0,330.51,1.75,2.0,2.0,14.0,,"Given the recent upward trend and my belief as a momentum chaser that speculative interest will continue to build, I anticipate the price will remain strong at $1.75. I want to capitalize on this momentum by buying 3 shares at this limit. This strategy aligns with my previous decisions and aims to maximize my final cash wealth by increasing my position in a rising market."
speculative-v1-s140928,RA+MC+BT+PC+NT+OC,trader-10,NT,14,buy,2,2,1.95,0,,240.94,4,254.59,4,12.05,1.6,310.59,1.9,2.0,2.5,14.0,,"I'm feeling optimistic about the market's potential for speculative demand, especially with the upcoming dividends and the high redemption value of $14. I believe traders may be willing to pay around $1.95 for shares in the near future, and this price allows me to secure 2 additional shares while still being mindful of my cash reserves. Given that my previous orders have not filled, I want to adjust my limit slightly above my current forecast to increase the chances of this order being filled."
speculative-v1-s140928,RA+MC+BT+PC+NT+OC,trader-11,MC,14,buy,2,2,1.75,0,,268.77,9,285.81,9,13.44,3.6,411.81,1.75,2.0,14.0,14.0,,"Given the recent upward momentum in the market and the last transaction price of 1.55, I believe the price will continue to rise. I am optimistic about the speculative interest, forecasting $1.75 for the current period. I have sufficient cash to buy 2 more shares at this price, further increasing my position before the anticipated rally continues. This aligns with my momentum-chasing strategy."
speculative-v1-s140928,RA+MC+BT+PC+NT+OC,trader-00,RA,15,buy,3,3,1.55,0,,237.78,0,249.67,0,11.89,0.0,249.67,1.55,1.8,1.8,14.0,,"The current market price of $1.55 aligns with my forecast for the next period of $1.80, indicating potential for appreciation. Given my cash balance of $3055.15, I can afford to buy 3 shares at this price, totaling $4.65. This investment is advantageous compared to the 5% cash return, as the expected return from holding these shares exceeds that return. Furthermore, the terminal redemption value of $14 per share in period 30 provides a strong incentive to acquire more shares now."
speculative-v1-s140928,RA+MC+BT+PC+NT+OC,trader-01,PC,15,sell,2,0,1.55,0,,232.67,0,244.3,0,11.63,0.0,244.3,1.55,1.6,1.75,14.0,,"The market price has stabilized around $1.55, and I expect a slight increase to $1.60 in the next period. Given that I have been following a precommitted schedule to take profits, I will sell 2 shares at a limit price of $1.55. This aligns with my strategy of maximizing cash wealth by securing profits while still retaining shares for future dividends and potential redemption value. Selling now allows me to capitalize on the current demand before prices potentially drop or stabilize."
speculative-v1-s140928,RA+MC+BT+PC+NT+OC,trader-02,RA,15,hold,0,0,0.0,0,,230.98,0,242.53,0,11.55,0.0,242.53,1.55,1.4,1.2,14.0,,"The current market price of $1.55 is above my expected future values for dividends in the next periods ($1.40 and $1.20), indicating no advantageous buying opportunity. Holding cash allows me to earn 5% interest while I wait for more favorable trading opportunities as we approach the redemption value of $14 at the end of the trading period."
speculative-v1-s140928,RA+MC+BT+PC+NT+OC,trader-03,OC,15,buy,4,4,0.75,0,,254.59,4,271.32,4,12.73,4.0,327.32,1.6,1.8,1.9,14.0,,"I believe the market is still undervaluing these shares, as indicated by my optimistic forecasts. With no transactions in previous periods, I see this as a prime opportunity to buy more shares at $0.75, which aligns with my contrarian strategy. I expect a recovery to $1.60 now, followed by increases to $1.80 in 2 periods and $1.90 in 5 periods, ultimately leading to redemption at $14.00. My confidence in this investment allows me to capitalize on perceived bargains while the market has not yet recognized their true value."
speculative-v1-s140928,RA+MC+BT+PC+NT+OC,trader-04,OC,15,buy,4,4,1.55,0,,254.59,4,271.32,4,12.73,4.0,327.32,1.55,1.8,2.0,14.0,,"I believe the market continues to undervalue these shares at the current price of $1.55. My optimistic forecasts indicate that the price will rise to $1.80 in 2 periods and $2.00 in 5 periods, with the potential for significant appreciation as the market recognizes the true value of these shares over the long term. Given my confidence in recovery and the potential for dividends, I will buy 4 more shares at this price. This aligns with my contrarian strategy, allowing me to capitalize on the market's eventual correction."
speculative-v1-s140928,RA+MC+BT+PC+NT+OC,trader-05,BT,15,buy,4,4,1.6,0,,254.59,4,271.32,4,12.73,4.0,327.32,1.6,1.8,1.9,14.0,,"I anticipate continued speculative demand in the market, leading to a price increase to around $1.80 in two periods and potentially $1.90 in five. Given my current cash position and the ongoing price trends, I will place a buy order for 4 shares at a limit of $1.60. This aligns with my exit strategy to capitalize on the speculative upswing and sell before any potential peak, maximizing my final cash wealth."
speculative-v1-s140928,RA+MC+BT+PC+NT+OC,trader-06,NT,15,buy,4,4,2.9,0,,310.24,14,339.75,14,15.51,14.0,535.75,2.8,3.0,5.0,14.0,,"I'm feeling optimistic about the market's potential for speculative demand as we approach the redemption value of $14. Given my past experience with rising prices and the upcoming potential dividends, I believe setting a limit to buy 4 shares at $2.90 is a reasonable move. This aligns with my hunch that prices will continue to increase, allowing me to maximize my cash wealth."
speculative-v1-s140928,RA+MC+BT+PC+NT+OC,trader-07,BT,15,buy,2,2,1.7,0,,254.59,4,271.32,4,12.73,4.0,327.32,1.7,1.75,1.9,14.0,,"I believe the price will continue to rise based on recent trends, with forecasts indicating a rise to $1.75 in two periods and $1.90 in five periods. Buying 2 shares at $1.70 allows me to capitalize on the current speculative upswing while retaining cash for future trades. My exit plan is to sell before any signs of slowing demand to secure profits."
speculative-v1-s140928,RA+MC+BT+PC+NT+OC,trader-08,PC,15,buy,4,4,1.5,0,,224.21,0,235.42,0,11.21,0.0,235.42,1.55,1.6,1.7,14.0,,"I believe the market is currently showing strong demand, with prices likely to remain around $1.55 now. I anticipate a price increase to approximately $1.6 in two periods and $1.7 in five periods as traders react positively to upcoming dividends and overall market sentiment. Following my precommitted strategy of buying in Period 14, I will place a buy order for 4 shares at a limit price of $1.50. This decision aligns with my goal of maximizing my final cash wealth by increasing my inventory at a favorable price before I plan to sell at a higher price in future periods."
speculative-v1-s140928,RA+MC+BT+PC+NT+OC,trader-09,MC,15,buy,3,3,1.75,0,,260.51,5,278.54,5,13.03,5.0,348.54,1.75,2.0,2.0,14.0,,"As a momentum chaser, I believe the price will continue to rise, reaching at least $1.75 in the near term. Given that I have observed a consistent upward trend and anticipate further speculative interest, I will place a buy order for 3 shares at my limit of $1.75 to capitalize on this momentum. This decision aligns with my strategy of increasing my position in a rising market while managing my cash effectively."
speculative-v1-s140928,RA+MC+BT+PC+NT+OC,trader-10,NT,15,buy,2,2,2.0,0,,254.59,4,271.32,4,12.73,4.0,327.32,1.95,2.0,2.5,14.0,,"I'm feeling optimistic about the market's potential for speculative demand, especially with the recent trends indicating higher prices. I believe traders are likely to pay around $2.00 for shares in the near future, which aligns with my strategy to increase my holdings. With cash reserves of $254.59, I can afford to buy 2 shares at this price while still being cautious about my cash balance. The upcoming dividends and the eventual redemption value of $14 motivate me to act now."
speculative-v1-s140928,RA+MC+BT+PC+NT+OC,trader-11,MC,15,buy,2,2,1.75,0,,285.81,9,309.1,9,14.29,9.0,435.1,1.75,2.0,14.0,14.0,,"Given the recent upward momentum and the previous transaction price of 1.55, I believe there is strong potential for prices to rise further. My forecast of $1.75 reflects my optimism and momentum-chasing behavior, anticipating that speculative interest will continue to build. I have sufficient cash to buy 2 more shares at this price, which aligns with my strategy to capitalize on upward price movements before the anticipated rally continues."
speculative-v1-s140928,RA+MC+BT+PC+NT+OC,trader-00,RA,16,buy,3,3,1.55,0,,249.67,0,262.15,0,12.48,0.0,262.15,1.55,1.8,1.8,14.0,,"The current market price is $1.55, which aligns with my forecast for the next period of $1.80, indicating potential for appreciation. With $3255.91 in cash, I can afford to buy 3 shares at this price, totaling $4.65. This investment is advantageous as the expected return from holding these shares exceeds the 5% cash return, especially considering the terminal redemption value of $14 per share in period 30. Given the consistent dividends and market trends, acquiring more shares now positions me well for future gains."
speculative-v1-s140928,RA+MC+BT+PC+NT+OC,trader-01,PC,16,sell,2,0,1.55,0,,244.3,0,256.52,0,12.22,0.0,256.52,1.55,1.6,1.75,14.0,,"The market price has been stable around $1.55 for several periods, and I expect a slight increase to $1.60 in the next period. Following my precommitted strategy to take profits, I will sell 2 shares at a limit price of $1.55. This decision allows me to capitalize on current market conditions while still retaining shares for future dividends and potential redemption value. By executing this sale, I maximize my cash wealth and ensure that I benefit from the current demand before any potential stabilization or price drop."
speculative-v1-s140928,RA+MC+BT+PC+NT+OC,trader-02,RA,16,hold,0,0,0.0,0,,242.53,0,254.66,0,12.13,0.0,254.66,1.55,1.4,1.2,14.0,,"The current market price of $1.55 is higher than my expected future dividend values of $1.40 and $1.20. Given that I have no shares to sell, holding cash is more advantageous, allowing it to earn 5% interest. I will continue to monitor the market for potential buying opportunities as we approach the redemption value of $14 at the end of the trading period."
speculative-v1-s140928,RA+MC+BT+PC+NT+OC,trader-03,OC,16,buy,4,4,0.75,0,,271.32,4,288.89,4,13.57,4.0,344.89,1.6,1.8,1.9,14.0,,"I believe the market is still undervaluing these shares despite the lack of transactions in previous periods. My optimistic forecast indicates a price recovery to $1.60 now, followed by increases to $1.80 in 2 periods and $1.90 in 5 periods, ultimately leading to redemption at $14.00. Therefore, I see this as a prime opportunity to buy 4 more shares at $0.75, capitalizing on perceived bargains while the market has not yet recognized their true value."
speculative-v1-s140928,RA+MC+BT+PC+NT+OC,trader-04,OC,16,buy,4,4,1.55,0,,271.32,4,288.89,4,13.57,4.0,344.89,1.55,1.8,2.0,14.0,,"I believe the market has consistently undervalued these shares at the current price of $1.55. My optimistic forecasts indicate that the price will rise to $1.80 in 2 periods and $2.00 in 5 periods, with the potential for significant appreciation as the market recognizes the true value of these shares over the long term. Given my confidence in recovery and the potential for dividends, I will buy 4 more shares at this price. This aligns with my contrarian strategy and allows me to capitalize on the market's eventual correction."
speculative-v1-s140928,RA+MC+BT+PC+NT+OC,trader-05,BT,16,buy,4,4,1.6,0,,271.32,4,288.89,4,13.57,4.0,344.89,1.6,1.8,1.9,14.0,,"Given the current speculative environment and the consistent price trends, I anticipate prices will rise to around $1.80 in two periods and potentially $1.90 in five periods. I have sufficient cash to place a buy order for 4 shares at a limit of $1.60, which aligns with my strategy to capitalize on the speculative upswing and sell before any potential peak. This decision aims to maximize my final cash wealth as I prepare to exit before the bubble peaks."
speculative-v1-s140928,RA+MC+BT+PC+NT+OC,trader-06,NT,16,buy,4,4,3.0,0,,339.75,14,370.74,14,16.99,14.0,566.74,2.9,3.0,5.0,14.0,,"I'm feeling optimistic about the market's speculative demand, especially as we approach the redemption value of $14. My previous forecasts have shown steady growth, and I anticipate that others may be willing to pay more. Setting a buy limit at $3.00 allows me to acquire more shares while taking advantage of the upward price trend. I want to capitalize on potential price increases as my cash allows me to make this purchase."
speculative-v1-s140928,RA+MC+BT+PC+NT+OC,trader-07,BT,16,buy,2,2,1.7,0,,271.32,4,288.89,4,13.57,4.0,344.89,1.7,1.75,1.9,14.0,,"I believe the price will continue to rise based on recent trends, with forecasts indicating an increase to $1.75 in two periods and $1.90 in five periods. Buying 2 shares at $1.70 allows me to capitalize on the current speculative upswing while retaining some cash for future trades. My exit plan is to sell before any signs of slowing demand to secure profits."
speculative-v1-s140928,RA+MC+BT+PC+NT+OC,trader-08,PC,16,buy,4,4,1.5,0,,235.42,0,247.19,0,11.77,0.0,247.19,1.55,1.6,1.7,14.0,,"I anticipate that the market will continue to show strong demand, with prices likely to remain around $1.55 now and increase to approximately $1.6 in the next period as more traders react positively to market conditions. Following my precommitted strategy to buy in this period, I will place a buy order for 4 shares at a limit price of $1.50. This aligns with my goal of maximizing final cash wealth by increasing my inventory at a favorable price before I plan to sell at a higher price in upcoming periods."
speculative-v1-s140928,RA+MC+BT+PC+NT+OC,trader-09,MC,16,buy,3,3,1.75,0,,278.54,5,297.47,5,13.93,5.0,367.47,1.75,2.0,2.0,14.0,,"As a momentum chaser, I believe that the price will continue to rise, reaching at least $1.75 in the near term based on the current upward trend. I have been consistently optimistic about the market gaining momentum, and I want to capitalize on this potential increase by buying 3 shares at my limit of $1.75. This aligns with my strategy of increasing my position in a rising market while managing my cash effectively."
speculative-v1-s140928,RA+MC+BT+PC+NT+OC,trader-10,NT,16,buy,2,2,2.05,0,,271.32,4,288.89,4,13.57,4.0,344.89,2.0,2.5,3.0,14.0,,"I'm feeling optimistic about the market's potential for speculative demand, especially with the recent trends indicating higher prices. I believe traders are likely to pay around $2.05 for shares in the near future, which aligns with my strategy to increase my holdings. With cash reserves of $271.32, I can afford to buy 2 shares at this price while still being cautious about my cash balance. The upcoming dividends and the eventual redemption value of $14 motivate me to act now."
speculative-v1-s140928,RA+MC+BT+PC+NT+OC,trader-11,MC,16,buy,2,2,1.75,0,,309.1,9,333.56,9,15.46,9.0,459.56,1.75,2.0,14.0,14.0,,"I believe the upward momentum will continue, with recent speculative interest and transaction prices suggesting a forecast of $1.75 for the current period. Given my cash position, I will buy 2 more shares at this price to capitalize on the anticipated upward trend before the market rallies further."
speculative-v1-s140928,RA+MC+BT+PC+NT+OC,trader-00,RA,17,buy,3,3,1.55,0,,262.15,0,275.26,0,13.11,0.0,275.26,1.55,1.8,1.8,14.0,,"The current market price of $1.55 aligns with my forecast for the next period of $1.80, indicating potential for appreciation. With $3466.74 in cash, I can afford to buy 3 shares at this price, totaling $4.65. This investment is advantageous compared to the 5% cash return, as the expected return from holding these shares exceeds that return. Additionally, the terminal redemption value of $14 per share in period 30 presents a strong incentive to acquire more shares now."
speculative-v1-s140928,RA+MC+BT+PC+NT+OC,trader-01,PC,17,sell,2,0,1.55,0,,256.52,0,269.35,0,12.83,0.0,269.35,1.55,1.6,1.75,14.0,,"The market price has stabilized around $1.55, and I expect a slight increase to $1.60 in the next period. Following my precommitted strategy to take profits, I will sell 2 shares at a limit price of $1.55. This decision allows me to capitalize on current market conditions while still retaining shares for future dividends and potential redemption value. By executing this sale, I maximize my cash wealth and ensure that I benefit from the current demand before any potential stabilization or price drop."
speculative-v1-s140928,RA+MC+BT+PC+NT+OC,trader-02,RA,17,hold,0,0,0.0,0,,254.66,0,267.39,0,12.73,0.0,267.39,1.55,1.4,1.2,14.0,,"The current market price of $1.55 is above my expected future values for dividends in the upcoming periods ($1.40 and $1.20). Therefore, no advantageous buying opportunity exists at this time. Holding cash allows me to earn 5% interest while I wait for more favorable trading opportunities as we approach the redemption value of $14 at the end of the trading period."
speculative-v1-s140928,RA+MC+BT+PC+NT+OC,trader-03,OC,17,buy,4,4,0.75,0,,288.89,4,304.93,4,14.44,1.6,360.93,1.6,1.8,1.9,14.0,,"I believe the market continues to undervalue these shares, and my forecasts indicate a recovery to $1.60 now, $1.80 in 2 periods, and $1.90 in 5 periods, followed by redemption at $14.00. Given my strategy as an overconfident contrarian, I see this as an opportunity to buy 4 more shares at $0.75, capitalizing on perceived bargains while the market has yet to recognize their true value."
speculative-v1-s140928,RA+MC+BT+PC+NT+OC,trader-04,OC,17,buy,4,4,1.55,0,,288.89,4,304.93,4,14.44,1.6,360.93,1.55,1.8,2.0,14.0,,"I believe the market continues to undervalue these shares at the current price of $1.55. My optimistic forecasts indicate that the price will rise to $1.80 in 2 periods and $2.00 in 5 periods, with the potential for significant appreciation as the market recognizes the true value of these shares over the long term. Given my confidence in recovery and the potential for dividends, I will buy 4 more shares at this price. This aligns with my contrarian strategy, allowing me to capitalize on the market's eventual correction."
speculative-v1-s140928,RA+MC+BT+PC+NT+OC,trader-05,BT,17,buy,4,4,1.6,0,,288.89,4,304.93,4,14.44,1.6,360.93,1.6,1.8,1.9,14.0,,"I anticipate continued speculative demand in the market, with prices projected to rise to around $1.80 in two periods and potentially $1.90 in five. Given my current cash position and the ongoing price trends, I will place a buy order for 4 shares at a limit of $1.60. This aligns with my strategy to capitalize on the speculative upswing and sell before any potential peak, maximizing my final cash wealth."
speculative-v1-s140928,RA+MC+BT+PC+NT+OC,trader-06,NT,17,buy,4,4,3.1,0,,370.74,14,394.88,14,18.54,5.6,590.88,3.0,3.5,5.0,14.0,,"I feel optimistic that the market is still on an upward trajectory as we approach the redemption value of $14. Given my previous experiences and the recent trends suggesting a potential rise in speculative demand, I believe a limit price of $3.10 is reasonable. It allows me to buy 4 more shares, which I anticipate will increase in value as we continue towards the redemption date."
speculative-v1-s140928,RA+MC+BT+PC+NT+OC,trader-07,BT,17,buy,2,2,1.7,0,,288.89,4,304.93,4,14.44,1.6,360.93,1.7,1.75,1.9,14.0,,"I anticipate the price will continue to rise based on recent trends, with forecasts indicating an increase to $1.75 in two periods and potentially $1.90 in five periods. Buying 2 shares at $1.70 allows me to capitalize on the current speculative upswing while retaining some cash for future trades. My exit plan remains to sell before any signs of demand slowing down to secure profits."
speculative-v1-s140928,RA+MC+BT+PC+NT+OC,trader-08,PC,17,buy,4,4,1.5,0,,247.19,0,259.55,0,12.36,0.0,259.55,1.55,1.6,1.7,14.0,,"The market is currently showing strong demand, and I expect the price to remain around $1.55, with a potential increase to $1.6 in the next period. I will continue to follow my precommitted strategy of buying 4 shares at a limit price of $1.50, aiming to increase my inventory before selling at a higher price in future periods. This approach aligns with my goal of maximizing final cash wealth based on anticipated price growth."
speculative-v1-s140928,RA+MC+BT+PC+NT+OC,trader-09,MC,17,buy,3,3,1.75,0,,297.47,5,314.34,5,14.87,2.0,384.34,1.75,2.0,2.0,14.0,,"As a momentum chaser, I anticipate that the price will continue to rise, potentially reaching at least $1.75 in the near term based on the current upward trend. My strategy is to capitalize on this momentum by buying 3 shares at this limit, as I believe speculative interest will continue to build. This decision aligns with my previous positions and aims to maximize my final cash wealth by increasing my stake in a rising market."
speculative-v1-s140928,RA+MC+BT+PC+NT+OC,trader-10,NT,17,buy,2,2,2.1,0,,288.89,4,304.93,4,14.44,1.6,360.93,2.05,2.5,3.0,14.0,,"I'm feeling optimistic about the market's potential for speculative demand, especially with the price trends indicating an upward movement. I believe traders may be willing to pay around $2.10 for shares in the near future, given the high redemption value of $14 looming and the upcoming dividends. This price allows me to secure 2 additional shares while still being mindful of my cash reserves. Increasing my holdings now seems wise as I anticipate prices will continue to rise."
speculative-v1-s140928,RA+MC+BT+PC+NT+OC,trader-11,MC,17,buy,2,2,1.75,0,,333.56,9,353.84,9,16.68,3.6,479.84,1.75,2.0,14.0,14.0,,"Given the recent upward momentum in the market and the last transaction price of 1.55, I believe the price will continue to rise. My forecast of $1.75 reflects my optimism and momentum-chasing behavior. With sufficient cash available, I will buy 2 more shares at this price to capitalize on the anticipated upward trend before the market rallies further."
speculative-v1-s140928,RA+MC+BT+PC+NT+OC,trader-00,RA,18,buy,3,3,1.55,0,,275.26,0,289.02,0,13.76,0.0,289.02,1.55,1.8,1.8,14.0,,"The current market price of $1.55 aligns with my forecast for the next period of $1.80, indicating potential for appreciation. I have $3659.26 in cash, which allows me to afford purchasing 3 shares at $1.55 each, totaling $4.65. This investment is advantageous as the expected return from holding these shares exceeds the 5% cash return, especially considering the terminal redemption value of $14 per share in period 30. Therefore, acquiring more shares now positions me well for future gains."
speculative-v1-s140928,RA+MC+BT+PC+NT+OC,trader-01,PC,18,sell,2,0,1.55,0,,269.35,0,282.82,0,13.47,0.0,282.82,1.55,1.6,1.75,14.0,,"The market price has stabilized around $1.55, and I anticipate a slight increase to $1.60 in the next period. Following my precommitted schedule to take profits, I will sell 2 shares at a limit price of $1.55. This decision allows me to capitalize on current market conditions while still retaining shares for future dividends and potential redemption value. By executing this sale, I maximize my cash wealth and ensure that I benefit from the current demand before any potential stabilization or price drop."
speculative-v1-s140928,RA+MC+BT+PC+NT+OC,trader-02,RA,18,hold,0,0,0.0,0,,267.39,0,280.76,0,13.37,0.0,280.76,1.55,1.4,1.2,14.0,,"The current market price of $1.55 exceeds my expected future values for the next periods ($1.40 and $1.20). Additionally, I have no shares to sell at this moment, and holding cash is more advantageous as it earns 5% interest. I will continue to monitor the market for potential buying opportunities as we approach the redemption value of $14 at the end of the trading period."
speculative-v1-s140928,RA+MC+BT+PC+NT+OC,trader-03,OC,18,buy,4,4,0.75,0,,304.93,4,324.18,4,15.25,4.0,380.18,1.6,1.8,1.9,14.0,,"I believe the market continues to undervalue these shares, and my optimistic forecast indicates a recovery to $1.60 now, followed by increases to $1.80 in 2 periods and $1.90 in 5 periods, before redemption at $14.00. Given my strategy as an overconfident contrarian, I see this as an opportunity to buy 4 more shares at $0.75, capitalizing on perceived bargains while the market has yet to recognize their true value."
speculative-v1-s140928,RA+MC+BT+PC+NT+OC,trader-04,OC,18,buy,4,4,1.55,0,,304.93,4,324.18,4,15.25,4.0,380.18,1.55,1.8,2.0,14.0,,"I believe the market continues to undervalue these shares at the current price of $1.55. My optimistic forecasts indicate that the price will rise to $1.80 in 2 periods and $2.00 in 5 periods, with the potential for significant appreciation as the market recognizes the true value of these shares over the long term. Given my confidence in recovery and the potential for dividends, I will buy 4 more shares at this price. This aligns with my contrarian strategy, allowing me to capitalize on the market's eventual correction."
speculative-v1-s140928,RA+MC+BT+PC+NT+OC,trader-05,BT,18,buy,4,4,1.6,0,,304.93,4,324.18,4,15.25,4.0,380.18,1.6,1.8,1.9,14.0,,"I anticipate continued speculative demand in the market, with prices projected to rise to around $1.80 in two periods and potentially $1.90 in five. I have sufficient cash to place a buy order for 4 shares at a limit of $1.60. This aligns with my strategy to capitalize on the speculative upswing and sell before any potential peak, maximizing my final cash wealth."
speculative-v1-s140928,RA+MC+BT+PC+NT+OC,trader-06,NT,18,buy,4,4,3.2,0,,394.88,14,428.62,14,19.74,14.0,624.62,3.1,3.5,5.0,14.0,,"I'm feeling optimistic about the market as we approach the redemption value of $14. My previous forecasts indicate that prices are on an upward trend, and I believe that others will also be willing to buy shares at a higher price. Setting a limit to buy 4 shares at $3.20 allows me to take advantage of this anticipated price increase while using my available cash effectively."
speculative-v1-s140928,RA+MC+BT+PC+NT+OC,trader-07,BT,18,buy,2,2,1.7,0,,304.93,4,324.18,4,15.25,4.0,380.18,1.7,1.75,1.9,14.0,,"I anticipate the price will continue to rise based on recent trends, with forecasts indicating an increase to $1.75 in two periods and potentially $1.90 in five periods. Buying 2 shares at $1.70 allows me to capitalize on the current speculative upswing while retaining cash for future trades. My exit plan remains to sell before any signs of demand slowing down to secure profits."
speculative-v1-s140928,RA+MC+BT+PC+NT+OC,trader-08,PC,18,buy,4,4,1.5,0,,259.55,0,272.53,0,12.98,0.0,272.53,1.55,1.6,1.7,14.0,,"I believe the market is currently showing strong demand, with prices likely to remain around $1.55 now and increase to approximately $1.6 in two periods as more traders react positively to market conditions. Following my precommitted strategy to buy in this period, I will place a buy order for 4 shares at a limit price of $1.50. This aligns with my goal of maximizing final cash wealth by increasing my inventory at a favorable price before I plan to sell at a higher price in upcoming periods."
speculative-v1-s140928,RA+MC+BT+PC+NT+OC,trader-09,MC,18,buy,3,3,1.75,0,,314.34,5,335.06,5,15.72,5.0,405.06,1.75,2.0,2.0,14.0,,"As a momentum chaser, I believe the price is likely to reach at least $1.75 in the near term given the current upward trend. I have observed consistent trends indicating that speculative interest is building, which supports my decision to increase my position. With my current cash reserves and the anticipation of further price increases, I will place a buy order for 3 shares at a limit of $1.75 to capitalize on this momentum."
speculative-v1-s140928,RA+MC+BT+PC+NT+OC,trader-10,NT,18,buy,2,2,2.15,0,,304.93,4,324.18,4,15.25,4.0,380.18,2.1,2.5,3.0,14.0,,"I'm feeling optimistic about the potential for speculative demand to push prices higher. Given that my previous buy orders have not filled, and the market sentiment seems to be shifting upwards, I'm setting my limit at $2.15, slightly above my current forecast of $2.10. This allows me to secure 2 more shares before prices rise further, especially as we approach the potential for dividends and the redemption value of $14 at the end of the trading period. Increasing my holdings now seems wise in light of the anticipated market movements."
speculative-v1-s140928,RA+MC+BT+PC+NT+OC,trader-11,MC,18,buy,2,2,1.75,0,,353.84,9,380.53,9,17.69,9.0,506.53,1.75,2.0,14.0,14.0,,"Given the recent momentum in the market, I anticipate the price will rise further. The last transaction price was 1.55, and I believe that speculative interest will drive prices up to my forecast of 1.75. I have sufficient cash available to buy 2 more shares at this price, aligning with my strategy to capitalize on upward movements before the anticipated rally continues."
speculative-v1-s140928,RA+MC+BT+PC+NT+OC,trader-00,RA,19,buy,3,3,1.55,0,,289.02,0,303.47,0,14.45,0.0,303.47,1.55,1.8,1.8,14.0,,"The current market price of $1.55 aligns with my forecast of $1.80 in 2 periods, indicating potential for appreciation. With $3890.24 in cash, I can afford to buy 3 shares at this price, totaling $4.65. This investment is advantageous as the expected return from holding these shares exceeds the 5% cash return, especially considering the terminal redemption value of $14 per share in period 30. Therefore, acquiring more shares now positions me well for future gains."
speculative-v1-s140928,RA+MC+BT+PC+NT+OC,trader-01,PC,19,sell,2,0,1.55,0,,282.82,0,296.96,0,14.14,0.0,296.96,1.55,1.6,1.75,14.0,,"The market price has stabilized around $1.55, and I anticipate a slight increase to $1.60 in the next period. Following my precommitted schedule to take profits, I will sell 2 shares at a limit price of $1.55. This decision allows me to capitalize on current market conditions while still retaining shares for future dividends and potential redemption value. By executing this sale, I maximize my cash wealth and ensure that I benefit from the current demand before any potential stabilization or price drop."
speculative-v1-s140928,RA+MC+BT+PC+NT+OC,trader-02,RA,19,hold,0,0,0.0,0,,280.76,0,294.8,0,14.04,0.0,294.8,1.55,1.4,1.2,14.0,,"The current market price of $1.55 is above my expected future dividend values ($1.40 and $1.20) for the next periods, indicating that buying at this price does not offer an advantageous return compared to holding cash, which earns 5% interest. Additionally, I have no shares to sell, so holding my cash is the best strategy at this moment while I wait for potentially better trading opportunities as we approach the redemption value of $14 at the end of the trading period."
speculative-v1-s140928,RA+MC+BT+PC+NT+OC,trader-03,OC,19,buy,4,4,0.75,0,,324.18,4,344.39,4,16.21,4.0,400.39,1.6,1.8,1.9,14.0,,"I believe the market is still undervaluing these shares, and my optimistic forecast indicates a recovery to $1.60 now, followed by increases to $1.80 in 2 periods and $1.90 in 5 periods, before redemption at $14.00. Given my strategy as an overconfident contrarian, I see this as an opportunity to buy 4 more shares at $0.75, capitalizing on perceived bargains while the market has yet to recognize their true value."
speculative-v1-s140928,RA+MC+BT+PC+NT+OC,trader-04,OC,19,buy,4,4,1.55,0,,324.18,4,344.39,4,16.21,4.0,400.39,1.55,1.8,2.0,14.0,,"I believe the market continues to undervalue these shares at the current price of $1.55. My optimistic forecasts indicate that the price will rise to $1.80 in 2 periods and $2.00 in 5 periods, with the potential for significant appreciation as the market recognizes the true value of these shares over the long term. Given my confidence in recovery and the potential for dividends, I will buy 4 more shares at this price. This aligns with my contrarian strategy, allowing me to capitalize on the market's eventual correction."
speculative-v1-s140928,RA+MC+BT+PC+NT+OC,trader-05,BT,19,buy,4,4,1.6,0,,324.18,4,344.39,4,16.21,4.0,400.39,1.6,1.8,1.9,14.0,,"I anticipate continued speculative demand will push prices higher, with a forecast of $1.80 in two periods and $1.90 in five. Given my current cash position of $324.18 and the ongoing price trends, I will place a buy order for 4 shares at a limit of $1.60. This aligns with my strategy to capitalize on the speculative upswing and sell before the bubble peaks, maximizing my final cash wealth."
speculative-v1-s140928,RA+MC+BT+PC+NT+OC,trader-06,NT,19,buy,4,4,3.3,0,,428.62,14,464.05,14,21.43,14.0,660.05,3.2,3.5,5.0,14.0,,"I'm feeling optimistic about the market as we approach the redemption value of $14. My past forecasts have shown a consistent upward trend in prices, and I believe that others will also be willing to buy shares at a higher price. Setting a limit to buy 4 shares at $3.30 allows me to take advantage of this anticipated price increase while utilizing my available cash effectively."
speculative-v1-s140928,RA+MC+BT+PC+NT+OC,trader-07,BT,19,buy,2,2,1.7,0,,324.18,4,344.39,4,16.21,4.0,400.39,1.7,1.75,1.9,14.0,,"I anticipate continued demand for shares, with the price expected to rise to $1.75 in two periods and $1.90 in five periods. Buying 2 shares at $1.70 allows me to capitalize on this speculative upswing. My exit plan remains unchanged: I will monitor for signs of slowing demand and aim to sell before the peak to secure profits."
speculative-v1-s140928,RA+MC+BT+PC+NT+OC,trader-08,PC,19,buy,4,4,1.5,0,,272.53,0,286.16,0,13.63,0.0,286.16,1.55,1.6,1.7,14.0,,"The market is currently showing strong demand, and I expect the price to remain around $1.55 now, with a potential increase to $1.6 in the next period. Following my precommitted strategy to buy in this period, I will place a buy order for 4 shares at a limit price of $1.50. This aligns with my goal of maximizing final cash wealth by increasing my inventory at a favorable price before I plan to sell at a higher price in future periods."
speculative-v1-s140928,RA+MC+BT+PC+NT+OC,trader-09,MC,19,buy,3,3,1.75,0,,335.06,5,356.81,5,16.75,5.0,426.81,1.75,2.0,2.0,14.0,,"As a momentum chaser, I believe the price will continue to rise and reach at least $1.75 in the near term. The consistent upward trend in recent periods supports my optimism about potential speculative interest building. With my cash reserves and the anticipation of further price increases, I will place a buy order for 3 shares at a limit of $1.75 to capitalize on this momentum."
speculative-v1-s140928,RA+MC+BT+PC+NT+OC,trader-10,NT,19,buy,2,2,2.2,0,,324.18,4,344.39,4,16.21,4.0,400.39,2.15,2.5,3.0,14.0,,"I'm feeling optimistic about the market's potential for speculative demand, especially with the recent upward trends in prices. Given that my previous buy orders have not filled and the sentiment seems to be shifting upwards, I'm setting my limit at $2.20, slightly above my current forecast of $2.15. This price allows me to secure 2 more shares before I anticipate further price increases, especially as we approach the potential for dividends and the redemption value of $14 at the end of the trading period. Increasing my holdings now seems wise in light of the anticipated market movements."
speculative-v1-s140928,RA+MC+BT+PC+NT+OC,trader-11,MC,19,buy,2,2,1.75,0,,380.53,9,408.56,9,19.03,9.0,534.56,1.75,2.0,14.0,14.0,,"Given the recent upward momentum in the market and the last transaction prices, I believe that the price will continue to rise. My forecast of $1.75 is based on the optimism and speculative interest that has been building. I have sufficient cash available to buy 2 more shares at this price, which aligns with my strategy to capitalize on further upward movements before the anticipated rally continues."
speculative-v1-s140928,RA+MC+BT+PC+NT+OC,trader-00,RA,20,buy,3,3,1.55,0,,303.47,0,318.64,0,15.17,0.0,318.64,1.55,1.8,1.8,14.0,,"The current market price of $1.55 aligns with my forecast of $1.80 in 2 periods, indicating potential for appreciation. I have $4132.76 in cash, allowing me to afford purchasing 3 shares at $1.55 each, totaling $4.65. This investment is advantageous as the expected return from holding these shares exceeds the 5% cash return, especially considering the terminal redemption value of $14 per share in period 30. Therefore, acquiring more shares now positions me well for future gains."
speculative-v1-s140928,RA+MC+BT+PC+NT+OC,trader-01,PC,20,sell,2,0,1.55,0,,296.96,0,311.81,0,14.85,0.0,311.81,1.55,1.6,1.75,14.0,,"The market price has stabilized around $1.55, and I expect a slight increase to $1.60 in the next period based on market demand. As I have been following a precommitted schedule to take profits, I will sell 2 shares at a limit price of $1.55. This decision allows me to capitalize on current market conditions while still retaining shares for future dividends and potential redemption value, maximizing my cash wealth before any potential stabilization or price drop."
speculative-v1-s140928,RA+MC+BT+PC+NT+OC,trader-02,RA,20,hold,0,0,0.0,0,,294.8,0,309.54,0,14.74,0.0,309.54,1.55,1.4,1.2,14.0,,"The current market price of $1.55 is still above my expected future values for dividends ($1.40 and $1.20) in the next periods, indicating no advantageous buying opportunity at this time. Holding cash allows me to earn 5% interest while I wait for potentially better trading opportunities as we approach the redemption value of $14 at the end of the trading period."
speculative-v1-s140928,RA+MC+BT+PC+NT+OC,trader-03,OC,20,buy,4,4,0.75,0,,344.39,4,365.61,4,17.22,4.0,421.61,1.6,1.8,1.9,14.0,,"I believe the market is still undervaluing these shares despite previous periods of no transactions. My forecasts indicate a price recovery to $1.60 now and further increases to $1.80 in 2 periods and $1.90 in 5 periods, ultimately leading to redemption at $14.00. This is a prime opportunity to buy 4 more shares at $0.75, allowing me to capitalize on perceived bargains while the market has yet to recognize their true value."
speculative-v1-s140928,RA+MC+BT+PC+NT+OC,trader-04,OC,20,buy,4,4,1.55,0,,344.39,4,365.61,4,17.22,4.0,421.61,1.55,1.8,2.0,14.0,,"I believe the market is still undervaluing these shares at the current price of $1.55. My optimistic forecasts suggest a price increase to $1.80 in 2 periods and up to $2.00 in 5 periods, with the potential for significant appreciation as the market recognizes the true value of these shares. Since I have not realized any losses and continue to have confidence in recovery, I will buy 4 more shares at this price to capitalize on what I see as a bargain opportunity."
speculative-v1-s140928,RA+MC+BT+PC+NT+OC,trader-05,BT,20,buy,4,4,1.6,0,,344.39,4,365.61,4,17.22,4.0,421.61,1.6,1.8,1.9,14.0,,"I anticipate continued speculative demand, with prices projected to rise to around $1.80 in two periods and potentially $1.90 in five. Given my cash position of $344.39, I will place a buy order for 4 shares at a limit of $1.60, which aligns with my strategy to capitalize on the speculative upswing and sell before any potential peak. This decision aims to maximize my final cash wealth as I prepare for the market peak."
speculative-v1-s140928,RA+MC+BT+PC+NT+OC,trader-06,NT,20,buy,4,4,3.4,0,,464.05,14,501.25,14,23.2,14.0,697.25,3.3,3.5,5.0,14.0,,"I'm feeling optimistic about the market as we approach the redemption value of $14. Based on my previous forecasts showing an upward trend in prices, I believe that others will also be willing to buy shares at a higher price. Setting a buy limit at $3.40 allows me to take advantage of this anticipated price increase while utilizing my available cash effectively. I have sufficient cash to make this purchase and want to maximize my final cash wealth."
speculative-v1-s140928,RA+MC+BT+PC+NT+OC,trader-07,BT,20,buy,2,2,1.7,0,,344.39,4,365.61,4,17.22,4.0,421.61,1.7,1.75,1.9,14.0,,"I anticipate continued demand for shares, with the price expected to rise to $1.75 in two periods and $1.90 in five periods. Buying 2 shares at $1.70 allows me to capitalize on this speculative upswing while retaining cash for future trades. My exit plan remains to sell before any signs of demand slowing down to secure profits."
speculative-v1-s140928,RA+MC+BT+PC+NT+OC,trader-08,PC,20,buy,4,4,1.5,0,,286.16,0,300.47,0,14.31,0.0,300.47,1.55,1.6,1.7,14.0,,"I believe the market is currently showing strong demand, with prices likely to be around $1.55 now and expected to increase to approximately $1.6 in the next period. Following my precommitted strategy to buy in this period, I will place a buy order for 4 shares at a limit price of $1.50. This decision aligns with my goal of maximizing final cash wealth by increasing my inventory at a favorable price before I plan to sell at a higher price in future periods."
speculative-v1-s140928,RA+MC+BT+PC+NT+OC,trader-09,MC,20,buy,3,3,1.75,0,,356.81,5,379.65,5,17.84,5.0,449.65,1.75,2.0,2.0,14.0,,"As a momentum chaser, I believe the price will continue to rise, reaching at least $1.75 in the near term based on the current upward trend. I have consistently observed increasing speculative interest in the market, which supports my decision to increase my position. With my cash reserves and anticipated further price increases, placing a buy order for 3 shares at $1.75 allows me to capitalize on this momentum while managing my cash effectively."
speculative-v1-s140928,RA+MC+BT+PC+NT+OC,trader-10,NT,20,buy,2,2,2.25,0,,344.39,4,365.61,4,17.22,4.0,421.61,2.2,2.5,3.0,14.0,,"I'm feeling optimistic about the market and believe there is potential for speculative demand to push prices higher. Given the recent upward trends and the potential for dividends, I think traders may be willing to pay around $2.25 for shares soon. As my previous buy orders have not filled, I want to secure 2 additional shares at this price to increase my holdings before anticipated price increases, especially as we approach the redemption value of $14."
speculative-v1-s140928,RA+MC+BT+PC+NT+OC,trader-11,MC,20,buy,2,2,1.75,0,,408.56,9,437.99,9,20.43,9.0,563.99,1.75,2.0,14.0,14.0,,"Given the recent momentum in the market and the last transaction prices, I believe prices will continue to rise. I forecast $1.75 for the current period based on my optimistic outlook and momentum-chasing behavior. With sufficient cash available, I will buy 2 more shares at this price to capitalize on the anticipated upward trend before the market rallies further."
speculative-v1-s140928,RA+MC+BT+PC+NT+OC,trader-00,RA,21,buy,3,3,1.55,0,,318.64,0,334.57,0,15.93,0.0,334.57,1.55,1.8,1.8,14.0,,"The current market price of $1.55 matches my forecast for the next period of $1.80, indicating potential for appreciation. With $4387.40 in cash, I can afford to purchase 3 shares at $1.55 each, totaling $4.65. This investment is advantageous as the expected return from holding these shares exceeds the 5% cash return, especially considering the terminal redemption value of $14 per share in period 30. Therefore, acquiring more shares now positions me well for future gains."
speculative-v1-s140928,RA+MC+BT+PC+NT+OC,trader-01,PC,21,sell,2,0,1.55,0,,311.81,0,327.4,0,15.59,0.0,327.4,1.55,1.6,1.75,14.0,,"The market price has stabilized around $1.55, and I expect a slight increase to $1.60 in the next period based on market demand. I will sell 2 shares at a limit price of $1.55 to take profits while still retaining shares for future dividends and potential redemption value. This decision follows my precommitted schedule to maximize cash wealth by capitalizing on current market conditions before any potential stabilization or price drop."
speculative-v1-s140928,RA+MC+BT+PC+NT+OC,trader-02,RA,21,hold,0,0,0.0,0,,309.54,0,325.02,0,15.48,0.0,325.02,1.55,1.4,1.2,14.0,,"The current market price of $1.55 is above my expected future dividends ($1.40 and $1.20) for the next periods, indicating no advantageous buying opportunity. Holding cash allows me to earn 5% interest while I wait for potentially better trading opportunities as we approach the redemption value of $14 at the end of the trading period."
speculative-v1-s140928,RA+MC+BT+PC+NT+OC,trader-03,OC,21,buy,4,4,0.75,0,,365.61,4,387.89,4,18.28,4.0,443.89,1.6,1.8,1.9,14.0,,"I believe the market continues to undervalue these shares despite the lack of transactions in previous periods. My optimistic forecast suggests a recovery to $1.60 now, followed by increases to $1.80 in 2 periods and $1.90 in 5 periods, ultimately leading to redemption at $14.00. This is a prime opportunity to buy 4 more shares at $0.75, allowing me to capitalize on perceived bargains while the market has yet to recognize their true value."
speculative-v1-s140928,RA+MC+BT+PC+NT+OC,trader-04,OC,21,buy,4,4,1.55,0,,365.61,4,387.89,4,18.28,4.0,443.89,1.55,1.8,2.0,14.0,,"I believe the market continues to undervalue these shares at the current price of $1.55. My optimistic forecasts suggest that the price will rise to $1.80 in 2 periods and $2.00 in 5 periods, with the potential for significant appreciation as the market recognizes the true value of these shares. Given my confidence in recovery and the potential for dividends, I will buy 4 more shares at this price to capitalize on what I see as a bargain opportunity."
speculative-v1-s140928,RA+MC+BT+PC+NT+OC,trader-05,BT,21,buy,4,4,1.6,0,,365.61,4,387.89,4,18.28,4.0,443.89,1.6,1.8,1.9,14.0,,"I anticipate that the speculative demand will continue to push prices higher, reaching around $1.80 in two periods and potentially $1.90 in five periods. Given my current cash position of $365.61, I will place a buy order for 4 shares at a limit of $1.60. This aligns with my strategy to capitalize on the speculative upswing before the bubble peaks, allowing me to maximize my final cash wealth."
speculative-v1-s140928,RA+MC+BT+PC+NT+OC,trader-06,NT,21,buy,4,4,3.5,0,,501.25,14,540.31,14,25.06,14.0,736.31,3.4,3.5,5.0,14.0,,"I'm feeling optimistic about the market as we approach the redemption value of $14. My past forecasts have shown a consistent upward trend in prices, and I believe that others will be willing to pay more. Setting a limit to buy 4 shares at $3.50 allows me to capitalize on the anticipated price increase while utilizing my available cash effectively. I want to maximize my final cash wealth by taking advantage of the upward momentum."
speculative-v1-s140928,RA+MC+BT+PC+NT+OC,trader-07,BT,21,buy,2,2,1.7,0,,365.61,4,387.89,4,18.28,4.0,443.89,1.7,1.75,1.9,14.0,,"I believe the price will continue to rise based on recent trends, with forecasts indicating an increase to $1.75 in two periods and potentially $1.90 in five periods. Buying 2 shares at $1.70 allows me to capitalize on this speculative upswing while retaining enough cash for future trades. My exit plan remains to sell before any signs of demand slowing down to secure profits."
speculative-v1-s140928,RA+MC+BT+PC+NT+OC,trader-08,PC,21,sell,4,0,1.5,0,,300.47,0,315.49,0,15.02,0.0,315.49,1.55,1.6,1.7,14.0,,"I believe the market is currently showing strong demand, with prices likely to be around $1.55 now and expected to increase to approximately $1.6 in the next period. However, I have reached my precommitted schedule of buying in the previous periods and now plan to sell my shares. I will sell 4 shares at a limit price of $1.50 to capitalize on the anticipated price increase while securing profits before the final redemption period. This aligns with my goal of maximizing final cash wealth."
speculative-v1-s140928,RA+MC+BT+PC+NT+OC,trader-09,MC,21,buy,3,3,1.75,0,,379.65,5,403.63,5,18.98,5.0,473.63,1.75,2.0,2.0,14.0,,"As a momentum chaser, I believe the price will continue to rise, reaching at least $1.75 in the near term based on the consistent upward trend observed in previous periods. With my current cash reserves, I can afford to buy 3 shares at this limit to capitalize on the anticipated momentum. This strategy aligns with my previous decisions and aims to maximize my final cash wealth by increasing my stake in a rising market."
speculative-v1-s140928,RA+MC+BT+PC+NT+OC,trader-10,NT,21,buy,2,2,2.3,0,,365.61,4,387.89,4,18.28,4.0,443.89,2.25,2.5,3.0,14.0,,"I'm feeling optimistic about the market's potential for speculative demand, especially with recent upward trends indicating that traders may be willing to pay around $2.30 for shares. Since my previous buy orders have not filled and I want to increase my holdings before prices rise further, I'm setting my buy order slightly above my current forecast. This strategy aligns with my belief that prices will continue to appreciate as we approach the redemption value of $14, and I have the cash reserves to support this purchase."
speculative-v1-s140928,RA+MC+BT+PC+NT+OC,trader-11,MC,21,buy,2,2,1.75,0,,437.99,9,468.89,9,21.9,9.0,594.89,1.75,2.0,14.0,14.0,,"Given the recent market trends and my belief in the building momentum, I forecast the current price at $1.75. I am optimistic about the potential for price increases and want to capitalize on this upward trend before the anticipated rally. With sufficient cash available, I will buy 2 more shares at this price to increase my position."
speculative-v1-s140928,RA+MC+BT+PC+NT+OC,trader-00,RA,22,buy,3,3,1.55,0,,334.57,0,351.3,0,16.73,0.0,351.3,1.55,1.8,1.8,14.0,,"The current market price of $1.55 aligns with my short-term forecast of $1.80 in 2 periods, indicating potential for appreciation. With $4654.76 in cash, I can afford to buy 3 shares at $1.55 each, totaling $4.65. This investment is advantageous compared to the 5% cash return, as the expected return from holding these shares exceeds that return. Additionally, the terminal redemption value of $14 per share in period 30 provides a strong incentive to acquire more shares now."
speculative-v1-s140928,RA+MC+BT+PC+NT+OC,trader-01,PC,22,sell,2,0,1.55,0,,327.4,0,343.77,0,16.37,0.0,343.77,1.55,1.6,1.75,14.0,,"The market price has stabilized around $1.55, and I expect a slight increase to $1.60 in the next period. Following my precommitted strategy to take profits, I will sell 2 shares at a limit price of $1.55. This decision allows me to capitalize on current market conditions while still retaining shares for future dividends and potential redemption value. By executing this sale, I maximize my cash wealth and ensure that I benefit from the current demand before any potential stabilization or price drop."
speculative-v1-s140928,RA+MC+BT+PC+NT+OC,trader-02,RA,22,hold,0,0,0.0,0,,325.02,0,341.27,0,16.25,0.0,341.27,1.55,1.4,1.2,14.0,,"The current market price of $1.55 is above my expected values for future dividends ($1.40 and $1.20), indicating no advantageous buying opportunity at this time. Holding cash allows me to earn 5% interest while I wait for potentially better trading opportunities as we approach the redemption value of $14 at the end of the trading period. Given that I have no shares to sell, holding my cash is the best strategy at this moment."
speculative-v1-s140928,RA+MC+BT+PC+NT+OC,trader-03,OC,22,buy,4,4,0.75,0,,387.89,4,408.88,4,19.39,1.6,464.88,1.6,1.8,1.9,14.0,,"I believe the market continues to undervalue these shares despite the previous periods showing no transactions. My optimistic forecast indicates a recovery to $1.60 now, followed by increases to $1.80 in 2 periods and $1.90 in 5 periods, ultimately leading to redemption at $14.00. I see this as a prime opportunity to buy 4 more shares at $0.75, allowing me to capitalize on perceived bargains while the market has yet to recognize their true value."
speculative-v1-s140928,RA+MC+BT+PC+NT+OC,trader-04,OC,22,buy,4,4,1.55,0,,387.89,4,408.88,4,19.39,1.6,464.88,1.55,1.8,2.0,14.0,,"I believe the market is still undervaluing these shares at the current price of $1.55. My optimistic forecasts suggest a price increase to $1.80 in 2 periods and up to $2.00 in 5 periods, with the potential for significant appreciation as the market recognizes the true value of these shares. Since I have not realized any losses and continue to have confidence in recovery, I will buy 4 more shares at this price to capitalize on what I see as a bargain opportunity."
speculative-v1-s140928,RA+MC+BT+PC+NT+OC,trader-05,BT,22,buy,4,4,1.6,0,,387.89,4,408.88,4,19.39,1.6,464.88,1.6,1.8,1.9,14.0,,"Given the current speculative environment and consistent price trends, I believe the price will rise to around $1.80 in two periods and potentially $1.90 in five. I have sufficient cash to place a buy order for 4 shares at a limit of $1.60. This aligns with my strategy to capitalize on the speculative upswing and sell before the bubble peaks, maximizing my final cash wealth."
speculative-v1-s140928,RA+MC+BT+PC+NT+OC,trader-06,NT,22,buy,4,4,3.6,0,,540.31,14,572.93,14,27.02,5.6,768.93,3.5,4.0,5.0,14.0,,"I'm feeling very optimistic about the market as we approach the redemption value of $14. My previous forecasts indicate a consistent upward trend in prices, and I believe that others will also be willing to pay more than my limit of $3.60. With my cash available, I want to capitalize on the anticipated price increase by buying 4 more shares. This aligns with my goal of maximizing my final cash wealth as the redemption date approaches."
speculative-v1-s140928,RA+MC+BT+PC+NT+OC,trader-07,BT,22,buy,2,2,1.7,0,,387.89,4,408.88,4,19.39,1.6,464.88,1.7,1.75,1.9,14.0,,I believe the price will continue to rise based on the recent upward trend and forecasts indicating a rise to $1.75 in two periods and potentially $1.90 in five periods. Buying 2 shares at $1.70 allows me to capitalize on the current speculative upswing while retaining some cash for future trades. My exit plan is to sell before any signs of demand slowing to secure profits.
speculative-v1-s140928,RA+MC+BT+PC+NT+OC,trader-08,PC,22,sell,4,0,1.5,0,,315.49,0,331.26,0,15.77,0.0,331.26,1.55,1.6,1.7,14.0,,"I believe the market is currently showing strong demand, with prices likely to be around $1.55 now and expected to increase to approximately $1.6 in the next period. I have reached my precommitted schedule of selling in this period, and I will sell my 4 shares at a limit price of $1.50 to capitalize on the anticipated price increase while securing profits before the final redemption period. This aligns with my goal of maximizing final cash wealth."
speculative-v1-s140928,RA+MC+BT+PC+NT+OC,trader-09,MC,22,buy,3,3,1.75,0,,403.63,5,425.81,5,20.18,2.0,495.81,1.75,2.0,2.0,14.0,,"As a momentum chaser, I believe that the price is likely to continue rising, reaching at least $1.75 in the near term based on the current upward trend and observed speculative interest. With my cash reserves, I can afford to buy 3 shares at this limit to capitalize on the anticipated momentum. This aligns with my strategy of increasing my stake in a rising market while maximizing my final cash wealth."
speculative-v1-s140928,RA+MC+BT+PC+NT+OC,trader-10,NT,22,buy,2,2,2.35,0,,387.89,4,408.88,4,19.39,1.6,464.88,2.3,2.5,3.0,14.0,,"I'm feeling optimistic about the market and believe that speculative demand will continue to drive prices higher. Given that my previous orders have not filled and traders are likely to pay around $2.35 for shares soon, I want to secure 2 additional shares at this price to increase my holdings before anticipated price increases. With the redemption value of $14 looming, I believe this is a good time to act."
speculative-v1-s140928,RA+MC+BT+PC+NT+OC,trader-11,MC,22,buy,2,2,1.75,0,,468.89,9,495.93,9,23.44,3.6,621.93,1.75,2.0,14.0,14.0,,"Given the recent upward momentum in the market and my belief that speculative interest will continue to build, I forecast the transaction price at $1.75 for this period. I have sufficient cash to buy 2 more shares at this price, which aligns with my momentum-chasing strategy. I aim to capitalize on the anticipated upward trend before the market rallies further."
speculative-v1-s140928,RA+MC+BT+PC+NT+OC,trader-00,RA,23,buy,3,3,1.55,0,,351.3,0,368.87,0,17.57,0.0,368.87,1.55,1.8,1.8,14.0,,"The current market price is $1.55, which aligns with my forecast for the next period of $1.80, indicating potential for appreciation. Given my cash balance of $4906.67, I can afford to buy 3 shares at this price, totaling $4.65. This investment is advantageous as the expected return from holding these shares exceeds the 5% cash return, especially considering the terminal redemption value of $14 per share in period 30. Therefore, acquiring more shares now positions me well for future gains."
speculative-v1-s140928,RA+MC+BT+PC+NT+OC,trader-01,PC,23,sell,2,0,1.55,0,,343.77,0,360.96,0,17.19,0.0,360.96,1.55,1.6,1.75,14.0,,"The market price has remained stable around $1.55, and based on my forecasts, I expect a slight increase to $1.60 in the next period. I will sell 2 shares at a limit price of $1.55 to take profits while still retaining shares for future dividends and potential redemption value. This decision aligns with my precommitted schedule to maximize cash wealth by capitalizing on current market conditions before any potential stabilization or price drop."
speculative-v1-s140928,RA+MC+BT+PC+NT+OC,trader-02,RA,23,buy,4,4,1.4,0,,341.27,0,358.33,0,17.06,0.0,358.33,1.55,1.4,1.2,14.0,,"The current market price of $1.55 is still higher than my forecasted values for the next periods, but buying at $1.40 allows me to take advantage of the potential for future resale and the expected terminal redemption of $14 after period 30. Given that I have cash earning 5% interest, I see an opportunity to enter the market now with a limit order, positioning myself for potential gains as we approach the redemption date."
speculative-v1-s140928,RA+MC+BT+PC+NT+OC,trader-03,OC,23,buy,4,4,0.75,0,,408.88,4,433.32,4,20.44,4.0,489.32,1.6,1.8,1.9,14.0,,"I believe the market is still undervaluing these shares despite the lack of transactions in previous periods. My optimistic forecast indicates a recovery to $1.60 now, followed by increases to $1.80 in 2 periods and $1.90 in 5 periods, ultimately leading to redemption at $14.00. This is a prime opportunity to buy 4 more shares at $0.75, allowing me to capitalize on perceived bargains while the market has yet to recognize their true value."
speculative-v1-s140928,RA+MC+BT+PC+NT+OC,trader-04,OC,23,buy,4,4,1.55,0,,408.88,4,433.32,4,20.44,4.0,489.32,1.55,1.8,2.0,14.0,,"I believe the market continues to undervalue these shares at the current price of $1.55. My optimistic forecasts suggest a rise to $1.80 in 2 periods and up to $2.00 in 5 periods, with the potential for significant appreciation as the market recognizes their true value. Given my confidence in recovery and the potential for dividends, I will buy 4 more shares at this price to capitalize on what I see as a bargain opportunity."
speculative-v1-s140928,RA+MC+BT+PC+NT+OC,trader-05,BT,23,buy,4,4,1.6,0,,408.88,4,433.32,4,20.44,4.0,489.32,1.6,1.8,1.9,14.0,,"Given the consistent speculative demand and recent price trends, I believe the price will rise to around $1.80 in two periods and potentially $1.90 in five. I have sufficient cash to place a buy order for 4 shares at a limit of $1.60, which aligns with my strategy to capitalize on the speculative upswing and sell before any potential peak. This decision aims to maximize my final cash wealth as I prepare for the market peak."
speculative-v1-s140928,RA+MC+BT+PC+NT+OC,trader-06,NT,23,buy,4,4,3.7,0,,572.93,14,615.58,14,28.65,14.0,811.58,3.6,4.0,5.0,14.0,,"I feel very optimistic about the market as we approach the redemption value of $14. My previous forecasts indicate a consistent upward trend in prices, and I believe that others will also be willing to pay more than my limit of $3.70. Given my cash available and the potential for dividends, I want to capitalize on this anticipated price increase by buying 4 more shares. This aligns with my goal of maximizing my final cash wealth as the redemption date approaches."
speculative-v1-s140928,RA+MC+BT+PC+NT+OC,trader-07,BT,23,buy,2,2,1.7,0,,408.88,4,433.32,4,20.44,4.0,489.32,1.7,1.75,1.9,14.0,,"I anticipate that the price will continue to rise based on recent trends, with forecasts indicating an increase to $1.75 in two periods and potentially $1.90 in five periods. Buying 2 shares at $1.70 allows me to capitalize on the current speculative upswing while retaining enough cash for future trades. My exit plan remains to sell before any signs of demand slowing down to secure profits."
speculative-v1-s140928,RA+MC+BT+PC+NT+OC,trader-08,PC,23,sell,4,0,1.5,0,,331.26,0,347.82,0,16.56,0.0,347.82,1.55,1.6,1.7,14.0,,"With only 8 trading periods remaining and my precommitted strategy to sell in this period, I will sell my 4 shares at a limit price of $1.50. The market sentiment appears strong, with forecast prices indicating a slight increase to $1.6 in the next period. Selling now allows me to capitalize on current gains while securing profits before the final redemption period. This aligns with my goal of maximizing my final cash wealth."
speculative-v1-s140928,RA+MC+BT+PC+NT+OC,trader-09,MC,23,buy,3,3,1.75,0,,425.81,5,452.1,5,21.29,5.0,522.1,1.75,2.0,2.0,14.0,,"As a momentum chaser, I believe the price will continue to rise, reaching at least $1.75 in the near term based on the consistent upward trend observed in previous periods. With my current cash reserves, I can afford to buy 3 shares at this limit to capitalize on the anticipated momentum. This strategy aligns with my previous decisions and aims to maximize my final cash wealth by increasing my stake in a rising market."
speculative-v1-s140928,RA+MC+BT+PC+NT+OC,trader-10,NT,23,buy,2,2,2.4,0,,408.88,4,433.32,4,20.44,4.0,489.32,2.35,2.5,3.0,14.0,,"I'm feeling optimistic about the market's potential for speculative demand, especially with the upward trends indicating that traders may be willing to pay around $2.40 for shares soon. With my previous buy orders having not filled and the cash reserves I have, I believe this is a good opportunity to increase my holdings. As we approach the redemption value of $14 and with upcoming dividends, I want to act now to secure additional shares before anticipated price increases."
speculative-v1-s140928,RA+MC+BT+PC+NT+OC,trader-11,MC,23,buy,2,2,1.75,0,,495.93,9,529.73,9,24.8,9.0,655.73,1.75,2.0,14.0,14.0,,"Given the recent upward momentum in the market and my belief that speculative interest will continue to build, I forecast the transaction price at $1.75 for this period. I have sufficient cash available to buy 2 more shares at this price, which aligns with my momentum-chasing strategy. I want to capitalize on the anticipated upward trend before the market rallies further."
speculative-v1-s140928,RA+MC+BT+PC+NT+OC,trader-00,RA,24,buy,3,3,1.55,0,,368.87,0,387.31,0,18.44,0.0,387.31,1.55,1.8,1.8,14.0,,"The current price of $1.55 aligns with my forecast for the next period of $1.80, indicating potential for appreciation. Given my cash balance of $5199.99, I can afford to buy 3 shares at this price, totaling $4.65. This investment is advantageous compared to the 5% cash return, as the expected return from holding these shares exceeds that return. Additionally, with the terminal redemption value of $14 per share in period 30, acquiring more shares now positions me well for future gains."
speculative-v1-s140928,RA+MC+BT+PC+NT+OC,trader-01,PC,24,sell,2,0,1.55,0,,360.96,0,379.01,0,18.05,0.0,379.01,1.55,1.6,1.75,14.0,,"The market price has remained stable around $1.55, and based on my forecasts, I expect a slight increase to $1.60 in the next period. I will sell 2 shares at a limit price of $1.55 to take profits while still retaining shares for future dividends and potential redemption value. This decision aligns with my precommitted schedule to maximize cash wealth by capitalizing on current market conditions before any potential stabilization or price drop."
speculative-v1-s140928,RA+MC+BT+PC+NT+OC,trader-02,RA,24,buy,4,4,1.4,0,,358.33,0,376.25,0,17.92,0.0,376.25,1.4,1.2,14.0,14.0,,"The market price of $1.55 is currently above my forecasted values for future dividends, but placing a buy order at $1.40 allows me to take advantage of potential future resale opportunities. With the expected terminal redemption value of $14 after period 30, buying shares now positions me to benefit from dividends and maximize my cash wealth. My cash is earning 5% interest, making this a favorable investment."
speculative-v1-s140928,RA+MC+BT+PC+NT+OC,trader-03,OC,24,buy,4,4,0.75,0,,433.32,4,456.59,4,21.67,1.6,512.59,1.6,1.8,1.9,14.0,,"I believe the market continues to undervalue these shares, and my optimistic forecast indicates a recovery to $1.60 now, followed by increases to $1.80 in 2 periods and $1.90 in 5 periods, ultimately leading to redemption at $14.00. This is a prime opportunity to buy 4 more shares at $0.75, allowing me to capitalize on perceived bargains while the market has yet to recognize their true value."
speculative-v1-s140928,RA+MC+BT+PC+NT+OC,trader-04,OC,24,buy,4,4,1.55,0,,433.32,4,456.59,4,21.67,1.6,512.59,1.55,1.8,2.0,14.0,,"I firmly believe that the market continues to underestimate the value of these shares at the current price of $1.55. My optimistic forecasts suggest a price increase to $1.80 in 2 periods and up to $2.00 in 5 periods, with the potential for significant appreciation as the market recognizes their true value. Given my confidence in recovery and the potential for dividends, I see this as a prime opportunity to buy 4 more shares at this price, which aligns perfectly with my contrarian strategy."
speculative-v1-s140928,RA+MC+BT+PC+NT+OC,trader-05,BT,24,buy,4,4,1.6,0,,433.32,4,456.59,4,21.67,1.6,512.59,1.6,1.8,1.9,14.0,,"Given the consistent speculative demand and recent price trends, I believe the price will rise to around $1.80 in two periods and potentially $1.90 in five. I have sufficient cash to place a buy order for 4 shares at a limit of $1.60. This aligns with my strategy to capitalize on the speculative upswing and sell before any potential peak, maximizing my final cash wealth as I prepare for the market peak."
speculative-v1-s140928,RA+MC+BT+PC+NT+OC,trader-06,NT,24,buy,4,4,3.8,0,,615.58,14,651.96,14,30.78,5.6,847.96,3.7,4.0,5.0,14.0,,"I'm feeling very optimistic about the market as we approach the redemption value of $14. My previous forecasts indicate a consistent upward trend in prices, and I believe that others will also be willing to buy shares at a higher price. Setting a limit to buy 4 shares at $3.80 allows me to take advantage of this anticipated price increase while using my available cash effectively. I want to capitalize on the upward momentum as we have only 7 trading periods left."
speculative-v1-s140928,RA+MC+BT+PC+NT+OC,trader-07,BT,24,buy,2,2,1.7,0,,433.32,4,456.59,4,21.67,1.6,512.59,1.7,1.75,1.9,14.0,,"I anticipate the price will continue to rise based on recent trends, with forecasts indicating an increase to $1.75 in two periods and potentially $1.90 in five periods. Buying 2 shares at $1.70 allows me to capitalize on the current speculative upswing while retaining enough cash for future trades. My exit plan remains to sell before any signs of demand slowing down to secure profits."
speculative-v1-s140928,RA+MC+BT+PC+NT+OC,trader-08,PC,24,sell,4,0,1.5,0,,347.82,0,365.21,0,17.39,0.0,365.21,1.6,1.7,1.8,14.0,,"With only 7 trading periods remaining and the market sentiment showing an upward trend, I believe the price will stabilize around $1.6 now and could rise to about $1.7 in the next period. I will sell my 4 shares at a limit price of $1.50 to capitalize on current gains while securing profits before the final redemption period. This aligns with my goal of maximizing my final cash wealth and adheres to my precommitted schedule of selling shares at a profit."
speculative-v1-s140928,RA+MC+BT+PC+NT+OC,trader-09,MC,24,buy,3,3,1.75,0,,452.1,5,476.71,5,22.61,2.0,546.71,1.75,2.0,2.0,14.0,,"As a momentum chaser, I believe the price will continue to rise, reaching at least $1.75 in the near term based on the consistent upward trend observed in previous periods. My cash reserves allow me to buy 3 shares at this limit to capitalize on the anticipated momentum. This strategy aligns with my previous decisions and aims to maximize my final cash wealth by increasing my stake in a rising market."
speculative-v1-s140928,RA+MC+BT+PC+NT+OC,trader-10,NT,24,buy,2,2,2.45,0,,433.32,4,456.59,4,21.67,1.6,512.59,2.4,2.5,3.0,14.0,,"I'm feeling optimistic about the market's potential for speculative demand and the recent upward trends indicate traders might be willing to pay around $2.45 for shares soon. With my previous buy orders having not filled, this price allows me to secure 2 additional shares before anticipated price increases, especially as we approach the redemption value of $14. Increasing my holdings now seems wise in light of the anticipated market movements."
speculative-v1-s140928,RA+MC+BT+PC+NT+OC,trader-11,MC,24,buy,2,2,1.75,0,,529.73,9,559.82,9,26.49,3.6,685.82,1.75,2.0,14.0,14.0,,"Given the recent upward momentum in the market and my consistent belief that speculative interest will continue to build, I forecast the transaction price at $1.75 for this period. I have sufficient cash available to buy 2 more shares at this price, which aligns with my strategy to capitalize on the anticipated upward trend before the market potentially rallies further. Since there are only a few trading periods left, I want to increase my position to maximize potential returns before the redemption at $14."
speculative-v1-s140928,RA+MC+BT+PC+NT+OC,trader-00,RA,25,buy,3,3,1.55,0,,387.31,0,406.68,0,19.37,0.0,406.68,1.55,1.8,1.8,14.0,,"The current market price of $1.55 aligns with my forecast for the next period of $1.80, indicating potential for appreciation. I have $5479.22 in cash, allowing me to afford purchasing 3 shares at this price, totaling $4.65. This investment is advantageous as the expected return from holding these shares exceeds the 5% cash return. Additionally, considering the terminal redemption value of $14 per share in period 30, acquiring more shares now positions me well for future gains."
speculative-v1-s140928,RA+MC+BT+PC+NT+OC,trader-01,PC,25,sell,2,0,1.55,0,,379.01,0,397.96,0,18.95,0.0,397.96,1.55,1.6,1.75,14.0,,"The market price has stabilized around $1.55, and I expect a slight increase to $1.60 in the next period based on persistent demand. Following my precommitted schedule to take profits, I will sell 2 shares at a limit price of $1.55. This decision allows me to capitalize on current market conditions while still retaining shares for future dividends and potential redemption value. By executing this sale, I maximize my cash wealth and ensure that I benefit from the current demand before any potential stabilization or price drop."
speculative-v1-s140928,RA+MC+BT+PC+NT+OC,trader-02,RA,25,buy,4,4,1.4,0,,376.25,0,395.06,0,18.81,0.0,395.06,1.4,1.2,14.0,14.0,,"The current market price of $1.55 exceeds my forecasted values for future dividends, but placing a buy order at $1.40 allows me to capitalize on potential resale opportunities as we approach the redemption value of $14 after period 30. This price point is still attractive relative to my forecasts, and with cash earning 5% interest, buying shares now positions me to benefit from dividends and maximize my cash wealth."
speculative-v1-s140928,RA+MC+BT+PC+NT+OC,trader-03,OC,25,buy,4,4,0.75,0,,456.59,4,483.42,4,22.83,4.0,539.42,1.6,1.8,1.9,14.0,,"Despite the market's current undervaluation of these shares, I remain confident in my optimistic forecast. I believe the price will recover to $1.60 now, with further increases to $1.80 in 2 periods and $1.90 in 5 periods, ultimately leading to redemption at $14.00. Given my previous strategy of buying on dips, I see this as a prime opportunity to buy 4 more shares at $0.75 while the market has yet to recognize their true value."
speculative-v1-s140928,RA+MC+BT+PC+NT+OC,trader-04,OC,25,buy,4,4,1.55,0,,456.59,4,483.42,4,22.83,4.0,539.42,1.55,1.8,2.0,14.0,,"I firmly believe that the market continues to underestimate the value of these shares at the current price of $1.55. My optimistic forecasts suggest a price increase to $1.80 in 2 periods and up to $2.00 in 5 periods, with the potential for significant appreciation as the market recognizes their true value. Given my confidence in recovery and the potential for dividends, I see this as a prime opportunity to buy 4 more shares at this price, which aligns perfectly with my contrarian strategy."
speculative-v1-s140928,RA+MC+BT+PC+NT+OC,trader-05,BT,25,buy,4,4,1.6,0,,456.59,4,483.42,4,22.83,4.0,539.42,1.6,1.8,1.9,14.0,,"I anticipate that the current speculative demand will continue to push prices higher, with a forecast of $1.80 in two periods and potentially $1.90 in five periods. Given my cash position of $456.59, I will place a buy order for 4 shares at a limit of $1.60. This aligns with my strategy to capitalize on the speculative upswing before the bubble peaks, maximizing my final cash wealth as I prepare for the market peak."
speculative-v1-s140928,RA+MC+BT+PC+NT+OC,trader-06,NT,25,buy,4,4,3.9,0,,651.96,14,698.56,14,32.6,14.0,894.56,3.8,4.0,5.0,14.0,,"I'm feeling very optimistic about the market as we approach the redemption value of $14. Given my previous forecasts and the consistent upward trend in prices, I believe that others will be willing to pay more than my limit of $3.90. I want to capitalize on this anticipated price increase by buying 4 more shares, which aligns with my goal of maximizing my final cash wealth as the redemption date approaches."
speculative-v1-s140928,RA+MC+BT+PC+NT+OC,trader-07,BT,25,buy,2,2,1.7,0,,456.59,4,483.42,4,22.83,4.0,539.42,1.7,1.75,1.9,14.0,,"I anticipate that the price will continue to rise based on recent trends, with forecasts indicating an increase to $1.75 in two periods and potentially $1.90 in five periods. Buying 2 shares at $1.70 allows me to capitalize on the current speculative upswing while retaining enough cash for future trades. My exit plan remains to sell before any signs of demand slowing to secure profits."
speculative-v1-s140928,RA+MC+BT+PC+NT+OC,trader-08,PC,25,sell,4,0,1.5,0,,365.21,0,383.47,0,18.26,0.0,383.47,1.6,1.7,1.8,14.0,,"With only 6 trading periods remaining and the market sentiment showing a positive trend, I believe the price will stabilize around $1.6 now and could rise to about $1.7 in the next period. I have reached my precommitted schedule of selling in this period. Therefore, I will sell my 4 shares at a limit price of $1.50 to capitalize on current gains while securing profits before the final redemption period. This aligns with my goal of maximizing my final cash wealth."
speculative-v1-s140928,RA+MC+BT+PC+NT+OC,trader-09,MC,25,buy,3,3,1.75,0,,476.71,5,505.55,5,23.84,5.0,575.55,1.75,2.0,2.0,14.0,,"As a momentum chaser, I believe the price will continue to rise, reaching at least $1.75 in the near term based on the consistent upward trend observed in previous periods. Given my current cash reserves and the anticipation of further price increases, placing a buy order for 3 shares at this limit allows me to capitalize on the expected momentum while managing my cash effectively."
speculative-v1-s140928,RA+MC+BT+PC+NT+OC,trader-10,NT,25,buy,2,2,2.45,0,,456.59,4,483.42,4,22.83,4.0,539.42,2.45,2.5,3.0,14.0,,"I'm feeling optimistic about the market's potential for speculative demand, especially as we approach the redemption value of $14. With my previous buy orders not filling, I believe traders might be willing to pay around $2.45 for shares soon. This price allows me to secure 2 additional shares to increase my holdings before anticipated price increases. By acting now, I'm strategically positioning myself for potential future gains as the market sentiment appears to favor upward movement."
speculative-v1-s140928,RA+MC+BT+PC+NT+OC,trader-11,MC,25,buy,2,2,1.75,0,,559.82,9,596.81,9,27.99,9.0,722.81,1.75,2.0,14.0,14.0,,"Given the recent upward momentum in the market and my consistent belief that speculative interest will continue to build, I forecast the transaction price at $1.75 for this period. I have sufficient cash available to buy 2 more shares at this price, which aligns with my momentum-chasing strategy. With only a few trading periods left, I want to increase my position to maximize potential returns before the redemption at $14."
speculative-v1-s140928,RA+MC+BT+PC+NT+OC,trader-00,RA,26,buy,3,3,1.55,0,,406.68,0,427.01,0,20.33,0.0,427.01,1.55,1.8,1.8,14.0,,"The current market price of $1.55 aligns with my forecast for the next period of $1.80, indicating potential for appreciation. Given my cash balance of $5801.19, I can afford to buy 3 shares at this price, totaling $4.65. This investment is advantageous as the expected return from holding these shares exceeds the 5% cash return, especially considering the terminal redemption value of $14 per share in period 30. Therefore, acquiring more shares now positions me well for future gains."
speculative-v1-s140928,RA+MC+BT+PC+NT+OC,trader-01,PC,26,sell,2,0,1.55,0,,397.96,0,417.86,0,19.9,0.0,417.86,1.55,1.6,1.75,14.0,,"The market price has stabilized around $1.55, and I anticipate a slight increase to $1.60 in the next period based on current demand. Following my precommitted schedule to take profits, I will sell 2 shares at a limit price of $1.55. This decision allows me to capitalize on current market conditions while still retaining shares for future dividends and potential redemption value. By executing this sale, I maximize my cash wealth and ensure that I benefit from the current demand before any potential stabilization or price drop."
speculative-v1-s140928,RA+MC+BT+PC+NT+OC,trader-02,RA,26,buy,4,4,1.4,0,,395.06,0,414.81,0,19.75,0.0,414.81,1.4,1.2,14.0,14.0,,"The current market price is $1.55, which is above my forecasted values for future dividends and potential resale. However, I believe placing a buy order at $1.40 for 4 shares is advantageous since it allows me to benefit from potential dividends and the expected redemption value of $14 after period 30. My cash is earning 5% interest, making it a strategic investment to position myself for future gains."
speculative-v1-s140928,RA+MC+BT+PC+NT+OC,trader-03,OC,26,buy,4,4,0.75,0,,483.42,4,509.19,4,24.17,1.6,565.19,1.6,1.8,1.9,14.0,,"I believe the market continues to undervalue these shares, and my optimistic forecast indicates a recovery to $1.60 now, followed by increases to $1.80 in 2 periods and $1.90 in 5 periods, ultimately leading to redemption at $14.00. Given the current market conditions where no transactions have occurred, this presents a prime opportunity to buy 4 more shares at $0.75, allowing me to capitalize on perceived bargains while the market has yet to recognize their true value."
speculative-v1-s140928,RA+MC+BT+PC+NT+OC,trader-04,OC,26,buy,4,4,1.55,0,,483.42,4,509.19,4,24.17,1.6,565.19,1.55,1.8,2.0,14.0,,"I believe the market continues to undervalue these shares at the current price of $1.55. My optimistic forecasts suggest a price increase to $1.80 in 2 periods and up to $2.00 in 5 periods, with the potential for significant appreciation as the market recognizes their true value. Given my confidence in recovery and the potential for dividends, I see this as a prime opportunity to buy 4 more shares at this price, which aligns perfectly with my contrarian strategy."
speculative-v1-s140928,RA+MC+BT+PC+NT+OC,trader-05,BT,26,buy,4,4,1.6,0,,483.42,4,509.19,4,24.17,1.6,565.19,1.6,1.8,1.9,14.0,,"With the ongoing speculative demand, I believe prices will rise to around $1.80 in two periods and potentially $1.90 in five periods. I will place a buy order for 4 shares at a limit of $1.60, which aligns with my strategy to capitalize on the speculative upswing before the bubble peaks. This decision aims to maximize my final cash wealth as I prepare for the market peak."
speculative-v1-s140928,RA+MC+BT+PC+NT+OC,trader-06,NT,26,buy,4,4,3.9,0,,698.56,14,739.09,14,34.93,5.6,935.09,3.8,4.0,5.0,14.0,,"I'm feeling very optimistic about the market as we approach the redemption value of $14. My previous forecasts indicate a consistent upward trend in prices, and I believe that others will also be willing to buy at a higher price than my limit of $3.90. Given my cash available and the potential for dividends, I want to capitalize on this anticipated price increase by buying 4 more shares, aligning with my goal of maximizing my final cash wealth."
speculative-v1-s140928,RA+MC+BT+PC+NT+OC,trader-07,BT,26,buy,2,2,1.7,0,,483.42,4,509.19,4,24.17,1.6,565.19,1.7,1.75,1.9,14.0,,"I believe the price will continue to rise based on recent trends, with forecasts indicating an increase to $1.75 in two periods and potentially $1.90 in five periods. Buying 2 shares at $1.70 allows me to capitalize on the current speculative upswing. My exit plan remains to sell before any signs of demand slowing to secure profits."
speculative-v1-s140928,RA+MC+BT+PC+NT+OC,trader-08,PC,26,sell,4,0,1.5,0,,383.47,0,402.64,0,19.17,0.0,402.64,1.6,1.7,1.8,14.0,,"With only 5 trading periods remaining and the current market sentiment indicating a stable price around $1.6, I believe selling my shares at a limit price of $1.50 allows me to capitalize on the anticipated gains and secure profits before the final redemption period. This aligns with my precommitted schedule to sell shares in this period, maximizing my final cash wealth while managing my inventory effectively."
speculative-v1-s140928,RA+MC+BT+PC+NT+OC,trader-09,MC,26,buy,3,3,1.75,0,,505.55,5,532.83,5,25.28,2.0,602.83,1.75,2.0,2.0,14.0,,"As a momentum chaser, I believe the price is likely to continue rising, reaching at least $1.75 in the near term based on the current upward trend and observed speculative interest. Given my cash reserves and the anticipation of further price increases, placing a buy order for 3 shares at this limit allows me to capitalize on the expected momentum while managing my cash effectively."
speculative-v1-s140928,RA+MC+BT+PC+NT+OC,trader-10,NT,26,buy,2,2,2.45,0,,483.42,4,509.19,4,24.17,1.6,565.19,2.45,2.5,3.0,14.0,,"I'm feeling optimistic about the market's potential for speculative demand, especially as we approach the redemption value of $14. Given that previous buy orders have not filled, I believe traders might be willing to pay around $2.45 for shares soon. This price allows me to secure 2 additional shares to increase my holdings before anticipated price increases, driven by the upcoming dividends and market sentiment. By acting now, I'm strategically positioning myself for potential future gains as the market sentiment appears to favor upward movement."
speculative-v1-s140928,RA+MC+BT+PC+NT+OC,trader-11,MC,26,buy,2,2,1.75,0,,596.81,9,630.25,9,29.84,3.6,756.25,1.75,2.0,14.0,14.0,,"Given the recent upward momentum in the market and my consistent belief that speculative interest will continue to build, I forecast the transaction price at $1.75 for this period. With sufficient cash available ($596.81), I will buy 2 more shares at this price, which aligns with my momentum-chasing strategy. Increasing my position now maximizes potential returns before the redemption at $14."
speculative-v1-s140928,RA+MC+BT+PC+NT+OC,trader-00,RA,27,buy,3,3,1.55,0,,427.01,0,448.36,0,21.35,0.0,448.36,1.55,1.8,1.8,14.0,,"The current market price is $1.55, and this aligns with my forecast of $1.80 in the next period, indicating potential for appreciation. Given my cash balance of $6110.44, I can afford to buy 3 shares at this price, totaling $4.65. This investment is advantageous as the expected return from holding these shares exceeds the 5% cash return, especially considering the terminal redemption value of $14 per share in period 30. Therefore, acquiring more shares now positions me well for future gains."
speculative-v1-s140928,RA+MC+BT+PC+NT+OC,trader-01,PC,27,sell,2,0,1.55,0,,417.86,0,438.75,0,20.89,0.0,438.75,1.55,1.6,1.75,14.0,,"The market price has been stable around $1.55, and I expect a slight increase to $1.60 in the next period based on market demand. Following my precommitted strategy to take profits, I will sell 2 shares at a limit price of $1.55. This decision allows me to capitalize on current market conditions while still retaining shares for future dividends and potential redemption value. By executing this sale, I maximize my cash wealth and ensure that I benefit from the current demand before any potential stabilization or price drop."
speculative-v1-s140928,RA+MC+BT+PC+NT+OC,trader-02,RA,27,buy,4,4,1.4,0,,414.81,0,435.55,0,20.74,0.0,435.55,1.4,1.2,14.0,14.0,,"The current market price is $1.55, which is above my forecasted values for future dividends. However, placing a buy order at $1.40 allows me to capitalize on potential future resale opportunities and dividends, considering the terminal redemption value of $14 after period 30. This aligns with my strategy to maximize cash wealth while taking advantage of the expected return on shares."
speculative-v1-s140928,RA+MC+BT+PC+NT+OC,trader-03,OC,27,buy,4,4,0.75,0,,509.19,4,538.65,4,25.46,4.0,594.65,1.6,1.8,1.9,14.0,,"I believe the market is still undervaluing these shares, and my optimistic forecast indicates a recovery to $1.60 now, with further increases to $1.80 in 2 periods and $1.90 in 5 periods, ultimately leading to redemption at $14.00. Given the current market conditions where no transactions have occurred, this presents a prime opportunity to buy 4 more shares at $0.75, allowing me to capitalize on perceived bargains while the market has yet to recognize their true value."
speculative-v1-s140928,RA+MC+BT+PC+NT+OC,trader-04,OC,27,buy,4,4,1.55,0,,509.19,4,538.65,4,25.46,4.0,594.65,1.55,1.8,2.0,14.0,,"I firmly believe that the market continues to undervalue these shares at the current price of $1.55. My optimistic forecasts suggest a rise to $1.80 in 2 periods and up to $2.00 in 5 periods, with the potential for significant appreciation as the market recognizes their true value. Given my confidence in recovery and the potential for dividends, I see this as a prime opportunity to buy 4 more shares at this price, perfectly aligning with my contrarian strategy."
speculative-v1-s140928,RA+MC+BT+PC+NT+OC,trader-05,BT,27,buy,4,4,1.6,0,,509.19,4,538.65,4,25.46,4.0,594.65,1.6,1.8,1.9,14.0,,"Given the current market dynamics and my consistent forecasts of price increases, I believe that the price will rise to around $1.80 in two periods and $1.90 in five periods. Since I have sufficient cash to place a buy order for 4 shares at a limit of $1.60, this aligns with my strategy to capitalize on the speculative upswing, allowing me to maximize my final cash wealth before the bubble peaks. With only four trading periods remaining, I must act now to secure additional shares."
speculative-v1-s140928,RA+MC+BT+PC+NT+OC,trader-06,NT,27,buy,4,4,3.9,0,,739.09,14,790.04,14,36.95,14.0,986.04,3.8,4.0,5.0,14.0,,"I feel very optimistic about the market as we approach the redemption value of $14. My previous forecasts indicate a consistent upward trend in prices, and I believe that others will also be willing to buy at a higher price than my limit of $3.90. Given my cash available and the potential for future dividends, I want to capitalize on this anticipated price increase by buying 4 more shares. This aligns with my goal of maximizing my final cash wealth as the redemption date approaches."
speculative-v1-s140928,RA+MC+BT+PC+NT+OC,trader-07,BT,27,buy,2,2,1.7,0,,509.19,4,538.65,4,25.46,4.0,594.65,1.7,1.75,1.9,14.0,,"I anticipate that the price will continue to rise based on recent trends and forecasted increases. Buying 2 shares at $1.70 allows me to capitalize on the current speculative upswing while retaining some cash for future trades. My exit plan remains to sell before any signs of demand slowing down to secure profits, ideally in the next couple of periods as I expect the price to reach around $1.75."
speculative-v1-s140928,RA+MC+BT+PC+NT+OC,trader-08,PC,27,sell,4,0,1.5,0,,402.64,0,422.77,0,20.13,0.0,422.77,1.6,1.7,1.8,14.0,,"With only 4 trading periods remaining, I believe the market sentiment is still strong, and the price is likely around $1.6 now, with potential growth to approximately $1.7 in the next period. Given my precommitted schedule to sell shares in this period, I will sell 4 shares at a limit price of $1.50. This allows me to capitalize on current gains and secure profits before the final redemption period, aligning with my goal of maximizing final cash wealth."
speculative-v1-s140928,RA+MC+BT+PC+NT+OC,trader-09,MC,27,buy,3,3,1.75,0,,532.83,5,564.47,5,26.64,5.0,634.47,1.75,2.0,2.0,14.0,,"As a momentum chaser, I believe that the price is likely to continue rising, reaching at least $1.75 in the near term based on the current upward trend and observed speculative interest. Given my cash reserves and the anticipation of further price increases, placing a buy order for 3 shares at this limit allows me to capitalize on the expected momentum while managing my cash effectively."
speculative-v1-s140928,RA+MC+BT+PC+NT+OC,trader-10,NT,27,buy,2,2,2.45,0,,509.19,4,538.65,4,25.46,4.0,594.65,2.45,2.5,3.0,14.0,,"I'm feeling optimistic about the market's potential for speculative demand, especially as we approach the redemption value of $14. Given that my previous buy orders have not filled, I believe traders might be willing to pay around $2.45 for shares soon. This price allows me to secure 2 additional shares to increase my holdings before anticipated price increases. By acting now, I'm strategically positioning myself for potential future gains as the market sentiment appears to favor upward movement."
speculative-v1-s140928,RA+MC+BT+PC+NT+OC,trader-11,MC,27,buy,2,2,1.75,0,,630.25,9,670.76,9,31.51,9.0,796.76,1.75,2.0,14.0,14.0,,"Given the recent upward momentum in the market and my belief that speculative interest will continue to build, I forecast the current price at $1.75. I have sufficient cash available to buy 2 more shares at this price, which aligns with my momentum-chasing strategy. With only a few trading periods left, increasing my position now maximizes potential returns before the redemption at $14."
speculative-v1-s140928,RA+MC+BT+PC+NT+OC,trader-00,RA,28,buy,3,3,1.55,0,,448.36,0,470.78,0,22.42,0.0,470.78,1.55,1.8,1.8,14.0,,"The current market price of $1.55 aligns with my forecast of $1.80 in the next period, indicating potential for appreciation. With $6463.95 in cash, I can afford to buy 3 shares at this price, totaling $4.65. This investment is advantageous as the expected return from holding these shares exceeds the 5% cash return, especially considering the terminal redemption value of $14 per share in period 30. Therefore, acquiring more shares now positions me well for future gains."
speculative-v1-s140928,RA+MC+BT+PC+NT+OC,trader-01,PC,28,sell,2,0,1.55,0,,438.75,0,460.69,0,21.94,0.0,460.69,1.55,1.6,1.75,14.0,,"Given the market price has remained stable around $1.55, and based on my forecasts, I expect a slight increase to $1.60 in the next period. Following my precommitted strategy to take profits, I will sell 2 shares at a limit price of $1.55 to capitalize on current market conditions while retaining shares for future dividends and potential redemption value. This decision aligns with my goal to maximize cash wealth by executing sales before any potential stabilization or price drop."
speculative-v1-s140928,RA+MC+BT+PC+NT+OC,trader-02,RA,28,buy,4,4,1.4,0,,435.55,0,457.33,0,21.78,0.0,457.33,1.4,1.2,14.0,14.0,,"The current market price of $1.55 is above my forecasted value of $1.4 for future dividends, but placing a buy order at this price allows me to take advantage of potential resale opportunities and dividends. Given the expected terminal redemption value of $14 after period 30, this positions me to benefit from future gains. My cash is earning 5% interest, making this a strategic investment."
speculative-v1-s140928,RA+MC+BT+PC+NT+OC,trader-03,OC,28,buy,4,4,0.75,0,,538.65,4,569.58,4,26.93,4.0,625.58,1.6,1.8,1.9,14.0,,"I continue to believe the market is undervaluing these shares, and my optimistic forecast indicates a recovery to $1.60 now, followed by increases to $1.80 in 2 periods and $1.90 in 5 periods. Given that there are only 3 trading periods left, I see this as a prime opportunity to buy 4 more shares at $0.75, allowing me to capitalize on perceived bargains while the market has yet to recognize their true value. My strategy is to accumulate shares before the final redemption at $14.00."
speculative-v1-s140928,RA+MC+BT+PC+NT+OC,trader-04,OC,28,buy,4,4,1.55,0,,538.65,4,569.58,4,26.93,4.0,625.58,1.55,1.8,2.0,14.0,,"I believe the market continues to undervalue these shares at the current price of $1.55. My optimistic forecasts suggest a rise to $1.80 in 2 periods and up to $2.00 in 5 periods, with the potential for significant appreciation as the market recognizes their true value. Given my confidence in recovery and the potential for dividends, I see this as a prime opportunity to buy 4 more shares at this price, which aligns perfectly with my contrarian strategy."
speculative-v1-s140928,RA+MC+BT+PC+NT+OC,trader-05,BT,28,buy,4,4,1.6,0,,538.65,4,569.58,4,26.93,4.0,625.58,1.6,1.8,1.9,14.0,,"With only three trading periods remaining, I believe that the speculative demand will continue to push prices higher, reaching around $1.80 in two periods and potentially $1.90 in five. Given my current cash position of $538.65 and the ongoing price trends, I will place a buy order for 4 shares at a limit of $1.60. This aligns with my strategy to capitalize on the speculative upswing before the bubble peaks, allowing me to maximize my final cash wealth. It’s crucial to act now to secure additional shares as I prepare to exit before any potential peak."
speculative-v1-s140928,RA+MC+BT+PC+NT+OC,trader-06,NT,28,buy,4,4,3.9,4,2.88,790.04,14,835.45,18,38.93,18.0,1087.45,3.8,4.0,5.0,14.0,,"I'm feeling very optimistic about the market as we approach the redemption value of $14. The consistent upward trend in prices suggests that others may be willing to pay more than my limit of $3.90. Given my available cash and the potential for future dividends, I want to capitalize on this anticipated price increase by buying 4 more shares. This aligns with my goal of maximizing my final cash wealth as the redemption date approaches."
speculative-v1-s140928,RA+MC+BT+PC+NT+OC,trader-07,BT,28,sell,4,4,1.85,-4,2.88,538.65,4,577.68,0,27.51,0.0,577.68,1.75,1.9,1.9,14.0,,"Given the recent upward trend, I anticipate the current price to rise to around $1.75 soon, with potential for it to reach $1.90 in two periods. I will sell my 4 shares at a limit price of $1.85 to lock in profits before the market potentially peaks. With only 3 trading periods left, it is prudent to secure gains now rather than risk a downturn."
speculative-v1-s140928,RA+MC+BT+PC+NT+OC,trader-08,PC,28,sell,4,0,1.5,0,,422.77,0,443.91,0,21.14,0.0,443.91,1.6,1.7,1.8,14.0,,"With only 3 trading periods remaining, I believe the market sentiment is still strong, and the price is likely to be around $1.6 now, with potential growth to approximately $1.7 in the next period. I have reached my precommitted schedule to sell my shares in this period. Selling now at a limit price of $1.50 allows me to capitalize on current gains and secure profits before the final redemption period, aligning with my goal of maximizing final cash wealth."
speculative-v1-s140928,RA+MC+BT+PC+NT+OC,trader-09,MC,28,buy,3,3,1.75,0,,564.47,5,597.69,5,28.22,5.0,667.69,1.75,2.0,2.0,14.0,,"As a momentum chaser, I believe the price will continue to rise based on the current upward trend and observed speculative interest. My forecasts indicate a near-term price of at least $1.75, and with my current cash reserves, I can afford to buy 3 shares at this limit. This strategy aligns with my goal of maximizing my final cash wealth by increasing my stake in a rising market."
speculative-v1-s140928,RA+MC+BT+PC+NT+OC,trader-10,NT,28,buy,2,2,2.45,0,,538.65,4,569.58,4,26.93,4.0,625.58,2.45,2.5,3.0,14.0,,"I'm feeling optimistic about the market's potential for speculative demand as we approach the redemption value of $14. Given that my previous buy orders have not filled, I believe traders might be willing to pay around $2.45 for shares soon. This price allows me to secure 2 additional shares before anticipated price increases, driven by the upcoming dividends and market sentiment. By acting now, I'm strategically positioning myself for potential future gains."
speculative-v1-s140928,RA+MC+BT+PC+NT+OC,trader-11,MC,28,buy,2,2,1.75,0,,670.76,9,713.3,9,33.54,9.0,839.3,1.75,2.0,14.0,14.0,,"Given the recent upward momentum in the market and my strong belief in the building speculative interest, I forecast the transaction price at $1.75 for this period. I have sufficient cash available to buy 2 more shares at this price, which aligns with my momentum-chasing strategy. With only a few trading periods left, increasing my position now maximizes potential returns before the redemption at $14."
speculative-v1-s140928,RA+MC+BT+PC+NT+OC,trader-00,RA,29,sell,3,0,2.85,0,,470.78,0,494.32,0,23.54,0.0,494.32,2.88,14.0,14.0,14.0,,"The current market price is $2.88, which is significantly higher than my expected terminal redemption value of $14 per share. Given that I have no shares, I will sell at a limit of $2.85 to take advantage of the high market price before the final redemption period. This strategy allows me to secure a solid profit and maximize my final cash wealth."
speculative-v1-s140928,RA+MC+BT+PC+NT+OC,trader-01,PC,29,sell,2,0,1.55,0,,460.69,0,483.72,0,23.03,0.0,483.72,1.6,1.75,14.0,14.0,,"The market price has been stable around $1.55, and I anticipate a slight increase to $1.60 in the next period based on current demand. As I have been following a precommitted schedule to take profits, I will sell 2 shares at a limit price of $1.55 to capitalize on current market conditions while retaining shares for future dividends and potential redemption value. This decision aligns with my goal to maximize cash wealth before any potential stabilization or price drop."
speculative-v1-s140928,RA+MC+BT+PC+NT+OC,trader-02,RA,29,buy,4,4,2.5,0,,457.33,0,480.2,0,22.87,0.0,480.2,2.88,2.4,1.8,14.0,,"The current market price is $2.88, which is higher than my forecasted values for future dividends and resale opportunities. However, I believe that entering the market with a buy order at $2.50 allows me to position myself for potential gains as we approach the redemption value of $14 after period 30. Given that the cash is earning 5% interest, this represents an opportunity to maximize my cash wealth while securing shares at a favorable price."
speculative-v1-s140928,RA+MC+BT+PC+NT+OC,trader-03,OC,29,buy,4,4,2.88,0,,569.58,4,599.66,4,28.48,1.6,655.66,2.88,3.0,3.5,14.0,,"I believe the market is still underestimating the potential of these shares. Given my optimistic forecast of a price recovery to $3.00 in 2 periods and $3.50 in 5 periods, I see this as a prime opportunity to buy 4 more shares at the current price of $2.88. I am confident that as the market recognizes the true value of these shares, my investment will yield substantial returns, especially with the impending redemption at $14.00 at the end."
speculative-v1-s140928,RA+MC+BT+PC+NT+OC,trader-04,OC,29,buy,4,4,2.88,0,,569.58,4,599.66,4,28.48,1.6,655.66,2.88,3.0,4.0,14.0,,"Despite the recent increase in market price to $2.88, I believe the shares are still undervalued given their potential for further price appreciation and dividends. My optimistic forecasts suggest that the price will continue to rise to $3.00 in the next period and potentially reach $4.00 in 5 periods. With only two trading periods left, I see a strong opportunity to buy 4 more shares at the current price, believing that the market has yet to fully recognize the true value of these shares. This aligns with my contrarian approach, as I trust my optimistic assessment of the market's potential for recovery and appreciation."
speculative-v1-s140928,RA+MC+BT+PC+NT+OC,trader-05,BT,29,sell,4,4,2.8,-4,3.35,569.58,4,612.13,0,29.15,0.0,612.13,2.88,1.8,1.9,14.0,,"With only two trading periods remaining, I believe the price is currently at a peak at $2.88 based on recent trends. I anticipate prices will stabilize or slightly decrease by the next period, with a forecast of $1.80 in two periods. Selling now allows me to lock in profits before the potential bubble bursts. My exit plan is to maximize my cash wealth by selling all my shares at this price."
speculative-v1-s140928,RA+MC+BT+PC+NT+OC,trader-06,NT,29,buy,4,4,3.9,4,3.35,835.45,18,871.95,22,41.1,8.8,1179.95,3.8,4.0,5.0,14.0,,"I'm feeling very optimistic about the market as we are nearing the redemption value of $14. My forecasts show a consistent upward trend, and I believe that others will also perceive value in purchasing shares at this time. Setting a limit to buy 4 shares at $3.90 allows me to capitalize on this anticipated price increase while effectively using my available cash. With only two trading periods left, I want to maximize my final cash wealth."
speculative-v1-s140928,RA+MC+BT+PC+NT+OC,trader-07,BT,29,sell,4,0,2.5,0,,577.68,0,606.56,0,28.88,0.0,606.56,1.75,1.9,1.9,14.0,,"Given the recent price increase to $2.88, I believe there is still potential for further growth, but with only two periods left, it is wise to sell and secure profits. The current market dynamics suggest other traders might be willing to pay a premium, so I'm setting a sell limit at $2.50 to take advantage of any remaining speculative demand. I want to lock in profits before any rush to exit occurs."
speculative-v1-s140928,RA+MC+BT+PC+NT+OC,trader-08,PC,29,sell,4,0,2.85,0,,443.91,0,466.11,0,22.2,0.0,466.11,2.88,3.0,3.5,14.0,,"With only 2 trading periods remaining, I believe the market is currently at a high price of $2.88, and I anticipate it may reach around $3.00 in the next period as traders react to the upward trend. I am planning to sell my shares at a limit price of $2.85 to capitalize on the current market gains and secure profits before the final redemption period. This aligns with my precommitted strategy to sell shares at a profit while maximizing my final cash wealth."
speculative-v1-s140928,RA+MC+BT+PC+NT+OC,trader-09,MC,29,buy,3,3,2.88,0,,597.69,5,629.57,5,29.88,2.0,699.57,2.88,3.0,3.5,14.0,,"Given the current market price of $2.88 and my momentum-chasing strategy, I anticipate that the price will continue to rise. With only two periods remaining, I see this as a critical time to capitalize on increasing speculative interest. I will place a buy order for 3 shares at the market price of $2.88, as I believe that this price will be quickly surpassed due to ongoing momentum and expected rally in the near term. This aligns with my goal of maximizing my final cash wealth."
speculative-v1-s140928,RA+MC+BT+PC+NT+OC,trader-10,NT,29,buy,2,2,2.9,0,,569.58,4,599.66,4,28.48,1.6,655.66,2.88,3.0,3.5,14.0,,"I'm feeling optimistic about the market's potential for speculative demand, especially with the redemption value of $14 on the horizon and the recent price trends indicating upward movement. Although my previous orders have not filled, I believe that traders might be willing to pay around $2.90 for shares soon. This price allows me to secure 2 additional shares before anticipated price increases, driven by upcoming dividends and market sentiment. Increasing my holdings now seems wise as I anticipate further price appreciation."
speculative-v1-s140928,RA+MC+BT+PC+NT+OC,trader-11,MC,29,buy,2,2,2.88,0,,713.3,9,752.57,9,35.67,3.6,878.57,2.88,3.5,14.0,14.0,,"The recent upward price movement to $2.88 indicates strong momentum in the market. Anticipating further growth, I predict a price increase to $3.50 in the next period, driven by speculative interest. With only two trading periods remaining, I want to capitalize on this upward trend before the final redemption of shares at $14. Buying 2 shares at the current price aligns with my momentum-chasing strategy."
speculative-v1-s140928,RA+MC+BT+PC+NT+OC,trader-00,RA,30,sell,0,0,0.0,0,,494.32,0,519.04,0,24.72,0.0,519.04,3.35,14.0,14.0,14.0,active orders require positive price and quantity,"The current market price is $3.35, which is significantly higher than my expected terminal redemption value of $14 per share. As I have no shares left to sell, I will hold my cash. Selling at a limit of $3.30 would allow me to take advantage of the high market price if I had shares. Holding cash is strategic as my opportunities for profit are maximized by waiting for the terminal redemption in the final period."
speculative-v1-s140928,RA+MC+BT+PC+NT+OC,trader-01,PC,30,sell,2,0,3.35,0,,483.72,0,507.91,0,24.19,0.0,507.91,3.35,14.0,14.0,14.0,,"With the market price currently at $3.35, I believe it is advantageous to sell my remaining 2 shares at this price. Given the rapid increase in market prices and my anticipation that they will stabilize around the redemption value of $14.00 in the coming periods, selling now allows me to maximize my cash wealth before potentially unfavorable price fluctuations. Following my precommitted schedule to take profits, this decision aligns with my strategy to secure gains while still anticipating future dividends and redemption value."
speculative-v1-s140928,RA+MC+BT+PC+NT+OC,trader-02,RA,30,hold,0,0,0.0,0,,480.2,0,504.21,0,24.01,0.0,504.21,3.35,2.4,1.8,14.0,,"The current market price of $3.35 is significantly above my forecasted values for future dividends and resale opportunities. Given the expected terminal redemption value of $14 after period 30, holding my cash, which is currently earning 5% interest, is the best strategy. There are no advantageous trading opportunities at this time, and I will retain my cash to maximize my final wealth."
speculative-v1-s140928,RA+MC+BT+PC+NT+OC,trader-03,OC,30,buy,4,4,3.35,0,,599.66,4,631.24,4,29.98,1.6,687.24,3.5,3.8,4.0,14.0,,"I believe the market is still undervaluing these shares, and my optimistic forecast suggests that the price will continue to rise. With the current price at $3.35 and my expectation of reaching $3.80 in 2 periods and $4.00 in 5 periods, I see this as an excellent opportunity to buy 4 more shares. My confidence in a significant recovery and the impending redemption at $14.00 reinforces my decision to capitalize on perceived bargains before the market fully recognizes their true value."
speculative-v1-s140928,RA+MC+BT+PC+NT+OC,trader-04,OC,30,buy,4,4,3.35,0,,599.66,4,631.24,4,29.98,1.6,687.24,3.35,4.0,14.0,14.0,,"I believe that despite the recent price increase, the shares are still undervalued and have significant potential for further appreciation. My optimistic forecasts suggest that the price will continue to rise to $4.00 in the next period and reach the terminal redemption value of $14.00 in 5 periods. Given my confidence in the market's eventual recognition of the true value, I will buy 4 more shares at the current price of $3.35, aligning with my contrarian strategy to capitalize on what I perceive as a bargain opportunity."
speculative-v1-s140928,RA+MC+BT+PC+NT+OC,trader-05,BT,30,hold,0,0,0.0,0,,612.13,0,642.74,0,30.61,0.0,642.74,3.35,1.8,1.9,14.0,,"With only one trading period remaining and my previous sell at a limit of $2.80, which was filled, I have successfully exited the market at a peak price. The anticipation of prices stabilizing or declining in the next period aligns with my exit plan to lock in profits. There is no justification to buy or hold shares at this point since my cash wealth has maximized with the recent sale."
speculative-v1-s140928,RA+MC+BT+PC+NT+OC,trader-06,NT,30,buy,4,4,3.9,0,,871.95,22,924.35,22,43.6,8.8,1232.35,3.9,4.0,5.0,14.0,,"I'm feeling very optimistic about the market as we approach the redemption value of $14. My forecasts show a consistent upward trend, and I believe that others will also perceive value in purchasing shares at this time. Setting a limit to buy 4 shares at $3.90 allows me to capitalize on this anticipated price increase while effectively using my available cash. With only one trading period left, I want to maximize my final cash wealth."
speculative-v1-s140928,RA+MC+BT+PC+NT+OC,trader-07,BT,30,sell,4,0,2.5,0,,606.56,0,636.89,0,30.33,0.0,636.89,3.35,3.75,3.9,14.0,,"Given the price increase to $3.35, I believe there is still potential for further growth; however, with only one trading period left, it is wise to sell now and secure profits. My exit plan is to lock in gains before the market potentially peaks, as I anticipate a price around $3.75 in two periods and significantly higher at redemption. Selling at a limit price of $2.50 allows me to capitalize on remaining speculative demand while ensuring I do not miss the opportunity to secure profits."
speculative-v1-s140928,RA+MC+BT+PC+NT+OC,trader-08,PC,30,sell,4,0,2.85,0,,466.11,0,489.42,0,23.31,0.0,489.42,2.85,3.0,3.5,14.0,,"With only one trading period remaining, the market sentiment is currently strong with a price of $2.88. I anticipate prices may rise to around $3.00 in the next period based on the prevailing market trends. However, I have reached my precommitted schedule to sell in this period, and I will sell my 4 shares at a limit price of $2.85 to capitalize on the current market gains and secure profits before the final redemption period. This aligns with my goal of maximizing my final cash wealth."
speculative-v1-s140928,RA+MC+BT+PC+NT+OC,trader-09,MC,30,buy,3,3,3.35,0,,629.57,5,663.05,5,31.48,2.0,733.05,3.35,3.5,3.75,14.0,,"Given the current market price of $3.35 and a strong upward momentum, I believe the price will continue to rise in the near term. My forecasts indicate the potential for the price to reach $3.5 within 2 periods and $3.75 within 5 periods as speculative interest builds. Therefore, I will place a buy order for 3 shares at the current market price of $3.35 to capitalize on this momentum while maximizing my final cash wealth."
speculative-v1-s140928,RA+MC+BT+PC+NT+OC,trader-10,NT,30,buy,2,2,3.4,0,,599.66,4,631.24,4,29.98,1.6,687.24,3.35,3.5,3.5,14.0,,"I'm feeling optimistic about the market's potential for speculative demand, especially with the recent upward trends indicating that traders may be willing to pay around $3.40 for shares soon. The redemption value of $14 in the final period creates an incentive for traders to push prices higher, and I want to secure more shares before that happens. My forecasts reflect a belief that the price will continue to appreciate as we near the trading end, and with my cash reserves, I can afford to buy 2 additional shares at this price."
speculative-v1-s140928,RA+MC+BT+PC+NT+OC,trader-11,MC,30,buy,2,2,3.35,0,,752.57,9,793.8,9,37.63,3.6,919.8,3.35,14.0,14.0,14.0,,"Given the recent upward momentum with the market price at $3.35, I anticipate further price increases driven by speculative interest. My forecast for the next period remains optimistic at $14.0 due to the imminent redemption value. With sufficient cash available, I will buy 2 shares at the current price to maximize potential returns before the final redemption."
