session,condition,trader,persona,period,side,submitted_quantity,admitted_quantity,limit_price,signed_fill,execution_price,opening_cash,opening_shares,closing_cash_before_redemption,closing_shares_before_redemption,interest,dividend_income,wealth_at_fundamental,forecast_0,forecast_2,forecast_5,forecast_10,rejection,rationale
RA-MC-BT-PC-NT-OC-s140926,RA+MC+BT+PC+NT+OC,trader-00,MC,1,hold,0,0,0.0,0,,100.0,4,106.6,4,5.0,1.6,162.6,14.0,14.0,14.0,14.0,,"The initial reference price is $14, and I expect it to remain stable in the short term due to the asset's fundamental value. Holding onto my shares allows me to benefit from potential dividends while preserving cash for future trading opportunities if price momentum shifts."
RA-MC-BT-PC-NT-OC-s140926,RA+MC+BT+PC+NT+OC,trader-01,RA,1,hold,0,0,0.0,0,,100.0,4,106.6,4,5.0,1.6,162.6,14.0,14.0,14.0,14.0,,"The current market price is at the fundamental value of $14, and there are no immediate excess returns to justify a buy or sell decision. Holding onto the shares is optimal as they provide potential dividends and will be redeemed at $14 at the end."
RA-MC-BT-PC-NT-OC-s140926,RA+MC+BT+PC+NT+OC,trader-02,NT,1,hold,0,0,0.0,0,,100.0,4,106.6,4,5.0,1.6,162.6,14.0,14.0,14.0,14.0,,"The asset's fundamental value is $14, and given that the last transaction price was also $14, I expect the market price to remain stable at this value in the short term. Holding my shares allows me to benefit from potential dividends while waiting for clearer price movements in future periods."
RA-MC-BT-PC-NT-OC-s140926,RA+MC+BT+PC+NT+OC,trader-03,NT,1,hold,0,0,0.0,0,,100.0,4,106.6,4,5.0,1.6,162.6,14.0,14.0,14.0,14.0,,"Given the stable fundamental value of the asset at $14 and the potential for dividends, it seems prudent to hold my current shares rather than making a move that could expose me to unnecessary risk. The market is likely to reflect this fundamental value in the near term, and holding allows me to benefit from potential dividends in the upcoming periods."
RA-MC-BT-PC-NT-OC-s140926,RA+MC+BT+PC+NT+OC,trader-04,RA,1,hold,0,0,0.0,0,,100.0,4,106.6,4,5.0,1.6,162.6,14.0,14.0,14.0,14.0,,"The current reference price aligns with the asset's fundamental value of $14. Given the equally likely dividends of $0.40 or $1.00 and a cash return of 5%, there is no immediate trading advantage. Holding shares is prudent as the asset will be redeemed at $14 after 30 periods, and selling now does not yield a better return than holding."
RA-MC-BT-PC-NT-OC-s140926,RA+MC+BT+PC+NT+OC,trader-05,OC,1,buy,1,1,13.0,0,,100.0,4,106.6,4,5.0,1.6,162.6,14.0,14.0,14.0,14.0,,"I expect a recovery in prices after the initial reference quote. Given that I have 10,000 cents in cash, I can place a limit order to buy 1 share at $13.00. As a contrarian, I believe the price will rebound, and I want to increase my holdings at a lower price. Holding shares is beneficial as each will eventually contribute to dividends and the $14 redemption value."
RA-MC-BT-PC-NT-OC-s140926,RA+MC+BT+PC+NT+OC,trader-06,PC,1,hold,0,0,0.0,0,,100.0,4,106.6,4,5.0,1.6,162.6,14.0,14.0,14.0,14.0,,I will hold my position this period as I have 4 shares and $100 in cash. The fundamental value of the asset is $14 and I expect it to remain stable. I plan to sell my shares in later periods when the price aligns with my strategy. Holding allows me to earn interest on my cash while waiting for a favorable selling opportunity.
RA-MC-BT-PC-NT-OC-s140926,RA+MC+BT+PC+NT+OC,trader-07,BT,1,hold,0,0,0.0,0,,100.0,4,106.6,4,5.0,1.6,162.6,14.0,14.0,14.0,14.0,,"With the fundamental value at $14 and the current price aligning with it, I expect stability in the short term. Holding my current position allows me to benefit from potential dividends while awaiting a clearer market signal for a future buy or sell. The market dynamics suggest that taking profits now may not be prudent given the lack of upward price momentum."
RA-MC-BT-PC-NT-OC-s140926,RA+MC+BT+PC+NT+OC,trader-08,MC,1,hold,0,0,0.0,0,,100.0,4,106.6,4,5.0,1.6,162.6,14.0,14.0,14.0,14.0,,"Current market price is aligned with the fundamental value of $14. As a momentum trader, I would typically look for price movements to buy or sell. However, with the price at its fundamental value and no recent price trends indicating momentum, it is prudent to hold my current position of 4 shares and $100 cash. This allows me to wait for better opportunities in the upcoming periods."
RA-MC-BT-PC-NT-OC-s140926,RA+MC+BT+PC+NT+OC,trader-09,PC,1,sell,2,2,14.0,0,,100.0,4,106.6,4,5.0,1.6,162.6,14.0,14.0,14.0,14.0,,"I intend to sell 2 shares this period at the reference price of $14. This aligns with my plan to sell shares early in the trading periods to maximize cash, while still retaining 2 shares for dividends in future periods. Given the fundamental value of the asset is $14, I believe this is a fair price. Selling now allows me to secure cash and benefit from potential dividends on the remaining shares."
RA-MC-BT-PC-NT-OC-s140926,RA+MC+BT+PC+NT+OC,trader-10,BT,1,sell,2,2,14.0,0,,100.0,4,106.6,4,5.0,1.6,162.6,14.0,14.5,15.0,14.0,,"The current price is at fundamental value. I expect a slight increase in the next few periods, but the market is likely to stabilize. Selling 2 shares now allows me to take some profits while still holding a position to benefit from potential dividends. This strategy aligns with my goal to maximize cash wealth before any potential peak."
RA-MC-BT-PC-NT-OC-s140926,RA+MC+BT+PC+NT+OC,trader-11,OC,1,buy,7,7,13.0,0,,100.0,4,106.6,4,5.0,1.6,162.6,14.0,14.0,14.0,14.0,,"Given my contrarian approach, I believe the price will dip below the fundamental value of $14, allowing me to buy more shares at a discount. I'm starting with $10,000 in cash and 4 shares, so I can purchase an additional 7 shares at a limit price of $13.00. This aligns with my strategy of buying after prices fall, and I trust that the market will recover in future periods."
RA-MC-BT-PC-NT-OC-s140926,RA+MC+BT+PC+NT+OC,trader-00,MC,2,hold,0,0,0.0,0,,106.6,4,113.53,4,5.33,1.6,169.53,14.0,14.0,14.0,14.0,,"The initial reference price is $14, and I expect it to remain stable in the short term due to the asset's fundamental value. Holding onto my shares allows me to benefit from potential dividends while preserving cash for future trading opportunities if price momentum shifts."
RA-MC-BT-PC-NT-OC-s140926,RA+MC+BT+PC+NT+OC,trader-01,RA,2,hold,0,0,0.0,0,,106.6,4,113.53,4,5.33,1.6,169.53,14.0,14.0,14.0,14.0,,"The current market price is at the fundamental value of $14, and there are no immediate excess returns to justify a buy or sell decision. Holding onto the shares is optimal as they provide potential dividends and will be redeemed at $14 at the end."
RA-MC-BT-PC-NT-OC-s140926,RA+MC+BT+PC+NT+OC,trader-02,NT,2,sell,2,2,14.0,0,,106.6,4,113.53,4,5.33,1.6,169.53,14.0,14.0,14.0,14.0,,"The asset's fundamental value is $14, and the last transaction price was also $14. Given my current position of 4 shares, selling 2 shares at this price allows me to realize some cash gains while still holding on to 2 shares for future dividends. This strategy balances immediate cash wealth with potential future returns."
RA-MC-BT-PC-NT-OC-s140926,RA+MC+BT+PC+NT+OC,trader-03,NT,2,hold,0,0,0.0,0,,106.6,4,113.53,4,5.33,1.6,169.53,14.0,14.0,14.0,14.0,,"Given the stable fundamental value of the asset at $14 and the potential for dividends in the upcoming periods, it is prudent to hold my current shares rather than make a move that could expose me to unnecessary risk. The market is likely to reflect this fundamental value in the near term, and holding allows me to benefit from potential dividends while retaining my cash for future opportunities."
RA-MC-BT-PC-NT-OC-s140926,RA+MC+BT+PC+NT+OC,trader-04,RA,2,hold,0,0,0.0,0,,106.6,4,113.53,4,5.33,1.6,169.53,14.0,14.0,14.0,14.0,,"The current reference price aligns with the asset's fundamental value of $14. Given the equally likely dividends of $0.40 or $1.00 and a cash return of 5%, there is no immediate trading advantage. Holding shares is prudent as the asset will be redeemed at $14 after 30 periods, and selling now does not yield a better return than holding."
RA-MC-BT-PC-NT-OC-s140926,RA+MC+BT+PC+NT+OC,trader-05,OC,2,buy,1,1,13.0,0,,106.6,4,113.53,4,5.33,1.6,169.53,13.0,14.0,14.0,14.0,,"I believe the price will recover from its current level of $13.00 to at least the fundamental value of $14.00. As an overconfident contrarian, I expect a rebound, and purchasing an additional share at this lower price will enhance my wealth from dividends and the eventual redemption value. I have sufficient cash to buy 1 share at this price."
RA-MC-BT-PC-NT-OC-s140926,RA+MC+BT+PC+NT+OC,trader-06,PC,2,hold,0,0,0.0,0,,106.6,4,113.53,4,5.33,1.6,169.53,14.0,14.0,14.0,14.0,,"I will hold my position this period as I have 4 shares and $106.60 in cash. The fundamental value of the asset is $14, and I expect it to remain stable. I plan to sell my shares in later periods when the price aligns with my strategy. Holding allows me to earn interest on my cash while waiting for a favorable selling opportunity."
RA-MC-BT-PC-NT-OC-s140926,RA+MC+BT+PC+NT+OC,trader-07,BT,2,hold,0,0,0.0,0,,106.6,4,113.53,4,5.33,1.6,169.53,14.0,14.0,14.0,14.0,,"The current market price aligns with the fundamental value of $14. Given the lack of upward momentum and the potential for dividends, holding my position is prudent. This allows me to benefit from potential dividends while I await clearer market signals for future trading decisions."
RA-MC-BT-PC-NT-OC-s140926,RA+MC+BT+PC+NT+OC,trader-08,MC,2,hold,0,0,0.0,0,,106.6,4,113.53,4,5.33,1.6,169.53,14.0,14.0,14.0,14.0,,"The current market price is aligned with the fundamental value of $14, and there hasn't been any recent price momentum to indicate a change. As a momentum trader, I typically look for price movements to buy or sell, but since there are no indications of upward or downward momentum, it is prudent to hold my current position of 4 shares and $106.60 in cash. This strategy allows me to wait for better opportunities in the upcoming periods."
RA-MC-BT-PC-NT-OC-s140926,RA+MC+BT+PC+NT+OC,trader-09,PC,2,sell,2,2,14.0,0,,106.6,4,113.53,4,5.33,1.6,169.53,14.0,14.0,14.0,14.0,,"I intend to sell 2 shares this period at the reference price of $14, consistent with my plan to sell shares early in the trading periods to maximize cash while retaining 2 shares for future dividends. The fundamental value of the asset remains at $14, making this a fair price for selling. This strategy secures cash now and allows me to benefit from dividends on the remaining shares."
RA-MC-BT-PC-NT-OC-s140926,RA+MC+BT+PC+NT+OC,trader-10,BT,2,sell,2,2,14.0,0,,106.6,4,113.53,4,5.33,1.6,169.53,14.0,14.5,15.0,14.0,,"The current price is at fundamental value of $14. I expect a slight increase in the next few periods due to potential market optimism, but I want to secure profits while the price is stable. Selling 2 shares allows me to take some profits now while still maintaining a position to benefit from future dividends. This aligns with my bubble timing strategy."
RA-MC-BT-PC-NT-OC-s140926,RA+MC+BT+PC+NT+OC,trader-11,OC,2,buy,7,7,13.0,0,,106.6,4,113.53,4,5.33,1.6,169.53,14.0,14.0,14.0,14.0,,"I believe the market will rebound in future periods, maintaining the fundamental value of $14. Given my current cash position of $10,660 and my contrarian strategy, I will place a limit order to buy 7 additional shares at $13.00. This strategy aligns with my expectation of a price recovery, and I trust that waiting for the price to drop allows me to acquire shares at a discount."
RA-MC-BT-PC-NT-OC-s140926,RA+MC+BT+PC+NT+OC,trader-00,MC,3,hold,0,0,0.0,0,,113.53,4,123.21,4,5.68,4.0,179.21,14.0,14.0,14.0,14.0,,"The initial reference price is $14, and I expect it to remain stable in the short term due to the asset's fundamental value. Holding onto my shares allows me to benefit from potential dividends while preserving cash for future trading opportunities if price momentum shifts."
RA-MC-BT-PC-NT-OC-s140926,RA+MC+BT+PC+NT+OC,trader-01,RA,3,hold,0,0,0.0,0,,113.53,4,123.21,4,5.68,4.0,179.21,14.0,14.0,14.0,14.0,,"The market price is at the fundamental value of $14, with no expected excess returns to justify buying or selling. Holding is optimal as each share provides a potential dividend and will be redeemed at $14 at the end of the period."
RA-MC-BT-PC-NT-OC-s140926,RA+MC+BT+PC+NT+OC,trader-02,NT,3,sell,2,2,14.0,0,,113.53,4,123.21,4,5.68,4.0,179.21,14.0,14.0,14.0,14.0,,"Given that the last transaction price was $14 and the asset's fundamental value remains the same, I expect the market price to stay stable at this value in the short term. Selling 2 shares at this price allows me to realize some cash gains while still holding on to 2 shares for future dividends. This strategy balances immediate cash wealth with potential future returns."
RA-MC-BT-PC-NT-OC-s140926,RA+MC+BT+PC+NT+OC,trader-03,NT,3,hold,0,0,0.0,0,,113.53,4,123.21,4,5.68,4.0,179.21,14.0,14.0,14.0,14.0,,"Given the stable fundamental value of the asset at $14 and the recent dividends received, it seems prudent to continue holding my current shares. This strategy allows me to benefit from potential dividends in the upcoming periods, while also preserving my cash for future opportunities. The market has shown stability around the $14 mark, and holding will not expose me to unnecessary risk at this moment."
RA-MC-BT-PC-NT-OC-s140926,RA+MC+BT+PC+NT+OC,trader-04,RA,3,hold,0,0,0.0,0,,113.53,4,123.21,4,5.68,4.0,179.21,14.0,14.0,14.0,14.0,,"The current reference price of $14 aligns with the asset's fundamental value. Given the equally likely dividends of $0.40 or $1.00, the expected return from holding shares outweighs any potential trading advantage at this price. Therefore, it is prudent to hold onto my current shares as they will be redeemed at $14 after 30 periods."
RA-MC-BT-PC-NT-OC-s140926,RA+MC+BT+PC+NT+OC,trader-05,OC,3,buy,1,1,13.0,0,,113.53,4,123.21,4,5.68,4.0,179.21,13.0,14.0,14.0,14.0,,"I believe the price will recover from its current level of $13.00 to at least the fundamental value of $14.00. As an overconfident contrarian, I expect a rebound, and purchasing an additional share at this lower price will enhance my wealth from dividends and the eventual redemption value. I have sufficient cash to buy 1 share at this price."
RA-MC-BT-PC-NT-OC-s140926,RA+MC+BT+PC+NT+OC,trader-06,PC,3,hold,0,0,0.0,0,,113.53,4,123.21,4,5.68,4.0,179.21,14.0,14.0,14.0,14.0,,"I will hold my position this period as I have 4 shares and $113.53 in cash. The fundamental value of the asset is $14, and I expect it to remain stable. I plan to sell my shares in later periods when the price aligns with my strategy. Holding allows me to earn interest on my cash while waiting for a favorable selling opportunity."
RA-MC-BT-PC-NT-OC-s140926,RA+MC+BT+PC+NT+OC,trader-07,BT,3,hold,0,0,0.0,0,,113.53,4,123.21,4,5.68,4.0,179.21,14.0,14.0,14.0,14.0,,"The market price aligns with the fundamental value of $14. Given the stable environment and lack of upward momentum, holding my position of 4 shares allows me to benefit from potential dividends of $0.40 per share while awaiting clearer market signals. This strategy keeps my options open for future periods as I monitor market conditions."
RA-MC-BT-PC-NT-OC-s140926,RA+MC+BT+PC+NT+OC,trader-08,MC,3,hold,0,0,0.0,0,,113.53,4,123.21,4,5.68,4.0,179.21,14.0,14.0,14.0,14.0,,"The current market price remains aligned with the fundamental value of $14, with no recent price momentum indicating a change. As a momentum trader, I would typically look for upward or downward trends to dictate my actions. However, since the price is stable and there are no signals of rising or falling prices, it is prudent to hold my position of 4 shares and $113.53 in cash. This strategy allows me to remain flexible and wait for better opportunities in the upcoming periods."
RA-MC-BT-PC-NT-OC-s140926,RA+MC+BT+PC+NT+OC,trader-09,PC,3,sell,2,2,14.0,0,,113.53,4,123.21,4,5.68,4.0,179.21,14.0,14.0,14.0,14.0,,"I intend to sell 2 shares this period at the reference price of $14, adhering to my plan to sell shares early in the trading periods to maximize cash while retaining 2 shares for future dividends. The fundamental value of the asset is still $14, making this a fair price for selling. By executing this sale, I secure cash now and maintain my position for dividends on the remaining shares."
RA-MC-BT-PC-NT-OC-s140926,RA+MC+BT+PC+NT+OC,trader-10,BT,3,sell,2,2,14.0,0,,113.53,4,123.21,4,5.68,4.0,179.21,14.0,14.5,15.0,14.0,,"The current price is at the fundamental value of $14, but I anticipate a slight increase to $14.5 in the next period due to market optimism. Therefore, I will sell 2 shares at $14.0 to take some profits while still holding a position to benefit from potential dividends in future periods."
RA-MC-BT-PC-NT-OC-s140926,RA+MC+BT+PC+NT+OC,trader-11,OC,3,buy,7,7,13.0,0,,113.53,4,123.21,4,5.68,4.0,179.21,14.0,14.0,14.0,14.0,,"I believe the price will dip below the fundamental value of $14, allowing me to buy more shares at a discount. Given my cash position of $11,353, I can purchase 7 additional shares at a limit price of $13.00. This aligns with my contrarian strategy of buying after prices fall, and I trust that the market will recover in future periods."
RA-MC-BT-PC-NT-OC-s140926,RA+MC+BT+PC+NT+OC,trader-00,MC,4,buy,1,1,14.0,1,14.0,123.21,4,116.67,5,5.46,2.0,186.67,14.0,14.0,14.0,14.0,,"The price remains at the initial reference value of $14. As a momentum chaser, I expect the price to stabilize here, and I want to take advantage of potential upward momentum. Buying one share allows me to benefit from any future price increases while still having cash on hand for potential future trades."
RA-MC-BT-PC-NT-OC-s140926,RA+MC+BT+PC+NT+OC,trader-01,RA,4,hold,0,0,0.0,0,,123.21,4,130.97,4,6.16,1.6,186.97,14.0,14.0,14.0,14.0,,"The current market price is at the fundamental value of $14, and there are no immediate excess returns to justify a buy or sell decision. Holding onto the shares is optimal as they provide potential dividends and will be redeemed at $14 at the end."
RA-MC-BT-PC-NT-OC-s140926,RA+MC+BT+PC+NT+OC,trader-02,NT,4,sell,2,2,14.0,0,,123.21,4,130.97,4,6.16,1.6,186.97,14.0,14.0,14.0,14.0,,"The asset's fundamental value remains stable at $14, and the last transaction price was also $14. Selling 2 shares at this price allows me to realize cash gains while holding on to 2 shares for potential future dividends. This strategy optimizes my immediate cash wealth while maintaining exposure to future returns."
RA-MC-BT-PC-NT-OC-s140926,RA+MC+BT+PC+NT+OC,trader-03,NT,4,hold,0,0,0.0,0,,123.21,4,130.97,4,6.16,1.6,186.97,14.0,14.0,14.0,14.0,,"Given the stable fundamental value of the asset at $14 and the potential for dividends, it seems prudent to hold my current shares rather than making a move that could expose me to unnecessary risk. The market is likely to reflect this fundamental value in the near term, and holding allows me to benefit from potential dividends in the upcoming periods while preserving my cash for future opportunities."
RA-MC-BT-PC-NT-OC-s140926,RA+MC+BT+PC+NT+OC,trader-04,RA,4,hold,0,0,0.0,0,,123.21,4,130.97,4,6.16,1.6,186.97,14.0,14.0,14.0,14.0,,"The current reference price of $14 is aligned with the asset's fundamental value. The expected dividends of $0.40 or $1.00 do not provide a trading advantage at this price compared to the 5% cash return. Holding onto my shares is prudent since they will be redeemed at $14 after 30 periods, and selling now would not yield a better return than holding."
RA-MC-BT-PC-NT-OC-s140926,RA+MC+BT+PC+NT+OC,trader-05,OC,4,buy,1,1,13.0,0,,123.21,4,130.97,4,6.16,1.6,186.97,14.0,14.0,14.0,14.0,,"I believe the price will recover from its current level of $13.00 to at least the fundamental value of $14.00. As an overconfident contrarian, I expect a rebound, and purchasing an additional share at this lower price will enhance my wealth from dividends and the eventual redemption value. I have sufficient cash to buy 1 share at this price."
RA-MC-BT-PC-NT-OC-s140926,RA+MC+BT+PC+NT+OC,trader-06,PC,4,hold,0,0,0.0,0,,123.21,4,130.97,4,6.16,1.6,186.97,14.0,14.0,14.0,14.0,,"I will continue to hold my position this period as I have 4 shares and $123.21 in cash. The fundamental value of the asset is $14, and I expect it to remain stable. I plan to sell my shares in later periods when the price aligns with my strategy. Holding allows me to earn interest on my cash while waiting for a favorable selling opportunity."
RA-MC-BT-PC-NT-OC-s140926,RA+MC+BT+PC+NT+OC,trader-07,BT,4,hold,0,0,0.0,0,,123.21,4,130.97,4,6.16,1.6,186.97,14.0,14.0,14.0,14.0,,"The current market price aligns with the fundamental value of $14, indicating market stability. There is no upward momentum, and I have already accumulated 4 shares. Holding my shares allows me to benefit from potential dividends while waiting for clearer market signals. Given the consistent fundamental value, it is prudent to maintain my current position for now."
RA-MC-BT-PC-NT-OC-s140926,RA+MC+BT+PC+NT+OC,trader-08,MC,4,hold,0,0,0.0,0,,123.21,4,130.97,4,6.16,1.6,186.97,14.0,14.0,14.0,14.0,,"The current market price is stable at its fundamental value of $14, with no recent price momentum indicating a change. As a momentum trader, I typically act on price movements, but since there are no signs of upward or downward trends, it is prudent to hold my current position of 4 shares and $123.21 in cash. This allows me to remain flexible and wait for better opportunities in the upcoming periods."
RA-MC-BT-PC-NT-OC-s140926,RA+MC+BT+PC+NT+OC,trader-09,PC,4,sell,2,2,14.0,-1,14.0,123.21,4,145.27,3,6.86,1.2,187.27,14.0,14.0,14.0,14.0,,"I intend to sell 2 shares this period at the reference price of $14. This aligns with my plan to sell shares early in the trading periods to maximize cash, while still retaining 2 shares for dividends in future periods. Given the fundamental value of the asset is $14, I believe this is a fair price. Selling now allows me to secure cash and benefit from potential dividends on the remaining shares."
RA-MC-BT-PC-NT-OC-s140926,RA+MC+BT+PC+NT+OC,trader-10,BT,4,sell,2,2,14.0,0,,123.21,4,130.97,4,6.16,1.6,186.97,14.0,14.5,15.0,14.0,,"Given the current price is at fundamental value, I anticipate a slight increase in the next few periods due to market optimism. However, I will sell 2 shares at $14.0 to take profits while still maintaining some position to benefit from future dividends. This aligns with my strategy of maximizing cash wealth before potential peaks."
RA-MC-BT-PC-NT-OC-s140926,RA+MC+BT+PC+NT+OC,trader-11,OC,4,buy,7,7,13.0,0,,123.21,4,130.97,4,6.16,1.6,186.97,14.0,14.0,14.0,14.0,,"I believe that the price will recover soon, aligning with my contrarian strategy of buying when prices dip. With my cash position of $12,321, I can buy an additional 7 shares at a limit price of $13.00. This decision is based on my confidence in a price rebound and the fundamental value of $14."
RA-MC-BT-PC-NT-OC-s140926,RA+MC+BT+PC+NT+OC,trader-00,MC,5,buy,1,1,14.0,1,14.0,116.67,5,110.2,6,5.13,2.4,194.2,14.0,14.0,14.0,14.0,,"The price is currently stable at the initial reference value of $14. As a momentum chaser, I expect the price to maintain this level or potentially rise. Buying one additional share allows me to position myself for any upward momentum while still having cash available for future trades. This decision aligns with my strategy of capitalizing on rising prices."
RA-MC-BT-PC-NT-OC-s140926,RA+MC+BT+PC+NT+OC,trader-01,RA,5,hold,0,0,0.0,0,,130.97,4,139.12,4,6.55,1.6,195.12,14.0,14.0,14.0,14.0,,"The current market price is at the fundamental value of $14, and there are no expected excess returns to justify a buy or sell decision. Holding is optimal as each share provides potential dividends and will be redeemed at $14 at the end of the period."
RA-MC-BT-PC-NT-OC-s140926,RA+MC+BT+PC+NT+OC,trader-02,NT,5,sell,2,2,14.0,0,,130.97,4,139.12,4,6.55,1.6,195.12,14.0,14.0,14.0,14.0,,"The asset's fundamental value is $14, and the last transaction price was also $14. Since I currently hold 4 shares, selling 2 shares at this price allows me to realize immediate cash gains while still maintaining exposure to potential future dividends from the remaining 2 shares. This strategy balances my cash wealth with the opportunity for further returns."
RA-MC-BT-PC-NT-OC-s140926,RA+MC+BT+PC+NT+OC,trader-03,NT,5,hold,0,0,0.0,0,,130.97,4,139.12,4,6.55,1.6,195.12,14.0,14.0,14.0,14.0,,"Given the stable fundamental value of the asset at $14 and the potential for dividends, it seems prudent to continue holding my current shares rather than making a move that could expose me to unnecessary risk. The market has shown stability around the $14 mark, and holding will allow me to benefit from potential dividends in the upcoming periods while preserving my cash for future opportunities."
RA-MC-BT-PC-NT-OC-s140926,RA+MC+BT+PC+NT+OC,trader-04,RA,5,hold,0,0,0.0,0,,130.97,4,139.12,4,6.55,1.6,195.12,14.0,14.0,14.0,14.0,,"The current reference price of $14 aligns with the asset's fundamental value. The expected dividends of $0.40 or $1.00 do not provide a trading advantage at this price compared to the 5% cash return. Holding onto my shares is prudent since they will be redeemed at $14 after 30 periods, and selling now would not yield a better return than holding."
RA-MC-BT-PC-NT-OC-s140926,RA+MC+BT+PC+NT+OC,trader-05,OC,5,buy,1,1,13.0,0,,130.97,4,139.12,4,6.55,1.6,195.12,14.0,14.0,14.0,14.0,,"I believe the price will recover from its current level of $13.00 to at least the fundamental value of $14.00. As an overconfident contrarian, I expect a rebound, and purchasing an additional share at this lower price will enhance my wealth from dividends and the eventual redemption value. I have sufficient cash to buy 1 share at this price."
RA-MC-BT-PC-NT-OC-s140926,RA+MC+BT+PC+NT+OC,trader-06,PC,5,hold,0,0,0.0,0,,130.97,4,139.12,4,6.55,1.6,195.12,14.0,14.0,14.0,14.0,,"I will hold my position this period as I have 4 shares and $130.97 in cash. The fundamental value of the asset is $14, and I expect it to remain stable. I plan to sell my shares in later periods when the price aligns with my strategy. Holding allows me to earn interest on my cash while waiting for a favorable selling opportunity."
RA-MC-BT-PC-NT-OC-s140926,RA+MC+BT+PC+NT+OC,trader-07,BT,5,hold,0,0,0.0,0,,130.97,4,139.12,4,6.55,1.6,195.12,14.0,14.0,14.0,14.0,,"The market price is stable at the fundamental value of $14. Given the lack of upward momentum and the potential for dividends, holding my current position of 4 shares allows me to benefit from potential dividends while awaiting clearer market signals. Holding keeps my options open for future trading decisions."
RA-MC-BT-PC-NT-OC-s140926,RA+MC+BT+PC+NT+OC,trader-08,MC,5,hold,0,0,0.0,0,,130.97,4,139.12,4,6.55,1.6,195.12,14.0,14.0,14.0,14.0,,"The current market price remains at its fundamental value of $14, with no recent price momentum indicating a change. As a momentum trader, I would typically act on price movements, but since there are no signs of upward or downward trends, it is prudent to hold my current position of 4 shares and $1571.64 in cash. This allows me to remain flexible and wait for better opportunities in the upcoming periods."
RA-MC-BT-PC-NT-OC-s140926,RA+MC+BT+PC+NT+OC,trader-09,PC,5,sell,1,1,14.0,-1,14.0,145.27,3,168.03,2,7.96,0.8,196.03,14.0,14.0,14.0,14.0,,"I intend to sell 1 share this period at the reference price of $14. This aligns with my plan to sell shares early in the trading periods to maximize cash, while still retaining 2 shares for dividends in future periods. Given the fundamental value of the asset is $14, I believe this is a fair price. Selling now allows me to secure cash and benefit from potential dividends on the remaining shares."
RA-MC-BT-PC-NT-OC-s140926,RA+MC+BT+PC+NT+OC,trader-10,BT,5,sell,2,2,14.0,0,,130.97,4,139.12,4,6.55,1.6,195.12,14.0,14.5,15.0,14.0,,"The current price is at fundamental value ($14). I anticipate a slight increase in the next period to $14.5 due to market optimism. Therefore, I will sell 2 shares at $14.0 to take profits while still holding 2 shares to benefit from future dividends. This aligns with my strategy of maximizing cash wealth before potential peaks."
RA-MC-BT-PC-NT-OC-s140926,RA+MC+BT+PC+NT+OC,trader-11,OC,5,buy,7,7,13.0,0,,130.97,4,139.12,4,6.55,1.6,195.12,14.0,14.0,14.0,14.0,,"I believe the market will recover to its fundamental value of $14. Given my confidence in a price rebound and the recent dip, I will place a limit order to buy 7 additional shares at a price of $13.00. This aligns with my contrarian strategy of buying after prices fall, and I trust that the market will recover in future periods."
RA-MC-BT-PC-NT-OC-s140926,RA+MC+BT+PC+NT+OC,trader-00,MC,6,buy,1,1,14.0,1,14.0,110.2,6,108.01,7,4.81,7.0,206.01,14.0,14.0,14.0,14.0,,"The current price remains stable at the reference value of $14. As a momentum chaser, I expect the price to stay at this level or potentially increase. Buying one additional share positions me for any upward momentum and allows me to benefit from future dividends while still maintaining sufficient cash for subsequent trades."
RA-MC-BT-PC-NT-OC-s140926,RA+MC+BT+PC+NT+OC,trader-01,RA,6,hold,0,0,0.0,0,,139.12,4,150.08,4,6.96,4.0,206.08,14.0,14.0,14.0,14.0,,"The current market price is at the fundamental value of $14, and there are no immediate excess returns to justify a buy or sell decision. Holding onto the shares is optimal as they provide potential dividends and will be redeemed at $14 at the end."
RA-MC-BT-PC-NT-OC-s140926,RA+MC+BT+PC+NT+OC,trader-02,NT,6,sell,2,2,14.0,-1,14.0,139.12,4,163.78,3,7.66,3.0,205.78,14.0,14.0,14.0,14.0,,"Given that the last transaction price was $14 and the asset's fundamental value remains unchanged, I will sell 2 shares at this price to realize immediate cash gains. This allows me to maximize my cash wealth while still retaining 2 shares for potential dividends in the future. This strategy balances my current cash needs with exposure to future potential returns."
RA-MC-BT-PC-NT-OC-s140926,RA+MC+BT+PC+NT+OC,trader-03,NT,6,hold,0,0,0.0,0,,139.12,4,150.08,4,6.96,4.0,206.08,14.0,14.0,14.0,14.0,,"Given the stable fundamental value of the asset at $14 and the consistent dividends received, it seems prudent to continue holding my current shares. This strategy allows me to benefit from potential dividends in the upcoming periods while preserving my cash for future opportunities, as the market has shown stability around the $14 mark."
RA-MC-BT-PC-NT-OC-s140926,RA+MC+BT+PC+NT+OC,trader-04,RA,6,hold,0,0,0.0,0,,139.12,4,150.08,4,6.96,4.0,206.08,14.0,14.0,14.0,14.0,,"The current reference price of $14 aligns with the asset's fundamental value. Given the expected dividends of $0.40 or $1.00, there is no immediate trading advantage at this price compared to the 5% cash return. Holding my shares is prudent since they will be redeemed at $14 after 30 periods. Selling now would not yield a better return than holding, especially as the asset's fundamental value remains unchanged."
RA-MC-BT-PC-NT-OC-s140926,RA+MC+BT+PC+NT+OC,trader-05,OC,6,buy,1,1,13.0,0,,139.12,4,150.08,4,6.96,4.0,206.08,14.0,14.0,14.0,14.0,,"I anticipate that the price will recover to the fundamental value of $14.00. As an overconfident contrarian, I believe buying at the current lower price of $13.00 will be beneficial, given that I have sufficient cash. This share will contribute to future dividends and the eventual redemption value, enhancing my total wealth."
RA-MC-BT-PC-NT-OC-s140926,RA+MC+BT+PC+NT+OC,trader-06,PC,6,hold,0,0,0.0,0,,139.12,4,150.08,4,6.96,4.0,206.08,14.0,14.0,14.0,14.0,,"I will hold my position this period as I have 4 shares and $139.12 in cash. The fundamental value of the asset is $14, and I expect it to remain stable. I plan to sell my shares in later periods when the price aligns with my strategy. Holding allows me to earn interest on my cash while waiting for a favorable selling opportunity."
RA-MC-BT-PC-NT-OC-s140926,RA+MC+BT+PC+NT+OC,trader-07,BT,6,hold,0,0,0.0,0,,139.12,4,150.08,4,6.96,4.0,206.08,14.0,14.0,14.0,14.0,,"The market price remains stable at the fundamental value of $14, indicating no current upward momentum. Holding my 4 shares allows me to benefit from potential dividends while I monitor the market for any signs of a price increase in the coming periods. Given the consistent fundamental value, it is prudent to maintain my current position for now."
RA-MC-BT-PC-NT-OC-s140926,RA+MC+BT+PC+NT+OC,trader-08,MC,6,hold,0,0,0.0,0,,139.12,4,150.08,4,6.96,4.0,206.08,14.0,14.0,14.0,14.0,,"The current market price is stable at its fundamental value of $14, with no recent price momentum indicating a change. As a momentum trader, I typically act on price movements, but since there are no signs of upward or downward trends, it is prudent to hold my current position of 4 shares and $1669.43 in cash. This strategy allows me to remain flexible and wait for better opportunities in upcoming periods."
RA-MC-BT-PC-NT-OC-s140926,RA+MC+BT+PC+NT+OC,trader-09,PC,6,hold,0,0,0.0,0,,168.03,2,178.43,2,8.4,2.0,206.43,14.0,14.0,14.0,14.0,,"I intend to hold my current position this period, retaining 2 shares for potential dividends in future periods. Given the fundamental value of the asset is $14, and considering the dividends received thus far, holding aligns with my strategy to secure cash and benefit from future payouts. I will consider selling in later periods when I can maximize my cash position."
RA-MC-BT-PC-NT-OC-s140926,RA+MC+BT+PC+NT+OC,trader-10,BT,6,sell,2,2,14.0,0,,139.12,4,150.08,4,6.96,4.0,206.08,14.0,14.5,15.0,14.0,,"The current price is at the fundamental value of $14. I anticipate a slight rise to $14.5 in the next couple of periods due to market optimism, but I want to take some profits now while still holding 2 shares for potential dividends. Selling 2 shares at $14.0 aligns with my strategy to maximize cash wealth before any potential peak."
RA-MC-BT-PC-NT-OC-s140926,RA+MC+BT+PC+NT+OC,trader-11,OC,6,buy,7,7,13.0,0,,139.12,4,150.08,4,6.96,4.0,206.08,14.0,14.0,14.0,14.0,,"Given my contrarian strategy and confidence in a market recovery, I will place a limit order to buy 7 additional shares at $13.00. Despite the recent trades at $14, I believe the price will dip below the fundamental value, allowing me to acquire more shares at a discount. I trust that the market will recover in future periods, aligning with my expectation of maintaining the fundamental value of $14."
RA-MC-BT-PC-NT-OC-s140926,RA+MC+BT+PC+NT+OC,trader-00,MC,7,buy,1,1,14.0,1,14.0,108.01,7,106.71,8,4.7,8.0,218.71,14.0,14.0,14.0,14.0,,"The price remains stable at the reference value of $14. As a momentum chaser, I expect prices to continue at this level or potentially rise. Buying one additional share allows me to capitalize on any upward momentum while maintaining cash for future opportunities."
RA-MC-BT-PC-NT-OC-s140926,RA+MC+BT+PC+NT+OC,trader-01,RA,7,hold,0,0,0.0,0,,150.08,4,161.58,4,7.5,4.0,217.58,14.0,14.0,14.0,14.0,,"The current market price is at the fundamental value of $14, and there are no immediate excess returns to justify a buy or sell decision. Holding onto the shares is optimal as they provide potential dividends and will be redeemed at $14 at the end."
RA-MC-BT-PC-NT-OC-s140926,RA+MC+BT+PC+NT+OC,trader-02,NT,7,sell,1,1,14.0,0,,163.78,3,174.97,3,8.19,3.0,216.97,14.0,14.0,14.0,14.0,,"The asset's fundamental value remains stable at $14, and the last transaction price was also $14. Given that I hold 3 shares, selling 1 share at this price allows me to realize immediate cash gains while still maintaining 2 shares for potential future dividends. This strategy balances my cash wealth with the opportunity for further returns."
RA-MC-BT-PC-NT-OC-s140926,RA+MC+BT+PC+NT+OC,trader-03,NT,7,hold,0,0,0.0,0,,150.08,4,161.58,4,7.5,4.0,217.58,14.0,14.0,14.0,14.0,,"Given the stable fundamental value of the asset at $14 and the consistent dividends received in previous periods, it seems prudent to continue holding my current shares. This strategy allows me to benefit from potential dividends in the upcoming periods while preserving my cash for future opportunities. The market has shown stability around the $14 mark, and holding will not expose me to unnecessary risk at this moment."
RA-MC-BT-PC-NT-OC-s140926,RA+MC+BT+PC+NT+OC,trader-04,RA,7,hold,0,0,0.0,0,,150.08,4,161.58,4,7.5,4.0,217.58,14.0,14.0,14.0,14.0,,"The current reference price of $14 is in line with the asset's fundamental value. Given the expected dividends of $0.40 or $1.00, there is no immediate trading advantage at this price compared to the 5% cash return. Holding my shares is prudent as they will be redeemed at $14 after 30 periods, and selling now would not provide a better return than holding."
RA-MC-BT-PC-NT-OC-s140926,RA+MC+BT+PC+NT+OC,trader-05,OC,7,buy,1,1,13.0,0,,150.08,4,161.58,4,7.5,4.0,217.58,14.0,14.0,14.0,14.0,,"The current price is $14.00, and I believe it may drop to $13.00 based on market sentiment, providing a buying opportunity. As an overconfident contrarian, I expect a recovery from this price point back to the fundamental value of $14.00. Buying another share at $13.00 will enhance my wealth through dividends and the eventual redemption value, given that I have sufficient cash available."
RA-MC-BT-PC-NT-OC-s140926,RA+MC+BT+PC+NT+OC,trader-06,PC,7,hold,0,0,0.0,0,,150.08,4,161.58,4,7.5,4.0,217.58,14.0,14.0,14.0,14.0,,"I will continue to hold my position this period as I have 4 shares and $150.08 in cash. The fundamental value of the asset is $14, and I expect it to remain stable. I plan to sell my shares in later periods when the price aligns with my strategy. Holding allows me to earn interest on my cash while waiting for a favorable selling opportunity."
RA-MC-BT-PC-NT-OC-s140926,RA+MC+BT+PC+NT+OC,trader-07,BT,7,hold,0,0,0.0,0,,150.08,4,161.58,4,7.5,4.0,217.58,14.0,14.0,14.0,14.0,,"The market price remains stable at the fundamental value of $14, indicating no current upward momentum. Holding my 4 shares allows me to benefit from potential dividends while I monitor the market for any signs of a price increase in the coming periods. Given the consistent fundamental value, it is prudent to maintain my current position for now."
RA-MC-BT-PC-NT-OC-s140926,RA+MC+BT+PC+NT+OC,trader-08,MC,7,hold,0,0,0.0,0,,150.08,4,161.58,4,7.5,4.0,217.58,14.0,14.0,14.0,14.0,,"The current market price is stable at its fundamental value of $14. As a momentum trader, I typically look for price movements to buy or sell. However, with the price aligned with the fundamental value and no recent price trends indicating momentum, I will hold my current position of 4 shares and $1669.43 in cash. This allows me to wait for better opportunities in the upcoming periods."
RA-MC-BT-PC-NT-OC-s140926,RA+MC+BT+PC+NT+OC,trader-09,PC,7,sell,1,1,14.0,0,,178.43,2,189.35,2,8.92,2.0,217.35,14.0,14.0,14.0,14.0,,"I intend to sell 1 share this period at the reference price of $14. This continues my plan to sell shares early in the trading periods to maximize cash, while retaining 1 share for potential dividends in future periods. The fundamental value of the asset remains at $14, making this a fair price for selling. By executing this sale, I secure cash now and maintain my position for dividends on the remaining share."
RA-MC-BT-PC-NT-OC-s140926,RA+MC+BT+PC+NT+OC,trader-10,BT,7,sell,2,2,14.0,-1,14.0,150.08,4,175.28,3,8.2,3.0,217.28,14.0,14.5,15.0,14.0,,"The current price is at the fundamental value of $14. I anticipate a slight increase to $14.5 in the next couple of periods due to market optimism, and I want to take profits while still holding some shares for potential dividends. Therefore, I will sell 2 shares at $14.0 to maximize my cash wealth before potential peaks."
RA-MC-BT-PC-NT-OC-s140926,RA+MC+BT+PC+NT+OC,trader-11,OC,7,buy,7,7,13.0,0,,150.08,4,161.58,4,7.5,4.0,217.58,14.0,14.0,14.0,14.0,,"Given my contrarian approach and strong belief in a market recovery, I will place a limit order to buy 7 additional shares at $13.00. I believe that the price will dip below the fundamental value of $14, allowing me to acquire more shares at a discount. Trusting in my judgment, I am confident that the market will recover in the coming periods."
RA-MC-BT-PC-NT-OC-s140926,RA+MC+BT+PC+NT+OC,trader-00,MC,8,buy,1,1,14.0,1,14.0,106.71,8,100.95,9,4.64,3.6,226.95,14.0,14.0,14.0,14.0,,"The price remains stable at the reference value of $14. As a momentum chaser, I expect prices to continue at this level or potentially rise. Buying one additional share allows me to capitalize on any upward momentum while maintaining cash for future opportunities."
RA-MC-BT-PC-NT-OC-s140926,RA+MC+BT+PC+NT+OC,trader-01,RA,8,hold,0,0,0.0,0,,161.58,4,171.26,4,8.08,1.6,227.26,14.0,14.0,14.0,14.0,,"The market price is currently at the fundamental value of $14, with no expected excess returns to justify a buy or sell decision. Holding is optimal as each share provides potential dividends and will be redeemed at $14 at the end of the period."
RA-MC-BT-PC-NT-OC-s140926,RA+MC+BT+PC+NT+OC,trader-02,NT,8,sell,1,1,14.0,-1,14.0,174.97,3,199.22,2,9.45,0.8,227.22,14.0,14.0,14.0,14.0,,"The asset's fundamental value is stable at $14, and the last transaction price was also $14. Given that I currently hold 3 shares, selling 1 share at this price allows me to realize immediate cash gains while still maintaining 2 shares for potential future dividends. This strategy balances my cash wealth with the opportunity for further returns."
RA-MC-BT-PC-NT-OC-s140926,RA+MC+BT+PC+NT+OC,trader-03,NT,8,hold,0,0,0.0,0,,161.58,4,171.26,4,8.08,1.6,227.26,14.0,14.0,14.0,14.0,,"Given the consistent fundamental value of the asset at $14 and the potential for dividends that have been received in the past periods, it is prudent to continue holding my current shares. This strategy allows me to benefit from potential future dividends while preserving my cash for any upcoming opportunities. The market has shown stability around the $14 mark, and holding will not expose me to unnecessary risk at this moment."
RA-MC-BT-PC-NT-OC-s140926,RA+MC+BT+PC+NT+OC,trader-04,RA,8,hold,0,0,0.0,0,,161.58,4,171.26,4,8.08,1.6,227.26,14.0,14.0,14.0,14.0,,"The current reference price of $14 aligns with the asset's fundamental value. With dividend payouts equally likely at $0.40 or $1.00, holding shares is prudent as the expected return from holding exceeds any potential trading advantage at the current price. I will retain my shares since they will be redeemed at $14 after 30 periods."
RA-MC-BT-PC-NT-OC-s140926,RA+MC+BT+PC+NT+OC,trader-05,OC,8,buy,1,1,13.0,0,,161.58,4,171.26,4,8.08,1.6,227.26,14.0,14.0,14.0,14.0,,"I believe the price will recover from its current level of $13.00 to at least the fundamental value of $14.00. As an overconfident contrarian, I expect a rebound, and purchasing an additional share at this lower price will enhance my wealth from dividends and the eventual redemption value. I have sufficient cash to buy 1 share at this price."
RA-MC-BT-PC-NT-OC-s140926,RA+MC+BT+PC+NT+OC,trader-06,PC,8,hold,0,0,0.0,0,,161.58,4,171.26,4,8.08,1.6,227.26,14.0,14.0,14.0,14.0,,"I will continue to hold my position this period as I have 4 shares and $161.58 in cash. The fundamental value of the asset is $14, and I expect it to remain stable. I plan to sell my shares in later periods when the price aligns with my strategy. Holding allows me to earn interest on my cash while waiting for a favorable selling opportunity."
RA-MC-BT-PC-NT-OC-s140926,RA+MC+BT+PC+NT+OC,trader-07,BT,8,hold,0,0,0.0,0,,161.58,4,171.26,4,8.08,1.6,227.26,14.0,14.0,14.0,14.0,,"The market price remains stable at the fundamental value of $14, reflecting a lack of upward momentum. Holding my current position of 4 shares is prudent as it allows me to benefit from potential dividends while monitoring the market for clearer signals. Given the consistent fundamental value and no immediate price increase, I choose to hold."
RA-MC-BT-PC-NT-OC-s140926,RA+MC+BT+PC+NT+OC,trader-08,MC,8,hold,0,0,0.0,0,,161.58,4,171.26,4,8.08,1.6,227.26,14.0,14.0,14.0,14.0,,"The current market price is stable and aligned with the fundamental value of $14, with no recent price momentum to suggest a change. As a momentum trader, I typically act based on price movements, but since the price is stable and there are no upward or downward trends, it is prudent to hold my current position of 4 shares and $1669.43 in cash. This allows me to remain flexible and wait for better opportunities in upcoming periods."
RA-MC-BT-PC-NT-OC-s140926,RA+MC+BT+PC+NT+OC,trader-09,PC,8,sell,1,1,14.0,0,,189.35,2,199.62,2,9.47,0.8,227.62,14.0,14.0,14.0,14.0,,"I intend to sell 1 share this period at the reference price of $14. This aligns with my ongoing strategy to sell shares early in the trading periods to maximize cash while retaining 1 share for potential dividends in future periods. Given the fundamental value of the asset remains at $14, this is a fair price for selling. This action secures cash now and positions me well for dividends on my remaining share."
RA-MC-BT-PC-NT-OC-s140926,RA+MC+BT+PC+NT+OC,trader-10,BT,8,hold,0,0,0.0,0,,175.28,3,185.24,3,8.76,1.2,227.24,14.0,14.5,15.0,14.0,,"The current price is at fundamental value ($14). While I anticipate a slight increase to $14.5 in the next couple of periods due to market optimism, I want to hold my position with 3 shares to benefit from potential dividends. Selling shares at this point may not maximize my wealth given the expected future price increases and potential dividends."
RA-MC-BT-PC-NT-OC-s140926,RA+MC+BT+PC+NT+OC,trader-11,OC,8,buy,7,7,13.0,0,,161.58,4,171.26,4,8.08,1.6,227.26,14.0,14.0,14.0,14.0,,"I strongly believe in a market recovery based on my contrarian strategy. The price is currently at $14.0, and I expect it to dip below the fundamental value of $14, allowing me to buy additional shares at a limit price of $13.00. This aligns with my view that the market will rebound in future periods, and I trust my judgment to capitalize on this opportunity."
RA-MC-BT-PC-NT-OC-s140926,RA+MC+BT+PC+NT+OC,trader-00,MC,9,buy,1,1,14.0,1,14.0,100.95,9,101.3,10,4.35,10.0,241.3,14.0,14.0,14.0,14.0,,"The current price is stable at the reference value of $14. As a momentum chaser, I expect the price to remain stable or potentially rise, making it an opportune time to buy one additional share. This allows me to position myself for any upward momentum while still having cash available for future trades."
RA-MC-BT-PC-NT-OC-s140926,RA+MC+BT+PC+NT+OC,trader-01,RA,9,hold,0,0,0.0,0,,171.26,4,183.82,4,8.56,4.0,239.82,14.0,14.0,14.0,14.0,,"The current market price is at the fundamental value of $14, with no expected excess returns to justify buying or selling. Holding is optimal as each share provides potential dividends and will be redeemed at $14 at the end of the period."
RA-MC-BT-PC-NT-OC-s140926,RA+MC+BT+PC+NT+OC,trader-02,NT,9,hold,0,0,0.0,0,,199.22,2,211.18,2,9.96,2.0,239.18,14.0,14.0,14.0,14.0,,"The asset's fundamental value remains stable at $14, and the last transaction price was also $14. Holding my shares allows me to benefit from potential dividends while waiting for clearer price movements in future periods, especially since I have already realized cash gains from previous sales. This strategy continues to balance my immediate cash wealth with potential future returns."
RA-MC-BT-PC-NT-OC-s140926,RA+MC+BT+PC+NT+OC,trader-03,NT,9,hold,0,0,0.0,0,,171.26,4,183.82,4,8.56,4.0,239.82,14.0,14.0,14.0,14.0,,"Given the stable fundamental value of the asset at $14 and the consistent dividends received in previous periods, it seems prudent to continue holding my current shares. This strategy allows me to benefit from potential dividends in the upcoming periods while preserving my cash for future opportunities. The market has shown stability around the $14 mark, and holding will not expose me to unnecessary risk at this moment."
RA-MC-BT-PC-NT-OC-s140926,RA+MC+BT+PC+NT+OC,trader-04,RA,9,hold,0,0,0.0,0,,171.26,4,183.82,4,8.56,4.0,239.82,14.0,14.0,14.0,14.0,,"The current reference price of $14 aligns with the asset's fundamental value. The expected dividends of $0.40 or $1.00 do not provide a trading advantage at this price compared to the 5% cash return. Holding onto my shares is prudent as they will be redeemed at $14 after 30 periods, and selling now would not yield a better return than holding."
RA-MC-BT-PC-NT-OC-s140926,RA+MC+BT+PC+NT+OC,trader-05,OC,9,buy,1,1,13.0,0,,171.26,4,183.82,4,8.56,4.0,239.82,14.0,14.0,14.0,14.0,,"The current market price is $14.00, but I believe it may drop to $13.00 based on market sentiment, presenting a buying opportunity. As an overconfident contrarian, I expect a recovery from this price point back to the fundamental value of $14.00. Buying an additional share at $13.00 will enhance my wealth through dividends and the eventual redemption value, given that I have sufficient cash available."
RA-MC-BT-PC-NT-OC-s140926,RA+MC+BT+PC+NT+OC,trader-06,PC,9,hold,0,0,0.0,0,,171.26,4,183.82,4,8.56,4.0,239.82,14.0,14.0,14.0,14.0,,"I will hold my position this period as I have 4 shares and $171.26 in cash. The fundamental value of the asset remains at $14, and I expect it to remain stable. I plan to sell my shares in later periods when the price aligns with my strategy. Holding allows me to earn interest on my cash while waiting for a favorable selling opportunity."
RA-MC-BT-PC-NT-OC-s140926,RA+MC+BT+PC+NT+OC,trader-07,BT,9,hold,0,0,0.0,0,,171.26,4,183.82,4,8.56,4.0,239.82,14.0,14.0,14.0,14.0,,"The market price remains stable at the fundamental value of $14, indicating no current upward momentum. Holding my 4 shares allows me to benefit from potential dividends while monitoring the market for clearer signals. Given the consistent fundamental value and no immediate price increase, it is prudent to maintain my current position for now."
RA-MC-BT-PC-NT-OC-s140926,RA+MC+BT+PC+NT+OC,trader-08,MC,9,hold,0,0,0.0,0,,171.26,4,183.82,4,8.56,4.0,239.82,14.0,14.0,14.0,14.0,,"The current market price is stable at its fundamental value of $14, with no recent price momentum indicating a change. As a momentum trader, I typically act on price movements, but since there are no signs of upward or downward trends, it is prudent to hold my current position of 4 shares and $171.26 in cash. This strategy allows me to remain flexible and wait for better opportunities in the upcoming periods."
RA-MC-BT-PC-NT-OC-s140926,RA+MC+BT+PC+NT+OC,trader-09,PC,9,sell,1,1,14.0,0,,199.62,2,211.6,2,9.98,2.0,239.6,14.0,14.0,14.0,14.0,,"I intend to sell 1 share this period at the reference price of $14. This continues my plan to sell shares early in the trading periods to maximize cash while retaining 1 share for potential dividends in future periods. Given the fundamental value of the asset remains at $14, this is a fair price for selling. By executing this sale, I secure cash now and maintain my position for dividends on my remaining share."
RA-MC-BT-PC-NT-OC-s140926,RA+MC+BT+PC+NT+OC,trader-10,BT,9,sell,1,1,14.0,-1,14.0,185.24,3,211.2,2,9.96,2.0,239.2,14.0,14.5,15.0,14.0,,"The current price remains at fundamental value ($14.0), and I anticipate a slight increase to $14.5 in the next couple of periods due to market optimism. However, I want to secure some profits while still maintaining a position for potential dividends. Selling 1 share aligns with my strategy of maximizing cash wealth before any potential peak."
RA-MC-BT-PC-NT-OC-s140926,RA+MC+BT+PC+NT+OC,trader-11,OC,9,buy,7,7,13.0,0,,171.26,4,183.82,4,8.56,4.0,239.82,14.0,14.0,14.0,14.0,,"Given my contrarian approach, I believe the price will dip below the fundamental value of $14, allowing me to buy more shares at a discount. My current cash position is $171.26, and I can purchase 7 additional shares at a limit price of $13.00. I trust that the market will recover in future periods, aligning with my strategy of buying after prices fall."
RA-MC-BT-PC-NT-OC-s140926,RA+MC+BT+PC+NT+OC,trader-00,MC,10,buy,1,1,14.0,1,14.0,101.3,10,102.67,11,4.37,11.0,256.67,14.0,14.0,14.0,14.0,,"The price remains stable at the reference value of $14. As a momentum chaser, I expect prices to continue at this level or potentially rise. Buying one additional share allows me to capitalize on any upward momentum while maintaining cash for future opportunities."
RA-MC-BT-PC-NT-OC-s140926,RA+MC+BT+PC+NT+OC,trader-01,RA,10,hold,0,0,0.0,0,,183.82,4,197.01,4,9.19,4.0,253.01,14.0,14.0,14.0,14.0,,"The current market price is at the fundamental value of $14, with no expected excess returns to justify buying or selling. Holding is optimal as each share provides potential dividends and will be redeemed at $14 at the end of the period."
RA-MC-BT-PC-NT-OC-s140926,RA+MC+BT+PC+NT+OC,trader-02,NT,10,sell,1,1,14.0,-1,14.0,211.18,2,237.44,1,11.26,1.0,251.44,14.0,14.0,14.0,14.0,,"The asset's fundamental value remains stable at $14, and the last transaction price was also $14. Given that I currently hold 2 shares, selling 1 share at this price allows me to realize immediate cash gains while still maintaining 1 share for potential future dividends. This strategy balances my cash wealth with the opportunity for further returns."
RA-MC-BT-PC-NT-OC-s140926,RA+MC+BT+PC+NT+OC,trader-03,NT,10,hold,0,0,0.0,0,,183.82,4,197.01,4,9.19,4.0,253.01,14.0,14.0,14.0,14.0,,"Given the stable fundamental value of the asset at $14 and the potential for dividends, it is prudent to continue holding my current shares rather than making a move that could expose me to unnecessary risk. The market is likely to reflect this fundamental value in the near term, and holding allows me to benefit from potential dividends while preserving my cash for future opportunities."
RA-MC-BT-PC-NT-OC-s140926,RA+MC+BT+PC+NT+OC,trader-04,RA,10,hold,0,0,0.0,0,,183.82,4,197.01,4,9.19,4.0,253.01,14.0,14.0,14.0,14.0,,"The current reference price of $14 aligns with the asset's fundamental value. The expected dividends of $0.40 or $1.00 do not provide a trading advantage at this price compared to the 5% cash return. Holding my shares is prudent as they will be redeemed at $14 after 30 periods. Selling now would not yield a better return than holding, especially as the asset's fundamental value remains unchanged."
RA-MC-BT-PC-NT-OC-s140926,RA+MC+BT+PC+NT+OC,trader-05,OC,10,buy,1,1,13.0,0,,183.82,4,197.01,4,9.19,4.0,253.01,14.0,14.0,14.0,14.0,,"I believe the price will recover from its current level of $13.00 to at least the fundamental value of $14.00. As an overconfident contrarian, I expect a rebound, and purchasing an additional share at this lower price will enhance my wealth from dividends and the eventual redemption value. I have sufficient cash to buy 1 share at this price."
RA-MC-BT-PC-NT-OC-s140926,RA+MC+BT+PC+NT+OC,trader-06,PC,10,hold,0,0,0.0,0,,183.82,4,197.01,4,9.19,4.0,253.01,14.0,14.0,14.0,14.0,,"I will continue to hold my position this period as I have 4 shares and $183.82 in cash. The fundamental value of the asset is $14, and I expect it to remain stable. I plan to sell my shares in later periods when the price aligns with my strategy. Holding allows me to earn interest on my cash while waiting for a favorable selling opportunity."
RA-MC-BT-PC-NT-OC-s140926,RA+MC+BT+PC+NT+OC,trader-07,BT,10,hold,0,0,0.0,0,,183.82,4,197.01,4,9.19,4.0,253.01,14.0,14.0,14.0,14.0,,"The market price is currently at the fundamental value of $14, with no signs of upward momentum. Given the stability of the price and the potential for dividends, I will hold my current position of 4 shares. This allows me to benefit from potential dividends while monitoring for any future price changes. Holding keeps my options open for future trades as I assess the market conditions."
RA-MC-BT-PC-NT-OC-s140926,RA+MC+BT+PC+NT+OC,trader-08,MC,10,hold,0,0,0.0,0,,183.82,4,197.01,4,9.19,4.0,253.01,14.0,14.0,14.0,14.0,,"The current market price is stable at its fundamental value of $14, with no recent price momentum indicating a change. As a momentum trader, I typically act based on price movements, but since there are no signs of upward or downward trends, it is prudent to hold my current position of 4 shares and $183.82 in cash. This allows me to remain flexible and wait for better opportunities in upcoming periods."
RA-MC-BT-PC-NT-OC-s140926,RA+MC+BT+PC+NT+OC,trader-09,PC,10,sell,1,1,14.0,0,,211.6,2,224.18,2,10.58,2.0,252.18,14.0,14.0,14.0,14.0,,"I intend to sell 1 share this period at the reference price of $14. This continues my strategy of selling shares early in the trading periods to maximize cash while retaining 1 share for future dividends. The fundamental value remains at $14, making this a fair price for selling. By executing this sale, I secure cash now and maintain my position for dividends on my remaining share."
RA-MC-BT-PC-NT-OC-s140926,RA+MC+BT+PC+NT+OC,trader-10,BT,10,sell,1,1,14.0,0,,211.2,2,223.76,2,10.56,2.0,251.76,14.0,14.5,15.0,14.0,,"The current price is at fundamental value ($14.0), and I anticipate a slight increase to $14.5 in the next couple of periods due to market optimism. However, I want to secure some profits while still maintaining a position for potential dividends. Selling 1 share aligns with my strategy of maximizing cash wealth before any potential peak."
RA-MC-BT-PC-NT-OC-s140926,RA+MC+BT+PC+NT+OC,trader-11,OC,10,buy,7,7,13.0,0,,183.82,4,197.01,4,9.19,4.0,253.01,14.0,14.0,14.0,14.0,,"I believe the price will dip below the fundamental value of $14, allowing me to buy more shares at a discount. My current cash position is sufficient to buy 7 additional shares at a limit price of $13.00. This aligns with my contrarian strategy, where I trust that the market will recover in future periods."
RA-MC-BT-PC-NT-OC-s140926,RA+MC+BT+PC+NT+OC,trader-00,MC,11,buy,1,1,14.0,1,14.0,102.67,11,105.1,12,4.43,12.0,273.1,14.0,14.0,14.0,14.0,,"The price remains stable at the reference value of $14. As a momentum chaser, I expect prices to continue at this level or potentially rise. Buying one additional share allows me to capitalize on any upward momentum while maintaining cash for future opportunities. This aligns with my strategy of maximizing my final cash wealth."
RA-MC-BT-PC-NT-OC-s140926,RA+MC+BT+PC+NT+OC,trader-01,RA,11,hold,0,0,0.0,0,,197.01,4,210.86,4,9.85,4.0,266.86,14.0,14.0,14.0,14.0,,"The current market price is at the fundamental value of $14, and there are no expected excess returns to justify a buy or sell decision. Holding onto the shares is optimal as they provide potential dividends and will be redeemed at $14 at the end of the period."
RA-MC-BT-PC-NT-OC-s140926,RA+MC+BT+PC+NT+OC,trader-02,NT,11,sell,1,1,14.0,-1,14.0,237.44,1,264.01,0,12.57,0.0,264.01,14.0,14.0,14.0,14.0,,"The asset's fundamental value remains at $14, and the last transaction price was also $14. Selling my remaining share at this price allows me to maximize immediate cash gains while also benefiting from the dividends received earlier. Given my current cash position and the predictable future value, this decision optimizes my cash wealth."
RA-MC-BT-PC-NT-OC-s140926,RA+MC+BT+PC+NT+OC,trader-03,NT,11,hold,0,0,0.0,0,,197.01,4,210.86,4,9.85,4.0,266.86,14.0,14.0,14.0,14.0,,"Given the stable fundamental value of the asset at $14 and the potential for dividends that have been consistently received, it is prudent to continue holding my current shares. This strategy allows me to benefit from potential future dividends while preserving my cash for any upcoming opportunities. The market has shown stability around the $14 mark, and holding will not expose me to unnecessary risk at this moment."
RA-MC-BT-PC-NT-OC-s140926,RA+MC+BT+PC+NT+OC,trader-04,RA,11,hold,0,0,0.0,0,,197.01,4,210.86,4,9.85,4.0,266.86,14.0,14.0,14.0,14.0,,"The current reference price of $14 aligns with the asset's fundamental value. Given the expected dividends of $0.40 or $1.00 are equally likely, the expected return from holding shares continues to outweigh any trading advantage at this price. Thus, I will hold my current shares since they will be redeemed at $14 after 30 periods, and selling now does not yield a better return than holding."
RA-MC-BT-PC-NT-OC-s140926,RA+MC+BT+PC+NT+OC,trader-05,OC,11,buy,1,1,13.0,0,,197.01,4,210.86,4,9.85,4.0,266.86,14.0,14.0,14.0,14.0,,"Given my overconfident contrarian stance, I believe the current price of $13.00 is a buying opportunity, as I expect a recovery back to the fundamental value of $14.00. I want to increase my holdings to benefit from future dividends and the eventual redemption value. I have sufficient cash to buy 1 share at this price."
RA-MC-BT-PC-NT-OC-s140926,RA+MC+BT+PC+NT+OC,trader-06,PC,11,hold,0,0,0.0,0,,197.01,4,210.86,4,9.85,4.0,266.86,14.0,14.0,14.0,14.0,,"I will continue to hold my position this period as I have 4 shares and $197.01 in cash. The fundamental value of the asset is $14, and I expect it to remain stable. I plan to sell my shares in later periods when the price aligns with my strategy. Holding allows me to earn interest on my cash while waiting for a favorable selling opportunity."
RA-MC-BT-PC-NT-OC-s140926,RA+MC+BT+PC+NT+OC,trader-07,BT,11,hold,0,0,0.0,0,,197.01,4,210.86,4,9.85,4.0,266.86,14.0,14.0,14.0,14.0,,"The market price is currently at the fundamental value of $14, with no signs of upward momentum. Given the stability of the price and the potential for dividends, I will hold my current position of 4 shares. This allows me to benefit from potential dividends while monitoring for any future price changes. Holding keeps my options open for future trades as I assess the market conditions."
RA-MC-BT-PC-NT-OC-s140926,RA+MC+BT+PC+NT+OC,trader-08,MC,11,hold,0,0,0.0,0,,197.01,4,210.86,4,9.85,4.0,266.86,14.0,14.0,14.0,14.0,,"The current market price remains stable at its fundamental value of $14, with no recent price momentum indicating a change. As a momentum trader, I typically act based on price movements, but since there are no signs of upward or downward trends, it is prudent to hold my current position of 4 shares and $197.01 in cash. This strategy allows me to remain flexible and wait for better opportunities in the upcoming periods."
RA-MC-BT-PC-NT-OC-s140926,RA+MC+BT+PC+NT+OC,trader-09,PC,11,sell,1,1,14.0,0,,224.18,2,237.39,2,11.21,2.0,265.39,14.0,14.0,14.0,14.0,,"I intend to sell 1 share this period at the reference price of $14. This aligns with my ongoing strategy to sell shares early in the trading periods to maximize cash while retaining my remaining share for potential dividends in future periods. The fundamental value remains at $14, making this a fair price for selling. By executing this sale, I secure cash now and maintain my position for dividends on my last share."
RA-MC-BT-PC-NT-OC-s140926,RA+MC+BT+PC+NT+OC,trader-10,BT,11,hold,0,0,0.0,0,,223.76,2,236.95,2,11.19,2.0,264.95,14.0,14.5,15.0,14.0,,"The current price is at the fundamental value of $14. I anticipate a slight increase to $14.5 in the next couple of periods due to market optimism. However, I want to hold my position with 2 shares to benefit from potential dividends in the upcoming periods. Given the current market conditions and my strategy to maximize wealth before any potential peak, holding is the best course of action."
RA-MC-BT-PC-NT-OC-s140926,RA+MC+BT+PC+NT+OC,trader-11,OC,11,buy,7,7,13.0,0,,197.01,4,210.86,4,9.85,4.0,266.86,14.0,14.0,14.0,14.0,,"I strongly believe that the market will recover soon, as the price is currently at its fundamental value. Given my contrarian strategy and confidence in a price rebound, I will place a limit order to buy 7 additional shares at $13.00. This aligns perfectly with my expectation that prices will dip below the fundamental value of $14, allowing me to acquire more shares at a discount."
RA-MC-BT-PC-NT-OC-s140926,RA+MC+BT+PC+NT+OC,trader-00,MC,12,buy,1,1,14.0,1,14.0,105.1,12,100.86,13,4.56,5.2,282.86,14.0,14.0,14.0,14.0,,"The current price is stable at the reference value of $14. As a momentum chaser, I expect the price to remain stable or potentially rise, making it an opportune time to buy one additional share. This aligns with my strategy of maximizing my final cash wealth while positioning myself for any upward momentum."
RA-MC-BT-PC-NT-OC-s140926,RA+MC+BT+PC+NT+OC,trader-01,RA,12,hold,0,0,0.0,0,,210.86,4,223.0,4,10.54,1.6,279.0,14.0,14.0,14.0,14.0,,"The current market price is at the fundamental value of $14, with no expected excess returns to justify buying or selling. Holding is optimal as each share provides potential dividends and will be redeemed at $14 at the end of the period."
RA-MC-BT-PC-NT-OC-s140926,RA+MC+BT+PC+NT+OC,trader-02,NT,12,hold,0,0,0.0,0,,264.01,0,277.21,0,13.2,0.0,277.21,14.0,14.0,14.0,14.0,,"The asset's fundamental value is stable at $14, and the last transaction price confirms this. Holding my position allows me to benefit from potential dividends while my cash remains invested. Given I have no shares left to sell, I will maintain my cash position until the market provides clearer opportunities."
RA-MC-BT-PC-NT-OC-s140926,RA+MC+BT+PC+NT+OC,trader-03,NT,12,hold,0,0,0.0,0,,210.86,4,223.0,4,10.54,1.6,279.0,14.0,14.0,14.0,14.0,,"Given the stable fundamental value of the asset at $14 and the consistent dividends received in previous periods, it is prudent to continue holding my current shares. This strategy allows me to benefit from potential dividends in the upcoming periods while preserving my cash for future opportunities, as the market has shown stability around the $14 mark."
RA-MC-BT-PC-NT-OC-s140926,RA+MC+BT+PC+NT+OC,trader-04,RA,12,hold,0,0,0.0,0,,210.86,4,223.0,4,10.54,1.6,279.0,14.0,14.0,14.0,14.0,,"The current reference price of $14 aligns with the asset's fundamental value. Given the equally likely dividends of $0.40 or $1.00, the expected return from holding shares continues to outweigh any trading advantage at this price. Thus, I will hold my current shares since they will be redeemed at $14 after 30 periods, and selling now does not yield a better return than holding."
RA-MC-BT-PC-NT-OC-s140926,RA+MC+BT+PC+NT+OC,trader-05,OC,12,buy,1,1,13.0,0,,210.86,4,223.0,4,10.54,1.6,279.0,14.0,14.0,14.0,14.0,,"I believe the current price of $13.00 presents a buying opportunity, as I expect it to recover to the fundamental value of $14.00. As an overconfident contrarian, I'm confident in my judgment, and buying another share at this lower price will enhance my wealth through dividends and the eventual redemption value. I have sufficient cash to buy 1 share at this price."
RA-MC-BT-PC-NT-OC-s140926,RA+MC+BT+PC+NT+OC,trader-06,PC,12,hold,0,0,0.0,0,,210.86,4,223.0,4,10.54,1.6,279.0,14.0,14.0,14.0,14.0,,"I will hold my position this period as I have 4 shares and $210.86 in cash. The fundamental value of the asset is $14, and I expect it to remain stable. I plan to sell my shares in future periods when the price aligns with my strategy. Holding allows me to earn interest on my cash while waiting for a favorable selling opportunity."
RA-MC-BT-PC-NT-OC-s140926,RA+MC+BT+PC+NT+OC,trader-07,BT,12,hold,0,0,0.0,0,,210.86,4,223.0,4,10.54,1.6,279.0,14.0,14.0,14.0,14.0,,"The current market price is stable at the fundamental value of $14, with no signs of upward momentum. Holding my 4 shares allows me to benefit from potential dividends while monitoring for any future price changes. Given the consistent fundamental value, it is prudent to maintain my current position for now, especially as there are no compelling reasons to buy or sell at this time."
RA-MC-BT-PC-NT-OC-s140926,RA+MC+BT+PC+NT+OC,trader-08,MC,12,hold,0,0,0.0,0,,210.86,4,223.0,4,10.54,1.6,279.0,14.0,14.0,14.0,14.0,,"The market price remains stable at its fundamental value of $14, with no recent price momentum indicating a change. As a momentum trader, I typically act based on price movements, but currently, there are no signs of upward or downward trends. Thus, it is prudent to hold my current position of 4 shares and $210.86 in cash. This strategy allows me to remain flexible and wait for better opportunities in the upcoming periods."
RA-MC-BT-PC-NT-OC-s140926,RA+MC+BT+PC+NT+OC,trader-09,PC,12,sell,1,1,14.0,-1,14.0,237.39,2,264.36,1,12.57,0.4,278.36,14.0,14.0,14.0,14.0,,"I intend to sell 1 share this period at the reference price of $14. This is in line with my strategy of selling shares early to maximize cash while retaining 1 share for potential dividends in future periods. The fundamental value remains at $14, making this a fair price for selling. This action secures cash now and positions me well for future dividends."
RA-MC-BT-PC-NT-OC-s140926,RA+MC+BT+PC+NT+OC,trader-10,BT,12,sell,1,1,14.0,0,,236.95,2,249.6,2,11.85,0.8,277.6,14.0,14.5,15.0,14.0,,"The current price is at fundamental value ($14.0), but I anticipate a slight increase to $14.5 in the next couple of periods due to market optimism. By selling 1 share at $14.0 now, I can secure some profits while still holding 1 share for potential dividends. This aligns with my strategy of maximizing cash wealth before any potential peak."
RA-MC-BT-PC-NT-OC-s140926,RA+MC+BT+PC+NT+OC,trader-11,OC,12,buy,7,7,13.0,0,,210.86,4,223.0,4,10.54,1.6,279.0,14.0,14.0,14.0,14.0,,"Given my contrarian strategy and belief in a market recovery, I will place a limit order to buy 7 additional shares at $13.00. I trust that the current trends indicate a temporary dip, and I expect prices to rebound towards the fundamental value of $14. My cash position allows for this purchase, aligning with my strategy to buy on dips."
RA-MC-BT-PC-NT-OC-s140926,RA+MC+BT+PC+NT+OC,trader-00,MC,13,buy,1,1,14.0,1,14.0,100.86,13,96.8,14,4.34,5.6,292.8,14.0,14.0,14.0,14.0,,"The current price is stable at the reference value of $14. As a momentum chaser, I expect the price to remain stable or potentially rise, making it an opportune time to buy one additional share. This aligns with my strategy of maximizing my final cash wealth while positioning myself for any upward momentum."
RA-MC-BT-PC-NT-OC-s140926,RA+MC+BT+PC+NT+OC,trader-01,RA,13,hold,0,0,0.0,0,,223.0,4,235.75,4,11.15,1.6,291.75,14.0,14.0,14.0,14.0,,The current market price is at the fundamental value of $14. There are no expected excess returns to justify buying or selling at this time. Holding is optimal as each share provides potential dividends and will be redeemed at $14 at the end of the period.
RA-MC-BT-PC-NT-OC-s140926,RA+MC+BT+PC+NT+OC,trader-02,NT,13,hold,0,0,0.0,0,,277.21,0,291.07,0,13.86,0.0,291.07,14.0,14.0,14.0,14.0,,"The asset's fundamental value remains stable at $14, and the last transaction price confirms this. Holding my cash position allows me to earn interest while waiting for clearer market signals. Since I have no shares left to sell, it is prudent to maintain my cash until favorable trading opportunities arise."
RA-MC-BT-PC-NT-OC-s140926,RA+MC+BT+PC+NT+OC,trader-03,NT,13,hold,0,0,0.0,0,,223.0,4,235.75,4,11.15,1.6,291.75,14.0,14.0,14.0,14.0,,"Given the stable fundamental value of the asset at $14 and the consistent dividends I've received, it seems prudent to continue holding my current shares. This strategy allows me to benefit from potential dividends in the upcoming periods while preserving my cash for future opportunities. The market has shown stability around the $14 mark, and holding will not expose me to unnecessary risk at this moment."
RA-MC-BT-PC-NT-OC-s140926,RA+MC+BT+PC+NT+OC,trader-04,RA,13,hold,0,0,0.0,0,,223.0,4,235.75,4,11.15,1.6,291.75,14.0,14.0,14.0,14.0,,"The current reference price of $14 aligns with the asset's fundamental value. Given the equally likely dividends of $0.40 or $1.00, the expected return from holding shares continues to outweigh any trading advantage at this price. Therefore, I will hold my current shares since they will be redeemed at $14 after 30 periods, and selling now does not yield a better return than holding."
RA-MC-BT-PC-NT-OC-s140926,RA+MC+BT+PC+NT+OC,trader-05,OC,13,buy,1,1,13.0,0,,223.0,4,235.75,4,11.15,1.6,291.75,14.0,14.0,14.0,14.0,,"I believe that the current price of $13.00 is a buying opportunity, as I expect it to recover to the fundamental value of $14.00. My overconfident contrarian stance leads me to trust that buying another share at this lower price will enhance my wealth through dividends and the eventual redemption value. I have sufficient cash to buy 1 share at this price."
RA-MC-BT-PC-NT-OC-s140926,RA+MC+BT+PC+NT+OC,trader-06,PC,13,hold,0,0,0.0,0,,223.0,4,235.75,4,11.15,1.6,291.75,14.0,14.0,14.0,14.0,,"I will continue to hold my position this period as I have 4 shares and $223.00 in cash. The fundamental value of the asset is $14, and I expect it to remain stable. I plan to sell my shares in later periods when the price aligns with my strategy. Holding allows me to earn interest on my cash while waiting for a favorable selling opportunity."
RA-MC-BT-PC-NT-OC-s140926,RA+MC+BT+PC+NT+OC,trader-07,BT,13,hold,0,0,0.0,0,,223.0,4,235.75,4,11.15,1.6,291.75,14.0,14.0,14.0,14.0,,"The market price remains stable at the fundamental value of $14 with no signs of upward momentum. Holding my 4 shares allows me to benefit from potential dividends while monitoring the market for any future price changes. Given the consistent fundamental value, it is prudent to maintain my current position for now, especially as there are no compelling reasons to buy or sell at this time."
RA-MC-BT-PC-NT-OC-s140926,RA+MC+BT+PC+NT+OC,trader-08,MC,13,hold,0,0,0.0,0,,223.0,4,235.75,4,11.15,1.6,291.75,14.0,14.0,14.0,14.0,,"The current market price is stable at its fundamental value of $14, with no recent price momentum indicating a change. As a momentum trader, I typically act on price movements, but there are currently no signs of upward or downward trends. Thus, it is prudent to hold my current position of 4 shares and $223.00 in cash. This strategy allows me to remain flexible and wait for better opportunities in upcoming periods."
RA-MC-BT-PC-NT-OC-s140926,RA+MC+BT+PC+NT+OC,trader-09,PC,13,sell,1,1,14.0,0,,264.36,1,277.98,1,13.22,0.4,291.98,14.0,14.0,14.0,14.0,,"I intend to sell 1 share this period at the reference price of $14. This aligns with my established plan to sell shares early in the trading periods to maximize cash. The fundamental value of the asset is still $14, making it a fair price for selling. By executing this sale, I can secure cash now while retaining my last share for potential dividends in future periods."
RA-MC-BT-PC-NT-OC-s140926,RA+MC+BT+PC+NT+OC,trader-10,BT,13,sell,1,1,14.0,-1,14.0,249.6,2,277.18,1,13.18,0.4,291.18,14.0,14.5,15.0,14.0,,"The current price is at the fundamental value of $14.0, and I anticipate a slight increase to $14.5 in the next couple of periods due to market optimism. However, I will sell 1 share at $14.0 now to secure some profits while still holding 1 share for potential dividends. This aligns with my strategy of maximizing cash wealth before any potential peak."
RA-MC-BT-PC-NT-OC-s140926,RA+MC+BT+PC+NT+OC,trader-11,OC,13,buy,7,7,13.0,0,,223.0,4,235.75,4,11.15,1.6,291.75,14.0,14.0,14.0,14.0,,"I believe the price will dip below the fundamental value of $14, allowing me to buy more shares at a discount. Given my current cash position of $223.00, I can purchase 7 additional shares at a limit price of $13.00. This aligns with my contrarian strategy of buying after prices fall, and I trust that the market will recover in future periods."
RA-MC-BT-PC-NT-OC-s140926,RA+MC+BT+PC+NT+OC,trader-00,MC,14,buy,1,1,14.0,1,14.0,96.8,14,92.94,15,4.14,6.0,302.94,14.0,14.0,14.0,14.0,,"The price remains stable at the reference value of $14. As a momentum chaser, I expect prices to continue at this level or potentially rise. Buying one additional share positions me for any upward momentum while maintaining cash for future opportunities."
RA-MC-BT-PC-NT-OC-s140926,RA+MC+BT+PC+NT+OC,trader-01,RA,14,hold,0,0,0.0,0,,235.75,4,249.14,4,11.79,1.6,305.14,14.0,14.0,14.0,14.0,,"The current market price is at the fundamental value of $14, and there are no expected excess returns to justify a buy or sell decision. Holding onto the shares is optimal as they provide potential dividends and will be redeemed at $14 at the end."
RA-MC-BT-PC-NT-OC-s140926,RA+MC+BT+PC+NT+OC,trader-02,NT,14,hold,0,0,0.0,0,,291.07,0,305.62,0,14.55,0.0,305.62,14.0,14.0,14.0,14.0,,"The asset's fundamental value remains stable at $14, and the last transaction price confirms this. With no shares left to sell, holding my cash position allows me to earn interest while waiting for clearer market opportunities. I anticipate the price will remain stable in the near future, making it prudent to hold."
RA-MC-BT-PC-NT-OC-s140926,RA+MC+BT+PC+NT+OC,trader-03,NT,14,hold,0,0,0.0,0,,235.75,4,249.14,4,11.79,1.6,305.14,14.0,14.0,14.0,14.0,,"Given the stable fundamental value of the asset at $14 and the consistent dividends received in previous periods, it is prudent to continue holding my current shares. This strategy allows me to benefit from potential dividends in the upcoming periods while preserving my cash for future opportunities. The market has shown stability around the $14 mark, and holding will not expose me to unnecessary risk at this moment."
RA-MC-BT-PC-NT-OC-s140926,RA+MC+BT+PC+NT+OC,trader-04,RA,14,hold,0,0,0.0,0,,235.75,4,249.14,4,11.79,1.6,305.14,14.0,14.0,14.0,14.0,,"The current reference price of $14 aligns with the asset's fundamental value. Given the equally likely dividends of $0.40 or $1.00, there is no immediate trading advantage at this price compared to the 5% cash return. Holding my shares is prudent since they will be redeemed at $14 after 30 periods, and selling now does not yield a better return than holding."
RA-MC-BT-PC-NT-OC-s140926,RA+MC+BT+PC+NT+OC,trader-05,OC,14,buy,1,1,13.0,0,,235.75,4,249.14,4,11.79,1.6,305.14,14.0,14.0,14.0,14.0,,I believe the current price of $13.00 is a buying opportunity as I expect it to recover to the fundamental value of $14.00. My overconfident contrarian stance leads me to trust that buying another share at this lower price will enhance my wealth through dividends and the eventual redemption value. I have sufficient cash to buy 1 share at this price.
RA-MC-BT-PC-NT-OC-s140926,RA+MC+BT+PC+NT+OC,trader-06,PC,14,hold,0,0,0.0,0,,235.75,4,249.14,4,11.79,1.6,305.14,14.0,14.0,14.0,14.0,,"I will continue to hold my position this period as I have 4 shares and $235.75 in cash. The fundamental value of the asset remains at $14, and I expect it to remain stable. I plan to sell my shares in later periods when the price aligns with my strategy. Holding allows me to earn interest on my cash while waiting for a favorable selling opportunity."
RA-MC-BT-PC-NT-OC-s140926,RA+MC+BT+PC+NT+OC,trader-07,BT,14,hold,0,0,0.0,0,,235.75,4,249.14,4,11.79,1.6,305.14,14.0,14.0,14.0,14.0,,"The market price remains stable at the fundamental value of $14, with no signs of upward momentum. Holding my 4 shares allows me to benefit from potential dividends while monitoring the market for any future price changes. Given the consistent fundamental value and no immediate price increase, it is prudent to maintain my current position for now, especially as there are no compelling reasons to buy or sell at this time."
RA-MC-BT-PC-NT-OC-s140926,RA+MC+BT+PC+NT+OC,trader-08,MC,14,hold,0,0,0.0,0,,235.75,4,249.14,4,11.79,1.6,305.14,14.0,14.0,14.0,14.0,,"The current market price is stable at its fundamental value of $14, with no recent price momentum indicating a change. As a momentum trader, I would typically look for upward or downward trends to dictate my actions. However, since the price has not shown any signs of movement and remains at its fundamental value, it is prudent to hold my current position of 4 shares and $235.75 in cash. This allows me to remain flexible and wait for potential opportunities in the upcoming periods."
RA-MC-BT-PC-NT-OC-s140926,RA+MC+BT+PC+NT+OC,trader-09,PC,14,sell,1,1,14.0,-1,14.0,277.98,1,306.58,0,14.6,0.0,306.58,14.0,14.0,14.0,14.0,,"I intend to sell 1 share this period at the reference price of $14. This aligns with my established plan to sell shares early in the trading periods to maximize cash while retaining my last share for potential dividends in future periods. Given the fundamental value remains at $14, this is a fair price for selling. By executing this sale, I can secure cash now while maintaining my position for dividends on my remaining share."
RA-MC-BT-PC-NT-OC-s140926,RA+MC+BT+PC+NT+OC,trader-10,BT,14,sell,1,1,14.0,0,,277.18,1,291.44,1,13.86,0.4,305.44,14.0,14.5,15.0,14.0,,The current price is stable at the fundamental value of $14. I anticipate a slight increase to $14.5 in the next couple of periods due to market optimism. Selling 1 share at $14.0 now will allow me to secure some profits while still holding a share for potential dividends. This aligns with my strategy of maximizing cash wealth before any potential peak.
RA-MC-BT-PC-NT-OC-s140926,RA+MC+BT+PC+NT+OC,trader-11,OC,14,buy,7,7,13.0,0,,235.75,4,249.14,4,11.79,1.6,305.14,14.0,14.0,14.0,14.0,,"I strongly believe in a market recovery and that the price will dip below the fundamental value of $14, allowing me to buy additional shares at a limit price of $13.00. My current cash position supports this purchase, and as an overconfident contrarian, I trust my judgment to capitalize on this opportunity for future gains."
RA-MC-BT-PC-NT-OC-s140926,RA+MC+BT+PC+NT+OC,trader-00,MC,15,buy,1,1,14.0,1,14.0,92.94,15,98.89,16,3.95,16.0,322.89,14.0,14.0,14.0,14.0,,"The price remains stable at the reference value of $14. As a momentum chaser, I expect prices to continue at this level or potentially rise. Buying one additional share positions me for any upward momentum while maintaining cash for future opportunities."
RA-MC-BT-PC-NT-OC-s140926,RA+MC+BT+PC+NT+OC,trader-01,RA,15,hold,0,0,0.0,0,,249.14,4,265.6,4,12.46,4.0,321.6,14.0,14.0,14.0,14.0,,"The current market price is at the fundamental value of $14. Given that there are no immediate excess returns to justify a buy or sell decision, holding onto my shares is optimal. Each share provides potential dividends and will be redeemed at $14 at the end of the period."
RA-MC-BT-PC-NT-OC-s140926,RA+MC+BT+PC+NT+OC,trader-02,NT,15,buy,2,2,14.0,0,,305.62,0,320.9,0,15.28,0.0,320.9,14.0,14.0,14.0,14.0,,"The asset's fundamental value remains stable at $14, and the last transaction price confirms this. With $305.62 available in cash, I can buy 2 shares at the current price of $14. This purchase allows me to benefit from potential future dividends while optimizing my final cash wealth, especially since I expect the price to remain stable in the upcoming periods."
RA-MC-BT-PC-NT-OC-s140926,RA+MC+BT+PC+NT+OC,trader-03,NT,15,hold,0,0,0.0,0,,249.14,4,265.6,4,12.46,4.0,321.6,14.0,14.0,14.0,14.0,,"Given the stable fundamental value of the asset at $14 and the consistent dividends received in previous periods, it seems prudent to continue holding my current shares. This strategy allows me to benefit from potential future dividends while preserving my cash for upcoming opportunities. The market has shown stability around the $14 mark, and holding will not expose me to unnecessary risk at this moment."
RA-MC-BT-PC-NT-OC-s140926,RA+MC+BT+PC+NT+OC,trader-04,RA,15,hold,0,0,0.0,0,,249.14,4,265.6,4,12.46,4.0,321.6,14.0,14.0,14.0,14.0,,"The current reference price of $14 aligns perfectly with the asset's fundamental value. Given that the expected dividends of $0.40 or $1.00 do not provide a trading advantage at this price compared to the 5% cash return, it is prudent to hold my shares. They will be redeemed at $14 after 30 periods, ensuring that holding them is more beneficial than selling at this point."
RA-MC-BT-PC-NT-OC-s140926,RA+MC+BT+PC+NT+OC,trader-05,OC,15,buy,1,1,13.0,0,,249.14,4,265.6,4,12.46,4.0,321.6,14.0,14.0,14.0,14.0,,"I believe the current price of $13.00 is a buying opportunity, as I expect it to recover to the fundamental value of $14.00. My overconfident contrarian stance leads me to trust that buying another share at this lower price will enhance my wealth through dividends and the eventual redemption value. I have sufficient cash to buy 1 share at this price."
RA-MC-BT-PC-NT-OC-s140926,RA+MC+BT+PC+NT+OC,trader-06,PC,15,hold,0,0,0.0,0,,249.14,4,265.6,4,12.46,4.0,321.6,14.0,14.0,14.0,14.0,,"I will hold my position this period as I have 4 shares and $249.14 in cash. The fundamental value of the asset remains at $14, and I expect it to remain stable. I plan to sell my shares in future periods when the price aligns with my strategy. Holding allows me to earn interest on my cash while waiting for a favorable selling opportunity."
RA-MC-BT-PC-NT-OC-s140926,RA+MC+BT+PC+NT+OC,trader-07,BT,15,hold,0,0,0.0,0,,249.14,4,265.6,4,12.46,4.0,321.6,14.0,14.0,14.0,14.0,,"The market price remains stable at the fundamental value of $14, with no signs of upward momentum. Holding my 4 shares allows me to benefit from potential dividends while monitoring the market for future price changes. Given the consistent fundamental value and the absence of immediate price increases, it is prudent to maintain my current position for now."
RA-MC-BT-PC-NT-OC-s140926,RA+MC+BT+PC+NT+OC,trader-08,MC,15,hold,0,0,0.0,0,,249.14,4,265.6,4,12.46,4.0,321.6,14.0,14.0,14.0,14.0,,"The current market price is stable at its fundamental value of $14, with no recent price momentum indicating a change. As a momentum trader, I typically act based on price movements, but there are no signs of upward or downward trends. Thus, it is prudent to hold my current position of 4 shares and $249.14 in cash. This strategy allows me to remain flexible and wait for potential opportunities in the upcoming periods."
RA-MC-BT-PC-NT-OC-s140926,RA+MC+BT+PC+NT+OC,trader-09,PC,15,hold,0,0,0.0,0,,306.58,0,321.91,0,15.33,0.0,321.91,14.0,14.0,14.0,14.0,,"I intend to hold my position this period, as I have sold all my shares in previous periods and currently have no shares to sell. Given that the fundamental value of the asset remains at $14, holding aligns with my strategy to maximize cash and prepare for future periods. I will consider re-entering the market to buy shares if opportunities arise in later periods."
RA-MC-BT-PC-NT-OC-s140926,RA+MC+BT+PC+NT+OC,trader-10,BT,15,sell,1,1,14.0,-1,14.0,291.44,1,320.71,0,15.27,0.0,320.71,14.0,14.5,15.0,14.0,,The current price is at the fundamental value of $14. I anticipate a slight increase to $14.5 in the next couple of periods due to market optimism. Selling 1 share at $14.0 now allows me to secure some profits while still holding 1 share for potential dividends. This aligns with my strategy of maximizing cash wealth before any potential peak.
RA-MC-BT-PC-NT-OC-s140926,RA+MC+BT+PC+NT+OC,trader-11,OC,15,buy,7,7,13.0,0,,249.14,4,265.6,4,12.46,4.0,321.6,14.0,14.0,14.0,14.0,,"Given my contrarian approach and current cash position, I believe the price will dip below the fundamental value of $14, allowing me to buy more shares at a limit price of $13.00. I trust that the market will recover in future periods, aligning with my strategy of buying after prices fall. I am confident that this purchase will benefit my wealth in the long run."
RA-MC-BT-PC-NT-OC-s140926,RA+MC+BT+PC+NT+OC,trader-00,MC,16,buy,1,1,14.0,0,,98.89,16,110.23,16,4.94,6.4,334.23,14.0,14.0,14.0,14.0,,"The current price remains stable at the reference value of $14. As a momentum chaser, I expect that the price will maintain this level or potentially rise. Buying one additional share positions me for any upward momentum while still having cash available for future trades. This aligns with my strategy of maximizing my final cash wealth."
RA-MC-BT-PC-NT-OC-s140926,RA+MC+BT+PC+NT+OC,trader-01,RA,16,hold,0,0,0.0,0,,265.6,4,280.48,4,13.28,1.6,336.48,14.0,14.0,14.0,14.0,,"The current market price is at the fundamental value of $14, and there are no expected excess returns to justify a buy or sell decision. Holding onto my shares is optimal as they provide potential dividends and will be redeemed at $14 at the end of the period."
RA-MC-BT-PC-NT-OC-s140926,RA+MC+BT+PC+NT+OC,trader-02,NT,16,buy,2,2,14.0,0,,320.9,0,336.95,0,16.05,0.0,336.95,14.0,14.0,14.0,14.0,,"The asset's fundamental value remains stable at $14, and the last transaction price confirms this. With $320.90 available in cash, I can buy 2 shares at the current price of $14. This purchase allows me to benefit from potential future dividends while optimizing my final cash wealth, especially since I expect the price to remain stable in the upcoming periods."
RA-MC-BT-PC-NT-OC-s140926,RA+MC+BT+PC+NT+OC,trader-03,NT,16,hold,0,0,0.0,0,,265.6,4,280.48,4,13.28,1.6,336.48,14.0,14.0,14.0,14.0,,"Given the stable fundamental value of the asset at $14, my previous experience in this market indicates that the price is likely to remain around this level. I have consistently received dividends, and holding my current shares allows me to benefit from potential dividends while preserving my cash for future opportunities. Since the market has shown stability, it is prudent to hold rather than risk unnecessary exposure by buying or selling."
RA-MC-BT-PC-NT-OC-s140926,RA+MC+BT+PC+NT+OC,trader-04,RA,16,hold,0,0,0.0,0,,265.6,4,280.48,4,13.28,1.6,336.48,14.0,14.0,14.0,14.0,,"The current reference price of $14 aligns with the asset's fundamental value. Given the equally likely dividends of $0.40 or $1.00, there is no immediate trading advantage at this price compared to the 5% cash return. Holding my shares is prudent since they will be redeemed at $14 after 30 periods, ensuring a better return than any potential trades at this point."
RA-MC-BT-PC-NT-OC-s140926,RA+MC+BT+PC+NT+OC,trader-05,OC,16,buy,1,1,13.0,0,,265.6,4,280.48,4,13.28,1.6,336.48,14.0,14.0,14.0,14.0,,"I believe the current market price of $14.00 may decrease to $13.00, presenting a buying opportunity. As an overconfident contrarian, I expect a recovery from this price point back to the fundamental value of $14.00. Buying another share at $13.00 will enhance my wealth through dividends and the eventual redemption value, given that I have sufficient cash available."
RA-MC-BT-PC-NT-OC-s140926,RA+MC+BT+PC+NT+OC,trader-06,PC,16,hold,0,0,0.0,0,,265.6,4,280.48,4,13.28,1.6,336.48,14.0,14.0,14.0,14.0,,"I will hold my position this period as I have 4 shares and $249.14 in cash. The fundamental value of the asset remains at $14, and I expect it to remain stable. I plan to sell my shares in future periods when the price aligns with my strategy. Holding allows me to earn interest on my cash while waiting for a favorable selling opportunity."
RA-MC-BT-PC-NT-OC-s140926,RA+MC+BT+PC+NT+OC,trader-07,BT,16,hold,0,0,0.0,0,,265.6,4,280.48,4,13.28,1.6,336.48,14.0,14.0,14.0,14.0,,"The market price is stable at the fundamental value of $14, with no signs of upward momentum. Holding my current position of 4 shares allows me to benefit from potential dividends while monitoring for any future price changes. Given the consistent fundamental value and the absence of immediate price increases, it is prudent to maintain my current position for now, especially as there are no compelling reasons to buy or sell at this time."
RA-MC-BT-PC-NT-OC-s140926,RA+MC+BT+PC+NT+OC,trader-08,MC,16,hold,0,0,0.0,0,,265.6,4,280.48,4,13.28,1.6,336.48,14.0,14.0,14.0,14.0,,"The current market price of $14 is stable and aligns with the fundamental value. As a momentum trader, I typically look for price movements to dictate my actions. However, since there is no recent momentum indicating a change, it is prudent to hold my current position of 4 shares and $3187.21 in cash. This strategy allows me to remain flexible and wait for better opportunities in the upcoming periods."
RA-MC-BT-PC-NT-OC-s140926,RA+MC+BT+PC+NT+OC,trader-09,PC,16,hold,0,0,0.0,0,,321.91,0,338.01,0,16.1,0.0,338.01,14.0,14.0,14.0,14.0,,"I intend to hold my position this period, as I have sold all my shares in previous periods and currently have no shares to sell. Given that the fundamental value of the asset remains at $14, holding aligns with my strategy to maximize cash and prepare for future periods. I will consider re-entering the market to buy shares if opportunities arise in later periods."
RA-MC-BT-PC-NT-OC-s140926,RA+MC+BT+PC+NT+OC,trader-10,BT,16,buy,2,2,14.0,0,,320.71,0,336.75,0,16.04,0.0,336.75,14.0,14.5,15.0,14.0,,"The current price is at the fundamental value of $14. I anticipate a slight increase to $14.5 in the next couple of periods due to market optimism. Buying 2 shares at $14.0 allows me to benefit from potential future price increases and dividends, aligning with my strategy to maximize cash wealth before any potential peak."
RA-MC-BT-PC-NT-OC-s140926,RA+MC+BT+PC+NT+OC,trader-11,OC,16,buy,7,7,13.0,0,,265.6,4,280.48,4,13.28,1.6,336.48,14.0,14.0,14.0,14.0,,"I believe the price will dip below the fundamental value of $14, allowing me to buy more shares at a discount. Given my current cash position of $265.60, I can purchase 7 additional shares at a limit price of $13.00. This aligns with my contrarian strategy of buying after prices fall, and I trust that the market will recover in future periods."
RA-MC-BT-PC-NT-OC-s140926,RA+MC+BT+PC+NT+OC,trader-00,MC,17,buy,1,1,14.0,0,,110.23,16,122.14,16,5.51,6.4,346.14,14.0,14.0,14.0,14.0,,"The price remains stable at the reference value of $14. As a momentum chaser, I expect prices to continue at this level or potentially rise. Buying one additional share allows me to capitalize on any upward momentum while maintaining cash for future opportunities. This decision aligns with my strategy of maximizing my final cash wealth."
RA-MC-BT-PC-NT-OC-s140926,RA+MC+BT+PC+NT+OC,trader-01,RA,17,hold,0,0,0.0,0,,280.48,4,296.1,4,14.02,1.6,352.1,14.0,14.0,14.0,14.0,,"The current market price is at the fundamental value of $14, and there are no immediate excess returns to justify a buy or sell decision. Holding onto my shares is optimal as they provide potential dividends and will be redeemed at $14 at the end of the period."
RA-MC-BT-PC-NT-OC-s140926,RA+MC+BT+PC+NT+OC,trader-02,NT,17,buy,2,2,14.0,0,,336.95,0,353.8,0,16.85,0.0,353.8,14.0,14.0,14.0,14.0,,"The asset's fundamental value remains stable at $14, and given my current cash position of $336.95, I can purchase 2 shares at this price. This will allow me to benefit from potential future dividends and maintain my cash wealth, especially as I expect the market price to stay stable in the upcoming periods."
RA-MC-BT-PC-NT-OC-s140926,RA+MC+BT+PC+NT+OC,trader-03,NT,17,hold,0,0,0.0,0,,280.48,4,296.1,4,14.02,1.6,352.1,14.0,14.0,14.0,14.0,,"Given the stable fundamental value of the asset at $14 and the consistent dividends received in previous periods, it is prudent to continue holding my current shares. This strategy allows me to benefit from potential dividends in the upcoming periods while preserving my cash for future opportunities. The market has shown stability around the $14 mark, and holding will not expose me to unnecessary risk at this moment."
RA-MC-BT-PC-NT-OC-s140926,RA+MC+BT+PC+NT+OC,trader-04,RA,17,hold,0,0,0.0,0,,280.48,4,296.1,4,14.02,1.6,352.1,14.0,14.0,14.0,14.0,,"The current reference price of $14 aligns with the asset's fundamental value. Given the expected dividends of $0.40 or $1.00 are equally likely, there is no immediate trading advantage at this price compared to the 5% cash return. Therefore, I will hold my current shares since they will be redeemed at $14 after 30 periods, ensuring that holding them is more beneficial than selling at this point."
RA-MC-BT-PC-NT-OC-s140926,RA+MC+BT+PC+NT+OC,trader-05,OC,17,buy,1,1,13.0,0,,280.48,4,296.1,4,14.02,1.6,352.1,14.0,14.0,14.0,14.0,,I believe that the current price of $13.00 is a buying opportunity as I expect it to recover to the fundamental value of $14.00. My overconfident contrarian stance leads me to trust that buying another share at this lower price will enhance my wealth through dividends and the eventual redemption value. I have sufficient cash to buy 1 share at this price.
RA-MC-BT-PC-NT-OC-s140926,RA+MC+BT+PC+NT+OC,trader-06,PC,17,hold,0,0,0.0,0,,280.48,4,296.1,4,14.02,1.6,352.1,14.0,14.0,14.0,14.0,,"I will hold my position this period as I have 4 shares and $249.14 in cash. The fundamental value of the asset remains at $14, and I expect it to remain stable. I plan to sell my shares in future periods when the price aligns with my strategy. Holding allows me to earn interest on my cash while waiting for a favorable selling opportunity."
RA-MC-BT-PC-NT-OC-s140926,RA+MC+BT+PC+NT+OC,trader-07,BT,17,hold,0,0,0.0,0,,280.48,4,296.1,4,14.02,1.6,352.1,14.0,14.0,14.0,14.0,,"The current market price remains stable at the fundamental value of $14, and there are no signs of upward momentum. Holding my 4 shares allows me to benefit from potential dividends while monitoring the market for future price changes. Given the consistent fundamental value and the absence of immediate price increases, it is prudent to maintain my current position for now."
RA-MC-BT-PC-NT-OC-s140926,RA+MC+BT+PC+NT+OC,trader-08,MC,17,hold,0,0,0.0,0,,280.48,4,296.1,4,14.02,1.6,352.1,14.0,14.0,14.0,14.0,,"The current market price remains stable at its fundamental value of $14, with no recent price momentum indicating a change. As a momentum trader, I typically act based on price movements, but since there are no signs of upward or downward trends, it is prudent to hold my current position of 4 shares and $3365.78 in cash. This strategy allows me to remain flexible and wait for potential opportunities in the upcoming periods."
RA-MC-BT-PC-NT-OC-s140926,RA+MC+BT+PC+NT+OC,trader-09,PC,17,hold,0,0,0.0,0,,338.01,0,354.91,0,16.9,0.0,354.91,14.0,14.0,14.0,14.0,,"I intend to hold my position this period as I have no shares to sell. Given that the fundamental value of the asset remains at $14, holding aligns with my strategy to maximize cash and prepare for future periods. I will consider re-entering the market to buy shares if opportunities arise in later periods."
RA-MC-BT-PC-NT-OC-s140926,RA+MC+BT+PC+NT+OC,trader-10,BT,17,buy,2,2,14.0,0,,336.75,0,353.59,0,16.84,0.0,353.59,14.0,14.5,15.0,14.0,,"The current price is at fundamental value ($14). I anticipate a slight increase to $14.5 in the next couple of periods due to market optimism. Buying 2 shares at $14.0 allows me to benefit from potential future price increases and dividends, aligning with my strategy to maximize cash wealth before any potential peak."
RA-MC-BT-PC-NT-OC-s140926,RA+MC+BT+PC+NT+OC,trader-11,OC,17,buy,7,7,13.0,0,,280.48,4,296.1,4,14.02,1.6,352.1,14.0,14.0,14.0,14.0,,"Given my contrarian strategy and belief in a market recovery, I will place a limit order to buy 7 additional shares at $13.00. The current price is at the fundamental value of $14. I expect it to dip below this level, allowing me to acquire more shares at a discount. I trust my judgment that the market will recover in future periods."
RA-MC-BT-PC-NT-OC-s140926,RA+MC+BT+PC+NT+OC,trader-00,MC,18,buy,1,1,14.0,0,,122.14,16,134.65,16,6.11,6.4,358.65,14.0,14.0,14.0,14.0,,"The price remains stable at the reference value of $14. As a momentum chaser, I expect prices to continue at this level or potentially rise. Buying one additional share positions me for any upward momentum while maintaining cash for future opportunities, aligning with my strategy to maximize final cash wealth."
RA-MC-BT-PC-NT-OC-s140926,RA+MC+BT+PC+NT+OC,trader-01,RA,18,hold,0,0,0.0,0,,296.1,4,312.51,4,14.81,1.6,368.51,14.0,14.0,14.0,14.0,,"The current market price is at the fundamental value of $14, and there are no expected excess returns to justify a buy or sell decision. Holding onto my shares is optimal as they provide potential dividends and will be redeemed at $14 at the end of the period."
RA-MC-BT-PC-NT-OC-s140926,RA+MC+BT+PC+NT+OC,trader-02,NT,18,buy,2,2,14.0,0,,353.8,0,371.49,0,17.69,0.0,371.49,14.0,14.0,14.0,14.0,,"The asset's fundamental value remains stable at $14, and the last transaction price confirms this. With $3553.24 available in cash, I can buy 2 shares at the current price of $14. This purchase allows me to benefit from potential future dividends while optimizing my final cash wealth, especially since I expect the price to remain stable in the upcoming periods."
RA-MC-BT-PC-NT-OC-s140926,RA+MC+BT+PC+NT+OC,trader-03,NT,18,hold,0,0,0.0,0,,296.1,4,312.51,4,14.81,1.6,368.51,14.0,14.0,14.0,14.0,,"Given the stable fundamental value of the asset at $14, my consistent experience indicates that the market will likely reflect this price in the near term. I have a good cash position and 4 shares, allowing me to benefit from potential upcoming dividends without taking unnecessary risks. Therefore, holding my shares is the prudent choice."
RA-MC-BT-PC-NT-OC-s140926,RA+MC+BT+PC+NT+OC,trader-04,RA,18,hold,0,0,0.0,0,,296.1,4,312.51,4,14.81,1.6,368.51,14.0,14.0,14.0,14.0,,"The current reference price of $14 aligns with the asset's fundamental value. Given the equally likely dividends of $0.40 or $1.00, there is no immediate trading advantage at this price compared to the 5% cash return. Holding my shares is prudent since they will be redeemed at $14 after 30 periods, ensuring a better return than any potential trades at this point."
RA-MC-BT-PC-NT-OC-s140926,RA+MC+BT+PC+NT+OC,trader-05,OC,18,buy,1,1,13.0,0,,296.1,4,312.51,4,14.81,1.6,368.51,14.0,14.0,14.0,14.0,,"The current price is $13.00, and I believe this presents a buying opportunity. As an overconfident contrarian, I expect the price to recover to the fundamental value of $14.00. I have sufficient cash to buy 1 share at this lower price, which will enhance my wealth through future dividends and the eventual redemption value."
RA-MC-BT-PC-NT-OC-s140926,RA+MC+BT+PC+NT+OC,trader-06,PC,18,hold,0,0,0.0,0,,296.1,4,312.51,4,14.81,1.6,368.51,14.0,14.0,14.0,14.0,,"I will hold my position this period as I have 4 shares and $296.10 in cash. The fundamental value of the asset is $14, and I expect it to remain stable. I plan to sell my shares in later periods when the price aligns with my strategy. Holding allows me to earn interest on my cash while waiting for a favorable selling opportunity."
RA-MC-BT-PC-NT-OC-s140926,RA+MC+BT+PC+NT+OC,trader-07,BT,18,hold,0,0,0.0,0,,296.1,4,312.51,4,14.81,1.6,368.51,14.0,14.0,14.0,14.0,,"The market price is currently stable at the fundamental value of $14, with no signs of upward momentum. Holding my 4 shares allows me to benefit from potential dividends while monitoring for any future price changes. Given the consistent fundamental value and the absence of immediate price increases, it is prudent to maintain my current position for now, especially as there are no compelling reasons to buy or sell at this time."
RA-MC-BT-PC-NT-OC-s140926,RA+MC+BT+PC+NT+OC,trader-08,MC,18,hold,0,0,0.0,0,,296.1,4,312.51,4,14.81,1.6,368.51,14.0,14.0,14.0,14.0,,"The current market price is stable at its fundamental value of $14, with no recent price momentum indicating a change. As a momentum trader, I typically act based on price movements, but since there are no signs of upward or downward trends, it is prudent to hold my current position of 4 shares and $3553.24 in cash. This strategy allows me to remain flexible and wait for potential opportunities in the upcoming periods."
RA-MC-BT-PC-NT-OC-s140926,RA+MC+BT+PC+NT+OC,trader-09,PC,18,hold,0,0,0.0,0,,354.91,0,372.66,0,17.75,0.0,372.66,14.0,14.0,14.0,14.0,,"I intend to hold my current position this period, as I have no shares to sell. Given that the fundamental value of the asset remains at $14, holding aligns with my strategy to maximize cash and prepare for future periods. I will consider re-entering the market to buy shares if opportunities arise in later periods."
RA-MC-BT-PC-NT-OC-s140926,RA+MC+BT+PC+NT+OC,trader-10,BT,18,sell,1,0,14.0,0,,353.59,0,371.27,0,17.68,0.0,371.27,14.0,14.5,15.0,14.0,,"The current price is stable at the fundamental value of $14. I anticipate a slight increase to $14.5 in the next couple of periods due to market optimism. By selling 1 share at $14.0 now, I can secure some profits while still holding 1 share for potential dividends. This aligns with my strategy of maximizing cash wealth before any potential peak."
RA-MC-BT-PC-NT-OC-s140926,RA+MC+BT+PC+NT+OC,trader-11,OC,18,buy,7,7,13.0,0,,296.1,4,312.51,4,14.81,1.6,368.51,14.0,14.0,14.0,14.0,,"Given my contrarian strategy, I strongly believe that the price will dip below the fundamental value of $14, allowing me to buy more shares at a limit price of $13.00. I trust in my judgment that the market will recover in future periods, and this purchase aligns perfectly with my approach of buying after prices fall."
RA-MC-BT-PC-NT-OC-s140926,RA+MC+BT+PC+NT+OC,trader-00,MC,19,buy,1,1,14.0,0,,134.65,16,147.78,16,6.73,6.4,371.78,14.0,14.0,14.0,14.0,,"The current price is stable at $14, which aligns with the asset's fundamental value. As a momentum chaser, I expect this stability to continue or potentially lead to upward momentum. Buying one additional share allows me to capitalize on any future price increases while maintaining sufficient cash for subsequent trades. This strategy maximizes my potential final cash wealth while positioning me favorably in the market."
RA-MC-BT-PC-NT-OC-s140926,RA+MC+BT+PC+NT+OC,trader-01,RA,19,hold,0,0,0.0,0,,312.51,4,329.74,4,15.63,1.6,385.74,14.0,14.0,14.0,14.0,,"The current market price is at the fundamental value of $14, with no expected excess returns to justify buying or selling. Holding is optimal as each share provides potential dividends and will be redeemed at $14 at the end of the period."
RA-MC-BT-PC-NT-OC-s140926,RA+MC+BT+PC+NT+OC,trader-02,NT,19,hold,0,0,0.0,0,,371.49,0,390.06,0,18.57,0.0,390.06,14.0,14.0,14.0,14.0,,"The asset's fundamental value remains stable at $14, and the last transaction price confirms this. Holding my cash position allows me to earn interest while waiting for clearer market opportunities. Given I have no shares left to sell, it is prudent to maintain my cash until favorable trading opportunities arise."
RA-MC-BT-PC-NT-OC-s140926,RA+MC+BT+PC+NT+OC,trader-03,NT,19,hold,0,0,0.0,0,,312.51,4,329.74,4,15.63,1.6,385.74,14.0,14.0,14.0,14.0,,"Given the stable fundamental value of the asset at $14 and the consistent dividends received in previous periods, it is prudent to continue holding my current shares. This strategy allows me to benefit from potential dividends in the upcoming periods while preserving my cash for future opportunities. The market has shown stability around the $14 mark, and holding will not expose me to unnecessary risk at this moment."
RA-MC-BT-PC-NT-OC-s140926,RA+MC+BT+PC+NT+OC,trader-04,RA,19,hold,0,0,0.0,0,,312.51,4,329.74,4,15.63,1.6,385.74,14.0,14.0,14.0,14.0,,"The current reference price of $14 aligns with the asset's fundamental value. Given the equally likely dividends of $0.40 or $1.00, the expected return from holding shares continues to outweigh any trading advantage at this price. Therefore, I will hold my current shares since they will be redeemed at $14 after 30 periods, and selling now does not yield a better return than holding."
RA-MC-BT-PC-NT-OC-s140926,RA+MC+BT+PC+NT+OC,trader-05,OC,19,buy,1,1,13.0,0,,312.51,4,329.74,4,15.63,1.6,385.74,14.0,14.0,14.0,14.0,,The current price of $13.00 represents a buying opportunity as I expect the price to recover to the fundamental value of $14.00. My overconfident contrarian stance leads me to trust that purchasing another share at this lower price will enhance my wealth through dividends and the eventual redemption value. I have sufficient cash to buy 1 share at this price.
RA-MC-BT-PC-NT-OC-s140926,RA+MC+BT+PC+NT+OC,trader-06,PC,19,hold,0,0,0.0,0,,312.51,4,329.74,4,15.63,1.6,385.74,14.0,14.0,14.0,14.0,,"I will continue to hold my position this period as I have 4 shares and $296.10 in cash. The fundamental value of the asset remains at $14, and I expect it to remain stable. I plan to sell my shares in future periods when the price aligns with my strategy. Holding allows me to earn interest on my cash while waiting for a favorable selling opportunity."
RA-MC-BT-PC-NT-OC-s140926,RA+MC+BT+PC+NT+OC,trader-07,BT,19,hold,0,0,0.0,0,,312.51,4,329.74,4,15.63,1.6,385.74,14.0,14.0,14.0,14.0,,"The market price remains stable at the fundamental value of $14, with no indications of upward momentum. Holding my 4 shares allows me to benefit from potential dividends while monitoring for any future price changes. Given the consistent fundamental value and the absence of immediate price increases, it is prudent to maintain my current position for now, especially as there are no compelling reasons to buy or sell at this time."
RA-MC-BT-PC-NT-OC-s140926,RA+MC+BT+PC+NT+OC,trader-08,MC,19,hold,0,0,0.0,0,,312.51,4,329.74,4,15.63,1.6,385.74,14.0,14.0,14.0,14.0,,"The current market price remains stable at its fundamental value of $14, with no recent price momentum indicating a change. As a momentum trader, I typically look for price movements to dictate my actions, but since there are no signs of upward or downward trends, it is prudent to hold my current position of 4 shares and $3750.15 in cash. This strategy allows me to remain flexible and wait for better opportunities in the upcoming periods."
RA-MC-BT-PC-NT-OC-s140926,RA+MC+BT+PC+NT+OC,trader-09,PC,19,hold,0,0,0.0,0,,372.66,0,391.29,0,18.63,0.0,391.29,14.0,14.0,14.0,14.0,,"I intend to hold my current position this period, as I have no shares to sell. Given that the fundamental value of the asset remains at $14, holding aligns with my strategy to maximize cash and prepare for future periods. I will consider re-entering the market to buy shares if opportunities arise in later periods."
RA-MC-BT-PC-NT-OC-s140926,RA+MC+BT+PC+NT+OC,trader-10,BT,19,sell,1,0,14.0,0,,371.27,0,389.83,0,18.56,0.0,389.83,14.0,14.5,15.0,14.0,,"The current price is at fundamental value ($14.0), and I anticipate a slight increase to $14.5 in the next couple of periods due to market optimism. Selling 1 share at $14.0 now allows me to secure some profits while still holding 1 share for potential dividends. This aligns with my strategy of maximizing cash wealth before any potential peak."
RA-MC-BT-PC-NT-OC-s140926,RA+MC+BT+PC+NT+OC,trader-11,OC,19,buy,7,7,13.0,0,,312.51,4,329.74,4,15.63,1.6,385.74,14.0,14.0,14.0,14.0,,"I firmly believe that the price will dip below the fundamental value of $14, allowing me to acquire more shares at a limit price of $13.00. Given my current cash position of $312.51, I can buy 7 additional shares, which aligns perfectly with my contrarian strategy of buying after prices fall. I trust my judgment that the market will recover in future periods."
RA-MC-BT-PC-NT-OC-s140926,RA+MC+BT+PC+NT+OC,trader-00,MC,20,buy,1,1,14.0,0,,147.78,16,161.57,16,7.39,6.4,385.57,14.0,14.0,14.0,14.0,,"The price is currently stable at the reference value of $14. As a momentum chaser, I expect this stability to continue or potentially lead to upward momentum. Buying one additional share allows me to capitalize on any future price increases while maintaining sufficient cash for subsequent trades. This strategy maximizes my potential final cash wealth while positioning me favorably in the market."
RA-MC-BT-PC-NT-OC-s140926,RA+MC+BT+PC+NT+OC,trader-01,RA,20,hold,0,0,0.0,0,,329.74,4,347.83,4,16.49,1.6,403.83,14.0,14.0,14.0,14.0,,"The current market price is at the fundamental value of $14, with no expected excess returns to justify buying or selling. Holding is optimal as each share provides potential dividends and will be redeemed at $14 at the end of the period."
RA-MC-BT-PC-NT-OC-s140926,RA+MC+BT+PC+NT+OC,trader-02,NT,20,hold,0,0,0.0,0,,390.06,0,409.56,0,19.5,0.0,409.56,14.0,14.0,14.0,14.0,,"The market price is stable at $14, reflecting the asset's fundamental value. Since I have no shares left to sell, holding my cash position allows me to earn interest while waiting for clearer market opportunities. I anticipate the price will remain stable in the near future, making it prudent to hold."
RA-MC-BT-PC-NT-OC-s140926,RA+MC+BT+PC+NT+OC,trader-03,NT,20,hold,0,0,0.0,0,,329.74,4,347.83,4,16.49,1.6,403.83,14.0,14.0,14.0,14.0,,"Given the consistent fundamental value of the asset at $14 and the reliable dividend payments received in previous periods, it seems prudent to continue holding my current shares. This strategy allows me to benefit from potential dividends in the upcoming periods while preserving my cash for future opportunities. The market has shown stability around the $14 mark, and holding will not expose me to unnecessary risk at this moment."
RA-MC-BT-PC-NT-OC-s140926,RA+MC+BT+PC+NT+OC,trader-04,RA,20,hold,0,0,0.0,0,,329.74,4,347.83,4,16.49,1.6,403.83,14.0,14.0,14.0,14.0,,"The current reference price of $14 aligns with the asset's fundamental value. Given the equally likely dividends of $0.40 or $1.00, the expected return from holding shares outweighs any trading advantage at this price. I will hold my current shares since they will be redeemed at $14 after 30 periods, ensuring that holding them is more beneficial than selling at this point."
RA-MC-BT-PC-NT-OC-s140926,RA+MC+BT+PC+NT+OC,trader-05,OC,20,buy,1,1,13.0,0,,329.74,4,347.83,4,16.49,1.6,403.83,14.0,14.0,14.0,14.0,,"The current price of $13.00 presents a buying opportunity, as I expect it to recover to the fundamental value of $14.00. My overconfident contrarian stance leads me to trust that buying another share at this price will enhance my wealth through dividends and the eventual redemption value. I believe in my judgment strongly and have sufficient cash to purchase 1 share."
RA-MC-BT-PC-NT-OC-s140926,RA+MC+BT+PC+NT+OC,trader-06,PC,20,hold,0,0,0.0,0,,329.74,4,347.83,4,16.49,1.6,403.83,14.0,14.0,14.0,14.0,,"I will continue to hold my position this period as I have 4 shares and $329.74 in cash. The fundamental value of the asset is $14, and I expect it to remain stable. I plan to sell my shares in future periods when the price aligns with my strategy. Holding allows me to earn interest on my cash while waiting for a favorable selling opportunity."
RA-MC-BT-PC-NT-OC-s140926,RA+MC+BT+PC+NT+OC,trader-07,BT,20,hold,0,0,0.0,0,,329.74,4,347.83,4,16.49,1.6,403.83,14.0,14.0,14.0,14.0,,"The current market price is stable at the fundamental value of $14, and there are no signs of upward momentum. Holding my 4 shares allows me to benefit from potential dividends while monitoring the market for future price changes. Given the consistent fundamental value and the absence of immediate price increases, it is prudent to maintain my current position for now, especially as there are no compelling reasons to buy or sell at this time."
RA-MC-BT-PC-NT-OC-s140926,RA+MC+BT+PC+NT+OC,trader-08,MC,20,hold,0,0,0.0,0,,329.74,4,347.83,4,16.49,1.6,403.83,14.0,14.0,14.0,14.0,,"The current market price is stable at its fundamental value of $14, with no recent price momentum indicating a change. As a momentum trader, I typically act based on price movements, but since there are no signs of upward or downward trends, it is prudent to hold my current position of 4 shares and $3956.88 in cash. This strategy allows me to remain flexible and wait for better opportunities in the upcoming periods."
RA-MC-BT-PC-NT-OC-s140926,RA+MC+BT+PC+NT+OC,trader-09,PC,20,hold,0,0,0.0,0,,391.29,0,410.85,0,19.56,0.0,410.85,14.0,14.0,14.0,14.0,,"I intend to hold my position this period, as I have no shares to sell. Given that the fundamental value of the asset remains at $14, holding aligns with my strategy to maximize cash and prepare for future periods. I will consider re-entering the market to buy shares if opportunities arise in later periods."
RA-MC-BT-PC-NT-OC-s140926,RA+MC+BT+PC+NT+OC,trader-10,BT,20,sell,1,0,14.0,0,,389.83,0,409.32,0,19.49,0.0,409.32,14.0,14.5,15.0,14.0,,The current price is at the fundamental value of $14. I anticipate a slight increase to $14.5 in the next couple of periods due to market optimism. Selling 1 share at $14.0 now allows me to secure some profits while still holding 1 share for potential dividends. This aligns with my strategy of maximizing cash wealth before any potential peak.
RA-MC-BT-PC-NT-OC-s140926,RA+MC+BT+PC+NT+OC,trader-11,OC,20,buy,7,7,13.0,0,,329.74,4,347.83,4,16.49,1.6,403.83,14.0,14.0,14.0,14.0,,"I firmly believe that the price will dip below the fundamental value of $14, allowing me to acquire more shares at a limit price of $13.00. Given my current cash position of $329.74, I can buy 7 additional shares, which aligns perfectly with my contrarian strategy of buying after prices fall. I trust my judgment that the market will recover in future periods."
RA-MC-BT-PC-NT-OC-s140926,RA+MC+BT+PC+NT+OC,trader-00,MC,21,buy,1,1,14.0,0,,161.57,16,176.05,16,8.08,6.4,400.05,14.0,14.0,14.0,14.0,,"The current price is stable at the reference value of $14, and I expect this stability to continue or potentially lead to upward momentum. As a momentum chaser, buying one additional share positions me to benefit from future price increases while maintaining cash for potential future trades. This strategy aligns with my goal of maximizing final cash wealth."
RA-MC-BT-PC-NT-OC-s140926,RA+MC+BT+PC+NT+OC,trader-01,RA,21,hold,0,0,0.0,0,,347.83,4,366.82,4,17.39,1.6,422.82,14.0,14.0,14.0,14.0,,"The current market price is at the fundamental value of $14, with no expected excess returns to justify buying or selling. Holding is optimal as each share provides potential dividends and will be redeemed at $14 at the end of the period. Additionally, I currently have 4 shares and sufficient cash to cover potential dividends."
RA-MC-BT-PC-NT-OC-s140926,RA+MC+BT+PC+NT+OC,trader-02,NT,21,hold,0,0,0.0,0,,409.56,0,430.04,0,20.48,0.0,430.04,14.0,14.0,14.0,14.0,,"The asset's fundamental value remains stable at $14, and the last transaction price confirms this. With 10 trading periods remaining and no shares to sell, holding my cash position allows it to earn interest while I wait for clearer market signals. Given the predictable future value of the asset, it is prudent to maintain my current cash position."
RA-MC-BT-PC-NT-OC-s140926,RA+MC+BT+PC+NT+OC,trader-03,NT,21,hold,0,0,0.0,0,,347.83,4,366.82,4,17.39,1.6,422.82,14.0,14.0,14.0,14.0,,"Given the consistent fundamental value of the asset at $14 and the reliable dividend payments received in previous periods, it is prudent to continue holding my current shares. This strategy allows me to benefit from potential dividends in the upcoming periods while preserving my cash for future opportunities. The market has shown stability around the $14 mark, and holding will not expose me to unnecessary risk at this moment."
RA-MC-BT-PC-NT-OC-s140926,RA+MC+BT+PC+NT+OC,trader-04,RA,21,hold,0,0,0.0,0,,347.83,4,366.82,4,17.39,1.6,422.82,14.0,14.0,14.0,14.0,,"The current reference price of $14 aligns with the asset's fundamental value. Given that the expected dividends of $0.40 or $1.00 are equally likely, there is no immediate trading advantage at this price compared to the 5% cash return. Holding my shares is prudent since they will be redeemed at $14 after 30 periods, ensuring that holding them is more beneficial than selling at this point."
RA-MC-BT-PC-NT-OC-s140926,RA+MC+BT+PC+NT+OC,trader-05,OC,21,buy,1,1,13.0,0,,347.83,4,366.82,4,17.39,1.6,422.82,14.0,14.0,14.0,14.0,,I believe the current price of $13.00 is a buying opportunity as I expect it to recover to the fundamental value of $14.00. My overconfident contrarian stance leads me to trust that buying another share at this lower price will enhance my wealth through dividends and the eventual redemption value. I have sufficient cash to purchase 1 share.
RA-MC-BT-PC-NT-OC-s140926,RA+MC+BT+PC+NT+OC,trader-06,PC,21,hold,0,0,0.0,0,,347.83,4,366.82,4,17.39,1.6,422.82,14.0,14.0,14.0,14.0,,"I will continue to hold my position this period as I have 4 shares and $347.83 in cash. The fundamental value of the asset is $14, and I expect it to remain stable. I plan to sell my shares in later periods when the price aligns with my strategy. Holding allows me to earn interest on my cash while waiting for a favorable selling opportunity."
RA-MC-BT-PC-NT-OC-s140926,RA+MC+BT+PC+NT+OC,trader-07,BT,21,hold,0,0,0.0,0,,347.83,4,366.82,4,17.39,1.6,422.82,14.0,14.0,14.0,14.0,,"The market price is stable at the fundamental value of $14, with no current signs of upward momentum. Given the lack of volatility and the potential for dividends, I will hold my current position of 4 shares. This strategy allows me to benefit from potential dividends while monitoring the market for any future price changes. Holding keeps my options open for future trades as I assess the market conditions."
RA-MC-BT-PC-NT-OC-s140926,RA+MC+BT+PC+NT+OC,trader-08,MC,21,hold,0,0,0.0,0,,347.83,4,366.82,4,17.39,1.6,422.82,14.0,14.0,14.0,14.0,,"The current market price remains stable at its fundamental value of $14, with no recent price momentum indicating a change. As a momentum trader, I typically act based on price movements, but since there are no signs of upward or downward trends, it is prudent to hold my current position of 4 shares and $4173.94 in cash. This strategy allows me to remain flexible and wait for better opportunities in the upcoming periods."
RA-MC-BT-PC-NT-OC-s140926,RA+MC+BT+PC+NT+OC,trader-09,PC,21,buy,2,2,14.0,0,,410.85,0,431.39,0,20.54,0.0,431.39,14.0,14.0,14.0,14.0,,"I intend to buy 2 shares this period at the reference price of $14. Given that I have $410.85 in cash, I can afford to buy 2 shares at this price, which aligns with my plan to re-enter the market and acquire shares for potential dividends in future periods. The fundamental value of the asset is $14, making this a fair price for buying. This strategy allows me to benefit from dividends as I prepare for the final redemption value of $14 at the end of the trading period."
RA-MC-BT-PC-NT-OC-s140926,RA+MC+BT+PC+NT+OC,trader-10,BT,21,hold,0,0,0.0,0,,409.32,0,429.79,0,20.47,0.0,429.79,14.0,14.5,15.0,14.0,,"The current price is at the fundamental value of $14. I anticipate a slight increase to $14.5 in the next couple of periods due to market optimism. However, I prefer to hold my position of 2 shares to benefit from potential dividends in the upcoming periods, especially since the market has been stable. Given that my strategy is to maximize cash wealth before potential peaks, holding is the best course of action now."
RA-MC-BT-PC-NT-OC-s140926,RA+MC+BT+PC+NT+OC,trader-11,OC,21,buy,7,7,13.0,0,,347.83,4,366.82,4,17.39,1.6,422.82,14.0,14.0,14.0,14.0,,"I firmly believe in a market recovery and expect that the price will dip below the fundamental value of $14, allowing me to buy more shares at a limit price of $13.00. Given my current cash position of $347.83, I can purchase 7 additional shares. This aligns with my contrarian strategy of buying after prices fall, and I trust that the market will recover in the upcoming periods."
RA-MC-BT-PC-NT-OC-s140926,RA+MC+BT+PC+NT+OC,trader-00,MC,22,buy,1,1,14.0,0,,176.05,16,191.25,16,8.8,6.4,415.25,14.0,14.0,14.0,14.0,,"The price remains stable at $14, which aligns with the asset's fundamental value. As a momentum chaser, I expect this stability to continue or potentially lead to upward momentum. Buying one additional share allows me to capitalize on any future price increases while maintaining sufficient cash for subsequent trades. This strategy maximizes my potential final cash wealth while positioning me favorably in the market."
RA-MC-BT-PC-NT-OC-s140926,RA+MC+BT+PC+NT+OC,trader-01,RA,22,hold,0,0,0.0,0,,366.82,4,386.76,4,18.34,1.6,442.76,14.0,14.0,14.0,14.0,,"The current market price is at the fundamental value of $14, with no expected excess returns to justify buying or selling. Holding is optimal as each share provides potential dividends and will be redeemed at $14 at the end of the period. With 4 shares, I can expect dividends and a guaranteed redemption value."
RA-MC-BT-PC-NT-OC-s140926,RA+MC+BT+PC+NT+OC,trader-02,NT,22,hold,0,0,0.0,0,,430.04,0,451.54,0,21.5,0.0,451.54,14.0,14.0,14.0,14.0,,"The asset's fundamental value remains stable at $14, and the last transaction price confirms this. Holding my cash position allows it to earn interest while I wait for clearer market opportunities. With no shares to sell, it is prudent to maintain my cash until favorable trading opportunities arise, especially as I anticipate the price will remain stable in the near future."
RA-MC-BT-PC-NT-OC-s140926,RA+MC+BT+PC+NT+OC,trader-03,NT,22,hold,0,0,0.0,0,,366.82,4,386.76,4,18.34,1.6,442.76,14.0,14.0,14.0,14.0,,"Given the stable fundamental value of the asset at $14 and the consistent dividends received in previous periods, it is prudent to continue holding my current shares. This strategy allows me to benefit from potential dividends in the upcoming periods while preserving my cash for future opportunities. The market has shown stability around the $14 mark, and holding will not expose me to unnecessary risk at this moment."
RA-MC-BT-PC-NT-OC-s140926,RA+MC+BT+PC+NT+OC,trader-04,RA,22,hold,0,0,0.0,0,,366.82,4,386.76,4,18.34,1.6,442.76,14.0,14.0,14.0,14.0,,"The current reference price of $14 aligns with the asset's fundamental value. Given the equally likely dividends of $0.40 or $1.00, there is no immediate trading advantage at this price compared to the 5% cash return. Therefore, I will hold my current shares since they will be redeemed at $14 after 30 periods, ensuring that holding them is more beneficial than selling at this point."
RA-MC-BT-PC-NT-OC-s140926,RA+MC+BT+PC+NT+OC,trader-05,OC,22,buy,1,1,13.0,0,,366.82,4,386.76,4,18.34,1.6,442.76,14.0,14.0,14.0,14.0,,"I believe the current price of $13.00 represents a buying opportunity as I expect it to recover to the fundamental value of $14.00. Given my overconfident contrarian stance, I'm confident in my judgment that this share will enhance my wealth through dividends and the eventual redemption value. I have sufficient cash to purchase 1 share."
RA-MC-BT-PC-NT-OC-s140926,RA+MC+BT+PC+NT+OC,trader-06,PC,22,hold,0,0,0.0,0,,366.82,4,386.76,4,18.34,1.6,442.76,14.0,14.0,14.0,14.0,,"I will continue to hold my position this period as I have 4 shares and $366.82 in cash. The fundamental value of the asset remains at $14, and I expect it to stay stable. I plan to sell my shares in future periods when the price aligns with my strategy, likely after period 24. Holding allows me to earn interest on my cash while waiting for a favorable selling opportunity."
RA-MC-BT-PC-NT-OC-s140926,RA+MC+BT+PC+NT+OC,trader-07,BT,22,hold,0,0,0.0,0,,366.82,4,386.76,4,18.34,1.6,442.76,14.0,14.0,14.0,14.0,,"The market price remains stable at the fundamental value of $14, with no signs of upward momentum. Holding my 4 shares allows me to benefit from potential dividends while monitoring the market for future price changes. Given the consistent fundamental value and the absence of immediate price increases, it is prudent to maintain my current position for now, especially as there are no compelling reasons to buy or sell at this time."
RA-MC-BT-PC-NT-OC-s140926,RA+MC+BT+PC+NT+OC,trader-08,MC,22,hold,0,0,0.0,0,,366.82,4,386.76,4,18.34,1.6,442.76,14.0,14.0,14.0,14.0,,"The current market price is stable at its fundamental value of $14, with no recent price momentum indicating a change. As a momentum trader, I typically act on price movements, but since there are no signs of upward or downward trends, it is prudent to hold my current position of 4 shares and $4401.83 in cash. This allows me to remain flexible and wait for better opportunities in the upcoming periods."
RA-MC-BT-PC-NT-OC-s140926,RA+MC+BT+PC+NT+OC,trader-09,PC,22,buy,2,2,14.0,0,,431.39,0,452.96,0,21.57,0.0,452.96,14.0,14.0,14.0,14.0,,"I intend to buy 2 shares this period at the reference price of $14. Given that I have $4401.83 in cash, I can afford to buy 2 shares at this price, which aligns with my plan to re-enter the market and acquire shares for potential dividends in future periods. The fundamental value of the asset is $14, making this a fair price for buying. This strategy allows me to benefit from dividends as I prepare for the final redemption value of $14 at the end of the trading period."
RA-MC-BT-PC-NT-OC-s140926,RA+MC+BT+PC+NT+OC,trader-10,BT,22,sell,1,0,14.0,0,,429.79,0,451.28,0,21.49,0.0,451.28,14.0,14.5,15.0,14.0,,The current price is at the fundamental value of $14. I anticipate a slight increase to $14.5 in the next couple of periods due to market optimism. Selling 1 share at this price allows me to secure some profits while still holding 1 share for potential dividends. This aligns with my strategy of maximizing cash wealth before any potential peak.
RA-MC-BT-PC-NT-OC-s140926,RA+MC+BT+PC+NT+OC,trader-11,OC,22,buy,7,7,13.0,0,,366.82,4,386.76,4,18.34,1.6,442.76,14.0,14.0,14.0,14.0,,"I believe the market will dip below the fundamental value of $14, allowing me to buy more shares at a discount. My current cash position supports this purchase, and as an overconfident contrarian, I trust my judgment to capitalize on this opportunity for future gains. With my strategy of buying after prices fall, I am confident that this purchase will benefit my wealth in the long run."
RA-MC-BT-PC-NT-OC-s140926,RA+MC+BT+PC+NT+OC,trader-00,MC,23,buy,1,1,14.0,0,,191.25,16,207.21,16,9.56,6.4,431.21,14.0,14.0,14.0,14.0,,"The price remains stable at the reference value of $14, which aligns with the asset's fundamental value. As a momentum chaser, I expect this stability to continue or potentially lead to upward momentum. Buying one additional share allows me to capitalize on any future price increases while maintaining sufficient cash for subsequent trades. This strategy maximizes my potential final cash wealth while positioning me favorably in the market."
RA-MC-BT-PC-NT-OC-s140926,RA+MC+BT+PC+NT+OC,trader-01,RA,23,hold,0,0,0.0,0,,386.76,4,407.7,4,19.34,1.6,463.7,14.0,14.0,14.0,14.0,,"The current market price is at the fundamental value of $14, and there are no expected excess returns to justify buying or selling. Holding onto my shares is optimal as they provide potential dividends and will be redeemed at $14 at the end of the period. With 4 shares, I can expect dividends and a guaranteed redemption value."
RA-MC-BT-PC-NT-OC-s140926,RA+MC+BT+PC+NT+OC,trader-02,NT,23,hold,0,0,0.0,0,,451.54,0,474.12,0,22.58,0.0,474.12,14.0,14.0,14.0,14.0,,"The asset's fundamental value is stable at $14, and the last transaction price confirmed this. With no shares left to sell, holding my cash allows it to earn interest while I wait for clearer market opportunities. Given the consistent fundamental value, it is prudent to maintain my current cash position until any favorable trading opportunities arise."
RA-MC-BT-PC-NT-OC-s140926,RA+MC+BT+PC+NT+OC,trader-03,NT,23,hold,0,0,0.0,0,,386.76,4,407.7,4,19.34,1.6,463.7,14.0,14.0,14.0,14.0,,"Given the stable fundamental value of the asset at $14 and my current cash position of $386.76 and 4 shares, it is prudent to continue holding my shares. This strategy allows me to benefit from potential dividends in the upcoming periods while preserving my cash for future opportunities. The market has shown stability around the $14 mark, and holding will not expose me to unnecessary risk at this moment."
RA-MC-BT-PC-NT-OC-s140926,RA+MC+BT+PC+NT+OC,trader-04,RA,23,hold,0,0,0.0,0,,386.76,4,407.7,4,19.34,1.6,463.7,14.0,14.0,14.0,14.0,,"The current reference price of $14 aligns with the asset's fundamental value. Given that the expected dividends of $0.40 or $1.00 do not provide a trading advantage at this price compared to the 5% cash return, it is prudent to hold my shares. They will be redeemed at $14 after 30 periods, ensuring that holding them is more beneficial than selling at this point."
RA-MC-BT-PC-NT-OC-s140926,RA+MC+BT+PC+NT+OC,trader-05,OC,23,buy,1,1,13.0,0,,386.76,4,407.7,4,19.34,1.6,463.7,14.0,14.0,14.0,14.0,,"I strongly believe that the current price of $13.00 is a buying opportunity, as I expect it to recover to the fundamental value of $14.00. As an overconfident contrarian, I trust my judgment that purchasing another share at this lower price will enhance my wealth through dividends and the eventual redemption value. I have sufficient cash to buy 1 share."
RA-MC-BT-PC-NT-OC-s140926,RA+MC+BT+PC+NT+OC,trader-06,PC,23,hold,0,0,0.0,0,,386.76,4,407.7,4,19.34,1.6,463.7,14.0,14.0,14.0,14.0,,"I will continue to hold my position this period as I have 4 shares and $386.76 in cash. The fundamental value of the asset remains at $14, and I expect it to stay stable. I plan to sell my shares in future periods when the price aligns with my strategy, likely after period 24. Holding allows me to earn interest on my cash while waiting for a favorable selling opportunity."
RA-MC-BT-PC-NT-OC-s140926,RA+MC+BT+PC+NT+OC,trader-07,BT,23,hold,0,0,0.0,0,,386.76,4,407.7,4,19.34,1.6,463.7,14.0,14.0,14.0,14.0,,"The market price remains stable at the fundamental value of $14, with no signs of upward momentum. Holding my 4 shares allows me to benefit from potential dividends while monitoring the market for future price changes. Given the consistent fundamental value and absence of immediate price increases, it is prudent to maintain my current position for now."
RA-MC-BT-PC-NT-OC-s140926,RA+MC+BT+PC+NT+OC,trader-08,MC,23,hold,0,0,0.0,0,,386.76,4,407.7,4,19.34,1.6,463.7,14.0,14.0,14.0,14.0,,"The market price remains stable at its fundamental value of $14, with no recent price momentum indicating a change. As a momentum trader, I typically act based on price movements, but since there are no signs of upward or downward trends, it is prudent to hold my current position of 4 shares and $4401.83 in cash. This strategy allows me to remain flexible and wait for better opportunities in the upcoming periods."
RA-MC-BT-PC-NT-OC-s140926,RA+MC+BT+PC+NT+OC,trader-09,PC,23,buy,2,2,14.0,0,,452.96,0,475.61,0,22.65,0.0,475.61,14.0,14.0,14.0,14.0,,"I intend to buy 2 shares this period at the reference price of $14. Given that I have $4641.11 in cash, I can afford to buy 2 shares at this price. This aligns with my plan to re-enter the market and acquire shares for potential dividends in future periods. The fundamental value of the asset is $14, making this a fair price for buying. This strategy allows me to benefit from dividends as I prepare for the final redemption value of $14 at the end of the trading period."
RA-MC-BT-PC-NT-OC-s140926,RA+MC+BT+PC+NT+OC,trader-10,BT,23,sell,1,0,14.0,0,,451.28,0,473.84,0,22.56,0.0,473.84,14.0,14.5,15.0,14.0,,"The current price is at the fundamental value of $14. Given my anticipation of a slight increase to $14.5 in the next couple of periods due to market optimism, I will sell 1 share at $14.0 now to secure some profits while still holding 1 share for potential dividends in future periods. This strategy aligns with my goal of maximizing cash wealth before any potential peak."
RA-MC-BT-PC-NT-OC-s140926,RA+MC+BT+PC+NT+OC,trader-11,OC,23,buy,7,7,13.0,0,,386.76,4,407.7,4,19.34,1.6,463.7,14.0,14.0,14.0,14.0,,"I strongly believe in a market recovery and expect that the price will dip below the fundamental value of $14, allowing me to buy more shares at a limit price of $13.00. Given my current cash position, I can purchase 7 additional shares, which aligns perfectly with my contrarian strategy of buying after prices fall. I trust my judgment that the market will recover in future periods."
RA-MC-BT-PC-NT-OC-s140926,RA+MC+BT+PC+NT+OC,trader-00,MC,24,buy,1,1,14.0,0,,207.21,16,233.57,16,10.36,16.0,457.57,14.0,14.0,14.0,14.0,,"The price is currently stable at the reference value of $14, and as a momentum chaser, I expect this stability to continue. Buying one additional share positions me to benefit from any future price increases and aligns with my strategy of maximizing final cash wealth while maintaining sufficient cash for subsequent trades."
RA-MC-BT-PC-NT-OC-s140926,RA+MC+BT+PC+NT+OC,trader-01,RA,24,hold,0,0,0.0,0,,407.7,4,432.09,4,20.39,4.0,488.09,14.0,14.0,14.0,14.0,,"The current market price is at the fundamental value of $14, and there are no expected excess returns to justify buying or selling. Holding onto my shares is optimal as they provide potential dividends and will be redeemed at $14 at the end of the period. With 4 shares, I can expect dividends and a guaranteed redemption value."
RA-MC-BT-PC-NT-OC-s140926,RA+MC+BT+PC+NT+OC,trader-02,NT,24,buy,2,2,14.0,2,14.0,474.12,0,470.43,2,22.31,2.0,498.43,14.0,14.0,14.0,14.0,,"The asset's fundamental value remains stable at $14, and the last transaction price confirms this. Given my cash position of $474.12, I can buy 2 shares at the current price of $14. This purchase allows me to benefit from potential future dividends while optimizing my final cash wealth, especially since I expect the price to remain stable in the upcoming periods."
RA-MC-BT-PC-NT-OC-s140926,RA+MC+BT+PC+NT+OC,trader-03,NT,24,hold,0,0,0.0,0,,407.7,4,432.09,4,20.39,4.0,488.09,14.0,14.0,14.0,14.0,,"Given the stable fundamental value of the asset at $14 and my current cash position of $407.70 and 4 shares, it is prudent to continue holding my shares. This strategy allows me to benefit from potential dividends in the upcoming periods while preserving my cash for future opportunities. The market has shown stability around the $14 mark, and holding will not expose me to unnecessary risk at this moment."
RA-MC-BT-PC-NT-OC-s140926,RA+MC+BT+PC+NT+OC,trader-04,RA,24,hold,0,0,0.0,0,,407.7,4,432.09,4,20.39,4.0,488.09,14.0,14.0,14.0,14.0,,"The current reference price of $14 aligns with the asset's fundamental value. Given the expected dividends of $0.40 or $1.00 are equally likely, there is no immediate trading advantage at this price compared to the 5% cash return. Therefore, I will hold my current shares since they will be redeemed at $14 after 30 periods, ensuring that holding them is more beneficial than selling at this point."
RA-MC-BT-PC-NT-OC-s140926,RA+MC+BT+PC+NT+OC,trader-05,OC,24,buy,1,1,13.0,0,,407.7,4,432.09,4,20.39,4.0,488.09,13.0,14.0,14.0,14.0,,"I believe the current price of $13.00 presents a buying opportunity as I expect it to recover to the fundamental value of $14.00. As an overconfident contrarian, I trust my judgment that purchasing another share at this lower price will enhance my wealth through dividends and the eventual redemption value. I have sufficient cash to buy 1 share."
RA-MC-BT-PC-NT-OC-s140926,RA+MC+BT+PC+NT+OC,trader-06,PC,24,sell,4,4,14.0,-4,14.0,407.7,4,486.89,0,23.19,0.0,486.89,14.0,14.0,14.0,14.0,,"I will sell my 4 shares this period as I have reached my planned selling point. The fundamental value of the asset is $14, and the market price is currently at that level. With 7 trading periods remaining, it's prudent to realize gains while the price aligns with my strategy. This will maximize my cash wealth in anticipation of the final redemption value."
RA-MC-BT-PC-NT-OC-s140926,RA+MC+BT+PC+NT+OC,trader-07,BT,24,hold,0,0,0.0,0,,407.7,4,432.09,4,20.39,4.0,488.09,14.0,14.0,14.0,14.0,,"The current market price is stable at the fundamental value of $14, with no signs of upward momentum. Holding my 4 shares allows me to benefit from potential dividends while monitoring the market for future price changes. Given the consistent fundamental value and the absence of immediate price increases, it is prudent to maintain my current position for now, especially as there are no compelling reasons to buy or sell at this time."
RA-MC-BT-PC-NT-OC-s140926,RA+MC+BT+PC+NT+OC,trader-08,MC,24,hold,0,0,0.0,0,,407.7,4,432.09,4,20.39,4.0,488.09,14.0,14.0,14.0,14.0,,"The current market price is stable at its fundamental value of $14, with no recent momentum indicating a change. As a momentum trader, I typically act based on price movements, but since there are no signs of upward or downward trends, it is prudent to hold my current position of 4 shares and $4892.38 in cash. This allows me to remain flexible and wait for better opportunities in the upcoming periods."
RA-MC-BT-PC-NT-OC-s140926,RA+MC+BT+PC+NT+OC,trader-09,PC,24,buy,2,2,14.0,2,14.0,475.61,0,471.99,2,22.38,2.0,499.99,14.0,14.0,14.0,14.0,,"I intend to buy 2 shares this period at the reference price of $14. Given that I have $4892.38 in cash, I can afford to buy 2 shares at this price. This aligns with my plan to re-enter the market and acquire shares for potential dividends in future periods. The fundamental value of the asset is $14, making this a fair price for buying. This strategy allows me to benefit from dividends as I prepare for the final redemption value of $14 at the end of the trading period."
RA-MC-BT-PC-NT-OC-s140926,RA+MC+BT+PC+NT+OC,trader-10,BT,24,sell,1,0,14.0,0,,473.84,0,497.53,0,23.69,0.0,497.53,14.0,14.5,15.0,14.0,,The current price is at fundamental value ($14.0). I anticipate a slight increase to $14.5 in the next couple of periods due to market optimism. Selling 1 share at this price allows me to secure some profits while still holding 1 share for potential dividends. This aligns with my strategy of maximizing cash wealth before any potential peak.
RA-MC-BT-PC-NT-OC-s140926,RA+MC+BT+PC+NT+OC,trader-11,OC,24,buy,7,7,13.0,0,,407.7,4,432.09,4,20.39,4.0,488.09,14.0,14.0,14.0,14.0,,"I strongly believe that the price will dip below the fundamental value of $14, allowing me to acquire more shares at a limit price of $13.00. Given my current cash position of $40,770, I can buy 7 additional shares, which aligns perfectly with my contrarian strategy of buying after prices fall. I trust my judgment that the market will recover in future periods."
RA-MC-BT-PC-NT-OC-s140926,RA+MC+BT+PC+NT+OC,trader-00,MC,25,buy,1,1,14.0,0,,233.57,16,251.65,16,11.68,6.4,475.65,14.0,14.0,14.0,14.0,,"The current price remains stable at the reference value of $14. As a momentum chaser, I expect this stability to continue, and buying one additional share positions me to benefit from potential future price increases while maintaining cash for subsequent trades. This strategy aligns with my goal of maximizing final cash wealth."
RA-MC-BT-PC-NT-OC-s140926,RA+MC+BT+PC+NT+OC,trader-01,RA,25,hold,0,0,0.0,0,,432.09,4,455.29,4,21.6,1.6,511.29,14.0,14.0,14.0,14.0,,"The current market price is at the fundamental value of $14, and there are no expected excess returns to justify a buy or sell decision. Holding onto my shares is optimal as they provide potential dividends and will be redeemed at $14 at the end of the period. With 4 shares, I can expect dividends and a guaranteed redemption value."
RA-MC-BT-PC-NT-OC-s140926,RA+MC+BT+PC+NT+OC,trader-02,NT,25,buy,2,2,14.0,1,14.0,470.43,2,480.45,3,22.82,1.2,522.45,14.0,14.0,14.0,14.0,,"The asset's fundamental value remains stable at $14, and the last transaction price confirms this. With $5185.04 available in cash, I can buy 2 shares at the current price of $14. This purchase allows me to benefit from potential dividends in the upcoming periods while optimizing my cash wealth, particularly as I expect the price to stay stable."
RA-MC-BT-PC-NT-OC-s140926,RA+MC+BT+PC+NT+OC,trader-03,NT,25,hold,0,0,0.0,0,,432.09,4,455.29,4,21.6,1.6,511.29,14.0,14.0,14.0,14.0,,"Given the stable fundamental value of the asset at $14 and my current cash position of $432.09 and 4 shares, it is prudent to continue holding my shares. This strategy allows me to benefit from potential dividends in the upcoming periods while preserving my cash for future opportunities. The market has shown stability around the $14 mark, and holding will not expose me to unnecessary risk at this moment."
RA-MC-BT-PC-NT-OC-s140926,RA+MC+BT+PC+NT+OC,trader-04,RA,25,hold,0,0,0.0,0,,432.09,4,455.29,4,21.6,1.6,511.29,14.0,14.0,14.0,14.0,,"The current reference price of $14 aligns with the asset's fundamental value. Given the equally likely dividends of $0.40 or $1.00, there is no immediate trading advantage at this price compared to the 5% cash return. Holding my shares is prudent since they will be redeemed at $14 after 30 periods, and selling now does not yield a better return than holding."
RA-MC-BT-PC-NT-OC-s140926,RA+MC+BT+PC+NT+OC,trader-05,OC,25,buy,1,1,13.0,0,,432.09,4,455.29,4,21.6,1.6,511.29,14.0,14.0,14.0,14.0,,"The current price of $13.00 represents a buying opportunity as I expect it to recover to the fundamental value of $14.00. As an overconfident contrarian, I trust my judgment that purchasing another share at this lower price will enhance my wealth through dividends and the eventual redemption value. I have sufficient cash to buy 1 share."
RA-MC-BT-PC-NT-OC-s140926,RA+MC+BT+PC+NT+OC,trader-06,PC,25,hold,0,0,0.0,0,,486.89,0,511.23,0,24.34,0.0,511.23,14.0,14.0,14.0,14.0,,"I will hold my position this period as I have just sold my 4 shares for $14 each, resulting in $56,000 in cash. The fundamental value of the asset remains at $14, and I expect it to remain stable in the immediate future. I plan to reinvest or reassess my position in the upcoming periods, but for now, holding onto my cash is prudent to maintain flexibility."
RA-MC-BT-PC-NT-OC-s140926,RA+MC+BT+PC+NT+OC,trader-07,BT,25,hold,0,0,0.0,0,,432.09,4,455.29,4,21.6,1.6,511.29,14.0,14.0,14.0,14.0,,"The market price remains stable at the fundamental value of $14, indicating no current upward momentum. Holding my 4 shares allows me to benefit from potential dividends while monitoring the market for any future price changes. Given the consistent fundamental value and the absence of immediate price increases, it is prudent to maintain my current position for now, especially as there are no compelling reasons to buy or sell at this time."
RA-MC-BT-PC-NT-OC-s140926,RA+MC+BT+PC+NT+OC,trader-08,MC,25,hold,0,0,0.0,0,,432.09,4,455.29,4,21.6,1.6,511.29,14.0,14.0,14.0,14.0,,"The current market price is stable at its fundamental value of $14, with no recent price momentum indicating a change. As a momentum trader, I typically look for price movements to buy or sell. However, given the absence of upward or downward trends, it is prudent to hold my current position of 4 shares and $4892.38 in cash. This strategy allows me to remain flexible and wait for better opportunities in the upcoming periods."
RA-MC-BT-PC-NT-OC-s140926,RA+MC+BT+PC+NT+OC,trader-09,PC,25,sell,1,1,14.0,-1,14.0,471.99,2,510.69,1,24.3,0.4,524.69,14.0,14.0,14.0,14.0,,"I intend to sell 1 share this period at the reference price of $14. This aligns with my strategy to sell shares to maximize cash while retaining 1 share for potential dividends in future periods. Given that the fundamental value remains at $14, this is a fair price for selling. Executing this sale allows me to secure cash while positioning myself for dividends on my last share."
RA-MC-BT-PC-NT-OC-s140926,RA+MC+BT+PC+NT+OC,trader-10,BT,25,sell,1,0,14.0,0,,497.53,0,522.41,0,24.88,0.0,522.41,14.0,14.5,15.0,14.0,,The current price remains at the fundamental value of $14. I anticipate a slight increase to $14.5 in the next couple of periods due to market optimism. Selling 1 share at $14.0 now allows me to secure some profits while still holding 1 share for potential dividends. This aligns with my strategy of maximizing cash wealth before any potential peak.
RA-MC-BT-PC-NT-OC-s140926,RA+MC+BT+PC+NT+OC,trader-11,OC,25,buy,7,7,13.0,0,,432.09,4,455.29,4,21.6,1.6,511.29,14.0,14.0,14.0,14.0,,"Given my contrarian strategy, I believe that the price will dip below the fundamental value of $14, allowing me to buy more shares at a limit price of $13.00. I trust my judgment that the market will recover in future periods, which aligns with my approach of buying after prices fall. My current cash position of $43,209 allows me to purchase 7 additional shares at this price."
RA-MC-BT-PC-NT-OC-s140926,RA+MC+BT+PC+NT+OC,trader-00,MC,26,buy,1,1,14.0,1,14.0,251.65,16,256.33,17,11.88,6.8,494.33,14.0,14.0,14.0,14.0,,"The current price is stable at the reference value of $14, which aligns with the asset's fundamental value. As a momentum chaser, I expect this stability to continue, and buying one additional share positions me to benefit from potential future price increases. This strategy maximizes my potential final cash wealth while allowing me to capitalize on any upward momentum."
RA-MC-BT-PC-NT-OC-s140926,RA+MC+BT+PC+NT+OC,trader-01,RA,26,hold,0,0,0.0,0,,455.29,4,479.65,4,22.76,1.6,535.65,14.0,14.0,14.0,14.0,,"The current market price is at the fundamental value of $14, and there are no expected excess returns to justify a buy or sell decision. Holding onto my 4 shares is optimal as they provide potential dividends and will be redeemed at $14 at the end of period 30."
RA-MC-BT-PC-NT-OC-s140926,RA+MC+BT+PC+NT+OC,trader-02,NT,26,hold,0,0,0.0,0,,480.45,3,505.67,3,24.02,1.2,547.67,14.0,14.0,14.0,14.0,,"The asset's fundamental value remains stable at $14, and the last transaction price confirms this. With only 5 trading periods left and no shares to sell, holding my cash position allows it to earn interest while I wait for clearer market opportunities. Given the predictable future value of the asset at $14, it is prudent to maintain my current cash position until any favorable trading opportunities arise."
RA-MC-BT-PC-NT-OC-s140926,RA+MC+BT+PC+NT+OC,trader-03,NT,26,hold,0,0,0.0,0,,455.29,4,479.65,4,22.76,1.6,535.65,14.0,14.0,14.0,14.0,,"Given the stable fundamental value of the asset at $14 and my current cash position of $455.29 and 4 shares, it is prudent to continue holding my shares. This strategy allows me to benefit from potential dividends in the upcoming periods while preserving my cash for future opportunities. The market has shown stability around the $14 mark, and holding will not expose me to unnecessary risk at this moment."
RA-MC-BT-PC-NT-OC-s140926,RA+MC+BT+PC+NT+OC,trader-04,RA,26,hold,0,0,0.0,0,,455.29,4,479.65,4,22.76,1.6,535.65,14.0,14.0,14.0,14.0,,"The current reference price of $14 aligns with the asset's fundamental value. Given the expected dividends of $0.40 or $1.00 are equally likely, the expected return from holding shares outweighs any trading advantage at this price. Therefore, I will hold my current shares since they will be redeemed at $14 after 30 periods, ensuring that holding them is more beneficial than selling at this point."
RA-MC-BT-PC-NT-OC-s140926,RA+MC+BT+PC+NT+OC,trader-05,OC,26,buy,1,1,13.0,0,,455.29,4,479.65,4,22.76,1.6,535.65,14.0,14.0,14.0,14.0,,"I strongly believe that the current price of $13.00 is a buying opportunity, as I expect it to recover to the fundamental value of $14.00. As an overconfident contrarian, I trust my judgment that purchasing another share at this lower price will enhance my wealth through dividends and the eventual redemption value. I have sufficient cash to buy 1 share."
RA-MC-BT-PC-NT-OC-s140926,RA+MC+BT+PC+NT+OC,trader-06,PC,26,hold,0,0,0.0,0,,511.23,0,536.79,0,25.56,0.0,536.79,14.0,14.0,14.0,14.0,,"I will hold my position this period as I have no shares remaining and $5463.46 in cash. The fundamental value of the asset remains at $14, and I expect it to stay stable. I plan to reassess my position in the upcoming periods, but for now, holding onto my cash is prudent to maintain flexibility. With the final redemption value being $14, my strategy will focus on maximizing cash wealth."
RA-MC-BT-PC-NT-OC-s140926,RA+MC+BT+PC+NT+OC,trader-07,BT,26,hold,0,0,0.0,0,,455.29,4,479.65,4,22.76,1.6,535.65,14.0,14.0,14.0,14.0,,"The current market price is stable at the fundamental value of $14, with no signs of upward momentum. Holding my 4 shares allows me to benefit from potential dividends while monitoring the market for future price changes. Given the consistent fundamental value and the absence of immediate price increases, it is prudent to maintain my current position for now, especially as there are no compelling reasons to buy or sell at this time."
RA-MC-BT-PC-NT-OC-s140926,RA+MC+BT+PC+NT+OC,trader-08,MC,26,hold,0,0,0.0,0,,455.29,4,479.65,4,22.76,1.6,535.65,14.0,14.0,14.0,14.0,,"The current market price is stable at its fundamental value of $14, with no recent price momentum indicating a change. As a momentum trader, I would typically look for upward or downward trends to dictate my actions. However, since there are no signs of momentum, it is prudent to hold my current position of 4 shares and $4892.38 in cash, allowing me to wait for better opportunities in the upcoming periods."
RA-MC-BT-PC-NT-OC-s140926,RA+MC+BT+PC+NT+OC,trader-09,PC,26,sell,1,1,14.0,-1,14.0,510.69,1,550.92,0,26.23,0.0,550.92,14.0,14.0,14.0,14.0,,"I intend to sell my last share this period at the reference price of $14. This aligns with my established plan to sell shares to maximize cash while retaining no shares for potential dividends in future periods. Given the fundamental value remains at $14, this is a fair price for selling. By executing this sale, I can secure cash now, and after the final period's redemption value of $14, all cash and shares will be liquidated."
RA-MC-BT-PC-NT-OC-s140926,RA+MC+BT+PC+NT+OC,trader-10,BT,26,sell,1,0,14.0,0,,522.41,0,548.53,0,26.12,0.0,548.53,14.0,14.5,15.0,14.0,,"The current price is at fundamental value ($14.0), and I anticipate a slight increase to $14.5 in the next couple of periods due to market optimism. Selling 1 share at this price allows me to secure some profits while still holding 1 share for potential dividends. This aligns with my strategy of maximizing cash wealth before any potential peak."
RA-MC-BT-PC-NT-OC-s140926,RA+MC+BT+PC+NT+OC,trader-11,OC,26,buy,7,7,13.0,0,,455.29,4,479.65,4,22.76,1.6,535.65,14.0,14.0,14.0,14.0,,"I believe the price will dip below the fundamental value of $14, allowing me to acquire more shares at a limit price of $13.00. My current cash position supports this purchase, and as an overconfident contrarian, I trust my judgment to capitalize on this opportunity for future gains. This aligns with my strategy of buying after prices fall, and I am confident that the market will recover in the upcoming periods."
RA-MC-BT-PC-NT-OC-s140926,RA+MC+BT+PC+NT+OC,trader-00,MC,27,buy,1,1,14.0,1,14.0,256.33,17,272.45,18,12.12,18.0,524.45,14.0,14.0,14.0,14.0,,"The current price remains stable at the reference value of $14. As a momentum chaser, I expect this stability to continue or lead to upward momentum. Buying one additional share positions me to benefit from any future price increases while maintaining cash for potential future trades. This strategy aligns with my goal of maximizing final cash wealth."
RA-MC-BT-PC-NT-OC-s140926,RA+MC+BT+PC+NT+OC,trader-01,RA,27,hold,0,0,0.0,0,,479.65,4,507.63,4,23.98,4.0,563.63,14.0,14.0,14.0,14.0,,"The current market price is at the fundamental value of $14. Given that there are no expected excess returns to justify buying or selling, holding onto my 4 shares is optimal. Each share provides potential dividends and will be redeemed at $14 at the end of period 30, maximizing my final cash wealth."
RA-MC-BT-PC-NT-OC-s140926,RA+MC+BT+PC+NT+OC,trader-02,NT,27,hold,0,0,0.0,0,,505.67,3,533.95,3,25.28,3.0,575.95,14.0,14.0,14.0,14.0,,"The asset's fundamental value remains stable at $14, and the last transaction price confirms this. With only 4 trading periods left and no shares left to sell, holding my cash position allows it to earn interest while I wait for clearer market opportunities. Given the predictable future value of the asset and my current cash position, it is prudent to maintain my current cash until any favorable trading opportunities arise."
RA-MC-BT-PC-NT-OC-s140926,RA+MC+BT+PC+NT+OC,trader-03,NT,27,hold,0,0,0.0,0,,479.65,4,507.63,4,23.98,4.0,563.63,14.0,14.0,14.0,14.0,,"Given the stable fundamental value of the asset at $14, my current cash position of $479.65 and 4 shares, it is prudent to continue holding my shares. This strategy allows me to benefit from potential dividends in the upcoming periods while preserving my cash for future opportunities. The market has shown stability around the $14 mark, and holding will not expose me to unnecessary risk at this moment."
RA-MC-BT-PC-NT-OC-s140926,RA+MC+BT+PC+NT+OC,trader-04,RA,27,hold,0,0,0.0,0,,479.65,4,507.63,4,23.98,4.0,563.63,14.0,14.0,14.0,14.0,,"The current reference price of $14 aligns with the asset's fundamental value. Given that the expected dividends are equally likely to be $0.40 or $1.00, and considering the 5% cash return, there is no immediate trading advantage. Holding my shares is prudent as they will be redeemed at $14 after 30 periods, ensuring a better return than selling at this point."
RA-MC-BT-PC-NT-OC-s140926,RA+MC+BT+PC+NT+OC,trader-05,OC,27,buy,1,1,13.0,0,,479.65,4,507.63,4,23.98,4.0,563.63,14.0,14.0,14.0,14.0,,I believe the current price of $13.00 presents a buying opportunity as I expect it to recover to the fundamental value of $14.00. My overconfident contrarian stance leads me to trust my judgment that purchasing this share at a lower price will enhance my wealth through dividends and the eventual redemption value. I have sufficient cash to buy 1 share.
RA-MC-BT-PC-NT-OC-s140926,RA+MC+BT+PC+NT+OC,trader-06,PC,27,hold,0,0,0.0,0,,536.79,0,563.63,0,26.84,0.0,563.63,14.0,14.0,14.0,14.0,,"I will hold my position this period as I have $5463.46 in cash and no shares remaining. The fundamental value of the asset remains at $14, and I expect it to stay stable. I plan to reassess my position in the upcoming periods, but for now, holding onto my cash is prudent to maintain flexibility, especially with the final redemption value being $14."
RA-MC-BT-PC-NT-OC-s140926,RA+MC+BT+PC+NT+OC,trader-07,BT,27,sell,4,4,14.0,-1,14.0,479.65,4,521.33,3,24.68,3.0,563.33,14.0,14.0,14.0,14.0,,"With only 4 periods remaining and the price stable at the fundamental value of $14, it's prudent to sell my 4 shares now. This allows me to realize profits, especially as the market shows no signs of upward momentum. Selling now ensures I maximize my cash position before the final period, where all remaining shares will be redeemed for $14 each."
RA-MC-BT-PC-NT-OC-s140926,RA+MC+BT+PC+NT+OC,trader-08,MC,27,hold,0,0,0.0,0,,479.65,4,507.63,4,23.98,4.0,563.63,14.0,14.0,14.0,14.0,,"The market price remains stable at its fundamental value of $14, with no recent price momentum indicating a change. As a momentum trader, I typically act on price movements, but since there are no signs of upward or downward trends, it is prudent to hold my current position of 4 shares and $5755.79 in cash. This strategy allows me to remain flexible and wait for better opportunities in the upcoming periods."
RA-MC-BT-PC-NT-OC-s140926,RA+MC+BT+PC+NT+OC,trader-09,PC,27,sell,1,0,14.0,0,,550.92,0,578.47,0,27.55,0.0,578.47,14.0,14.0,14.0,14.0,,"I intend to sell my last share this period at the reference price of $14. This aligns with my established plan to liquidate all shares to maximize cash before the final redemption. The fundamental value remains at $14, making this a fair price for selling. By executing this sale, I can secure cash now and prepare for the final redemption value of $14."
RA-MC-BT-PC-NT-OC-s140926,RA+MC+BT+PC+NT+OC,trader-10,BT,27,sell,1,0,14.0,0,,548.53,0,575.96,0,27.43,0.0,575.96,14.0,14.5,15.0,14.0,,The current price is at the fundamental value of $14. I expect a slight increase to $14.5 in the next period due to market optimism. Selling 1 share at $14.0 now allows me to secure some profits while still holding 1 share for potential dividends. This aligns with my strategy of maximizing cash wealth before any potential peak.
RA-MC-BT-PC-NT-OC-s140926,RA+MC+BT+PC+NT+OC,trader-11,OC,27,buy,7,7,13.0,0,,479.65,4,507.63,4,23.98,4.0,563.63,14.0,14.0,14.0,14.0,,"I remain confident in my contrarian strategy, believing that the price will dip below the fundamental value of $14, thus providing an opportunity to buy additional shares at a limit price of $13.00. My current cash position supports this decision, and I trust that the market will recover in the upcoming periods, aligning with my expectation of maintaining the fundamental value of $14."
RA-MC-BT-PC-NT-OC-s140926,RA+MC+BT+PC+NT+OC,trader-00,MC,28,buy,1,1,14.0,1,14.0,272.45,18,278.97,19,12.92,7.6,544.97,14.0,14.0,14.0,14.0,,"The price remains stable at the reference value of $14. As a momentum chaser, I expect this stability to continue or potentially lead to upward momentum. Buying one additional share positions me to benefit from future price increases while maximizing my final cash wealth."
RA-MC-BT-PC-NT-OC-s140926,RA+MC+BT+PC+NT+OC,trader-01,RA,28,hold,0,0,0.0,0,,507.63,4,534.61,4,25.38,1.6,590.61,14.0,14.0,14.0,14.0,,"The current market price is at the fundamental value of $14. There are no expected excess returns to justify buying or selling at this time. Holding onto my 4 shares is optimal, as they provide potential dividends and will be redeemed for $14 at the end of period 30, maximizing my final cash wealth."
RA-MC-BT-PC-NT-OC-s140926,RA+MC+BT+PC+NT+OC,trader-02,NT,28,sell,1,1,14.0,-1,14.0,533.95,3,576.15,2,27.4,0.8,604.15,14.0,14.0,14.0,14.0,,"The asset's fundamental value remains stable at $14, and the last transaction price confirms this. Given I currently hold 3 shares, selling 1 share at this price allows me to realize immediate cash gains while still maintaining 2 shares for potential future dividends. This strategy balances my cash wealth with the opportunity for further returns, optimizing my position as we approach the final periods."
RA-MC-BT-PC-NT-OC-s140926,RA+MC+BT+PC+NT+OC,trader-03,NT,28,hold,0,0,0.0,0,,507.63,4,534.61,4,25.38,1.6,590.61,14.0,14.0,14.0,14.0,,"Given the stable fundamental value of the asset at $14 and the limited number of trading periods remaining, it is prudent to hold my current 4 shares. This allows me to benefit from potential dividends in the final periods while preserving my cash for the redemption value of $14 per share at the end. The market has shown stability around the $14 mark, and holding will not expose me to unnecessary risk at this moment."
RA-MC-BT-PC-NT-OC-s140926,RA+MC+BT+PC+NT+OC,trader-04,RA,28,hold,0,0,0.0,0,,507.63,4,534.61,4,25.38,1.6,590.61,14.0,14.0,14.0,14.0,,"The current reference price of $14 aligns with the asset's fundamental value. Given that the expected dividends of $0.40 or $1.00 are equally likely, the expected return from holding shares outweighs any trading advantage. It is prudent to hold my shares as they will be redeemed at $14 after 30 periods, ensuring a better return than any potential trades at this point."
RA-MC-BT-PC-NT-OC-s140926,RA+MC+BT+PC+NT+OC,trader-05,OC,28,buy,1,1,13.0,0,,507.63,4,534.61,4,25.38,1.6,590.61,14.0,14.0,14.0,14.0,,"I strongly believe that the current price of $13.00 represents a buying opportunity, as I expect it to recover to the fundamental value of $14.00. My overconfident contrarian stance leads me to trust my judgment that purchasing this share at a lower price will enhance my wealth through dividends and the eventual redemption value. I have sufficient cash to buy 1 share."
RA-MC-BT-PC-NT-OC-s140926,RA+MC+BT+PC+NT+OC,trader-06,PC,28,hold,0,0,0.0,0,,563.63,0,591.81,0,28.18,0.0,591.81,14.0,14.0,14.0,14.0,,"I will hold my position this period as I have $6091.57 in cash and no shares remaining. The fundamental value of the asset remains at $14, and I expect it to stay stable. With only two trading periods left before the final redemption, my strategy is to maintain my cash position and prepare for the final redemption of $14 per share. Holding allows me to maximize my cash wealth."
RA-MC-BT-PC-NT-OC-s140926,RA+MC+BT+PC+NT+OC,trader-07,BT,28,hold,0,0,0.0,0,,521.33,3,548.6,3,26.07,1.2,590.6,14.0,14.0,14.0,14.0,,"The market price is currently stable at the fundamental value of $14 with no signs of upward momentum. Holding my current position allows me to benefit from potential dividends in the upcoming periods. Given that there are only 3 trading periods left and the lack of compelling reasons to buy or sell at this time, maintaining my position is the most prudent decision."
RA-MC-BT-PC-NT-OC-s140926,RA+MC+BT+PC+NT+OC,trader-08,MC,28,hold,0,0,0.0,0,,507.63,4,534.61,4,25.38,1.6,590.61,14.0,14.0,14.0,14.0,,"The current market price is stable at its fundamental value of $14, with no recent price momentum indicating any change. As a momentum trader, I typically act based on price movements, but since there are no signs of upward or downward trends, it is prudent to hold my current position of 4 shares and approximately $6091.57 in cash. This strategy allows me to remain flexible and wait for better opportunities in the final periods."
RA-MC-BT-PC-NT-OC-s140926,RA+MC+BT+PC+NT+OC,trader-09,PC,28,hold,0,0,0.0,0,,578.47,0,607.39,0,28.92,0.0,607.39,14.0,14.0,14.0,14.0,,"I intend to hold my position this period, as I have sold all my shares in previous periods and currently have no shares to sell. Given the fundamental value of the asset remains at $14, holding aligns with my strategy to maximize cash and prepare for the final redemption. I will consider re-entering the market to buy shares if opportunities arise in later periods."
RA-MC-BT-PC-NT-OC-s140926,RA+MC+BT+PC+NT+OC,trader-10,BT,28,sell,1,0,14.0,0,,575.96,0,604.76,0,28.8,0.0,604.76,14.0,14.5,15.0,14.0,,"The current price is at the fundamental value of $14. Given the potential for a slight increase to $14.5 in the next period and my goal of maximizing cash wealth, I will sell 1 share at $14.0 now. This allows me to secure some profits while still holding 1 share for potential dividends in the final period."
RA-MC-BT-PC-NT-OC-s140926,RA+MC+BT+PC+NT+OC,trader-11,OC,28,buy,7,7,13.0,0,,507.63,4,534.61,4,25.38,1.6,590.61,14.0,14.0,14.0,14.0,,"I believe that the market will recover soon, and the current price of $14.0 is temporarily high. I trust in my contrarian strategy that the price will dip below the fundamental value of $14, allowing me to purchase additional shares at a limit price of $13.00. Given that I have sufficient cash, this aligns with my expectation of a future price rebound."
RA-MC-BT-PC-NT-OC-s140926,RA+MC+BT+PC+NT+OC,trader-00,MC,29,hold,0,0,0.0,0,,278.97,19,300.52,19,13.95,7.6,566.52,14.0,14.0,14.0,14.0,,"The current price is stable at the reference value of $14. As a momentum chaser, I expect this stability to continue in the short term. Holding onto my shares allows me to benefit from potential dividends in the remaining periods, and I will be able to redeem my shares at $14 each after the final period. Therefore, I choose to hold my position."
RA-MC-BT-PC-NT-OC-s140926,RA+MC+BT+PC+NT+OC,trader-01,RA,29,hold,0,0,0.0,0,,534.61,4,562.94,4,26.73,1.6,618.94,14.0,14.0,14.0,14.0,,"The current market price is at the fundamental value of $14, and there are no expected excess returns to justify buying or selling. Holding onto my 4 shares is optimal as they provide potential dividends and will be redeemed for $14 at the end of period 30, maximizing my final cash wealth."
RA-MC-BT-PC-NT-OC-s140926,RA+MC+BT+PC+NT+OC,trader-02,NT,29,sell,1,1,14.0,0,,576.15,2,605.76,2,28.81,0.8,633.76,14.0,14.0,14.0,14.0,,"The asset's fundamental value remains stable at $14, and the last transaction price confirms this. With only 1 share left, selling it at this price allows me to maximize my immediate cash gains. Given the predictable future value of the asset and the limited trading periods left, this decision optimizes my cash wealth as we approach the final periods."
RA-MC-BT-PC-NT-OC-s140926,RA+MC+BT+PC+NT+OC,trader-03,NT,29,hold,0,0,0.0,0,,534.61,4,562.94,4,26.73,1.6,618.94,14.0,14.0,14.0,14.0,,"With only 2 trading periods remaining, it is prudent to hold my current 4 shares. This strategy allows me to benefit from potential dividends in the final periods while ensuring I can redeem my shares for $14 each at the end. The market has shown stability around the $14 mark, and holding will not expose me to unnecessary risk at this moment."
RA-MC-BT-PC-NT-OC-s140926,RA+MC+BT+PC+NT+OC,trader-04,RA,29,hold,0,0,0.0,0,,534.61,4,562.94,4,26.73,1.6,618.94,14.0,14.0,14.0,14.0,,"The current reference price of $14 aligns with the asset's fundamental value. Given the equally likely dividends of $0.40 or $1.00, the expected return from holding shares outweighs any trading advantage at this price. Since I will receive a redemption value of $14 after period 30, holding my shares is prudent as it ensures a better return than any potential trades at this point."
RA-MC-BT-PC-NT-OC-s140926,RA+MC+BT+PC+NT+OC,trader-05,OC,29,buy,1,1,13.0,0,,534.61,4,562.94,4,26.73,1.6,618.94,14.0,14.0,14.0,14.0,,"I believe that the current price of $13.00 represents a buying opportunity, as I expect it to recover to the fundamental value of $14.00. My overconfident contrarian stance leads me to trust my judgment that purchasing another share at this lower price will enhance my wealth through dividends and the eventual redemption value. I have sufficient cash to buy 1 share."
RA-MC-BT-PC-NT-OC-s140926,RA+MC+BT+PC+NT+OC,trader-06,PC,29,hold,0,0,0.0,0,,591.81,0,621.4,0,29.59,0.0,621.4,14.0,14.0,14.0,14.0,,"I will hold my position this period as I have no shares and $6415.34 in cash. The fundamental value of the asset remains at $14, and I expect it to stay stable. With only one trading period left before the final redemption, my strategy is to maintain my cash position and prepare for the final redemption of $14 per share. Holding allows me to maximize my cash wealth."
RA-MC-BT-PC-NT-OC-s140926,RA+MC+BT+PC+NT+OC,trader-07,BT,29,sell,3,3,14.0,0,,548.6,3,577.23,3,27.43,1.2,619.23,14.0,14.0,14.0,14.0,,"With only 2 trading periods left, selling my 3 shares at the current price of $14 allows me to maximize my cash position before the final period. This strategy ensures I realize profits and capitalizes on the stable market conditions, as all remaining shares will be redeemed for $14 each at the end. Holding shares for dividends is less advantageous now compared to securing cash."
RA-MC-BT-PC-NT-OC-s140926,RA+MC+BT+PC+NT+OC,trader-08,MC,29,hold,0,0,0.0,0,,534.61,4,562.94,4,26.73,1.6,618.94,14.0,14.0,14.0,14.0,,"The current market price remains stable at its fundamental value of $14, with no recent momentum indicating a change. Given that I am a momentum trader, I typically act based on price movements, but since there are no signs of upward or downward trends, it is prudent to hold my current position of 4 shares and approximately $6091.57 in cash. This strategy allows me to remain flexible and wait for better opportunities in the final periods."
RA-MC-BT-PC-NT-OC-s140926,RA+MC+BT+PC+NT+OC,trader-09,PC,29,sell,1,0,14.0,0,,607.39,0,637.76,0,30.37,0.0,637.76,14.0,14.0,14.0,14.0,,"I intend to sell my last share this period at the reference price of $14. This aligns with my established plan to liquidate all shares to maximize cash before the final redemption. The fundamental value remains at $14, making this a fair price for selling. By executing this sale, I can secure cash now and prepare for the final redemption value of $14."
RA-MC-BT-PC-NT-OC-s140926,RA+MC+BT+PC+NT+OC,trader-10,BT,29,sell,1,0,14.0,0,,604.76,0,635.0,0,30.24,0.0,635.0,14.0,14.5,15.0,14.0,,"The current price is at the fundamental value of $14. With only two periods remaining, I anticipate a slight increase to $14.5 in the next period and possibly $15.0 in the following one. Given the market dynamics and the impending redemption value, I will sell 1 share at $14.0 now to secure profits while still holding the remaining shares for potential dividends."
RA-MC-BT-PC-NT-OC-s140926,RA+MC+BT+PC+NT+OC,trader-11,OC,29,buy,4,4,13.0,0,,534.61,4,562.94,4,26.73,1.6,618.94,14.0,14.0,14.0,14.0,,"I firmly believe that the price will dip below the fundamental value of $14, allowing me to acquire more shares at a limit price of $13.00. I trust my judgment as an overconfident contrarian that the market will rebound in the upcoming periods. Given my current cash position, I can purchase 4 additional shares, which aligns perfectly with my strategy of buying after prices fall."
RA-MC-BT-PC-NT-OC-s140926,RA+MC+BT+PC+NT+OC,trader-00,MC,30,hold,0,0,0.0,0,,300.52,19,323.15,19,15.03,7.6,589.15,14.0,14.0,14.0,14.0,,"The current price is stable at the reference value of $14, which aligns with the asset's fundamental value. As a momentum chaser, I expect this stability to continue. Holding onto my shares allows me to benefit from potential dividends in the remaining periods, and I will be able to redeem my shares at $14 each after the final period. Therefore, I choose to hold my position."
RA-MC-BT-PC-NT-OC-s140926,RA+MC+BT+PC+NT+OC,trader-01,RA,30,hold,0,0,0.0,0,,562.94,4,592.69,4,28.15,1.6,648.69,14.0,14.0,14.0,14.0,,"The current market price is at the fundamental value of $14. There are no expected excess returns to justify buying or selling. Holding onto my 4 shares is optimal as they provide potential dividends and will be redeemed for $14 at the end of period 30, maximizing my final cash wealth."
RA-MC-BT-PC-NT-OC-s140926,RA+MC+BT+PC+NT+OC,trader-02,NT,30,sell,1,1,14.0,0,,605.76,2,636.85,2,30.29,0.8,664.85,14.0,14.0,14.0,14.0,,"The asset's fundamental value remains stable at $14, and the last transaction price confirms this. With only 1 share left, selling it at this price allows me to maximize my immediate cash gains. Given the predictable future value of the asset and the limited trading periods left, this decision optimizes my cash wealth as we approach the final periods."
RA-MC-BT-PC-NT-OC-s140926,RA+MC+BT+PC+NT+OC,trader-03,NT,30,hold,0,0,0.0,0,,562.94,4,592.69,4,28.15,1.6,648.69,14.0,14.0,14.0,14.0,,"With only one trading period remaining, it is prudent to hold my current 4 shares. This allows me to benefit from potential dividends in this final period while ensuring I can redeem my shares for $14 each at the end. The market has shown stability around the $14 mark, and holding will not expose me to unnecessary risk at this moment."
RA-MC-BT-PC-NT-OC-s140926,RA+MC+BT+PC+NT+OC,trader-04,RA,30,hold,0,0,0.0,0,,562.94,4,592.69,4,28.15,1.6,648.69,14.0,14.0,14.0,14.0,,"The current reference price of $14 aligns with the asset's fundamental value, which will be redeemed at $14 after period 30. The expected dividends of $0.40 or $1.00 do not provide a trading advantage at this price compared to the 5% cash return. Therefore, holding my 4 shares is the most prudent choice, ensuring a better return than any potential trades at this point."
RA-MC-BT-PC-NT-OC-s140926,RA+MC+BT+PC+NT+OC,trader-05,OC,30,buy,1,1,13.0,0,,562.94,4,592.69,4,28.15,1.6,648.69,14.0,14.0,14.0,14.0,,"I strongly believe that the current price of $13.00 represents a buying opportunity, as I expect it to recover to the fundamental value of $14.00. As an overconfident contrarian, I trust my judgment that purchasing another share at this lower price will enhance my wealth through dividends and the eventual redemption value. I have sufficient cash to buy 1 share."
RA-MC-BT-PC-NT-OC-s140926,RA+MC+BT+PC+NT+OC,trader-06,PC,30,hold,0,0,0.0,0,,621.4,0,652.47,0,31.07,0.0,652.47,14.0,14.0,14.0,14.0,,"I will continue to hold my position this period as I have no shares and $6755.31 in cash. The fundamental value of the asset remains at $14, and I expect it to stay stable. With only one trading period left before the final redemption, my strategy is to maintain my cash position and prepare for the final redemption of $14 per share. Holding allows me to maximize my cash wealth."
RA-MC-BT-PC-NT-OC-s140926,RA+MC+BT+PC+NT+OC,trader-07,BT,30,sell,3,3,14.0,0,,577.23,3,607.29,3,28.86,1.2,649.29,14.0,14.0,14.0,14.0,,"With the fundamental value at $14 and only one trading period remaining, selling my 3 shares at the current price of $14 allows me to maximize my cash position before the final period. This ensures I realize profits, as all remaining shares will be redeemed for $14 each at the end. Holding shares for dividends is less advantageous now compared to securing cash."
RA-MC-BT-PC-NT-OC-s140926,RA+MC+BT+PC+NT+OC,trader-08,MC,30,hold,0,0,0.0,0,,562.94,4,592.69,4,28.15,1.6,648.69,14.0,14.0,14.0,14.0,,"The current market price is stable at its fundamental value of $14, with no recent price momentum indicating a change. As a momentum trader, I typically act based on price movements, but since there are no signs of upward or downward trends, it is prudent to hold my current position of 4 shares and approximately $6091.57 in cash. This strategy allows me to remain flexible and wait for better opportunities in the final period."
RA-MC-BT-PC-NT-OC-s140926,RA+MC+BT+PC+NT+OC,trader-09,PC,30,sell,0,0,0.0,0,,637.76,0,669.65,0,31.89,0.0,669.65,14.0,14.0,14.0,14.0,active orders require positive price and quantity,"I intend to sell my last share this period at the reference price of $14. This aligns with my established plan to liquidate all shares to maximize cash before the final redemption. The fundamental value remains at $14, making this a fair price for selling. By executing this sale, I can secure cash now and prepare for the final redemption value of $14."
RA-MC-BT-PC-NT-OC-s140926,RA+MC+BT+PC+NT+OC,trader-10,BT,30,sell,1,0,14.0,0,,635.0,0,666.75,0,31.75,0.0,666.75,14.0,14.5,15.0,14.0,,"The current price is at the fundamental value of $14. I anticipate a slight increase to $14.5 in the next period due to market optimism, and potentially reaching $15 in the following period. Given that this is the last period and to maximize my cash wealth, I will sell 1 share at $14.0 now to secure profits while still holding cash for the final cash earnings and dividends."
RA-MC-BT-PC-NT-OC-s140926,RA+MC+BT+PC+NT+OC,trader-11,OC,30,buy,4,4,13.0,0,,562.94,4,592.69,4,28.15,1.6,648.69,14.0,14.0,14.0,14.0,,"I firmly believe that the price will dip below the fundamental value of $14, allowing me to acquire more shares at a limit price of $13.00. I trust my judgment as an overconfident contrarian that the market will rebound in the upcoming periods. Given my current cash position, I can purchase 4 additional shares, which aligns perfectly with my strategy of buying after prices fall."
RA-MC-BT-PC-NT-OC-s140927,RA+MC+BT+PC+NT+OC,trader-00,MC,1,hold,0,0,0.0,0,,100.0,4,109.0,4,5.0,4.0,165.0,14.0,14.0,14.0,14.0,,"Given that the current price is at the fundamental value of $14 and there have been no recent price movements to indicate a trend, I will hold my position. Holding is prudent as the price is expected to remain stable at the fundamental value in the near term, with dividends providing additional income."
RA-MC-BT-PC-NT-OC-s140927,RA+MC+BT+PC+NT+OC,trader-01,NT,1,hold,0,0,0.0,0,,100.0,4,109.0,4,5.0,4.0,165.0,14.0,14.0,14.0,14.0,,"The fundamental value of the asset is expected to remain at $14, and given no current market signals to either buy or sell, holding my position is the most prudent strategy. This allows me to maintain my shares and cash position while waiting for potential market movements in future periods."
RA-MC-BT-PC-NT-OC-s140927,RA+MC+BT+PC+NT+OC,trader-02,OC,1,buy,7,7,13.0,0,,100.0,4,109.0,4,5.0,4.0,165.0,14.0,14.0,14.0,14.0,,"Given my contrarian approach and expectation of a market recovery, I believe the price will fall below its fundamental value of $14. I will submit a limit order to buy 7 additional shares at $13 each, as I trust the market will rebound, allowing me to maximize my position for future periods while expecting to recover my current holdings."
RA-MC-BT-PC-NT-OC-s140927,RA+MC+BT+PC+NT+OC,trader-03,PC,1,hold,0,0,0.0,0,,100.0,4,109.0,4,5.0,4.0,165.0,14.0,14.0,14.0,14.0,,"Given the fundamental value of the asset is $14, I will hold my current position (4 shares) instead of buying or selling. I plan to hold my shares for the first half of the trading period and reassess my strategy after period 15. This allows me to benefit from potential dividends while waiting for a clearer market direction."
RA-MC-BT-PC-NT-OC-s140927,RA+MC+BT+PC+NT+OC,trader-04,NT,1,hold,0,0,0.0,0,,100.0,4,109.0,4,5.0,4.0,165.0,14.0,14.0,14.0,14.0,,"The initial reference price is $14, and I expect the price to remain stable over the short term due to the fundamental value. Since I currently have a solid position with 4 shares and $100 cash, holding is a prudent choice to avoid unnecessary risk. This allows me to benefit from dividends and interest while waiting for more favorable market conditions."
RA-MC-BT-PC-NT-OC-s140927,RA+MC+BT+PC+NT+OC,trader-05,OC,1,buy,1,1,13.5,0,,100.0,4,109.0,4,5.0,4.0,165.0,14.0,14.0,14.0,14.0,,"As an overconfident contrarian, I believe the market will recover after any price drop. Given the last transaction price is $14 and I expect a price drop, I will place a limit buy order at $13.50, expecting to capitalize on the eventual recovery. With my current shares, I'm not selling any positions as I trust they will recover in value."
RA-MC-BT-PC-NT-OC-s140927,RA+MC+BT+PC+NT+OC,trader-06,RA,1,hold,0,0,0.0,0,,100.0,4,109.0,4,5.0,4.0,165.0,14.0,14.0,14.0,14.0,,"The asset's fundamental value is stable at $14, and the expected dividends of $0.40 or $1.00 do not provide a compelling reason to buy or sell at this moment. Holding onto my current shares allows me to benefit from future dividends and the eventual redemption, while maintaining my cash position for potential future opportunities."
RA-MC-BT-PC-NT-OC-s140927,RA+MC+BT+PC+NT+OC,trader-07,PC,1,hold,0,0,0.0,0,,100.0,4,109.0,4,5.0,4.0,165.0,14.0,14.0,14.0,14.0,,"I will hold my position for this period. Given the fundamental value of the asset is $14 and the expected returns from dividends are uncertain, I prefer to maintain my current shares and cash. My plan is to buy in periods 5 and 10, and sell in periods 20 and 30, while holding shares in between to maximize returns. Holding now allows me to evaluate future market conditions without risking my current wealth."
RA-MC-BT-PC-NT-OC-s140927,RA+MC+BT+PC+NT+OC,trader-08,MC,1,hold,0,0,0.0,0,,100.0,4,109.0,4,5.0,4.0,165.0,14.0,14.0,14.0,14.0,,"The initial reference price is $14, and I believe it will remain stable in the short term given that the fundamental value is also $14. Since I'm currently holding shares and there are no recent price movements to indicate a trend, I will hold my position and wait for further market signals."
RA-MC-BT-PC-NT-OC-s140927,RA+MC+BT+PC+NT+OC,trader-09,BT,1,hold,0,0,0.0,0,,100.0,4,109.0,4,5.0,4.0,165.0,14.0,14.0,14.0,14.0,,"The current price is at the fundamental value of $14, which is expected to remain stable in the short term. Given that I have 4 shares and cash, I will hold my position, as there is no immediate opportunity for profit. Selling now would not yield a better outcome than waiting for potential dividend payments and a future sell-off at redemption value."
RA-MC-BT-PC-NT-OC-s140927,RA+MC+BT+PC+NT+OC,trader-10,BT,1,hold,0,0,0.0,0,,100.0,4,109.0,4,5.0,4.0,165.0,14.0,14.0,14.0,14.0,,"The asset's fundamental value is $14, and there are no indications of immediate price increases. Holding shares allows me to collect dividends while waiting for potential price appreciation. Given that my current cash and share positions are stable, holding is the optimal strategy for now."
RA-MC-BT-PC-NT-OC-s140927,RA+MC+BT+PC+NT+OC,trader-11,RA,1,hold,0,0,0.0,0,,100.0,4,109.0,4,5.0,4.0,165.0,14.0,14.0,14.0,14.0,,"The current price of the asset is at its fundamental value of $14, and there is no expected excess return to justify a buy or sell action. Holding my current position of 4 shares allows me to benefit from potential dividends while avoiding unnecessary risk. Given the uncertainty of future dividends and the stable redemption value, holding is the optimal strategy."
RA-MC-BT-PC-NT-OC-s140927,RA+MC+BT+PC+NT+OC,trader-00,MC,2,buy,1,1,14.0,0,,109.0,4,118.45,4,5.45,4.0,174.45,14.0,14.0,14.0,14.0,,"Given that the price is currently at the fundamental value of $14 and I have sufficient cash to buy additional shares, I will buy 1 share. This aligns with my momentum-chasing strategy, as I expect prices to remain stable or increase, particularly since there has been no indication of a downward trend. Buying now allows me to take advantage of potential future price increases and dividends."
RA-MC-BT-PC-NT-OC-s140927,RA+MC+BT+PC+NT+OC,trader-01,NT,2,hold,0,0,0.0,0,,109.0,4,118.45,4,5.45,4.0,174.45,14.0,14.0,14.0,14.0,,"The fundamental value of the asset is expected to remain stable at $14 each period. Given that I have 4 shares and a cash position of $109.00, holding my position is prudent at this stage. This strategy allows me to maintain my shares for potential dividends while minimizing risk, as there are no clear market signals to prompt a buy or sell decision."
RA-MC-BT-PC-NT-OC-s140927,RA+MC+BT+PC+NT+OC,trader-02,OC,2,buy,7,7,13.0,0,,109.0,4,118.45,4,5.45,4.0,174.45,14.0,14.0,14.0,14.0,,"Given my contrarian approach, I anticipate the price will rebound from current levels. I will submit a limit order to buy 7 additional shares at $13 each, as I trust the market will recover, allowing me to maximize my position for future periods. My previous purchase price is still above the current price, so I view this as a strategic opportunity."
RA-MC-BT-PC-NT-OC-s140927,RA+MC+BT+PC+NT+OC,trader-03,PC,2,hold,0,0,0.0,0,,109.0,4,118.45,4,5.45,4.0,174.45,14.0,14.0,14.0,14.0,,"Given the fundamental value of the asset is $14, I will hold my current position (4 shares) instead of buying or selling. I plan to hold my shares for the first half of the trading period and reassess my strategy after period 15. This allows me to benefit from potential dividends while waiting for a clearer market direction."
RA-MC-BT-PC-NT-OC-s140927,RA+MC+BT+PC+NT+OC,trader-04,NT,2,hold,0,0,0.0,0,,109.0,4,118.45,4,5.45,4.0,174.45,14.0,14.0,14.0,14.0,,"The initial reference price is $14, and I expect the price to remain stable over the short term due to the fundamental value. With 4 shares currently and $109 cash, holding is a prudent choice to avoid unnecessary risk. This allows me to benefit from dividends and interest while waiting for more favorable market conditions."
RA-MC-BT-PC-NT-OC-s140927,RA+MC+BT+PC+NT+OC,trader-05,OC,2,buy,2,2,13.5,0,,109.0,4,118.45,4,5.45,4.0,174.45,14.0,14.0,14.0,14.0,,"As an overconfident contrarian, I believe the market will recover after any price drop. Since the last transaction price is $14 and I expect a price drop, I will place a limit buy order at $13.50 to acquire more shares, anticipating that the price will rebound. With my current shares, I'm not selling any positions as I trust they will recover in value."
RA-MC-BT-PC-NT-OC-s140927,RA+MC+BT+PC+NT+OC,trader-06,RA,2,hold,0,0,0.0,0,,109.0,4,118.45,4,5.45,4.0,174.45,14.0,14.0,14.0,14.0,,"The asset's fundamental value remains stable at $14, and with the expected dividends of $0.40 or $1.00, there is no compelling reason to buy or sell at this moment. Holding my current shares allows me to benefit from future dividends and the eventual redemption, while maintaining my cash position for potential future opportunities."
RA-MC-BT-PC-NT-OC-s140927,RA+MC+BT+PC+NT+OC,trader-07,PC,2,hold,0,0,0.0,0,,109.0,4,118.45,4,5.45,4.0,174.45,14.0,14.0,14.0,14.0,,"I will hold my position for this period. Given the fundamental value of the asset is $14 and the expected returns from dividends are uncertain, I prefer to maintain my current shares and cash. My plan is to buy in periods 5 and 10, and sell in periods 20 and 30, while holding shares in between to maximize returns. Holding now allows me to evaluate future market conditions without risking my current wealth."
RA-MC-BT-PC-NT-OC-s140927,RA+MC+BT+PC+NT+OC,trader-08,MC,2,buy,1,1,14.0,0,,109.0,4,118.45,4,5.45,4.0,174.45,14.0,14.0,14.0,14.0,,"The current price is at the fundamental value of $14. As a momentum chaser, I believe that a stable price at this level may indicate a potential for upward movement. Given my current cash position, I will buy 1 share to take advantage of this stability and position myself for any potential price increase."
RA-MC-BT-PC-NT-OC-s140927,RA+MC+BT+PC+NT+OC,trader-09,BT,2,hold,0,0,0.0,0,,109.0,4,118.45,4,5.45,4.0,174.45,14.0,14.0,14.0,14.0,,"The current price is at the fundamental value of $14, which is expected to remain stable in the short term. Holding my 4 shares allows me to benefit from potential dividend payments in the upcoming periods. Selling now would not yield a better outcome than waiting for future opportunities, especially since the redemption value at the end is also $14. Therefore, I will hold my position."
RA-MC-BT-PC-NT-OC-s140927,RA+MC+BT+PC+NT+OC,trader-10,BT,2,hold,0,0,0.0,0,,109.0,4,118.45,4,5.45,4.0,174.45,14.0,14.0,14.0,14.0,,"The asset's fundamental value remains at $14, with no immediate indicators of price increases. Holding my shares allows for potential dividend collection while waiting for future price appreciation. Given my current cash and share positions, retaining my shares is the optimal strategy at this time."
RA-MC-BT-PC-NT-OC-s140927,RA+MC+BT+PC+NT+OC,trader-11,RA,2,hold,0,0,0.0,0,,109.0,4,118.45,4,5.45,4.0,174.45,14.0,14.0,14.0,14.0,,"The current price of the asset is at its fundamental value of $14, and there is no expected excess return to justify a buy or sell action. Holding my current position of 4 shares allows me to benefit from potential dividends while avoiding unnecessary risk. Given the uncertainty of future dividends and the stable redemption value, holding is the optimal strategy."
RA-MC-BT-PC-NT-OC-s140927,RA+MC+BT+PC+NT+OC,trader-00,MC,3,buy,1,1,14.0,0,,118.45,4,128.37,4,5.92,4.0,184.37,14.0,14.0,14.0,14.0,,"The current price is at the fundamental value of $14, and I believe the price will remain stable in the short term. As a momentum chaser, I expect to take advantage of potential future price increases. With sufficient cash available, I will buy 1 additional share to maximize my wealth, especially since there have been no recent signals indicating a downward trend."
RA-MC-BT-PC-NT-OC-s140927,RA+MC+BT+PC+NT+OC,trader-01,NT,3,hold,0,0,0.0,0,,118.45,4,128.37,4,5.92,4.0,184.37,14.0,14.0,14.0,14.0,,"The fundamental value of the asset is expected to remain stable at $14 each period. Given that I have 4 shares and a cash position of $118.45, holding my position is prudent at this stage. This strategy allows me to maintain my shares for potential dividends while minimizing risk, as there are no clear market signals to prompt a buy or sell decision."
RA-MC-BT-PC-NT-OC-s140927,RA+MC+BT+PC+NT+OC,trader-02,OC,3,buy,7,7,13.0,0,,118.45,4,128.37,4,5.92,4.0,184.37,14.0,14.0,14.0,14.0,,"Given my contrarian approach and strong belief in a market recovery, I expect the price to rebound from the current levels. With my cash reserves, I can buy 7 additional shares at $13 each, capitalizing on the perceived undervaluation relative to the fundamental value of $14. This strategic purchase will enhance my position for future periods as I anticipate a recovery."
RA-MC-BT-PC-NT-OC-s140927,RA+MC+BT+PC+NT+OC,trader-03,PC,3,hold,0,0,0.0,0,,118.45,4,128.37,4,5.92,4.0,184.37,14.0,14.0,14.0,14.0,,"Given the fundamental value of the asset is $14, I will hold my current position (4 shares) instead of buying or selling. I plan to hold my shares for the first half of the trading period and reassess my strategy after period 15. This allows me to benefit from potential dividends while waiting for a clearer market direction."
RA-MC-BT-PC-NT-OC-s140927,RA+MC+BT+PC+NT+OC,trader-04,NT,3,hold,0,0,0.0,0,,118.45,4,128.37,4,5.92,4.0,184.37,14.0,14.0,14.0,14.0,,"The market price remains stable at the fundamental value of $14. I currently have 4 shares and $118.45 cash, which allows me to benefit from dividends and interest. Holding my position is the best choice to avoid risk and capitalize on dividends while waiting for more favorable market conditions."
RA-MC-BT-PC-NT-OC-s140927,RA+MC+BT+PC+NT+OC,trader-05,OC,3,buy,9,9,13.0,0,,118.45,4,128.37,4,5.92,4.0,184.37,14.0,14.0,14.0,14.0,,"As an overconfident contrarian, I believe the market will recover after any price drop. Given the last transaction price is $14 and I expect a price drop, I will place a limit buy order at $13.00, anticipating that the price will rebound. With my current cash of $118.45 and shares, I'm committed to acquiring more shares to maximize my final cash wealth, as I trust that my positions will recover in value."
RA-MC-BT-PC-NT-OC-s140927,RA+MC+BT+PC+NT+OC,trader-06,RA,3,hold,0,0,0.0,0,,118.45,4,128.37,4,5.92,4.0,184.37,14.0,14.0,14.0,14.0,,"The asset's fundamental value remains stable at $14, and with the expected dividends of $0.40 or $1.00, there is no compelling reason to buy or sell at this moment. Holding my current shares allows me to benefit from future dividends and the eventual redemption, while maintaining my cash position for potential future opportunities."
RA-MC-BT-PC-NT-OC-s140927,RA+MC+BT+PC+NT+OC,trader-07,PC,3,hold,0,0,0.0,0,,118.45,4,128.37,4,5.92,4.0,184.37,14.0,14.0,14.0,14.0,,"I will hold my position for this period. Given the fundamental value of the asset is $14 and the expected returns from dividends are uncertain, I prefer to maintain my current shares and cash. My plan is to buy in periods 5 and 10, and sell in periods 20 and 30, while holding shares in between to maximize returns. Holding now allows me to evaluate future market conditions without risking my current wealth."
RA-MC-BT-PC-NT-OC-s140927,RA+MC+BT+PC+NT+OC,trader-08,MC,3,buy,1,1,14.0,0,,118.45,4,128.37,4,5.92,4.0,184.37,14.0,14.0,14.0,14.0,,"The current price is at the fundamental value of $14, indicating stability. As a momentum chaser, I believe that this stability may lead to upward price movement. Given my cash position, I will buy 1 share to take advantage of potential price increases."
RA-MC-BT-PC-NT-OC-s140927,RA+MC+BT+PC+NT+OC,trader-09,BT,3,hold,0,0,0.0,0,,118.45,4,128.37,4,5.92,4.0,184.37,14.0,14.0,14.0,14.0,,"The current price is at the fundamental value of $14, which is expected to remain stable in the short term. Holding my 4 shares allows me to benefit from potential dividend payments in the upcoming periods. Selling now would not yield a better outcome than waiting for future opportunities, especially since the redemption value at the end is also $14. Therefore, I will hold my position."
RA-MC-BT-PC-NT-OC-s140927,RA+MC+BT+PC+NT+OC,trader-10,BT,3,hold,0,0,0.0,0,,118.45,4,128.37,4,5.92,4.0,184.37,14.0,14.0,14.0,14.0,,"The asset's fundamental value remains at $14, with no immediate indicators of price increases. Holding my shares allows for potential dividend collection while waiting for future price appreciation. Given my current cash and share positions, retaining my shares is the optimal strategy at this time."
RA-MC-BT-PC-NT-OC-s140927,RA+MC+BT+PC+NT+OC,trader-11,RA,3,hold,0,0,0.0,0,,118.45,4,128.37,4,5.92,4.0,184.37,14.0,14.0,14.0,14.0,,"The asset's current price is at its fundamental value of $14, with no expected excess return to justify buying or selling. Holding my 4 shares allows me to benefit from the potential dividends while avoiding risks associated with unnecessary trading. Given the stable redemption value and uncertain future dividends, maintaining my current position is the optimal strategy."
RA-MC-BT-PC-NT-OC-s140927,RA+MC+BT+PC+NT+OC,trader-00,MC,4,buy,1,1,14.0,0,,128.37,4,138.79,4,6.42,4.0,194.79,14.0,14.0,14.0,14.0,,"The price is currently at the fundamental value of $14, and I expect it to remain stable given the lack of recent price movements. As a momentum chaser, I believe buying an additional share now maximizes my potential for future gains, especially since I've had no signals indicating a downward trend. With sufficient cash available, this aligns with my strategy of capitalizing on potential price increases and dividends."
RA-MC-BT-PC-NT-OC-s140927,RA+MC+BT+PC+NT+OC,trader-01,NT,4,buy,1,1,14.0,0,,128.37,4,138.79,4,6.42,4.0,194.79,14.0,14.0,14.0,14.0,,"Given the current cash position of $128.37 and the fundamental value of $14, I will place a limit order to buy 1 share at $14. This purchase allows me to take advantage of the expected stability in the asset's value while maintaining a balanced portfolio, as I can afford it without risking my cash position. Holding more shares increases potential future dividend earnings."
RA-MC-BT-PC-NT-OC-s140927,RA+MC+BT+PC+NT+OC,trader-02,OC,4,buy,7,7,13.0,0,,128.37,4,138.79,4,6.42,4.0,194.79,14.0,14.0,14.0,14.0,,"Given my contrarian approach and strong belief in a market recovery, I expect the price to rebound from current levels. I have 12,837 cents in cash, allowing me to buy up to 9 shares at $13 each. However, I will submit a limit order to buy 7 additional shares at $13 each to capitalize on the perceived undervaluation relative to the fundamental value of $14. This strategic purchase will enhance my position for future periods as I anticipate a recovery."
RA-MC-BT-PC-NT-OC-s140927,RA+MC+BT+PC+NT+OC,trader-03,PC,4,hold,0,0,0.0,0,,128.37,4,138.79,4,6.42,4.0,194.79,14.0,14.0,14.0,14.0,,"Given the fundamental value of the asset is $14, I will hold my current position (4 shares) instead of buying or selling. I plan to hold my shares for the first half of the trading period and reassess my strategy after period 15. This allows me to benefit from potential dividends while waiting for a clearer market direction."
RA-MC-BT-PC-NT-OC-s140927,RA+MC+BT+PC+NT+OC,trader-04,NT,4,hold,0,0,0.0,0,,128.37,4,138.79,4,6.42,4.0,194.79,14.0,14.0,14.0,14.0,,"The market price remains stable at the fundamental value of $14. I currently have 4 shares and $128.37 cash, which allows me to benefit from dividends and interest. Holding my position is the best choice to avoid risk and capitalize on dividends while waiting for more favorable market conditions."
RA-MC-BT-PC-NT-OC-s140927,RA+MC+BT+PC+NT+OC,trader-05,OC,4,buy,2,2,12.5,0,,128.37,4,138.79,4,6.42,4.0,194.79,14.0,14.0,14.0,14.0,,"As an overconfident contrarian, I believe the market will recover after any price drop. Given the last transaction price is $14 and considering the likelihood of a price dip, I will place a limit buy order at $12.50 to acquire more shares. My cash position allows me to buy 2 more shares at this price, and I strongly trust that my positions will eventually recover to the fundamental value of $14."
RA-MC-BT-PC-NT-OC-s140927,RA+MC+BT+PC+NT+OC,trader-06,RA,4,hold,0,0,0.0,0,,128.37,4,138.79,4,6.42,4.0,194.79,14.0,14.0,14.0,14.0,,"The asset's fundamental value remains stable at $14, and with the expected dividends of $0.40 or $1.00, there is no compelling reason to buy or sell at this moment. Holding my current shares allows me to benefit from future dividends and the eventual redemption, while maintaining my cash position for potential future opportunities."
RA-MC-BT-PC-NT-OC-s140927,RA+MC+BT+PC+NT+OC,trader-07,PC,4,hold,0,0,0.0,0,,128.37,4,138.79,4,6.42,4.0,194.79,14.0,14.0,14.0,14.0,,"I will hold my position for this period. Given the fundamental value of the asset is $14 and the expected returns from dividends are uncertain, I prefer to maintain my current shares and cash. My plan is to buy in periods 5 and 10, and sell in periods 20 and 30, while holding shares in between to maximize returns. Holding now allows me to evaluate future market conditions without risking my current wealth."
RA-MC-BT-PC-NT-OC-s140927,RA+MC+BT+PC+NT+OC,trader-08,MC,4,buy,1,1,14.0,0,,128.37,4,138.79,4,6.42,4.0,194.79,14.0,14.0,14.0,14.0,,"The price remains at the fundamental value of $14, indicating stability. As a momentum chaser, I anticipate that this stability may lead to upward movement in the near future. Therefore, I will buy 1 share to capitalize on any potential price increases."
RA-MC-BT-PC-NT-OC-s140927,RA+MC+BT+PC+NT+OC,trader-09,BT,4,hold,0,0,0.0,0,,128.37,4,138.79,4,6.42,4.0,194.79,14.0,14.0,14.0,14.0,,"The current price is at the fundamental value of $14, and I have 4 shares. Holding allows me to benefit from potential dividend payments in the upcoming periods. Selling would not yield a better outcome than waiting for future opportunities, especially since the redemption value at the end is also $14. Therefore, I will hold my position."
RA-MC-BT-PC-NT-OC-s140927,RA+MC+BT+PC+NT+OC,trader-10,BT,4,hold,0,0,0.0,0,,128.37,4,138.79,4,6.42,4.0,194.79,14.0,14.0,14.0,14.0,,"The asset's fundamental value is $14, and the market has shown stability with no signs of immediate price increases. Holding shares allows me to collect dividends while waiting for potential price appreciation. Given my current cash and share positions are stable, the optimal strategy for now is to hold."
RA-MC-BT-PC-NT-OC-s140927,RA+MC+BT+PC+NT+OC,trader-11,RA,4,hold,0,0,0.0,0,,128.37,4,138.79,4,6.42,4.0,194.79,14.0,14.0,14.0,14.0,,"The asset's current price is at its fundamental value of $14, with no expected excess return to justify buying or selling. Holding my 4 shares allows me to benefit from the potential dividends while avoiding risks associated with unnecessary trading. Given the stable redemption value and uncertain future dividends, maintaining my current position is the optimal strategy."
RA-MC-BT-PC-NT-OC-s140927,RA+MC+BT+PC+NT+OC,trader-00,MC,5,buy,1,1,14.0,0,,138.79,4,149.73,4,6.94,4.0,205.73,14.0,14.0,14.0,14.0,,"The current price is at the fundamental value of $14, and there have been no recent price movements indicating a trend. As a momentum chaser, I expect prices to remain stable or increase. Therefore, I will buy 1 additional share to maximize my potential for future gains and dividends, aligning with my strategy."
RA-MC-BT-PC-NT-OC-s140927,RA+MC+BT+PC+NT+OC,trader-01,NT,5,buy,1,1,14.0,0,,138.79,4,149.73,4,6.94,4.0,205.73,14.0,14.0,14.0,14.0,,"Given my stable cash position of $138.79 and the current price of $14, I will place a limit order to buy 1 share at $14. This aligns with the fundamental value of the asset, and buying now increases my potential future dividend earnings while maintaining a balanced portfolio. Holding more shares is beneficial for maximizing cash wealth in the long run."
RA-MC-BT-PC-NT-OC-s140927,RA+MC+BT+PC+NT+OC,trader-02,OC,5,buy,7,7,13.0,0,,138.79,4,149.73,4,6.94,4.0,205.73,14.0,14.0,14.0,14.0,,"I remain confident in my contrarian strategy, anticipating a market recovery. With the current price at $13, which is below the fundamental value of $14, I will submit a limit order to buy 7 additional shares. This will enhance my position, as I believe the market will rebound and allow me to capitalize on the expected appreciation of my holdings."
RA-MC-BT-PC-NT-OC-s140927,RA+MC+BT+PC+NT+OC,trader-03,PC,5,hold,0,0,0.0,0,,138.79,4,149.73,4,6.94,4.0,205.73,14.0,14.0,14.0,14.0,,"Given the fundamental value of the asset is $14, I will hold my current position (4 shares) instead of buying or selling. I plan to hold my shares for the first half of the trading period and reassess my strategy after period 15. This allows me to benefit from potential dividends while waiting for a clearer market direction."
RA-MC-BT-PC-NT-OC-s140927,RA+MC+BT+PC+NT+OC,trader-04,NT,5,hold,0,0,0.0,0,,138.79,4,149.73,4,6.94,4.0,205.73,14.0,14.0,14.0,14.0,,"The market price remains stable at the fundamental value of $14. I currently have 4 shares and $138.79 cash, which allows me to benefit from dividends and interest. Holding my position is the best choice to avoid risk and capitalize on dividends while waiting for more favorable market conditions."
RA-MC-BT-PC-NT-OC-s140927,RA+MC+BT+PC+NT+OC,trader-05,OC,5,buy,2,2,12.0,0,,138.79,4,149.73,4,6.94,4.0,205.73,14.0,14.0,14.0,14.0,,"As an overconfident contrarian, I believe the market will recover after any price drop. Given my strong conviction and the current cash position, I will place a limit buy order at $12.00 to acquire more shares, anticipating that the price will rebound to its fundamental value of $14. My past experience reinforces my belief that the market will recover, and I want to maximize my holdings while the price is lower."
RA-MC-BT-PC-NT-OC-s140927,RA+MC+BT+PC+NT+OC,trader-06,RA,5,hold,0,0,0.0,0,,138.79,4,149.73,4,6.94,4.0,205.73,14.0,14.0,14.0,14.0,,"The asset's fundamental value remains stable at $14, and the expected dividends of $0.40 or $1.00 do not provide a compelling reason to buy or sell at this moment. Holding my current shares allows me to benefit from future dividends and the eventual redemption, while maintaining my cash position for potential future opportunities."
RA-MC-BT-PC-NT-OC-s140927,RA+MC+BT+PC+NT+OC,trader-07,PC,5,buy,1,1,14.0,0,,138.79,4,149.73,4,6.94,4.0,205.73,14.0,14.0,14.0,14.0,,"I will buy 1 share this period at the limit price of $14. My plan is to buy in periods 5 and 10, and sell in periods 20 and 30. With my current cash of $138.79 (or $1387.9 cents), I can afford to buy at the reference price of $14, which aligns with the fundamental value of the asset. This purchase will allow me to increase my shareholdings and potentially benefit from future dividends while still maintaining a cash reserve for my next planned buy."
RA-MC-BT-PC-NT-OC-s140927,RA+MC+BT+PC+NT+OC,trader-08,MC,5,buy,1,1,14.0,0,,138.79,4,149.73,4,6.94,4.0,205.73,14.0,14.0,14.0,14.0,,"The current price is stable at $14, which aligns with the fundamental value. As a momentum chaser, I believe that this stability may lead to potential upward movement. I will buy 1 share to capitalize on this trend, given my cash reserves allow for this purchase."
RA-MC-BT-PC-NT-OC-s140927,RA+MC+BT+PC+NT+OC,trader-09,BT,5,hold,0,0,0.0,0,,138.79,4,149.73,4,6.94,4.0,205.73,14.0,14.0,14.0,14.0,,"The current price is at the fundamental value of $14, and I have 4 shares. Holding allows me to benefit from potential dividend payments in the upcoming periods. Selling would not yield a better outcome than waiting for future opportunities, especially since the redemption value at the end is also $14. Therefore, I will hold my position."
RA-MC-BT-PC-NT-OC-s140927,RA+MC+BT+PC+NT+OC,trader-10,BT,5,hold,0,0,0.0,0,,138.79,4,149.73,4,6.94,4.0,205.73,14.0,14.0,14.0,14.0,,"The asset's fundamental value remains at $14, and there are no immediate signs of price increases. Holding my shares allows me to collect dividends while waiting for potential price appreciation. Given my current cash and share positions, holding is the optimal strategy at this time."
RA-MC-BT-PC-NT-OC-s140927,RA+MC+BT+PC+NT+OC,trader-11,RA,5,hold,0,0,0.0,0,,138.79,4,149.73,4,6.94,4.0,205.73,14.0,14.0,14.0,14.0,,"The current price of the asset is at its fundamental value of $14, and there is no expected excess return to justify a buy or sell action. Holding my current position of 4 shares allows me to benefit from potential dividends while avoiding unnecessary risk. Given the stable redemption value and uncertain future dividends, maintaining my current position is the optimal strategy."
RA-MC-BT-PC-NT-OC-s140927,RA+MC+BT+PC+NT+OC,trader-00,MC,6,buy,1,1,14.0,0,,149.73,4,161.22,4,7.49,4.0,217.22,14.0,14.0,14.0,14.0,,"The current price is at the fundamental value of $14, and I expect it to remain stable given the lack of recent price movements. As a momentum chaser, I believe buying an additional share now maximizes my potential for future gains, especially since I've had no signals indicating a downward trend. With sufficient cash available, this aligns with my strategy of capitalizing on potential price increases and dividends."
RA-MC-BT-PC-NT-OC-s140927,RA+MC+BT+PC+NT+OC,trader-01,NT,6,buy,1,1,14.0,0,,149.73,4,161.22,4,7.49,4.0,217.22,14.0,14.0,14.0,14.0,,"Given my cash position of $149.73 and the current price of $14, I will place a limit order to buy 1 share at $14. This aligns with the fundamental value of the asset, and buying now increases my potential future dividend earnings while maintaining a balanced portfolio. Holding more shares is beneficial for maximizing cash wealth in the long run."
RA-MC-BT-PC-NT-OC-s140927,RA+MC+BT+PC+NT+OC,trader-02,OC,6,buy,7,7,13.0,0,,149.73,4,161.22,4,7.49,4.0,217.22,14.0,14.0,14.0,14.0,,"I believe the current price of $13 is below the fundamental value of $14, and as an overconfident contrarian, I anticipate a market recovery. Buying 7 additional shares at this price will strengthen my position for future periods, as I trust the market will rebound, allowing me to capitalize on the expected appreciation of my holdings."
RA-MC-BT-PC-NT-OC-s140927,RA+MC+BT+PC+NT+OC,trader-03,PC,6,hold,0,0,0.0,0,,149.73,4,161.22,4,7.49,4.0,217.22,14.0,14.0,14.0,14.0,,"Given the fundamental value of the asset is $14, I will continue to hold my current position of 4 shares instead of buying or selling. I plan to maintain this strategy through the first half of the trading periods, reassessing my plan after period 15. This allows me to benefit from potential dividends while waiting for a clearer market direction."
RA-MC-BT-PC-NT-OC-s140927,RA+MC+BT+PC+NT+OC,trader-04,NT,6,hold,0,0,0.0,0,,149.73,4,161.22,4,7.49,4.0,217.22,14.0,14.0,14.0,14.0,,"The market price is expected to remain stable at the fundamental value of $14. Given that I currently have 4 shares and $149.73 cash, holding my position is the best strategy. This allows me to continue benefiting from dividends and interest while waiting for more favorable market conditions in future periods. I have consistently held my position to minimize risk and maximize potential returns."
RA-MC-BT-PC-NT-OC-s140927,RA+MC+BT+PC+NT+OC,trader-05,OC,6,buy,2,2,11.5,0,,149.73,4,161.22,4,7.49,4.0,217.22,14.0,14.0,14.0,14.0,,"As an overconfident contrarian, I believe the market will recover after any price drop. The last transaction price is $14, and I anticipate that the price will dip further. Therefore, I will place a limit buy order at $11.50 to acquire more shares, trusting that the market will rebound to its fundamental value of $14. My current cash position allows me to buy 2 more shares at this price, maximizing my holdings while the price is lower."
RA-MC-BT-PC-NT-OC-s140927,RA+MC+BT+PC+NT+OC,trader-06,RA,6,hold,0,0,0.0,0,,149.73,4,161.22,4,7.49,4.0,217.22,14.0,14.0,14.0,14.0,,"The asset's fundamental value is stable at $14, and with the expected dividends of $0.40 or $1.00, there is no compelling reason to buy or sell at this moment. Holding my current shares allows me to benefit from future dividends and the eventual redemption, while maintaining my cash position for potential future opportunities."
RA-MC-BT-PC-NT-OC-s140927,RA+MC+BT+PC+NT+OC,trader-07,PC,6,buy,1,1,14.0,0,,149.73,4,161.22,4,7.49,4.0,217.22,14.0,14.0,14.0,14.0,,"I will buy 1 share this period at the limit price of $14. My plan is to buy in periods 5 and 10, and sell in periods 20 and 30. With my current cash of $149.73 (or $1497.3 cents), I can afford to buy at the reference price of $14, which aligns with the fundamental value of the asset. This purchase will allow me to increase my shareholdings and potentially benefit from future dividends while still maintaining a cash reserve for my next planned buy."
RA-MC-BT-PC-NT-OC-s140927,RA+MC+BT+PC+NT+OC,trader-08,MC,6,buy,1,1,14.0,0,,149.73,4,161.22,4,7.49,4.0,217.22,14.0,14.0,14.0,14.0,,"The current price remains stable at the fundamental value of $14, which suggests continued stability. As a momentum chaser, I believe that maintaining this price may lead to upward movement. Given my cash position, I will buy 1 share to capitalize on this trend and position myself for potential price increases."
RA-MC-BT-PC-NT-OC-s140927,RA+MC+BT+PC+NT+OC,trader-09,BT,6,hold,0,0,0.0,0,,149.73,4,161.22,4,7.49,4.0,217.22,14.0,14.0,14.0,14.0,,"The current price is at the fundamental value of $14, and my analysis suggests it will remain stable in the near term. Holding my 4 shares allows me to benefit from potential dividend payments in the upcoming periods, and selling now would not provide a better outcome. Given the expected redemption value of $14 at the end, I will maintain my position."
RA-MC-BT-PC-NT-OC-s140927,RA+MC+BT+PC+NT+OC,trader-10,BT,6,hold,0,0,0.0,0,,149.73,4,161.22,4,7.49,4.0,217.22,14.0,14.0,14.0,14.0,,"The asset's fundamental value is consistently at $14, and there are no indications of immediate price increases. Holding my shares allows me to collect dividends while waiting for potential price appreciation. Given my current cash and share positions are stable, the optimal strategy for now is to hold."
RA-MC-BT-PC-NT-OC-s140927,RA+MC+BT+PC+NT+OC,trader-11,RA,6,hold,0,0,0.0,0,,149.73,4,161.22,4,7.49,4.0,217.22,14.0,14.0,14.0,14.0,,"The current price of the asset is at its fundamental value of $14, and there is no expected excess return to justify any buy or sell action. Holding my current position of 4 shares allows me to benefit from potential dividends while avoiding unnecessary risk. Given the stable redemption value and the uncertainty of future dividends, maintaining my current position is the optimal strategy."
RA-MC-BT-PC-NT-OC-s140927,RA+MC+BT+PC+NT+OC,trader-00,MC,7,buy,1,1,14.0,0,,161.22,4,173.28,4,8.06,4.0,229.28,14.0,14.0,14.0,14.0,,"The current price is at the fundamental value of $14, and I believe it is likely to remain stable or increase in the near term. As a momentum chaser, I will seize the opportunity to buy 1 additional share. Given my current cash position and the lack of recent price movements indicating a downward trend, this aligns with my strategy to maximize potential future gains and dividends."
RA-MC-BT-PC-NT-OC-s140927,RA+MC+BT+PC+NT+OC,trader-01,NT,7,buy,1,1,14.0,0,,161.22,4,173.28,4,8.06,4.0,229.28,14.0,14.0,14.0,14.0,,"With my current cash position of $161.22 and the stable fundamental value of the asset at $14, I will place a limit order to buy 1 share at $14. Purchasing another share increases my potential dividend earnings while maintaining a balanced portfolio. This aligns with my strategy to maximize cash wealth in the long run, especially as dividends are likely to be $1.00 or $0.40 each period."
RA-MC-BT-PC-NT-OC-s140927,RA+MC+BT+PC+NT+OC,trader-02,OC,7,buy,7,7,13.0,0,,161.22,4,173.28,4,8.06,4.0,229.28,13.0,14.0,14.0,14.0,,"I remain confident in my contrarian strategy, anticipating a market recovery. The current price is $13, which is below the fundamental value of $14. I will submit a limit order to buy 7 additional shares at this price, as I believe the market will rebound, allowing me to capitalize on the expected appreciation of my holdings."
RA-MC-BT-PC-NT-OC-s140927,RA+MC+BT+PC+NT+OC,trader-03,PC,7,hold,0,0,0.0,0,,161.22,4,173.28,4,8.06,4.0,229.28,14.0,14.0,14.0,14.0,,"Given the fundamental value of the asset is $14, I will continue to hold my current position of 4 shares instead of buying or selling. I plan to maintain this strategy through the first half of the trading periods, reassessing my plan after period 15. This allows me to benefit from potential dividends while waiting for a clearer market direction."
RA-MC-BT-PC-NT-OC-s140927,RA+MC+BT+PC+NT+OC,trader-04,NT,7,hold,0,0,0.0,0,,161.22,4,173.28,4,8.06,4.0,229.28,14.0,14.0,14.0,14.0,,"The market price is expected to remain stable at the fundamental value of $14. With 4 shares and $161.22 cash, I can continue to benefit from dividends and interest by holding my position. This strategy minimizes risk while positioning myself for potential gains in future periods."
RA-MC-BT-PC-NT-OC-s140927,RA+MC+BT+PC+NT+OC,trader-05,OC,7,buy,4,4,11.0,0,,161.22,4,173.28,4,8.06,4.0,229.28,14.0,14.0,14.0,14.0,,"As an overconfident contrarian, I believe the market will recover after any price drop. Given my strong belief in the asset's fundamental value of $14 and the recent downward trend, I will place a limit buy order at $11.00 to acquire more shares, as I expect the price to rebound. My current cash position allows me to buy 4 more shares at this price, maximizing my holdings while the price is lower."
RA-MC-BT-PC-NT-OC-s140927,RA+MC+BT+PC+NT+OC,trader-06,RA,7,hold,0,0,0.0,0,,161.22,4,173.28,4,8.06,4.0,229.28,14.0,14.0,14.0,14.0,,"The asset's fundamental value remains stable at $14, and with expected dividends of $0.40 or $1.00, there is no compelling reason to buy or sell at this moment. Holding my current shares allows me to benefit from future dividends and the eventual redemption, while maintaining my cash position for potential future opportunities."
RA-MC-BT-PC-NT-OC-s140927,RA+MC+BT+PC+NT+OC,trader-07,PC,7,hold,0,0,0.0,0,,161.22,4,173.28,4,8.06,4.0,229.28,14.0,14.0,14.0,14.0,,"I will hold my position for this period. Given the fundamental value of the asset is $14 and my plan is to buy in periods 5 and 10, and sell in periods 20 and 30, holding now allows me to maintain my current shares and cash without risking my wealth. This strategy enables me to evaluate future market conditions while expecting dividends from my shares."
RA-MC-BT-PC-NT-OC-s140927,RA+MC+BT+PC+NT+OC,trader-08,MC,7,buy,1,1,14.0,0,,161.22,4,173.28,4,8.06,4.0,229.28,14.0,14.0,14.0,14.0,,"The price remains stable at the fundamental value of $14, indicating no immediate downward pressure. As a momentum chaser, I believe this stability suggests potential for upward movement. Given my current cash position, I will buy 1 share to capitalize on this opportunity and position myself for future price increases."
RA-MC-BT-PC-NT-OC-s140927,RA+MC+BT+PC+NT+OC,trader-09,BT,7,hold,0,0,0.0,0,,161.22,4,173.28,4,8.06,4.0,229.28,14.0,14.0,14.0,14.0,,"The current price is at the fundamental value of $14, which is expected to remain stable in the short term. Holding my 4 shares allows me to benefit from potential future dividend payments and avoids the risk of selling at a price that may not reflect the intrinsic value. Given the consistent dividends and the expected redemption value of $14 at the end, maintaining my position is the best strategy at this time."
RA-MC-BT-PC-NT-OC-s140927,RA+MC+BT+PC+NT+OC,trader-10,BT,7,hold,0,0,0.0,0,,161.22,4,173.28,4,8.06,4.0,229.28,14.0,14.0,14.0,14.0,,"The asset's fundamental value remains at $14, and there are no immediate indicators of price increases. Holding my shares allows me to collect dividends while waiting for potential price appreciation. Given my current cash and share positions are stable, retaining my shares is the optimal strategy at this time."
RA-MC-BT-PC-NT-OC-s140927,RA+MC+BT+PC+NT+OC,trader-11,RA,7,hold,0,0,0.0,0,,161.22,4,173.28,4,8.06,4.0,229.28,14.0,14.0,14.0,14.0,,"The asset's current price is at its fundamental value of $14, with no expected excess return to justify buying or selling. Holding my 4 shares allows me to benefit from the potential dividends while avoiding risks associated with unnecessary trading. Given the stable redemption value and uncertain future dividends, maintaining my current position is the optimal strategy."
RA-MC-BT-PC-NT-OC-s140927,RA+MC+BT+PC+NT+OC,trader-00,MC,8,buy,1,1,14.0,0,,173.28,4,183.54,4,8.66,1.6,239.54,14.0,14.0,14.0,14.0,,"The current price is at the fundamental value of $14, and there have been no recent price movements indicating a downward trend. As a momentum chaser, I believe buying an additional share now maximizes my potential for future gains, especially since I've had no signals indicating a downward trend. With sufficient cash available, this aligns with my strategy of capitalizing on potential price increases and dividends."
RA-MC-BT-PC-NT-OC-s140927,RA+MC+BT+PC+NT+OC,trader-01,NT,8,buy,1,1,14.0,0,,173.28,4,183.54,4,8.66,1.6,239.54,14.0,14.0,14.0,14.0,,"Given my current cash position of $173.28 and the stable fundamental value of the asset at $14, I will place a limit order to buy 1 share at $14. This purchase aligns with my strategy to increase potential dividend earnings while maintaining a balanced portfolio. With dividends expected to be either $0.40 or $1.00 per share, holding more shares maximizes my cash wealth in the long run."
RA-MC-BT-PC-NT-OC-s140927,RA+MC+BT+PC+NT+OC,trader-02,OC,8,buy,7,7,13.0,0,,173.28,4,183.54,4,8.66,1.6,239.54,14.0,14.0,14.0,14.0,,"I remain confident in my contrarian strategy and believe the current price of $13 is below the fundamental value of $14. I will submit a limit order to buy 7 additional shares at this price, as I expect the market to rebound and I want to capitalize on the perceived undervaluation. This purchase will strengthen my position for future periods while I wait for my previous holdings to recover."
RA-MC-BT-PC-NT-OC-s140927,RA+MC+BT+PC+NT+OC,trader-03,PC,8,hold,0,0,0.0,0,,173.28,4,183.54,4,8.66,1.6,239.54,14.0,14.0,14.0,14.0,,"Given the fundamental value of the asset is $14, I will continue to hold my current position of 4 shares instead of buying or selling. I plan to hold my shares for the first half of the trading periods and reassess my strategy after period 15. This allows me to benefit from potential dividends while waiting for a clearer market direction."
RA-MC-BT-PC-NT-OC-s140927,RA+MC+BT+PC+NT+OC,trader-04,NT,8,hold,0,0,0.0,0,,173.28,4,183.54,4,8.66,1.6,239.54,14.0,14.0,14.0,14.0,,"The market price remains stable at the fundamental value of $14, which aligns with my forecasts. Holding my current position of 4 shares and $173.28 cash allows me to benefit from dividends and interest while minimizing risk. I have not seen any significant indicators to suggest a change in market conditions, so maintaining my position is prudent."
RA-MC-BT-PC-NT-OC-s140927,RA+MC+BT+PC+NT+OC,trader-05,OC,8,buy,4,4,10.5,0,,173.28,4,183.54,4,8.66,1.6,239.54,14.0,14.0,14.0,14.0,,"As an overconfident contrarian, I believe the market will recover after any price drop. Given my strong conviction in the asset's fundamental value of $14 and the continued downward trend, I will place a limit buy order at $10.50 to acquire more shares. I trust that the prices will rebound, and I want to maximize my holdings while they are significantly lower than the fundamental value."
RA-MC-BT-PC-NT-OC-s140927,RA+MC+BT+PC+NT+OC,trader-06,RA,8,hold,0,0,0.0,0,,173.28,4,183.54,4,8.66,1.6,239.54,14.0,14.0,14.0,14.0,,"The asset's fundamental value remains stable at $14, and the expected dividends of $0.40 or $1.00 do not provide a compelling reason to buy or sell at this moment. Holding my current shares allows me to benefit from future dividends and the eventual redemption, while maintaining my cash position for potential future opportunities."
RA-MC-BT-PC-NT-OC-s140927,RA+MC+BT+PC+NT+OC,trader-07,PC,8,hold,0,0,0.0,0,,173.28,4,183.54,4,8.66,1.6,239.54,14.0,14.0,14.0,14.0,,"I will hold my position for this period. Given the fundamental value of the asset is $14 and my plan is to buy in periods 5 and 10, and sell in periods 20 and 30, holding now allows me to maintain my current shares and cash without risking my wealth. This strategy enables me to evaluate future market conditions while expecting dividends from my shares."
RA-MC-BT-PC-NT-OC-s140927,RA+MC+BT+PC+NT+OC,trader-08,MC,8,buy,1,1,14.0,0,,173.28,4,183.54,4,8.66,1.6,239.54,14.0,14.0,14.0,14.0,,"The current price remains stable at the fundamental value of $14, which suggests continued stability. As a momentum chaser, I believe that maintaining this price may lead to upward movement. Given my cash position, I will buy 1 share to capitalize on this trend and position myself for potential price increases."
RA-MC-BT-PC-NT-OC-s140927,RA+MC+BT+PC+NT+OC,trader-09,BT,8,hold,0,0,0.0,0,,173.28,4,183.54,4,8.66,1.6,239.54,14.0,14.0,14.0,14.0,,"The current price is at the fundamental value of $14, which has remained stable over the previous periods. I have 4 shares, and holding allows me to benefit from potential dividend payments in the upcoming periods. Selling now would not yield a better outcome than waiting for future opportunities, especially with the expected redemption value at the end being also $14. Therefore, I will hold my position."
RA-MC-BT-PC-NT-OC-s140927,RA+MC+BT+PC+NT+OC,trader-10,BT,8,hold,0,0,0.0,0,,173.28,4,183.54,4,8.66,1.6,239.54,14.0,14.0,14.0,14.0,,"The asset's fundamental value remains at $14, with no indications of immediate price increases. Holding my shares allows me to collect dividends while waiting for potential price appreciation. Given my current cash and share positions, retaining my shares is the optimal strategy at this time."
RA-MC-BT-PC-NT-OC-s140927,RA+MC+BT+PC+NT+OC,trader-11,RA,8,hold,0,0,0.0,0,,173.28,4,183.54,4,8.66,1.6,239.54,14.0,14.0,14.0,14.0,,"The asset's current price is at its fundamental value of $14, with no expected excess return to justify buying or selling. Holding my 4 shares allows me to benefit from the potential dividends while avoiding risks associated with unnecessary trading. Given the stable redemption value and uncertain future dividends, maintaining my current position is the optimal strategy."
RA-MC-BT-PC-NT-OC-s140927,RA+MC+BT+PC+NT+OC,trader-00,MC,9,buy,1,1,14.0,0,,183.54,4,196.72,4,9.18,4.0,252.72,14.0,14.0,14.0,14.0,,"The current price is at the fundamental value of $14, and there has been no recent downward trend. As a momentum chaser, I believe buying an additional share now aligns with my strategy of maximizing potential future gains and dividends. With sufficient cash available, this decision capitalizes on the stability of the current price."
RA-MC-BT-PC-NT-OC-s140927,RA+MC+BT+PC+NT+OC,trader-01,NT,9,buy,1,1,14.0,0,,183.54,4,196.72,4,9.18,4.0,252.72,14.0,14.0,14.0,14.0,,"The fundamental value of the asset is expected to remain stable at $14 each period. With a cash position of $183.54, I can afford to buy 1 share at the current price of $14. This purchase increases my potential future dividend earnings while maintaining a balanced portfolio. Holding more shares maximizes my cash wealth in the long run, especially considering the expected dividends of $0.40 or $1.00."
RA-MC-BT-PC-NT-OC-s140927,RA+MC+BT+PC+NT+OC,trader-02,OC,9,buy,7,7,13.0,0,,183.54,4,196.72,4,9.18,4.0,252.72,14.0,14.0,14.0,14.0,,"I remain confident in my contrarian strategy and believe the current price of $13 is below the fundamental value of $14. I will submit a limit order to buy 7 additional shares at this price, as I expect the market to rebound and I want to capitalize on the perceived undervaluation. This purchase will strengthen my position for future periods while I wait for my previous holdings to recover."
RA-MC-BT-PC-NT-OC-s140927,RA+MC+BT+PC+NT+OC,trader-03,PC,9,hold,0,0,0.0,0,,183.54,4,196.72,4,9.18,4.0,252.72,14.0,14.0,14.0,14.0,,"Given the fundamental value of the asset is $14, I will continue to hold my current position of 4 shares instead of buying or selling. I plan to maintain this strategy through the first half of the trading periods, reassessing my plan after period 15. This allows me to benefit from potential dividends while waiting for a clearer market direction."
RA-MC-BT-PC-NT-OC-s140927,RA+MC+BT+PC+NT+OC,trader-04,NT,9,hold,0,0,0.0,0,,183.54,4,196.72,4,9.18,4.0,252.72,14.0,14.0,14.0,14.0,,"The current market price aligns with the fundamental value of $14. Given my position of 4 shares and $183.54 cash, holding allows me to benefit from potential dividends while avoiding unnecessary risk. There's no indication of price change, and I will continue to wait for more favorable conditions."
RA-MC-BT-PC-NT-OC-s140927,RA+MC+BT+PC+NT+OC,trader-05,OC,9,buy,4,4,10.0,0,,183.54,4,196.72,4,9.18,4.0,252.72,14.0,14.0,14.0,14.0,,"As an overconfident contrarian, I believe the market is currently undervalued and will recover to its fundamental value of $14. Given my strong conviction and the current price trend, I will place a limit buy order at $10.00 to acquire more shares, taking advantage of the lower price and maximizing my holdings. I expect that the market will rebound, and I trust my positions will recover in value."
RA-MC-BT-PC-NT-OC-s140927,RA+MC+BT+PC+NT+OC,trader-06,RA,9,hold,0,0,0.0,0,,183.54,4,196.72,4,9.18,4.0,252.72,14.0,14.0,14.0,14.0,,"The asset's fundamental value remains stable at $14, and with the expected dividends of $0.40 or $1.00, there is no compelling reason to buy or sell at this moment. Holding my current shares allows me to benefit from future dividends and the eventual redemption, while maintaining my cash position for potential future opportunities."
RA-MC-BT-PC-NT-OC-s140927,RA+MC+BT+PC+NT+OC,trader-07,PC,9,hold,0,0,0.0,0,,183.54,4,196.72,4,9.18,4.0,252.72,14.0,14.0,14.0,14.0,,"I will hold my position for this period. Given the fundamental value of the asset is $14 and my plan is to buy in periods 5 and 10, and sell in periods 20 and 30, holding now allows me to maintain my current shares and cash without risking my wealth. This strategy enables me to evaluate future market conditions while expecting dividends from my shares."
RA-MC-BT-PC-NT-OC-s140927,RA+MC+BT+PC+NT+OC,trader-08,MC,9,buy,1,1,14.0,0,,183.54,4,196.72,4,9.18,4.0,252.72,14.0,14.0,14.0,14.0,,"The current price remains stable at the fundamental value of $14, suggesting no immediate downward pressure. As a momentum chaser, I believe this stability indicates the potential for upward movement. Given my current cash position, I will buy 1 share to capitalize on this opportunity and position myself for future price increases."
RA-MC-BT-PC-NT-OC-s140927,RA+MC+BT+PC+NT+OC,trader-09,BT,9,hold,0,0,0.0,0,,183.54,4,196.72,4,9.18,4.0,252.72,14.0,14.0,14.0,14.0,,"The current price is at the fundamental value of $14, which has remained stable over previous periods. Holding my 4 shares allows me to benefit from potential dividend payments in the upcoming periods. Given that the redemption value at the end is also $14, selling now would not yield a better outcome. Therefore, I will maintain my position."
RA-MC-BT-PC-NT-OC-s140927,RA+MC+BT+PC+NT+OC,trader-10,BT,9,hold,0,0,0.0,0,,183.54,4,196.72,4,9.18,4.0,252.72,14.0,14.0,14.0,14.0,,"The asset's fundamental value remains at $14, and I have not observed any indicators of immediate price increases. Holding my shares allows me to collect dividends while waiting for potential price appreciation. Given my current cash and share positions, retaining my shares is the optimal strategy at this time."
RA-MC-BT-PC-NT-OC-s140927,RA+MC+BT+PC+NT+OC,trader-11,RA,9,hold,0,0,0.0,0,,183.54,4,196.72,4,9.18,4.0,252.72,14.0,14.0,14.0,14.0,,"The asset's current price is at its fundamental value of $14, with no expected excess return to justify buying or selling. Holding my 4 shares allows me to benefit from the potential dividends while avoiding risks associated with unnecessary trading. Given the stable redemption value and uncertain future dividends, maintaining my current position is the optimal strategy."
RA-MC-BT-PC-NT-OC-s140927,RA+MC+BT+PC+NT+OC,trader-00,MC,10,buy,1,1,14.0,0,,196.72,4,210.56,4,9.84,4.0,266.56,14.0,14.0,14.0,14.0,,"The current price is at the fundamental value of $14, and there have been no recent price movements indicating a downward trend. As a momentum chaser, I believe buying an additional share now maximizes my potential for future gains, especially since I've had no signals indicating a downward trend. With sufficient cash available, this aligns with my strategy of capitalizing on potential price increases and dividends."
RA-MC-BT-PC-NT-OC-s140927,RA+MC+BT+PC+NT+OC,trader-01,NT,10,buy,1,1,14.0,0,,196.72,4,210.56,4,9.84,4.0,266.56,14.0,14.0,14.0,14.0,,"Given the current cash position of $196.72 and the stable fundamental value of the asset at $14, I will place a limit order to buy 1 share at $14. This purchase aligns with my strategy to maximize potential future dividend earnings while maintaining a balanced portfolio. Holding more shares is beneficial for maximizing cash wealth in the long run, especially considering the expected dividends of $0.40 or $1.00."
RA-MC-BT-PC-NT-OC-s140927,RA+MC+BT+PC+NT+OC,trader-02,OC,10,buy,7,7,13.0,0,,196.72,4,210.56,4,9.84,4.0,266.56,14.0,14.0,14.0,14.0,,"As an overconfident contrarian, I believe the current market price of $13 is below its fundamental value of $14. I anticipate a market recovery, so I will buy 7 additional shares at this price to strengthen my position. This aligns with my strategy of capitalizing on perceived undervaluation, and I trust that my previous holdings will also recover in time."
RA-MC-BT-PC-NT-OC-s140927,RA+MC+BT+PC+NT+OC,trader-03,PC,10,hold,0,0,0.0,0,,196.72,4,210.56,4,9.84,4.0,266.56,14.0,14.0,14.0,14.0,,"Given the fundamental value of the asset is $14, I will continue to hold my current position of 4 shares instead of buying or selling. I plan to maintain this strategy through the first half of the trading periods, reassessing my plan after period 15. This allows me to benefit from potential dividends while waiting for a clearer market direction."
RA-MC-BT-PC-NT-OC-s140927,RA+MC+BT+PC+NT+OC,trader-04,NT,10,hold,0,0,0.0,0,,196.72,4,210.56,4,9.84,4.0,266.56,14.0,14.0,14.0,14.0,,"The market price is expected to remain stable at the fundamental value of $14, which aligns with my forecasts. Holding my current position of 4 shares and $196.72 cash allows me to benefit from dividends and interest while minimizing risk. There is no indication of price change, and I will continue to wait for more favorable conditions."
RA-MC-BT-PC-NT-OC-s140927,RA+MC+BT+PC+NT+OC,trader-05,OC,10,buy,2,2,9.0,0,,196.72,4,210.56,4,9.84,4.0,266.56,14.0,14.0,14.0,14.0,,"As an overconfident contrarian, I believe the market is currently undervalued and will recover to its fundamental value of $14. The recent price trend indicates a drop, and I want to capitalize on this opportunity. I will place a limit buy order at $9.00 to acquire 2 more shares, trusting that the market will rebound to its intrinsic value. I anticipate that the price will recover, and my positions will eventually yield higher returns."
RA-MC-BT-PC-NT-OC-s140927,RA+MC+BT+PC+NT+OC,trader-06,RA,10,hold,0,0,0.0,0,,196.72,4,210.56,4,9.84,4.0,266.56,14.0,14.0,14.0,14.0,,"The asset's fundamental value remains stable at $14, and with the expected dividends of $0.40 or $1.00, there is no compelling reason to buy or sell at this moment. Holding my current shares allows me to benefit from future dividends and the eventual redemption, while maintaining my cash position for potential future opportunities."
RA-MC-BT-PC-NT-OC-s140927,RA+MC+BT+PC+NT+OC,trader-07,PC,10,buy,1,1,14.0,0,,196.72,4,210.56,4,9.84,4.0,266.56,14.0,14.0,14.0,14.0,,"I will buy 1 share this period at the limit price of $14. My plan is to buy in periods 5 and 10, and sell in periods 20 and 30. With my current cash of $196.72 (or $1967.2 cents), I can afford to buy at the reference price of $14, which aligns with the fundamental value of the asset. This purchase will allow me to increase my shareholdings and potentially benefit from future dividends while still maintaining a cash reserve for my next planned buy."
RA-MC-BT-PC-NT-OC-s140927,RA+MC+BT+PC+NT+OC,trader-08,MC,10,buy,1,1,14.0,0,,196.72,4,210.56,4,9.84,4.0,266.56,14.0,14.0,14.0,14.0,,"The current price remains stable at the fundamental value of $14, suggesting no immediate downward pressure. As a momentum chaser, I believe this stability indicates potential for upward movement. Given my cash position, I will buy 1 share to capitalize on this opportunity and position myself for future price increases."
RA-MC-BT-PC-NT-OC-s140927,RA+MC+BT+PC+NT+OC,trader-09,BT,10,hold,0,0,0.0,0,,196.72,4,210.56,4,9.84,4.0,266.56,14.0,14.0,14.0,14.0,,"The market price remains at the fundamental value of $14, which is expected to stay stable based on past trends. I currently hold 4 shares, and holding them allows me to benefit from potential dividend payments while avoiding the risk of selling at a price that may not reflect the intrinsic value. Given the expected redemption value of $14 at the end, maintaining my position is the best strategy for now."
RA-MC-BT-PC-NT-OC-s140927,RA+MC+BT+PC+NT+OC,trader-10,BT,10,hold,0,0,0.0,0,,196.72,4,210.56,4,9.84,4.0,266.56,14.0,14.0,14.0,14.0,,"The asset's fundamental value remains at $14, and there have been no indicators of immediate price increases. Holding my shares allows me to collect dividends while waiting for potential price appreciation. Given my current cash and share positions, retaining my shares is the optimal strategy at this time."
RA-MC-BT-PC-NT-OC-s140927,RA+MC+BT+PC+NT+OC,trader-11,RA,10,hold,0,0,0.0,0,,196.72,4,210.56,4,9.84,4.0,266.56,14.0,14.0,14.0,14.0,,"The asset's current price is at its fundamental value of $14, with no expected excess return to justify buying or selling. Holding my 4 shares allows me to benefit from potential dividends while avoiding risks associated with unnecessary trading. Given the stable redemption value and uncertain future dividends, maintaining my current position is the optimal strategy."
RA-MC-BT-PC-NT-OC-s140927,RA+MC+BT+PC+NT+OC,trader-00,MC,11,buy,1,1,14.0,0,,210.56,4,225.09,4,10.53,4.0,281.09,14.0,14.0,14.0,14.0,,"The current price is at the fundamental value of $14, and there have been no recent downward trends. As a momentum chaser, I believe that buying an additional share now aligns with my strategy of maximizing potential future gains and dividends, especially since I have sufficient cash available."
RA-MC-BT-PC-NT-OC-s140927,RA+MC+BT+PC+NT+OC,trader-01,NT,11,buy,1,1,14.0,0,,210.56,4,225.09,4,10.53,4.0,281.09,14.0,14.0,14.0,14.0,,"Given my current cash position of $210.56 and the stable fundamental value of the asset at $14, I will place a limit order to buy 1 share at $14. This purchase aligns with my strategy to maximize potential future dividend earnings while maintaining a balanced portfolio. Holding more shares is beneficial for maximizing cash wealth in the long run, especially considering the expected dividends of $0.40 or $1.00."
RA-MC-BT-PC-NT-OC-s140927,RA+MC+BT+PC+NT+OC,trader-02,OC,11,buy,7,7,13.0,0,,210.56,4,225.09,4,10.53,4.0,281.09,13.0,14.0,14.0,14.0,,"As an overconfident contrarian, I believe the current market price of $13 is below its fundamental value of $14. I anticipate a market recovery, so I will buy 7 additional shares at this price to strengthen my position. This aligns with my strategy of capitalizing on perceived undervaluation, and I trust that my previous holdings will also recover in time."
RA-MC-BT-PC-NT-OC-s140927,RA+MC+BT+PC+NT+OC,trader-03,PC,11,hold,0,0,0.0,0,,210.56,4,225.09,4,10.53,4.0,281.09,14.0,14.0,14.0,14.0,,"Given the fundamental value of the asset is $14, I will continue to hold my current position of 4 shares instead of buying or selling. I plan to hold my shares for the first half of the trading periods and reassess my strategy after period 15. This allows me to benefit from potential dividends while waiting for a clearer market direction."
RA-MC-BT-PC-NT-OC-s140927,RA+MC+BT+PC+NT+OC,trader-04,NT,11,hold,0,0,0.0,0,,210.56,4,225.09,4,10.53,4.0,281.09,14.0,14.0,14.0,14.0,,"The market price is expected to remain stable at the fundamental value of $14, which aligns with my forecasts. Holding my current position of 4 shares and $210.56 cash allows me to benefit from dividends and interest while minimizing risk. There are no signals indicating a need to change my position, so maintaining my shares is prudent."
RA-MC-BT-PC-NT-OC-s140927,RA+MC+BT+PC+NT+OC,trader-05,OC,11,buy,2,2,9.0,0,,210.56,4,225.09,4,10.53,4.0,281.09,14.0,14.0,14.0,14.0,,"As an overconfident contrarian, I believe the market is undervalued at the current price of $9.00 and will recover to its fundamental value of $14. I will place a limit buy order at $9.00 to acquire 2 more shares, taking advantage of the lower price. I trust that prices will rebound, and I want to maximize my holdings while the price is significantly lower than its intrinsic value."
RA-MC-BT-PC-NT-OC-s140927,RA+MC+BT+PC+NT+OC,trader-06,RA,11,hold,0,0,0.0,0,,210.56,4,225.09,4,10.53,4.0,281.09,14.0,14.0,14.0,14.0,,The asset's fundamental value remains stable at $14. The expected dividends of $0.40 or $1.00 do not provide a compelling reason to buy or sell at this moment. Holding my current shares allows me to benefit from future dividends and the eventual redemption while maintaining my cash position for potential future opportunities.
RA-MC-BT-PC-NT-OC-s140927,RA+MC+BT+PC+NT+OC,trader-07,PC,11,hold,0,0,0.0,0,,210.56,4,225.09,4,10.53,4.0,281.09,14.0,14.0,14.0,14.0,,"I will hold my position for this period. My plan is to buy in periods 5 and 10, and sell in periods 20 and 30. Holding now allows me to maintain my current shares and cash without risking my wealth. This strategy enables me to evaluate future market conditions while expecting dividends from my shares, especially given that the fundamental value of the asset remains at $14."
RA-MC-BT-PC-NT-OC-s140927,RA+MC+BT+PC+NT+OC,trader-08,MC,11,buy,1,1,14.0,0,,210.56,4,225.09,4,10.53,4.0,281.09,14.0,14.0,14.0,14.0,,"The price remains stable at the fundamental value of $14, which suggests continued stability. As a momentum chaser, I believe this stability indicates potential for upward movement. Given my current cash position, I will buy 1 share to capitalize on this opportunity and position myself for future price increases."
RA-MC-BT-PC-NT-OC-s140927,RA+MC+BT+PC+NT+OC,trader-09,BT,11,hold,0,0,0.0,0,,210.56,4,225.09,4,10.53,4.0,281.09,14.0,14.0,14.0,14.0,,"The current market price is at the fundamental value of $14, which is expected to remain stable in the near term. I hold 4 shares, and maintaining this position allows me to benefit from potential dividend payments in the upcoming periods. Selling now would not yield a better outcome than waiting for future opportunities. Given the expected redemption value of $14 at the end of the trading period, I will hold my position."
RA-MC-BT-PC-NT-OC-s140927,RA+MC+BT+PC+NT+OC,trader-10,BT,11,hold,0,0,0.0,0,,210.56,4,225.09,4,10.53,4.0,281.09,14.0,14.0,14.0,14.0,,"The asset's fundamental value remains at $14, and there have been no recent indications of price increases. Holding my shares allows me to collect dividends while waiting for a potential upward movement in price. Given my current cash position and the stability of the market, holding is the optimal strategy at this time."
RA-MC-BT-PC-NT-OC-s140927,RA+MC+BT+PC+NT+OC,trader-11,RA,11,hold,0,0,0.0,0,,210.56,4,225.09,4,10.53,4.0,281.09,14.0,14.0,14.0,14.0,,"The current price of the asset is at its fundamental value of $14, and there is no expected excess return to justify a buy or sell action. Holding my current position of 4 shares allows me to benefit from potential dividends while avoiding unnecessary risk. Given the stable redemption value and uncertain future dividends, holding is the optimal strategy."
RA-MC-BT-PC-NT-OC-s140927,RA+MC+BT+PC+NT+OC,trader-00,MC,12,buy,1,1,14.0,0,,225.09,4,240.34,4,11.25,4.0,296.34,14.0,14.0,14.0,14.0,,"The current price is at the fundamental value of $14, and there have been no recent price movements indicating a downward trend. As a momentum chaser, I believe buying an additional share now maximizes my potential for future gains and dividends, especially since I have sufficient cash available."
RA-MC-BT-PC-NT-OC-s140927,RA+MC+BT+PC+NT+OC,trader-01,NT,12,buy,1,1,14.0,0,,225.09,4,240.34,4,11.25,4.0,296.34,14.0,14.0,14.0,14.0,,"Given my current cash position of $225.09 and the stable fundamental value of the asset at $14, I will place a limit order to buy 1 share at $14. This purchase aligns with my strategy to maximize potential future dividend earnings while maintaining a balanced portfolio. Holding more shares is beneficial for maximizing cash wealth in the long run, especially considering the expected dividends of $0.40 or $1.00."
RA-MC-BT-PC-NT-OC-s140927,RA+MC+BT+PC+NT+OC,trader-02,OC,12,buy,7,7,13.0,0,,225.09,4,240.34,4,11.25,4.0,296.34,14.0,14.0,14.0,14.0,,"As an overconfident contrarian, I believe the current market price of $13 is below its fundamental value of $14. I anticipate a market recovery, so I will buy 7 additional shares at this price to strengthen my position. This aligns with my strategy of capitalizing on perceived undervaluation, and I trust that my previous holdings will also recover in time."
RA-MC-BT-PC-NT-OC-s140927,RA+MC+BT+PC+NT+OC,trader-03,PC,12,hold,0,0,0.0,0,,225.09,4,240.34,4,11.25,4.0,296.34,14.0,14.0,14.0,14.0,,"Given the fundamental value of the asset is $14, I will continue to hold my current position of 4 shares instead of buying or selling. I plan to hold my shares for the first half of the trading periods and reassess my strategy after period 15. This allows me to benefit from potential dividends while waiting for a clearer market direction."
RA-MC-BT-PC-NT-OC-s140927,RA+MC+BT+PC+NT+OC,trader-04,NT,12,hold,0,0,0.0,0,,225.09,4,240.34,4,11.25,4.0,296.34,14.0,14.0,14.0,14.0,,"The market price remains stable at the fundamental value of $14. Holding my current position of 4 shares and $225.09 cash allows me to benefit from dividends and interest while minimizing risk. There are no indications of price changes, so maintaining my shares is prudent."
RA-MC-BT-PC-NT-OC-s140927,RA+MC+BT+PC+NT+OC,trader-05,OC,12,buy,2,2,9.0,0,,225.09,4,240.34,4,11.25,4.0,296.34,14.0,14.0,14.0,14.0,,"As an overconfident contrarian, I believe the market is currently undervalued at the price of $9.00 and will recover to its fundamental value of $14. Given the downward trend, I want to capitalize on this opportunity by buying 2 more shares at this price, trusting that the market will rebound. I anticipate that the price will recover, and my positions will yield higher returns."
RA-MC-BT-PC-NT-OC-s140927,RA+MC+BT+PC+NT+OC,trader-06,RA,12,hold,0,0,0.0,0,,225.09,4,240.34,4,11.25,4.0,296.34,14.0,14.0,14.0,14.0,,"The asset's fundamental value remains stable at $14, and the expected dividends of $0.40 or $1.00 do not provide a compelling reason to buy or sell at this moment. Holding my current shares allows me to benefit from future dividends and the eventual redemption while maintaining my cash position for potential future opportunities."
RA-MC-BT-PC-NT-OC-s140927,RA+MC+BT+PC+NT+OC,trader-07,PC,12,hold,0,0,0.0,0,,225.09,4,240.34,4,11.25,4.0,296.34,14.0,14.0,14.0,14.0,,"I will hold my position for this period. My plan is to buy in periods 5 and 10, and sell in periods 20 and 30. Holding now allows me to maintain my current shares and cash without risking my wealth. This strategy enables me to evaluate future market conditions while expecting dividends from my shares, especially given that the fundamental value of the asset remains at $14."
RA-MC-BT-PC-NT-OC-s140927,RA+MC+BT+PC+NT+OC,trader-08,MC,12,buy,1,1,14.0,0,,225.09,4,240.34,4,11.25,4.0,296.34,14.0,14.0,14.0,14.0,,"The price remains stable at the fundamental value of $14, suggesting continued stability. As a momentum chaser, I believe this stability indicates potential for upward movement. Given my current cash position, I will buy 1 share to capitalize on this opportunity and position myself for future price increases."
RA-MC-BT-PC-NT-OC-s140927,RA+MC+BT+PC+NT+OC,trader-09,BT,12,hold,0,0,0.0,0,,225.09,4,240.34,4,11.25,4.0,296.34,14.0,14.0,14.0,14.0,,"The current market price remains at the fundamental value of $14, which is expected to stay stable based on historical trends and the lack of significant market movement. Holding my 4 shares allows me to continue benefiting from potential dividend payments while avoiding the risk of selling at a price that does not reflect the intrinsic value. Given the expected redemption value of $14 at the end of the trading period, maintaining my position is the optimal strategy at this time."
RA-MC-BT-PC-NT-OC-s140927,RA+MC+BT+PC+NT+OC,trader-10,BT,12,hold,0,0,0.0,0,,225.09,4,240.34,4,11.25,4.0,296.34,14.0,14.0,14.0,14.0,,"The asset's fundamental value remains at $14, and there are no indications of immediate price increases. Holding my shares allows me to collect dividends while waiting for potential price appreciation. Given my current cash and share positions are stable, holding is the optimal strategy at this time."
RA-MC-BT-PC-NT-OC-s140927,RA+MC+BT+PC+NT+OC,trader-11,RA,12,hold,0,0,0.0,0,,225.09,4,240.34,4,11.25,4.0,296.34,14.0,14.0,14.0,14.0,,"The current price of the asset is at its fundamental value of $14, with no expected excess return to justify buying or selling. Holding my current position of 4 shares allows me to benefit from potential dividends while avoiding unnecessary risk. Given the stable redemption value and uncertain future dividends, maintaining my current position is the optimal strategy."
RA-MC-BT-PC-NT-OC-s140927,RA+MC+BT+PC+NT+OC,trader-00,MC,13,buy,1,1,14.0,0,,240.34,4,253.96,4,12.02,1.6,309.96,14.0,14.0,14.0,14.0,,"The current price is at the fundamental value of $14, and I anticipate stability in the near term. As a momentum chaser, I will buy 1 additional share to leverage potential future price increases and dividends. My cash position allows for this purchase without exceeding my available funds."
RA-MC-BT-PC-NT-OC-s140927,RA+MC+BT+PC+NT+OC,trader-01,NT,13,buy,1,1,14.0,0,,240.34,4,253.96,4,12.02,1.6,309.96,14.0,14.0,14.0,14.0,,"Given my current cash position of $240.34 and the stable fundamental value of the asset at $14, I will place a limit order to buy 1 share at $14. This purchase aligns with my strategy to maximize potential future dividend earnings while maintaining a balanced portfolio. Holding more shares is beneficial for maximizing cash wealth in the long run, especially considering the expected dividends of $0.40 or $1.00."
RA-MC-BT-PC-NT-OC-s140927,RA+MC+BT+PC+NT+OC,trader-02,OC,13,buy,7,7,13.0,0,,240.34,4,253.96,4,12.02,1.6,309.96,14.0,14.0,14.0,14.0,,"As an overconfident contrarian, I believe the current market price of $13 is below its fundamental value of $14. I anticipate a market recovery, so I will buy 7 additional shares at this price to strengthen my position. This aligns with my strategy of capitalizing on perceived undervaluation, and I trust that my previous holdings will also recover in time."
RA-MC-BT-PC-NT-OC-s140927,RA+MC+BT+PC+NT+OC,trader-03,PC,13,hold,0,0,0.0,0,,240.34,4,253.96,4,12.02,1.6,309.96,14.0,14.0,14.0,14.0,,"Given the fundamental value of the asset is $14, I will continue to hold my current position of 4 shares instead of buying or selling. I plan to maintain this strategy through the first half of the trading periods, reassessing my plan after period 15. This allows me to benefit from potential dividends while waiting for a clearer market direction."
RA-MC-BT-PC-NT-OC-s140927,RA+MC+BT+PC+NT+OC,trader-04,NT,13,hold,0,0,0.0,0,,240.34,4,253.96,4,12.02,1.6,309.96,14.0,14.0,14.0,14.0,,"The market price is expected to remain stable at the fundamental value of $14. With 4 shares and $240.34 cash, holding my position is the best strategy. This allows me to continue benefiting from dividends and interest while minimizing risk, as there are no indicators suggesting a price change. Maintaining my shares positions me well for potential gains in future periods."
RA-MC-BT-PC-NT-OC-s140927,RA+MC+BT+PC+NT+OC,trader-05,OC,13,buy,3,3,8.0,0,,240.34,4,253.96,4,12.02,1.6,309.96,14.0,14.0,14.0,14.0,,"As an overconfident contrarian, I believe the market is currently undervalued and will recover to its fundamental value of $14. With my current cash position, I can buy 3 shares at $8.00, taking advantage of the lower price. I trust that the market will rebound, allowing me to maximize my holdings and wealth."
RA-MC-BT-PC-NT-OC-s140927,RA+MC+BT+PC+NT+OC,trader-06,RA,13,hold,0,0,0.0,0,,240.34,4,253.96,4,12.02,1.6,309.96,14.0,14.0,14.0,14.0,,"The asset's fundamental value remains stable at $14. Given the expected dividends of $0.40 or $1.00, there is no compelling reason to buy or sell at this moment. Holding my current shares allows me to benefit from future dividends and the eventual redemption while maintaining my cash position for potential future opportunities."
RA-MC-BT-PC-NT-OC-s140927,RA+MC+BT+PC+NT+OC,trader-07,PC,13,hold,0,0,0.0,0,,240.34,4,253.96,4,12.02,1.6,309.96,14.0,14.0,14.0,14.0,,"I will hold my position for this period. My plan is to buy in periods 5 and 10, and sell in periods 20 and 30. Holding now allows me to maintain my current shares and cash without risking my wealth. This strategy enables me to evaluate future market conditions while expecting dividends from my shares, especially given that the fundamental value of the asset remains at $14."
RA-MC-BT-PC-NT-OC-s140927,RA+MC+BT+PC+NT+OC,trader-08,MC,13,buy,1,1,14.0,0,,240.34,4,253.96,4,12.02,1.6,309.96,14.0,14.0,14.0,14.0,,"The market price is currently stable at the fundamental value of $14, which indicates no immediate downward pressure. As a momentum chaser, I believe this stability suggests potential for upward movement. Given my current cash position, I will buy 1 share to capitalize on this opportunity and position myself for future price increases."
RA-MC-BT-PC-NT-OC-s140927,RA+MC+BT+PC+NT+OC,trader-09,BT,13,hold,0,0,0.0,0,,240.34,4,253.96,4,12.02,1.6,309.96,14.0,14.0,14.0,14.0,,"The current market price is at the fundamental value of $14, which has remained stable in previous periods. Holding my 4 shares allows me to benefit from potential dividend payments in the upcoming periods, which can enhance my cash wealth. Selling now would not yield a better outcome than waiting for future opportunities, especially since the expected redemption value at the end is also $14. Therefore, I will maintain my position."
RA-MC-BT-PC-NT-OC-s140927,RA+MC+BT+PC+NT+OC,trader-10,BT,13,hold,0,0,0.0,0,,240.34,4,253.96,4,12.02,1.6,309.96,14.0,14.0,14.0,14.0,,"The asset's fundamental value remains at $14, and there are no indications of immediate price increases. Holding my shares allows me to collect dividends while waiting for potential price appreciation. Given my current cash and share positions are stable, holding is the optimal strategy at this time."
RA-MC-BT-PC-NT-OC-s140927,RA+MC+BT+PC+NT+OC,trader-11,RA,13,hold,0,0,0.0,0,,240.34,4,253.96,4,12.02,1.6,309.96,14.0,14.0,14.0,14.0,,"The current price of the asset is at its fundamental value of $14, with no expected excess return to justify a buy or sell action. Holding my current position of 4 shares allows me to benefit from potential dividends while avoiding unnecessary risk. Given the stable redemption value and uncertain future dividends, maintaining my current position is the optimal strategy."
RA-MC-BT-PC-NT-OC-s140927,RA+MC+BT+PC+NT+OC,trader-00,MC,14,buy,1,1,14.0,0,,253.96,4,270.66,4,12.7,4.0,326.66,14.0,14.0,14.0,14.0,,"The current price is at the fundamental value of $14, and there have been no recent downward trends. As a momentum chaser, I believe that buying an additional share now aligns with my strategy of maximizing potential future gains and dividends, especially since I have sufficient cash available."
RA-MC-BT-PC-NT-OC-s140927,RA+MC+BT+PC+NT+OC,trader-01,NT,14,buy,1,1,14.0,0,,253.96,4,270.66,4,12.7,4.0,326.66,14.0,14.0,14.0,14.0,,"Given my current cash position of $253.96 and the stable fundamental value of the asset at $14, I will place a limit order to buy 1 share at $14. This purchase aligns with my strategy to maximize potential future dividend earnings while maintaining a balanced portfolio. Holding more shares is beneficial for maximizing cash wealth in the long run, especially considering the expected dividends of $0.40 or $1.00."
RA-MC-BT-PC-NT-OC-s140927,RA+MC+BT+PC+NT+OC,trader-02,OC,14,buy,7,7,13.0,0,,253.96,4,270.66,4,12.7,4.0,326.66,13.0,14.0,14.0,14.0,,"As an overconfident contrarian, I believe the current market price of $13 is below its fundamental value of $14. I anticipate a market recovery, so I will buy 7 additional shares at this price to strengthen my position. This aligns with my strategy of capitalizing on perceived undervaluation, and I trust that my previous holdings will also recover in time."
RA-MC-BT-PC-NT-OC-s140927,RA+MC+BT+PC+NT+OC,trader-03,PC,14,hold,0,0,0.0,0,,253.96,4,270.66,4,12.7,4.0,326.66,14.0,14.0,14.0,14.0,,"Given the fundamental value of the asset is $14, I will continue to hold my current position of 4 shares instead of buying or selling. I plan to maintain this strategy through the first half of the trading periods, reassessing my plan after period 15. This allows me to benefit from potential dividends while waiting for a clearer market direction."
RA-MC-BT-PC-NT-OC-s140927,RA+MC+BT+PC+NT+OC,trader-04,NT,14,hold,0,0,0.0,0,,253.96,4,270.66,4,12.7,4.0,326.66,14.0,14.0,14.0,14.0,,"The market price is expected to remain stable at the fundamental value of $14. Given my current position of 4 shares and $253.96 cash, holding my position is the best strategy. This allows me to continue benefiting from dividends and interest while minimizing risk, as there are no indicators suggesting a price change. Maintaining my shares positions me well for potential gains in future periods."
RA-MC-BT-PC-NT-OC-s140927,RA+MC+BT+PC+NT+OC,trader-05,OC,14,buy,3,3,8.0,0,,253.96,4,270.66,4,12.7,4.0,326.66,14.0,14.0,14.0,14.0,,"As an overconfident contrarian, I believe the market will recover to its fundamental value of $14. Currently, the price is at $8.00, and I trust that this is a significant undervaluation. With my current cash position, I can buy 3 shares at this price, maximizing my holdings while the price is low. I expect the market to rebound, which will enhance my final cash wealth."
RA-MC-BT-PC-NT-OC-s140927,RA+MC+BT+PC+NT+OC,trader-06,RA,14,hold,0,0,0.0,0,,253.96,4,270.66,4,12.7,4.0,326.66,14.0,14.0,14.0,14.0,,The asset's fundamental value remains stable at $14. The expected dividends of $0.40 or $1.00 do not provide a compelling reason to buy or sell at this moment. Holding my current shares allows me to benefit from future dividends and the eventual redemption while maintaining my cash position for potential future opportunities.
RA-MC-BT-PC-NT-OC-s140927,RA+MC+BT+PC+NT+OC,trader-07,PC,14,hold,0,0,0.0,0,,253.96,4,270.66,4,12.7,4.0,326.66,14.0,14.0,14.0,14.0,,"I will hold my position this period. My plan is to buy in periods 5 and 10, and sell in periods 20 and 30. Holding now allows me to maintain my current shares and cash without risking my wealth. As I have already bought shares in the previous periods, it is prudent to keep my current position and evaluate future market conditions while expecting dividends from my shares."
RA-MC-BT-PC-NT-OC-s140927,RA+MC+BT+PC+NT+OC,trader-08,MC,14,buy,1,1,14.0,0,,253.96,4,270.66,4,12.7,4.0,326.66,14.0,14.0,14.0,14.0,,"The current price remains stable at $14, which aligns with the fundamental value. As a momentum chaser, I believe this stability suggests potential for upward movement. Given my cash position, I will buy 1 share to capitalize on this trend and position myself for potential price increases."
RA-MC-BT-PC-NT-OC-s140927,RA+MC+BT+PC+NT+OC,trader-09,BT,14,hold,0,0,0.0,0,,253.96,4,270.66,4,12.7,4.0,326.66,14.0,14.0,14.0,14.0,,"The current market price is at the fundamental value of $14, which is expected to remain stable in the near term. Holding my 4 shares allows me to benefit from potential dividend payments in the upcoming periods, while selling now would not yield a better outcome. Given the expected redemption value of $14 at the end of the trading period, the best strategy is to maintain my position."
RA-MC-BT-PC-NT-OC-s140927,RA+MC+BT+PC+NT+OC,trader-10,BT,14,hold,0,0,0.0,0,,253.96,4,270.66,4,12.7,4.0,326.66,14.0,14.0,14.0,14.0,,"The asset's fundamental value remains at $14, and there are currently no signs of immediate price increases. Given my current cash position and share holdings, holding my shares allows me to collect dividends while maintaining flexibility for potential future price appreciation. Therefore, the optimal strategy at this time is to hold."
RA-MC-BT-PC-NT-OC-s140927,RA+MC+BT+PC+NT+OC,trader-11,RA,14,hold,0,0,0.0,0,,253.96,4,270.66,4,12.7,4.0,326.66,14.0,14.0,14.0,14.0,,"The current price of the asset is at its fundamental value of $14, with no expected excess return to justify buying or selling. Maintaining my position of 4 shares allows me to benefit from potential dividends while minimizing trading risk. Given the stable redemption value and uncertain future dividends, holding is the optimal strategy."
RA-MC-BT-PC-NT-OC-s140927,RA+MC+BT+PC+NT+OC,trader-00,MC,15,buy,1,1,14.0,0,,270.66,4,285.79,4,13.53,1.6,341.79,14.0,14.0,14.0,14.0,,"The current price is at the fundamental value of $14, with no recent downward trends indicating a change. As a momentum chaser, I believe that buying an additional share now maximizes my potential for future gains and dividends, given my cash position allows for this purchase."
RA-MC-BT-PC-NT-OC-s140927,RA+MC+BT+PC+NT+OC,trader-01,NT,15,buy,1,1,14.0,0,,270.66,4,285.79,4,13.53,1.6,341.79,14.0,14.0,14.0,14.0,,"Given my current cash position of $270.66 and the stable fundamental value of the asset at $14, I will place a limit order to buy 1 share at $14. This purchase aligns with my strategy to maximize potential future dividend earnings while maintaining a balanced portfolio. Holding more shares is beneficial for maximizing cash wealth in the long run, especially considering the expected dividends of $0.40 or $1.00."
RA-MC-BT-PC-NT-OC-s140927,RA+MC+BT+PC+NT+OC,trader-02,OC,15,buy,7,7,13.0,0,,270.66,4,285.79,4,13.53,1.6,341.79,14.0,14.0,14.0,14.0,,"As an overconfident contrarian, I believe the current market price of $13 is below its fundamental value of $14. I anticipate a market recovery in the near term, so I will buy 7 additional shares at this price to strengthen my position. This aligns with my strategy of capitalizing on perceived undervaluation, and I trust that my previous holdings will also recover in time."
RA-MC-BT-PC-NT-OC-s140927,RA+MC+BT+PC+NT+OC,trader-03,PC,15,hold,0,0,0.0,0,,270.66,4,285.79,4,13.53,1.6,341.79,14.0,14.0,14.0,14.0,,"Given the fundamental value of the asset is $14, I will continue to hold my current position of 4 shares instead of buying or selling. I plan to maintain this strategy through period 15 and reassess my plan after this period. This allows me to benefit from potential dividends while waiting for a clearer market direction."
RA-MC-BT-PC-NT-OC-s140927,RA+MC+BT+PC+NT+OC,trader-04,NT,15,hold,0,0,0.0,0,,270.66,4,285.79,4,13.53,1.6,341.79,14.0,14.0,14.0,14.0,,"The market price is expected to remain stable at the fundamental value of $14 over the next few periods, based on historical performance and dividends received. I currently hold 4 shares and have $270.66 cash. Holding my position minimizes risk and allows me to benefit from dividends and interest in the coming periods. There is no indication of a price change, so maintaining my shares is the best strategy."
RA-MC-BT-PC-NT-OC-s140927,RA+MC+BT+PC+NT+OC,trader-05,OC,15,buy,3,3,8.0,0,,270.66,4,285.79,4,13.53,1.6,341.79,14.0,14.0,14.0,14.0,,"As an overconfident contrarian, I believe the market is currently undervalued at the price of $8.00 and will recover to its fundamental value of $14. With my current cash position, I can buy 3 shares at this price, maximizing my holdings while the price is low. I trust that the market will rebound, which will enhance my final cash wealth."
RA-MC-BT-PC-NT-OC-s140927,RA+MC+BT+PC+NT+OC,trader-06,RA,15,hold,0,0,0.0,0,,270.66,4,285.79,4,13.53,1.6,341.79,14.0,14.0,14.0,14.0,,"The asset's fundamental value remains stable at $14, and the expected dividends of $0.40 or $1.00 do not provide a compelling reason to buy or sell at this moment. Holding my current shares allows me to benefit from future dividends and the eventual redemption, while maintaining my cash position for potential future opportunities."
RA-MC-BT-PC-NT-OC-s140927,RA+MC+BT+PC+NT+OC,trader-07,PC,15,hold,0,0,0.0,0,,270.66,4,285.79,4,13.53,1.6,341.79,14.0,14.0,14.0,14.0,,"I will hold my position this period. My plan is to buy in periods 5 and 10, and sell in periods 20 and 30. Holding now allows me to maintain my current shares and cash without risking my wealth. As I have already bought shares in the previous periods, it is prudent to keep my current position and evaluate future market conditions while expecting dividends from my shares."
RA-MC-BT-PC-NT-OC-s140927,RA+MC+BT+PC+NT+OC,trader-08,MC,15,buy,1,1,14.0,0,,270.66,4,285.79,4,13.53,1.6,341.79,14.0,14.0,14.0,14.0,,"The current price is stable at the fundamental value of $14, indicating no immediate downward pressure. As a momentum chaser, I believe this stability suggests potential for upward movement. Given my cash position, I will buy 1 share to capitalize on this opportunity and position myself for future price increases."
RA-MC-BT-PC-NT-OC-s140927,RA+MC+BT+PC+NT+OC,trader-09,BT,15,hold,0,0,0.0,0,,270.66,4,285.79,4,13.53,1.6,341.79,14.0,14.0,14.0,14.0,,"The market price remains at the fundamental value of $14, which is predicted to hold steady in the near term. Holding my 4 shares allows me to benefit from potential dividend payments, which can enhance cash wealth without the risk of selling at a non-intrinsic value. Given the expected redemption value of $14 at the end, maintaining my position is the optimal strategy at this time."
RA-MC-BT-PC-NT-OC-s140927,RA+MC+BT+PC+NT+OC,trader-10,BT,15,hold,0,0,0.0,0,,270.66,4,285.79,4,13.53,1.6,341.79,14.0,14.0,14.0,14.0,,"The asset's fundamental value is stable at $14, and there are no indications of price increases in the immediate future. Holding my shares allows me to collect dividends while waiting for potential appreciation. Since I have a stable cash position and shares, holding is the optimal strategy at this time."
RA-MC-BT-PC-NT-OC-s140927,RA+MC+BT+PC+NT+OC,trader-11,RA,15,hold,0,0,0.0,0,,270.66,4,285.79,4,13.53,1.6,341.79,14.0,14.0,14.0,14.0,,"The asset's current price is at its fundamental value of $14, and there is no expected excess return to justify buying or selling. Holding my current position of 4 shares allows me to benefit from potential dividends while avoiding unnecessary risk. Given the stable redemption value and uncertain future dividends, maintaining my current position is the optimal strategy."
RA-MC-BT-PC-NT-OC-s140927,RA+MC+BT+PC+NT+OC,trader-00,MC,16,buy,1,1,14.0,0,,285.79,4,301.68,4,14.29,1.6,357.68,14.0,14.0,14.0,14.0,,"Given that the current price is at the fundamental value of $14 with no recent downward trend, I expect stability or a potential increase in price. As a momentum chaser, I will buy 1 additional share to maximize my potential for future gains and dividends. This aligns with my strategy of capitalizing on price increases, especially since I have sufficient cash available."
RA-MC-BT-PC-NT-OC-s140927,RA+MC+BT+PC+NT+OC,trader-01,NT,16,buy,1,1,14.0,0,,285.79,4,301.68,4,14.29,1.6,357.68,14.0,14.0,14.0,14.0,,"Given the stable fundamental value of the asset at $14 and my current cash position of $285.79, I will place a limit order to buy 1 share at $14. This purchase increases my potential future dividend earnings while maintaining a balanced portfolio. Holding more shares maximizes my cash wealth in the long run, especially considering the expected dividends of $0.40 or $1.00 each period. With only 4 shares, increasing my holdings is beneficial for maximizing wealth."
RA-MC-BT-PC-NT-OC-s140927,RA+MC+BT+PC+NT+OC,trader-02,OC,16,buy,7,7,13.0,0,,285.79,4,301.68,4,14.29,1.6,357.68,13.0,14.0,14.0,14.0,,"As an overconfident contrarian, I believe the current market price of $13 is below its fundamental value of $14. I anticipate a market recovery in the near term, so I will buy 7 additional shares at this price to strengthen my position. This aligns with my strategy of capitalizing on perceived undervaluation, and I trust that my previous holdings will also recover in time."
RA-MC-BT-PC-NT-OC-s140927,RA+MC+BT+PC+NT+OC,trader-03,PC,16,hold,0,0,0.0,0,,285.79,4,301.68,4,14.29,1.6,357.68,14.0,14.0,14.0,14.0,,"Given the fundamental value of the asset is $14, I will continue to hold my current position of 4 shares. I plan to reassess my strategy after period 15, allowing me to benefit from potential dividends while waiting for a clearer market direction."
RA-MC-BT-PC-NT-OC-s140927,RA+MC+BT+PC+NT+OC,trader-04,NT,16,hold,0,0,0.0,0,,285.79,4,301.68,4,14.29,1.6,357.68,14.0,14.0,14.0,14.0,,"The market price remains stable at the fundamental value of $14. With 4 shares and $285.79 cash, holding my position is the best strategy. This allows me to benefit from dividends and interest while minimizing risk. There are no indicators suggesting a price change, and maintaining my shares positions me well for potential gains in future periods."
RA-MC-BT-PC-NT-OC-s140927,RA+MC+BT+PC+NT+OC,trader-05,OC,16,buy,3,3,8.0,0,,285.79,4,301.68,4,14.29,1.6,357.68,14.0,14.0,14.0,14.0,,"As an overconfident contrarian, I believe the market is currently undervalued at the price of $8.00 and will recover to its fundamental value of $14. With my current cash position, I can buy 3 shares at this price, maximizing my holdings while the price is low. I trust that the market will rebound, which will enhance my final cash wealth."
RA-MC-BT-PC-NT-OC-s140927,RA+MC+BT+PC+NT+OC,trader-06,RA,16,hold,0,0,0.0,0,,285.79,4,301.68,4,14.29,1.6,357.68,14.0,14.0,14.0,14.0,,"The asset's fundamental value remains stable at $14, and with the expected dividends of $0.40 or $1.00, there is no compelling reason to buy or sell at this moment. Holding my current shares allows me to benefit from future dividends and the eventual redemption while maintaining my cash position for potential future opportunities."
RA-MC-BT-PC-NT-OC-s140927,RA+MC+BT+PC+NT+OC,trader-07,PC,16,hold,0,0,0.0,0,,285.79,4,301.68,4,14.29,1.6,357.68,14.0,14.0,14.0,14.0,,"I will hold my position this period. My plan is to buy in periods 5 and 10, and sell in periods 20 and 30. Holding now allows me to maintain my current shares and cash without risking my wealth. As I have already bought shares in previous periods, it is prudent to keep my current position and evaluate future market conditions while expecting dividends from my shares."
RA-MC-BT-PC-NT-OC-s140927,RA+MC+BT+PC+NT+OC,trader-08,MC,16,buy,1,1,14.0,0,,285.79,4,301.68,4,14.29,1.6,357.68,14.0,14.0,14.0,14.0,,"The current market price is at the fundamental value of $14, indicating stability. As a momentum chaser, I expect this stability to lead to upward movement. Therefore, I will buy 1 share to capitalize on this potential price increase, given my cash position allows for it."
RA-MC-BT-PC-NT-OC-s140927,RA+MC+BT+PC+NT+OC,trader-09,BT,16,hold,0,0,0.0,0,,285.79,4,301.68,4,14.29,1.6,357.68,14.0,14.0,14.0,14.0,,"The market price remains at the fundamental value of $14, which is expected to hold steady based on historical trends and the lack of significant market movement. Holding my 4 shares allows me to continue benefiting from potential dividend payments while avoiding the risk of selling at a price that does not reflect the intrinsic value. Given the expected redemption value of $14 at the end of the trading period, maintaining my position is the optimal strategy at this time."
RA-MC-BT-PC-NT-OC-s140927,RA+MC+BT+PC+NT+OC,trader-10,BT,16,hold,0,0,0.0,0,,285.79,4,301.68,4,14.29,1.6,357.68,14.0,14.0,14.0,14.0,,"The asset's fundamental value is stable at $14, and there are no indications of immediate price increases. Holding my shares allows me to collect dividends while waiting for potential price appreciation. Given my current cash position and share holdings, retaining my shares is the optimal strategy at this time."
RA-MC-BT-PC-NT-OC-s140927,RA+MC+BT+PC+NT+OC,trader-11,RA,16,hold,0,0,0.0,0,,285.79,4,301.68,4,14.29,1.6,357.68,14.0,14.0,14.0,14.0,,"The asset's current price is at its fundamental value of $14, and there is no expected excess return to justify buying or selling. Holding my 4 shares allows me to benefit from potential dividends while avoiding unnecessary risk. Given the stable redemption value and uncertain future dividends, maintaining my current position is the optimal strategy."
RA-MC-BT-PC-NT-OC-s140927,RA+MC+BT+PC+NT+OC,trader-00,MC,17,buy,1,1,14.0,0,,301.68,4,318.36,4,15.08,1.6,374.36,14.0,14.0,14.0,14.0,,"The current price is at the fundamental value of $14 with no recent downward trends. As a momentum chaser, I believe that buying an additional share aligns with my strategy of maximizing potential future gains and dividends, given my cash position allows for this purchase."
RA-MC-BT-PC-NT-OC-s140927,RA+MC+BT+PC+NT+OC,trader-01,NT,17,buy,1,1,14.0,0,,301.68,4,318.36,4,15.08,1.6,374.36,14.0,14.0,14.0,14.0,,"Given my current cash position of $3620.16 and the stable fundamental value of the asset at $14, I will place a limit order to buy 1 share at $14. This purchase aligns with my strategy to maximize potential future dividend earnings while maintaining a balanced portfolio. Holding more shares is beneficial for maximizing cash wealth in the long run, especially considering the expected dividends of $0.40 or $1.00 each period."
RA-MC-BT-PC-NT-OC-s140927,RA+MC+BT+PC+NT+OC,trader-02,OC,17,buy,7,7,13.0,0,,301.68,4,318.36,4,15.08,1.6,374.36,13.0,14.0,14.0,14.0,,"As an overconfident contrarian, I believe the current market price of $13 is below its fundamental value of $14. I anticipate a market recovery in the near term, so I will buy 7 additional shares at this price to strengthen my position. This aligns with my strategy of capitalizing on perceived undervaluation, and I trust that my previous holdings will also recover in time."
RA-MC-BT-PC-NT-OC-s140927,RA+MC+BT+PC+NT+OC,trader-03,PC,17,hold,0,0,0.0,0,,301.68,4,318.36,4,15.08,1.6,374.36,14.0,14.0,14.0,14.0,,"Given the fundamental value of the asset is $14, I will continue to hold my current position of 4 shares. I plan to reassess my strategy after period 15, allowing me to benefit from potential dividends while waiting for a clearer market direction."
RA-MC-BT-PC-NT-OC-s140927,RA+MC+BT+PC+NT+OC,trader-04,NT,17,hold,0,0,0.0,0,,301.68,4,318.36,4,15.08,1.6,374.36,14.0,14.0,14.0,14.0,,"The market price is expected to remain stable at the fundamental value of $14. With 4 shares and $3620.16 cash, holding my position is the best strategy. This allows me to benefit from dividends and interest while minimizing risk. There are no indicators suggesting a price change, and maintaining my shares positions me well for potential gains in future periods."
RA-MC-BT-PC-NT-OC-s140927,RA+MC+BT+PC+NT+OC,trader-05,OC,17,buy,3,3,8.0,0,,301.68,4,318.36,4,15.08,1.6,374.36,14.0,14.0,14.0,14.0,,"As an overconfident contrarian, I believe that the market is currently undervalued at $8.00 and will recover to its fundamental value of $14. Given my cash position, I can buy 3 shares at this price, which allows me to maximize my holdings while the price is low. I trust that the market will rebound, enhancing my final cash wealth."
RA-MC-BT-PC-NT-OC-s140927,RA+MC+BT+PC+NT+OC,trader-06,RA,17,hold,0,0,0.0,0,,301.68,4,318.36,4,15.08,1.6,374.36,14.0,14.0,14.0,14.0,,"The asset's fundamental value remains stable at $14. Given the expected dividends of $0.40 or $1.00, there is no compelling reason to buy or sell at this moment. Holding my current shares allows me to benefit from future dividends and the eventual redemption while maintaining my cash position for potential future opportunities."
RA-MC-BT-PC-NT-OC-s140927,RA+MC+BT+PC+NT+OC,trader-07,PC,17,hold,0,0,0.0,0,,301.68,4,318.36,4,15.08,1.6,374.36,14.0,14.0,14.0,14.0,,"I will hold my position this period. My plan is to buy in periods 5 and 10, and sell in periods 20 and 30. Holding now allows me to maintain my current shares and cash without risking my wealth. As I have already bought shares in previous periods, it is prudent to keep my current position and evaluate future market conditions while expecting dividends from my shares."
RA-MC-BT-PC-NT-OC-s140927,RA+MC+BT+PC+NT+OC,trader-08,MC,17,buy,1,1,14.0,0,,301.68,4,318.36,4,15.08,1.6,374.36,14.0,14.0,14.0,14.0,,"The current price is stable at the fundamental value of $14. As a momentum chaser, I believe this stability suggests potential for upward movement. Given my cash position, I will buy 1 share to capitalize on this opportunity."
RA-MC-BT-PC-NT-OC-s140927,RA+MC+BT+PC+NT+OC,trader-09,BT,17,hold,0,0,0.0,0,,301.68,4,318.36,4,15.08,1.6,374.36,14.0,14.0,14.0,14.0,,"The current market price is at the fundamental value of $14, which is expected to remain stable in the near term. Holding my 4 shares allows me to benefit from potential dividend payments while avoiding the risk of selling at a price that may not reflect the intrinsic value. Given the expected redemption value of $14 at the end of the trading period, maintaining my position is the optimal strategy at this time."
RA-MC-BT-PC-NT-OC-s140927,RA+MC+BT+PC+NT+OC,trader-10,BT,17,hold,0,0,0.0,0,,301.68,4,318.36,4,15.08,1.6,374.36,14.0,14.0,14.0,14.0,,"The asset's fundamental value remains stable at $14, and there are no signs of immediate price increases. Holding my shares allows me to collect dividends while maintaining flexibility for potential future price appreciation. Given my current cash position and share holdings, the optimal strategy is to hold."
RA-MC-BT-PC-NT-OC-s140927,RA+MC+BT+PC+NT+OC,trader-11,RA,17,hold,0,0,0.0,0,,301.68,4,318.36,4,15.08,1.6,374.36,14.0,14.0,14.0,14.0,,"The asset's current price is at its fundamental value of $14, and there is no expected excess return to justify buying or selling. Holding my 4 shares allows me to benefit from potential dividends while avoiding unnecessary risk. Given the stable redemption value and uncertain future dividends, maintaining my current position is the optimal strategy."
RA-MC-BT-PC-NT-OC-s140927,RA+MC+BT+PC+NT+OC,trader-00,MC,18,buy,1,1,14.0,0,,318.36,4,338.28,4,15.92,4.0,394.28,14.0,14.0,14.0,14.0,,"The current price is at the fundamental value of $14, and there have been no recent downward trends. As a momentum chaser, I believe that buying an additional share now maximizes my potential for future gains and dividends, especially since I have sufficient cash available."
RA-MC-BT-PC-NT-OC-s140927,RA+MC+BT+PC+NT+OC,trader-01,NT,18,buy,1,1,14.0,0,,318.36,4,338.28,4,15.92,4.0,394.28,14.0,14.0,14.0,14.0,,"Given the stable fundamental value of the asset at $14 and my current cash position of $318.36, I will place a limit order to buy 1 share at $14. This purchase aligns with my strategy to maximize potential future dividend earnings while maintaining a balanced portfolio. Holding more shares increases my potential dividend earnings, especially considering the expected dividends of $0.40 or $1.00 each period."
RA-MC-BT-PC-NT-OC-s140927,RA+MC+BT+PC+NT+OC,trader-02,OC,18,buy,7,7,13.0,0,,318.36,4,338.28,4,15.92,4.0,394.28,14.0,14.0,14.0,14.0,,"As an overconfident contrarian, I believe the current market price of $13 is below its fundamental value of $14. I anticipate a market recovery, so I will buy 7 additional shares at this price to strengthen my position. This aligns with my strategy of capitalizing on perceived undervaluation, and I trust that my previous holdings will also recover in time."
RA-MC-BT-PC-NT-OC-s140927,RA+MC+BT+PC+NT+OC,trader-03,PC,18,hold,0,0,0.0,0,,318.36,4,338.28,4,15.92,4.0,394.28,14.0,14.0,14.0,14.0,,"Given the fundamental value of the asset is $14, I will continue to hold my current position of 4 shares. I plan to reassess my strategy after period 15, allowing me to benefit from potential dividends while waiting for a clearer market direction."
RA-MC-BT-PC-NT-OC-s140927,RA+MC+BT+PC+NT+OC,trader-04,NT,18,hold,0,0,0.0,0,,318.36,4,338.28,4,15.92,4.0,394.28,14.0,14.0,14.0,14.0,,"The market price is expected to remain stable at the fundamental value of $14. With my current position of 4 shares and $3820.32 cash, holding my position is the best strategy. This allows me to benefit from dividends and interest while minimizing risk. There are no indicators suggesting a price change, and maintaining my shares positions me well for potential gains in future periods."
RA-MC-BT-PC-NT-OC-s140927,RA+MC+BT+PC+NT+OC,trader-05,OC,18,buy,3,3,8.0,0,,318.36,4,338.28,4,15.92,4.0,394.28,14.0,14.0,14.0,14.0,,"As an overconfident contrarian, I believe the asset is currently undervalued at $8.00 and will recover to its fundamental value of $14. With my current cash position, I can buy 3 shares at this price, maximizing my holdings while the price is low. I trust that the market will rebound, enhancing my final cash wealth."
RA-MC-BT-PC-NT-OC-s140927,RA+MC+BT+PC+NT+OC,trader-06,RA,18,hold,0,0,0.0,0,,318.36,4,338.28,4,15.92,4.0,394.28,14.0,14.0,14.0,14.0,,"The asset's fundamental value remains stable at $14. Since expected dividends are uncertain with equal probabilities of $0.40 or $1.00, there is no significant advantage to buying or selling at this moment. Holding my current shares allows me to benefit from future dividends and the eventual redemption, while maintaining my cash position for potential future opportunities."
RA-MC-BT-PC-NT-OC-s140927,RA+MC+BT+PC+NT+OC,trader-07,PC,18,hold,0,0,0.0,0,,318.36,4,338.28,4,15.92,4.0,394.28,14.0,14.0,14.0,14.0,,"I will hold my position this period. My plan is to buy in periods 5 and 10, and sell in periods 20 and 30. Holding now allows me to maintain my current shares and cash without risking my wealth. As I have already bought shares in previous periods, it is prudent to keep my current position and evaluate future market conditions while expecting dividends from my shares. The fundamental value remains stable at $14."
RA-MC-BT-PC-NT-OC-s140927,RA+MC+BT+PC+NT+OC,trader-08,MC,18,buy,1,1,14.0,0,,318.36,4,338.28,4,15.92,4.0,394.28,14.0,14.0,14.0,14.0,,"The current price is stable at the fundamental value of $14, which suggests continued stability. As a momentum chaser, I believe this stability indicates potential for upward movement. Given my cash position, I will buy 1 share to capitalize on this opportunity."
RA-MC-BT-PC-NT-OC-s140927,RA+MC+BT+PC+NT+OC,trader-09,BT,18,hold,0,0,0.0,0,,318.36,4,338.28,4,15.92,4.0,394.28,14.0,14.0,14.0,14.0,,"The market price remains stable at the fundamental value of $14, which is expected to hold steady in the near term based on historical trends. Holding my 4 shares allows me to benefit from potential dividend payments in upcoming periods, while avoiding the risk of selling at a price that does not reflect the intrinsic value. Given the expected redemption value of $14 at the end of the trading period, maintaining my position is the optimal strategy at this time."
RA-MC-BT-PC-NT-OC-s140927,RA+MC+BT+PC+NT+OC,trader-10,BT,18,hold,0,0,0.0,0,,318.36,4,338.28,4,15.92,4.0,394.28,14.0,14.0,14.0,14.0,,"The asset's fundamental value remains stable at $14, and there are no indications of immediate price increases. Holding my shares allows me to collect dividends while maintaining flexibility for potential future price appreciation. Given my current cash position and share holdings, the optimal strategy is to hold."
RA-MC-BT-PC-NT-OC-s140927,RA+MC+BT+PC+NT+OC,trader-11,RA,18,hold,0,0,0.0,0,,318.36,4,338.28,4,15.92,4.0,394.28,14.0,14.0,14.0,14.0,,"The current price of the asset is at its fundamental value of $14, with no expected excess return to justify a buy or sell action. Maintaining my position of 4 shares allows me to benefit from potential dividends while minimizing trading risk. Given the stable redemption value and uncertain future dividends, holding is the optimal strategy."
RA-MC-BT-PC-NT-OC-s140927,RA+MC+BT+PC+NT+OC,trader-00,MC,19,buy,1,1,14.0,0,,338.28,4,359.19,4,16.91,4.0,415.19,14.0,14.0,14.0,14.0,,"The current price is at the fundamental value of $14, and there have been no recent downward trends. As a momentum chaser, I believe that buying an additional share now maximizes my potential for future gains and dividends. My cash position allows for this purchase, and I expect the price to remain stable or increase."
RA-MC-BT-PC-NT-OC-s140927,RA+MC+BT+PC+NT+OC,trader-01,NT,19,buy,1,1,14.0,0,,338.28,4,359.19,4,16.91,4.0,415.19,14.0,14.0,14.0,14.0,,"Given my current cash position of $338.28 and the stable fundamental value of the asset at $14, I will place a limit order to buy 1 share at $14. This purchase aligns with my strategy to maximize potential future dividend earnings while maintaining a balanced portfolio. Holding more shares increases my potential dividend earnings, especially considering the expected dividends of $0.40 or $1.00 each period."
RA-MC-BT-PC-NT-OC-s140927,RA+MC+BT+PC+NT+OC,trader-02,OC,19,buy,7,7,13.0,0,,338.28,4,359.19,4,16.91,4.0,415.19,14.0,14.0,14.0,14.0,,"As an overconfident contrarian, I believe that the current market price of $13 is below its fundamental value of $14. I anticipate a market recovery, so I will buy 7 additional shares at this price to strengthen my position. This aligns with my strategy of capitalizing on perceived undervaluation, and I trust that my previous holdings will also recover in time."
RA-MC-BT-PC-NT-OC-s140927,RA+MC+BT+PC+NT+OC,trader-03,PC,19,hold,0,0,0.0,0,,338.28,4,359.19,4,16.91,4.0,415.19,14.0,14.0,14.0,14.0,,"Given the fundamental value of the asset is $14, I will continue to hold my current position of 4 shares. I plan to reassess my strategy after period 15, allowing me to benefit from potential dividends while waiting for a clearer market direction."
RA-MC-BT-PC-NT-OC-s140927,RA+MC+BT+PC+NT+OC,trader-04,NT,19,hold,0,0,0.0,0,,338.28,4,359.19,4,16.91,4.0,415.19,14.0,14.0,14.0,14.0,,"The market price is expected to remain stable at the fundamental value of $14 in the short term, based on the historical performance and dividends received. With my current position of 4 shares and $405.93 cash, holding my position minimizes risk and allows me to benefit from dividends and interest in the coming periods. There are no indicators suggesting a price change, so maintaining my shares is the best strategy."
RA-MC-BT-PC-NT-OC-s140927,RA+MC+BT+PC+NT+OC,trader-05,OC,19,buy,3,3,8.0,0,,338.28,4,359.19,4,16.91,4.0,415.19,8.0,10.0,12.0,14.0,,"As an overconfident contrarian, I believe the market is currently undervalued at $8.00 and will recover to its fundamental value of $14. With my current cash position, I can buy 3 shares at this price, maximizing my holdings while the price is low. I trust that the market will rebound, enhancing my final cash wealth."
RA-MC-BT-PC-NT-OC-s140927,RA+MC+BT+PC+NT+OC,trader-06,RA,19,hold,0,0,0.0,0,,338.28,4,359.19,4,16.91,4.0,415.19,14.0,14.0,14.0,14.0,,"The asset's fundamental value remains stable at $14, and the expected dividends of $0.40 or $1.00 do not provide a compelling reason to buy or sell at this moment. Holding my current shares allows me to benefit from future dividends and the eventual redemption, while maintaining my cash position for potential future opportunities."
RA-MC-BT-PC-NT-OC-s140927,RA+MC+BT+PC+NT+OC,trader-07,PC,19,hold,0,0,0.0,0,,338.28,4,359.19,4,16.91,4.0,415.19,14.0,14.0,14.0,14.0,,"I will hold my position this period. My plan is to buy in periods 5 and 10, and sell in periods 20 and 30. Holding now allows me to maintain my current shares and cash without risking my wealth. As I have already bought shares in previous periods, it is prudent to keep my current position and evaluate future market conditions while expecting dividends from my shares. The fundamental value remains stable at $14."
RA-MC-BT-PC-NT-OC-s140927,RA+MC+BT+PC+NT+OC,trader-08,MC,19,buy,1,1,14.0,0,,338.28,4,359.19,4,16.91,4.0,415.19,14.0,14.0,14.0,14.0,,"The current price is stable at the fundamental value of $14, indicating no immediate downward pressure. As a momentum chaser, I believe this stability suggests potential for upward movement. Given my cash position, I will buy 1 share to capitalize on this opportunity and position myself for future price increases."
RA-MC-BT-PC-NT-OC-s140927,RA+MC+BT+PC+NT+OC,trader-09,BT,19,hold,0,0,0.0,0,,338.28,4,359.19,4,16.91,4.0,415.19,14.0,14.0,14.0,14.0,,"The current market price is at the fundamental value of $14, which is expected to remain stable in the near term. Holding my 4 shares allows me to benefit from potential dividend payments while avoiding the risk of selling at a price that may not reflect the intrinsic value. Given the expected redemption value of $14 at the end of the trading period, maintaining my position is the optimal strategy at this time."
RA-MC-BT-PC-NT-OC-s140927,RA+MC+BT+PC+NT+OC,trader-10,BT,19,hold,0,0,0.0,0,,338.28,4,359.19,4,16.91,4.0,415.19,14.0,14.0,14.0,14.0,,"The asset's fundamental value remains at $14, and there are currently no indications of immediate price increases. Holding my shares allows me to collect dividends while maintaining flexibility for potential future price appreciation. Given my current cash position and share holdings, the optimal strategy is to hold."
RA-MC-BT-PC-NT-OC-s140927,RA+MC+BT+PC+NT+OC,trader-11,RA,19,hold,0,0,0.0,0,,338.28,4,359.19,4,16.91,4.0,415.19,14.0,14.0,14.0,14.0,,"The asset's current price is at its fundamental value of $14, with no expected excess return to justify buying or selling. Holding my 4 shares allows me to benefit from potential dividends while avoiding unnecessary risk. Given the stable redemption value of $14 in the final period and uncertain future dividends, maintaining my current position is the optimal strategy."
RA-MC-BT-PC-NT-OC-s140927,RA+MC+BT+PC+NT+OC,trader-00,MC,20,buy,1,1,14.0,1,14.0,359.19,4,364.45,5,17.26,2.0,434.45,14.0,14.0,14.0,14.0,,"The current price is at the fundamental value of $14, and there have been no recent downward trends. As a momentum chaser, I believe buying an additional share now maximizes my potential for future gains and dividends, especially since I have sufficient cash available."
RA-MC-BT-PC-NT-OC-s140927,RA+MC+BT+PC+NT+OC,trader-01,NT,20,buy,1,1,14.0,1,14.0,359.19,4,364.45,5,17.26,2.0,434.45,14.0,14.0,14.0,14.0,,"Given my current cash position of $359.19 and the stable fundamental value of the asset at $14, I will place a limit order to buy 1 share at $14. This purchase aligns with my strategy to maximize potential future dividend earnings while maintaining a balanced portfolio. Holding more shares is beneficial for maximizing cash wealth in the long run, especially considering the expected dividends of $0.40 or $1.00 each period."
RA-MC-BT-PC-NT-OC-s140927,RA+MC+BT+PC+NT+OC,trader-02,OC,20,buy,7,7,13.0,0,,359.19,4,378.75,4,17.96,1.6,434.75,14.0,14.0,14.0,14.0,,"As an overconfident contrarian, I believe the current market price of $13 is below its fundamental value of $14. I anticipate a market recovery, so I will buy 7 additional shares at this price to strengthen my position. This aligns with my strategy of capitalizing on perceived undervaluation, and I trust that my previous holdings will also recover in time."
RA-MC-BT-PC-NT-OC-s140927,RA+MC+BT+PC+NT+OC,trader-03,PC,20,hold,0,0,0.0,0,,359.19,4,378.75,4,17.96,1.6,434.75,14.0,14.0,14.0,14.0,,"Given the fundamental value of the asset is $14, I will continue to hold my current position of 4 shares. I plan to reassess my strategy after period 15, allowing me to benefit from potential dividends while waiting for a clearer market direction."
RA-MC-BT-PC-NT-OC-s140927,RA+MC+BT+PC+NT+OC,trader-04,NT,20,hold,0,0,0.0,0,,359.19,4,378.75,4,17.96,1.6,434.75,14.0,14.0,14.0,14.0,,"The market price is expected to remain stable at the fundamental value of $14 in the short term. Given my current position of 4 shares and $4310.28 cash, holding my position minimizes risk and allows me to benefit from dividends and interest in the coming periods. There are no indicators suggesting a price change, so maintaining my shares is the best strategy."
RA-MC-BT-PC-NT-OC-s140927,RA+MC+BT+PC+NT+OC,trader-05,OC,20,buy,3,3,8.0,0,,359.19,4,378.75,4,17.96,1.6,434.75,8.0,10.0,12.0,14.0,,"As an overconfident contrarian, I believe the market is currently undervalued at $8.00 and will recover to its fundamental value of $14. With my current cash position, I can buy 3 shares at this price, maximizing my holdings while the price is low. I trust that the market will rebound, enhancing my final cash wealth."
RA-MC-BT-PC-NT-OC-s140927,RA+MC+BT+PC+NT+OC,trader-06,RA,20,hold,0,0,0.0,0,,359.19,4,378.75,4,17.96,1.6,434.75,14.0,14.0,14.0,14.0,,"The asset's fundamental value remains stable at $14. Given the expected dividends of $0.40 or $1.00, there is no compelling reason to buy or sell at this moment. Holding my current shares allows me to benefit from future dividends and the eventual redemption while maintaining my cash position for potential future opportunities."
RA-MC-BT-PC-NT-OC-s140927,RA+MC+BT+PC+NT+OC,trader-07,PC,20,sell,4,4,14.0,-4,14.0,359.19,4,435.95,0,20.76,0.0,435.95,14.0,14.0,14.0,14.0,,"I will sell all my shares this period at the limit price of $14, as it aligns with the fundamental value of the asset. My plan is to sell in periods 20 and 30, and since I am currently in period 20, it is prudent to liquidate my position. This allows me to maximize my cash wealth ahead of the final period, where I can redeem any remaining assets for $14 each."
RA-MC-BT-PC-NT-OC-s140927,RA+MC+BT+PC+NT+OC,trader-08,MC,20,buy,2,2,14.0,2,14.0,359.19,4,350.15,6,16.56,2.4,434.15,14.0,14.0,14.0,14.0,,"The current price is stable at the fundamental value of $14, indicating no immediate downward pressure. As a momentum chaser, I believe this stability suggests potential for upward movement. Given my cash position, I will buy 2 shares to capitalize on this opportunity and position myself for future price increases."
RA-MC-BT-PC-NT-OC-s140927,RA+MC+BT+PC+NT+OC,trader-09,BT,20,hold,0,0,0.0,0,,359.19,4,378.75,4,17.96,1.6,434.75,14.0,14.0,14.0,14.0,,"The market price remains stable at the fundamental value of $14, which is expected to hold steady in the near term based on historical trends. Holding my 4 shares allows me to benefit from potential dividend payments in the upcoming periods, while avoiding the risk of selling at a price that does not reflect the intrinsic value. Given the expected redemption value of $14 at the end of the trading period, maintaining my position is the optimal strategy at this time."
RA-MC-BT-PC-NT-OC-s140927,RA+MC+BT+PC+NT+OC,trader-10,BT,20,hold,0,0,0.0,0,,359.19,4,378.75,4,17.96,1.6,434.75,14.0,14.0,14.0,14.0,,"The asset's fundamental value remains stable at $14, and there are currently no indications of immediate price increases. Holding my shares allows me to collect dividends while maintaining flexibility for potential future price appreciation. Given my current cash position and share holdings, the optimal strategy is to hold."
RA-MC-BT-PC-NT-OC-s140927,RA+MC+BT+PC+NT+OC,trader-11,RA,20,hold,0,0,0.0,0,,359.19,4,378.75,4,17.96,1.6,434.75,14.0,14.0,14.0,14.0,,"The asset's current price is at its fundamental value of $14, and there is no expected excess return to justify buying or selling. Holding my 4 shares allows me to benefit from potential dividends while avoiding unnecessary risk. Given the stable redemption value of $14 in the final period and the uncertainty of future dividends, maintaining my current position is the optimal strategy."
RA-MC-BT-PC-NT-OC-s140927,RA+MC+BT+PC+NT+OC,trader-00,MC,21,buy,1,1,14.0,0,,364.45,5,387.67,5,18.22,5.0,457.67,14.0,14.0,14.0,14.0,,"The current price is at the fundamental value of $14, and there are no recent downward trends. As a momentum chaser, I believe that buying an additional share now aligns with my strategy of maximizing potential future gains and dividends. Given my cash position allows for this purchase, I expect the price to remain stable or increase."
RA-MC-BT-PC-NT-OC-s140927,RA+MC+BT+PC+NT+OC,trader-01,NT,21,buy,1,1,14.0,0,,364.45,5,387.67,5,18.22,5.0,457.67,14.0,14.0,14.0,14.0,,"Given my current cash position of $4545.00 and the stable fundamental value of the asset at $14, I will place a limit order to buy 1 share at $14. This purchase aligns with my strategy to maximize potential future dividend earnings while maintaining a balanced portfolio. Holding more shares increases my potential dividend earnings, especially considering the expected dividends of $0.40 or $1.00 each period."
RA-MC-BT-PC-NT-OC-s140927,RA+MC+BT+PC+NT+OC,trader-02,OC,21,buy,7,7,13.0,0,,378.75,4,401.69,4,18.94,4.0,457.69,14.0,14.0,14.0,14.0,,"As an overconfident contrarian, I believe the current market price of $13 is below its fundamental value of $14. I anticipate a market recovery, so I will buy 7 additional shares at this price to strengthen my position. This aligns with my strategy of capitalizing on perceived undervaluation, and I trust that my previous holdings will also recover in time."
RA-MC-BT-PC-NT-OC-s140927,RA+MC+BT+PC+NT+OC,trader-03,PC,21,hold,0,0,0.0,0,,378.75,4,401.69,4,18.94,4.0,457.69,14.0,14.0,14.0,14.0,,"Given the fundamental value of the asset is $14, I will continue to hold my current position of 4 shares. I plan to reassess my strategy after period 30. Holding allows me to benefit from potential dividends while waiting for a clearer market direction."
RA-MC-BT-PC-NT-OC-s140927,RA+MC+BT+PC+NT+OC,trader-04,NT,21,hold,0,0,0.0,0,,378.75,4,401.69,4,18.94,4.0,457.69,14.0,14.0,14.0,14.0,,"The market price is expected to remain stable at the fundamental value of $14 in the short term. With my current position of 4 shares and $4545.00 cash, holding minimizes risk and allows me to benefit from dividends and interest in the coming periods. There are no indicators suggesting a price change, so maintaining my shares is the best strategy."
RA-MC-BT-PC-NT-OC-s140927,RA+MC+BT+PC+NT+OC,trader-05,OC,21,buy,3,3,8.0,0,,378.75,4,401.69,4,18.94,4.0,457.69,8.0,8.0,14.0,14.0,,"As an overconfident contrarian, I believe the market is currently undervalued at the price of $8.00 and will recover to its fundamental value of $14. With my current cash position, I can buy 3 shares at this price, maximizing my holdings while the price is low. I trust that the market will rebound, enhancing my final cash wealth."
RA-MC-BT-PC-NT-OC-s140927,RA+MC+BT+PC+NT+OC,trader-06,RA,21,hold,0,0,0.0,0,,378.75,4,401.69,4,18.94,4.0,457.69,14.0,14.0,14.0,14.0,,"The asset's fundamental value remains stable at $14, and the expected dividends of $0.40 or $1.00 do not provide a compelling reason to buy or sell at this moment. Holding my current shares allows me to benefit from future dividends and the eventual redemption, while maintaining my cash position for potential future opportunities."
RA-MC-BT-PC-NT-OC-s140927,RA+MC+BT+PC+NT+OC,trader-07,PC,21,hold,0,0,0.0,0,,435.95,0,457.75,0,21.8,0.0,457.75,14.0,14.0,14.0,14.0,,"I will hold my position this period. My plan is to buy in periods 5 and 10, and sell in periods 20 and 30. Holding now allows me to maintain my current cash and share position without risking my wealth. Given the fundamental value of the asset remains stable at $14, it is prudent to evaluate the market conditions before executing my next buy."
RA-MC-BT-PC-NT-OC-s140927,RA+MC+BT+PC+NT+OC,trader-08,MC,21,buy,1,1,14.0,0,,350.15,6,373.66,6,17.51,6.0,457.66,14.0,14.0,14.0,14.0,,"The current price remains stable at the fundamental value of $14. As a momentum chaser, I believe this stability indicates potential for upward movement. Given my cash position of $350.15 (or 35015 cents), I will buy 1 additional share to capitalize on this opportunity."
RA-MC-BT-PC-NT-OC-s140927,RA+MC+BT+PC+NT+OC,trader-09,BT,21,hold,0,0,0.0,0,,378.75,4,401.69,4,18.94,4.0,457.69,14.0,14.0,14.0,14.0,,"The market price remains at the fundamental value of $14, which is expected to hold steady based on historical trends. Holding my 4 shares allows me to benefit from potential dividend payments while avoiding the risk of selling at a price that does not reflect the intrinsic value. Given the expected redemption value of $14 at the end of the trading period, maintaining my position is the optimal strategy at this time."
RA-MC-BT-PC-NT-OC-s140927,RA+MC+BT+PC+NT+OC,trader-10,BT,21,hold,0,0,0.0,0,,378.75,4,401.69,4,18.94,4.0,457.69,14.0,14.0,14.0,14.0,,"The asset's fundamental value remains at $14, and there are no immediate indicators of price increases. Holding my shares allows me to collect dividends while waiting for potential price appreciation. Given my current cash and share positions are stable, holding is the optimal strategy for now."
RA-MC-BT-PC-NT-OC-s140927,RA+MC+BT+PC+NT+OC,trader-11,RA,21,hold,0,0,0.0,0,,378.75,4,401.69,4,18.94,4.0,457.69,14.0,14.0,14.0,14.0,,"The current price of the asset is at its fundamental value of $14, with no expected excess return to justify buying or selling. Holding my current position of 4 shares allows me to benefit from potential dividends while avoiding unnecessary risk. Given the stable redemption value and uncertain future dividends, maintaining my current position is the optimal strategy."
RA-MC-BT-PC-NT-OC-s140927,RA+MC+BT+PC+NT+OC,trader-00,MC,22,buy,1,1,14.0,0,,387.67,5,409.05,5,19.38,2.0,479.05,14.0,14.0,14.0,14.0,,"The current price is at the fundamental value of $14, and I anticipate stability or a slight increase given the absence of downward trends. As a momentum chaser, buying an additional share aligns with my strategy to maximize future gains and dividends, especially since I have sufficient cash available."
RA-MC-BT-PC-NT-OC-s140927,RA+MC+BT+PC+NT+OC,trader-01,NT,22,buy,1,1,14.0,0,,387.67,5,409.05,5,19.38,2.0,479.05,14.0,14.0,14.0,14.0,,"Given the current cash position of $4820.27 and the stable fundamental value of the asset at $14, I will place a limit order to buy 1 share at $14. This purchase aligns with my strategy to maximize potential future dividend earnings while maintaining a balanced portfolio. Holding more shares increases my potential dividend earnings, especially considering the expected dividends of $0.40 or $1.00 each period."
RA-MC-BT-PC-NT-OC-s140927,RA+MC+BT+PC+NT+OC,trader-02,OC,22,buy,7,7,13.0,0,,401.69,4,423.37,4,20.08,1.6,479.37,14.0,14.0,14.0,14.0,,"As an overconfident contrarian, I believe the current market price of $13 is below its fundamental value of $14. I anticipate a market recovery, so I will buy 7 additional shares at this price to strengthen my position. This aligns with my strategy of capitalizing on perceived undervaluation, and I trust that my previous holdings will also recover in time."
RA-MC-BT-PC-NT-OC-s140927,RA+MC+BT+PC+NT+OC,trader-03,PC,22,hold,0,0,0.0,0,,401.69,4,423.37,4,20.08,1.6,479.37,14.0,14.0,14.0,14.0,,"Given the fundamental value of the asset is $14, I will continue to hold my current position of 4 shares instead of buying or selling. I plan to hold my shares for the remainder of the trading periods to benefit from potential dividends and the eventual redemption value. This strategy remains consistent with my earlier plan to reassess after period 30."
RA-MC-BT-PC-NT-OC-s140927,RA+MC+BT+PC+NT+OC,trader-04,NT,22,hold,0,0,0.0,0,,401.69,4,423.37,4,20.08,1.6,479.37,14.0,14.0,14.0,14.0,,"The market price is expected to remain stable at the fundamental value of $14 in the short term. With my current position of 4 shares and $4545.00 cash, holding minimizes risk and allows me to benefit from dividends and interest in the coming periods. There are no indicators suggesting a price change, so maintaining my shares is the best strategy."
RA-MC-BT-PC-NT-OC-s140927,RA+MC+BT+PC+NT+OC,trader-05,OC,22,buy,3,3,8.0,0,,401.69,4,423.37,4,20.08,1.6,479.37,14.0,14.0,14.0,14.0,,"As an overconfident contrarian, I believe the market is currently undervalued at $8.00 and will recover to its fundamental value of $14. With my current cash position, I can buy 3 shares at this price, maximizing my holdings while the price is low. I trust that the market will rebound, enhancing my final cash wealth."
RA-MC-BT-PC-NT-OC-s140927,RA+MC+BT+PC+NT+OC,trader-06,RA,22,hold,0,0,0.0,0,,401.69,4,423.37,4,20.08,1.6,479.37,14.0,14.0,14.0,14.0,,"The asset's fundamental value remains stable at $14, and with the expected dividends of $0.40 or $1.00, there is no compelling reason to buy or sell at this moment. Holding my current shares allows me to benefit from future dividends and the eventual redemption while maintaining my cash position for potential future opportunities."
RA-MC-BT-PC-NT-OC-s140927,RA+MC+BT+PC+NT+OC,trader-07,PC,22,hold,0,0,0.0,0,,457.75,0,480.64,0,22.89,0.0,480.64,14.0,14.0,14.0,14.0,,"I will hold my position this period. My plan is to buy in periods 5 and 10, and sell in periods 20 and 30. Holding now allows me to maintain my current cash and share position without risking my wealth. Given the fundamental value of the asset remains stable at $14, it is prudent to evaluate the market conditions before executing my next buy."
RA-MC-BT-PC-NT-OC-s140927,RA+MC+BT+PC+NT+OC,trader-08,MC,22,buy,1,1,14.0,0,,373.66,6,394.74,6,18.68,2.4,478.74,14.0,14.0,14.0,14.0,,"The current price is stable at the fundamental value of $14, which indicates no immediate downward pressure. As a momentum chaser, I believe this stability suggests potential for upward movement. Given my cash position of $373.66 (or 37366 cents), I will buy 1 additional share to capitalize on this opportunity and position myself for future price increases."
RA-MC-BT-PC-NT-OC-s140927,RA+MC+BT+PC+NT+OC,trader-09,BT,22,hold,0,0,0.0,0,,401.69,4,423.37,4,20.08,1.6,479.37,14.0,14.0,14.0,14.0,,"The market price remains stable at the fundamental value of $14, which is expected to hold steady in the near term based on historical trends. Holding my 4 shares allows me to benefit from potential dividend payments in upcoming periods while avoiding the risk of selling at a price that does not reflect the intrinsic value. Given the expected redemption value of $14 at the end of the trading period, maintaining my position is the optimal strategy at this time."
RA-MC-BT-PC-NT-OC-s140927,RA+MC+BT+PC+NT+OC,trader-10,BT,22,hold,0,0,0.0,0,,401.69,4,423.37,4,20.08,1.6,479.37,14.0,14.0,14.0,14.0,,"The asset's fundamental value remains stable at $14, and there are currently no signs of immediate price increases. Holding my shares allows me to collect dividends while maintaining flexibility for potential future price appreciation. Given my current cash position and share holdings, the optimal strategy is to hold."
RA-MC-BT-PC-NT-OC-s140927,RA+MC+BT+PC+NT+OC,trader-11,RA,22,hold,0,0,0.0,0,,401.69,4,423.37,4,20.08,1.6,479.37,14.0,14.0,14.0,14.0,,"The current price of the asset is at its fundamental value of $14, and there is no expected excess return to justify a buy or sell action. Holding my current position of 4 shares allows me to benefit from potential dividends while avoiding unnecessary risk. Given the stable redemption value and uncertain future dividends, maintaining my current position is the optimal strategy."
RA-MC-BT-PC-NT-OC-s140927,RA+MC+BT+PC+NT+OC,trader-00,MC,23,buy,1,1,14.0,0,,409.05,5,434.5,5,20.45,5.0,504.5,14.0,14.0,14.0,14.0,,"The current price is at the fundamental value of $14, and there have been no recent downward trends. As a momentum chaser, I will buy 1 additional share to maximize my potential for future gains and dividends, especially since I have sufficient cash available. This aligns with my strategy of capitalizing on price stability and potential increases."
RA-MC-BT-PC-NT-OC-s140927,RA+MC+BT+PC+NT+OC,trader-01,NT,23,buy,1,1,14.0,0,,409.05,5,434.5,5,20.45,5.0,504.5,14.0,14.0,14.0,14.0,,"Given my current cash position of $4820.27 and the stable fundamental value of the asset at $14, I will place a limit order to buy 1 share at $14. This purchase aligns with my strategy to maximize potential future dividend earnings while maintaining a balanced portfolio. Holding more shares increases my potential dividend earnings, especially considering the expected dividends of $0.40 or $1.00 each period."
RA-MC-BT-PC-NT-OC-s140927,RA+MC+BT+PC+NT+OC,trader-02,OC,23,buy,7,7,13.0,0,,423.37,4,448.54,4,21.17,4.0,504.54,14.0,14.0,14.0,14.0,,"As an overconfident contrarian, I strongly believe the current price of $13 is below the fundamental value of $14. I anticipate a market recovery and will buy 7 additional shares at this price to strengthen my position. This aligns with my strategy of capitalizing on perceived undervaluation, and I trust that my previous holdings will also recover in time."
RA-MC-BT-PC-NT-OC-s140927,RA+MC+BT+PC+NT+OC,trader-03,PC,23,hold,0,0,0.0,0,,423.37,4,448.54,4,21.17,4.0,504.54,14.0,14.0,14.0,14.0,,"Given the fundamental value of the asset is $14, I will continue to hold my current position of 4 shares. My plan is to hold my shares for the remainder of the trading periods to benefit from potential dividends and the eventual redemption value. This strategy is consistent with my earlier commitment to reassess after period 30."
RA-MC-BT-PC-NT-OC-s140927,RA+MC+BT+PC+NT+OC,trader-04,NT,23,hold,0,0,0.0,0,,423.37,4,448.54,4,21.17,4.0,504.54,14.0,14.0,14.0,14.0,,"The market price is expected to remain stable at the fundamental value of $14 in the short term, based on historical performance and dividends received. With my current position of 4 shares and $5080.44 cash, holding my position minimizes risk and allows me to benefit from dividends and interest in the coming periods. There are no indicators suggesting a price change, so maintaining my shares is the best strategy."
RA-MC-BT-PC-NT-OC-s140927,RA+MC+BT+PC+NT+OC,trader-05,OC,23,buy,3,3,8.0,0,,423.37,4,448.54,4,21.17,4.0,504.54,14.0,14.0,14.0,14.0,,"As an overconfident contrarian, I believe the market is currently undervalued at $8.00 and will recover to its fundamental value of $14. With my current cash position, I can buy 3 shares at this price, maximizing my holdings while the price is low. I trust that the market will rebound, enhancing my final cash wealth."
RA-MC-BT-PC-NT-OC-s140927,RA+MC+BT+PC+NT+OC,trader-06,RA,23,hold,0,0,0.0,0,,423.37,4,448.54,4,21.17,4.0,504.54,14.0,14.0,14.0,14.0,,"The asset's fundamental value remains stable at $14, and with the expected dividends of $0.40 or $1.00, there is no compelling reason to buy or sell at this moment. Holding my current shares allows me to benefit from future dividends and the eventual redemption while maintaining my cash position for potential future opportunities."
RA-MC-BT-PC-NT-OC-s140927,RA+MC+BT+PC+NT+OC,trader-07,PC,23,hold,0,0,0.0,0,,480.64,0,504.67,0,24.03,0.0,504.67,14.0,14.0,14.0,14.0,,"I will hold my position this period. My plan is to buy in periods 5 and 10, and sell in periods 20 and 30. Holding now allows me to maintain my current cash without risking my wealth ahead of my next planned buy. Given that the fundamental value of the asset remains stable at $14, it is prudent to evaluate the market conditions before executing my next buy."
RA-MC-BT-PC-NT-OC-s140927,RA+MC+BT+PC+NT+OC,trader-08,MC,23,buy,1,1,14.0,0,,394.74,6,420.48,6,19.74,6.0,504.48,14.0,14.0,14.0,14.0,,"The current price is stable at the fundamental value of $14, indicating no immediate downward pressure. As a momentum chaser, I believe this stability suggests potential for upward movement. Given my current cash position of $394.74 (or 39474 cents), I will buy 1 additional share to capitalize on this opportunity and position myself for future price increases."
RA-MC-BT-PC-NT-OC-s140927,RA+MC+BT+PC+NT+OC,trader-09,BT,23,hold,0,0,0.0,0,,423.37,4,448.54,4,21.17,4.0,504.54,14.0,14.0,14.0,14.0,,"The current market price is at the fundamental value of $14, which has remained stable over previous periods. Holding my 4 shares allows me to benefit from potential dividend payments in the upcoming periods. Given that there are only 8 trading periods remaining and the expected redemption value at the end is also $14, selling now would not yield a better outcome than waiting for potential dividends. Therefore, I will maintain my position."
RA-MC-BT-PC-NT-OC-s140927,RA+MC+BT+PC+NT+OC,trader-10,BT,23,hold,0,0,0.0,0,,423.37,4,448.54,4,21.17,4.0,504.54,14.0,14.0,14.0,14.0,,"The asset's fundamental value remains at $14, and there are no indications of immediate price increases. Holding my shares allows me to collect dividends while waiting for potential price appreciation. Given my current cash and share positions are stable, holding is the optimal strategy at this time."
RA-MC-BT-PC-NT-OC-s140927,RA+MC+BT+PC+NT+OC,trader-11,RA,23,hold,0,0,0.0,0,,423.37,4,448.54,4,21.17,4.0,504.54,14.0,14.0,14.0,14.0,,"The asset's current price is at its fundamental value of $14, with no expected excess return to justify buying or selling. Holding my 4 shares allows me to benefit from potential dividends while avoiding risks associated with unnecessary trading. Given the stable redemption value of $14 in the final period and the uncertainty of future dividends, maintaining my current position is the optimal strategy."
RA-MC-BT-PC-NT-OC-s140927,RA+MC+BT+PC+NT+OC,trader-00,MC,24,buy,1,1,14.0,0,,434.5,5,458.23,5,21.73,2.0,528.23,14.0,14.0,14.0,14.0,,"The current price is at the fundamental value of $14, and there have been no recent downward trends. As a momentum chaser, I believe that buying an additional share now maximizes my potential for future gains and dividends, especially since I have sufficient cash available."
RA-MC-BT-PC-NT-OC-s140927,RA+MC+BT+PC+NT+OC,trader-01,NT,24,buy,1,1,14.0,0,,434.5,5,458.23,5,21.73,2.0,528.23,14.0,14.0,14.0,14.0,,"Given my current cash position of $434.50 and the stable fundamental value of the asset at $14, it is prudent to place a limit order to buy 1 share at $14. This purchase aligns with my strategy to maximize potential future dividend earnings while maintaining a balanced portfolio. Holding more shares increases my potential dividend earnings, especially considering the expected dividends of $0.40 or $1.00 each period."
RA-MC-BT-PC-NT-OC-s140927,RA+MC+BT+PC+NT+OC,trader-02,OC,24,buy,7,7,13.0,0,,448.54,4,472.57,4,22.43,1.6,528.57,13.0,14.0,14.0,14.0,,"As an overconfident contrarian, I believe the current market price of $13 is below its fundamental value of $14. I anticipate a market recovery, so I will buy 7 additional shares at this price to strengthen my position. This aligns with my strategy of capitalizing on perceived undervaluation, and I trust that my previous holdings will also recover in time."
RA-MC-BT-PC-NT-OC-s140927,RA+MC+BT+PC+NT+OC,trader-03,PC,24,hold,0,0,0.0,0,,448.54,4,472.57,4,22.43,1.6,528.57,14.0,14.0,14.0,14.0,,"Given the fundamental value of the asset is $14, I will continue to hold my current position of 4 shares. I plan to hold my shares for the remainder of the trading periods to benefit from potential dividends and the eventual redemption value. This strategy is consistent with my earlier commitment to reassess after period 30."
RA-MC-BT-PC-NT-OC-s140927,RA+MC+BT+PC+NT+OC,trader-04,NT,24,hold,0,0,0.0,0,,448.54,4,472.57,4,22.43,1.6,528.57,14.0,14.0,14.0,14.0,,"The market price is expected to remain stable at the fundamental value of $14. With my current position of 4 shares and $5382.47 cash, holding my position minimizes risk and allows me to benefit from dividends and interest in the coming periods. There are no indicators suggesting a price change, so maintaining my shares is the best strategy."
RA-MC-BT-PC-NT-OC-s140927,RA+MC+BT+PC+NT+OC,trader-05,OC,24,buy,3,3,8.0,0,,448.54,4,472.57,4,22.43,1.6,528.57,14.0,14.0,14.0,14.0,,"As an overconfident contrarian, I believe the market is currently undervalued at the price of $8.00 and will recover to its fundamental value of $14. With my current cash position, I can buy 3 shares at this price, maximizing my holdings while the price is low. I trust that the market will rebound, enhancing my final cash wealth."
RA-MC-BT-PC-NT-OC-s140927,RA+MC+BT+PC+NT+OC,trader-06,RA,24,hold,0,0,0.0,0,,448.54,4,472.57,4,22.43,1.6,528.57,14.0,14.0,14.0,14.0,,"The asset's fundamental value remains stable at $14, and the expected dividends of $0.40 or $1.00 do not provide a compelling reason to buy or sell at this moment. Holding my current shares allows me to benefit from future dividends and the eventual redemption while maintaining my cash position for potential future opportunities."
RA-MC-BT-PC-NT-OC-s140927,RA+MC+BT+PC+NT+OC,trader-07,PC,24,hold,0,0,0.0,0,,504.67,0,529.9,0,25.23,0.0,529.9,14.0,14.0,14.0,14.0,,"I will hold my position this period. My plan is to buy in periods 5 and 10, and sell in periods 20 and 30. Holding now allows me to maintain my current cash and share position without risking my wealth. Given the fundamental value of the asset remains stable at $14, it is prudent to evaluate the market conditions before executing my next buy."
RA-MC-BT-PC-NT-OC-s140927,RA+MC+BT+PC+NT+OC,trader-08,MC,24,buy,1,1,14.0,0,,420.48,6,443.9,6,21.02,2.4,527.9,14.0,14.0,14.0,14.0,,"The current market price is stable at the fundamental value of $14, indicating no immediate downward pressure. As a momentum chaser, I believe this stability suggests potential for upward movement. Given my cash position of $420.48 (or 42048 cents), I will buy 1 additional share to capitalize on this opportunity and position myself for future price increases."
RA-MC-BT-PC-NT-OC-s140927,RA+MC+BT+PC+NT+OC,trader-09,BT,24,hold,0,0,0.0,0,,448.54,4,472.57,4,22.43,1.6,528.57,14.0,14.0,14.0,14.0,,"The market price remains stable at the fundamental value of $14, which is expected to hold steady in the near term. Holding my 4 shares allows me to benefit from potential dividend payments while avoiding the risk of selling at a price that does not reflect the intrinsic value. Given the expected redemption value of $14 at the end of the trading period, maintaining my position is the optimal strategy at this time."
RA-MC-BT-PC-NT-OC-s140927,RA+MC+BT+PC+NT+OC,trader-10,BT,24,hold,0,0,0.0,0,,448.54,4,472.57,4,22.43,1.6,528.57,14.0,14.0,14.0,14.0,,"The asset's fundamental value remains stable at $14, and there are no indications of immediate price increases. Holding my shares allows me to collect dividends while maintaining flexibility for potential future price appreciation. Given my current cash position and share holdings, the optimal strategy at this time is to hold."
RA-MC-BT-PC-NT-OC-s140927,RA+MC+BT+PC+NT+OC,trader-11,RA,24,hold,0,0,0.0,0,,448.54,4,472.57,4,22.43,1.6,528.57,14.0,14.0,14.0,14.0,,"The asset's current price is at its fundamental value of $14, with no expected excess return to justify buying or selling. Holding my 4 shares allows me to benefit from potential dividends while avoiding risks associated with unnecessary trading. Given the stable redemption value of $14 in the final period and the uncertainty of future dividends, maintaining my current position is the optimal strategy."
RA-MC-BT-PC-NT-OC-s140927,RA+MC+BT+PC+NT+OC,trader-00,MC,25,buy,1,1,14.0,0,,458.23,5,483.14,5,22.91,2.0,553.14,14.0,14.0,14.0,14.0,,"The current price is at the fundamental value of $14, and there have been no recent downward trends indicating a change. As a momentum chaser, I believe that buying an additional share now maximizes my potential for future gains and dividends, especially since I have sufficient cash available. This aligns with my strategy of capitalizing on price stability and potential increases."
RA-MC-BT-PC-NT-OC-s140927,RA+MC+BT+PC+NT+OC,trader-01,NT,25,buy,1,1,14.0,0,,458.23,5,483.14,5,22.91,2.0,553.14,14.0,14.0,14.0,14.0,,"Given my current cash position of $458.23 and the stable fundamental value of the asset at $14, I will place a limit order to buy 1 share at $14. This purchase aligns with my strategy to maximize potential future dividend earnings while maintaining a balanced portfolio. Holding more shares is beneficial for maximizing cash wealth in the long run, especially considering the expected dividends of $0.40 or $1.00 each period."
RA-MC-BT-PC-NT-OC-s140927,RA+MC+BT+PC+NT+OC,trader-02,OC,25,buy,7,7,13.0,0,,472.57,4,497.8,4,23.63,1.6,553.8,13.0,14.0,14.0,14.0,,"As an overconfident contrarian, I strongly believe the current price of $13 is below the fundamental value of $14. I anticipate a market recovery and will buy 7 additional shares at this price to strengthen my position. This aligns with my strategy of capitalizing on perceived undervaluation, and I trust that my previous holdings will also recover in time."
RA-MC-BT-PC-NT-OC-s140927,RA+MC+BT+PC+NT+OC,trader-03,PC,25,hold,0,0,0.0,0,,472.57,4,497.8,4,23.63,1.6,553.8,14.0,14.0,14.0,14.0,,"Given the fundamental value of the asset is $14, I will continue to hold my current position of 4 shares instead of buying or selling. I plan to hold my shares for the remainder of the trading periods to benefit from potential dividends and the eventual redemption value. This strategy is consistent with my earlier commitment to reassess after period 30."
RA-MC-BT-PC-NT-OC-s140927,RA+MC+BT+PC+NT+OC,trader-04,NT,25,hold,0,0,0.0,0,,472.57,4,497.8,4,23.63,1.6,553.8,14.0,14.0,14.0,14.0,,"The market price is expected to remain stable at the fundamental value of $14 in the short term. With 4 shares and $5670.82 cash, holding my position minimizes risk and allows me to benefit from dividends and interest in the remaining periods. There are no indicators suggesting a price change, so maintaining my shares is the best strategy."
RA-MC-BT-PC-NT-OC-s140927,RA+MC+BT+PC+NT+OC,trader-05,OC,25,buy,3,3,8.0,0,,472.57,4,497.8,4,23.63,1.6,553.8,14.0,14.0,14.0,14.0,,"As an overconfident contrarian, I believe the market is currently undervalued at $8.00 and will recover to its fundamental value of $14. With my current cash position, I can buy 3 shares at this price, maximizing my holdings while the price is low. I trust that the market will rebound, enhancing my final cash wealth."
RA-MC-BT-PC-NT-OC-s140927,RA+MC+BT+PC+NT+OC,trader-06,RA,25,hold,0,0,0.0,0,,472.57,4,497.8,4,23.63,1.6,553.8,14.0,14.0,14.0,14.0,,"The asset's fundamental value remains stable at $14, and with expected dividends of $0.40 or $1.00, there is no compelling reason to buy or sell at this moment. Holding my current shares allows me to benefit from future dividends and the eventual redemption while maintaining my cash position for potential future opportunities."
RA-MC-BT-PC-NT-OC-s140927,RA+MC+BT+PC+NT+OC,trader-07,PC,25,hold,0,0,0.0,0,,529.9,0,556.4,0,26.5,0.0,556.4,14.0,14.0,14.0,14.0,,"I will hold my position this period. My plan is to buy in periods 5 and 10, and sell in periods 20 and 30. Holding now allows me to maintain my current cash and share position without risking my wealth. Given the fundamental value of the asset remains stable at $14, it is prudent to evaluate the market conditions before executing my next buy."
RA-MC-BT-PC-NT-OC-s140927,RA+MC+BT+PC+NT+OC,trader-08,MC,25,buy,1,1,14.0,0,,443.9,6,468.5,6,22.2,2.4,552.5,14.0,14.0,14.0,14.0,,"The current price remains at the fundamental value of $14, indicating stability. As a momentum chaser, I believe this stability suggests potential for upward movement in the near term. Given my cash position, I will buy 1 additional share to capitalize on this opportunity."
RA-MC-BT-PC-NT-OC-s140927,RA+MC+BT+PC+NT+OC,trader-09,BT,25,hold,0,0,0.0,0,,472.57,4,497.8,4,23.63,1.6,553.8,14.0,14.0,14.0,14.0,,"The current market price is at the fundamental value of $14, which is expected to remain stable in the near term. I have 4 shares, and holding them allows me to benefit from potential dividend payments in the upcoming periods. Given the expected redemption value of $14 at the end of the trading period, maintaining my position is the optimal strategy at this time."
RA-MC-BT-PC-NT-OC-s140927,RA+MC+BT+PC+NT+OC,trader-10,BT,25,hold,0,0,0.0,0,,472.57,4,497.8,4,23.63,1.6,553.8,14.0,14.0,14.0,14.0,,"The asset's fundamental value remains stable at $14, and there are currently no indications of immediate price increases. Given my current cash position and share holdings, holding my shares allows me to collect dividends while maintaining flexibility for potential future price appreciation. As there are only 6 periods left, and given the consistent fundamental price, holding is the optimal strategy at this time."
RA-MC-BT-PC-NT-OC-s140927,RA+MC+BT+PC+NT+OC,trader-11,RA,25,hold,0,0,0.0,0,,472.57,4,497.8,4,23.63,1.6,553.8,14.0,14.0,14.0,14.0,,"The asset's current price is at its fundamental value of $14, with no expected excess return to justify buying or selling. Holding my 4 shares allows me to benefit from potential dividends while avoiding unnecessary risk. Given the stable redemption value of $14 in the final period and the uncertainty of future dividends, maintaining my current position is the optimal strategy."
RA-MC-BT-PC-NT-OC-s140927,RA+MC+BT+PC+NT+OC,trader-00,MC,26,buy,1,1,14.0,0,,483.14,5,512.3,5,24.16,5.0,582.3,14.0,14.0,14.0,14.0,,"With the current price at the fundamental value of $14 and no recent downward trends indicating a change, I believe it is prudent to buy an additional share. This aligns with my momentum-chasing strategy as I expect prices to remain stable or increase, which will maximize my potential future gains and dividends."
RA-MC-BT-PC-NT-OC-s140927,RA+MC+BT+PC+NT+OC,trader-01,NT,26,buy,1,1,14.0,0,,483.14,5,512.3,5,24.16,5.0,582.3,14.0,14.0,14.0,14.0,,"Given my current cash position of $483.14 and the stable fundamental value of the asset at $14, I will place a limit order to buy 1 share at $14. This purchase increases my potential future dividend earnings while maintaining a balanced portfolio. Holding more shares maximizes my cash wealth in the long run, especially considering the expected dividends of $0.40 or $1.00 each period."
RA-MC-BT-PC-NT-OC-s140927,RA+MC+BT+PC+NT+OC,trader-02,OC,26,buy,7,7,13.0,0,,497.8,4,526.69,4,24.89,4.0,582.69,14.0,14.0,14.0,14.0,,"As an overconfident contrarian, I believe the current market price of $13 is below its fundamental value of $14. I anticipate a market recovery, so I will buy 7 additional shares at this price to strengthen my position. This aligns with my strategy of capitalizing on perceived undervaluation, and I trust that my previous holdings will also recover in time."
RA-MC-BT-PC-NT-OC-s140927,RA+MC+BT+PC+NT+OC,trader-03,PC,26,hold,0,0,0.0,0,,497.8,4,526.69,4,24.89,4.0,582.69,14.0,14.0,14.0,14.0,,"Given the fundamental value of the asset is $14, I will continue to hold my current position of 4 shares. My plan is to hold my shares for the remainder of the trading periods to benefit from potential dividends and the eventual redemption value. This strategy is consistent with my earlier commitment to reassess after period 30."
RA-MC-BT-PC-NT-OC-s140927,RA+MC+BT+PC+NT+OC,trader-04,NT,26,hold,0,0,0.0,0,,497.8,4,526.69,4,24.89,4.0,582.69,14.0,14.0,14.0,14.0,,"The market price is expected to remain stable at the fundamental value of $14 in the short term. As I currently hold 4 shares and have $5973.58 cash, holding my position minimizes risk and allows me to benefit from dividends and interest in the remaining periods. There are no indicators suggesting a price change, so maintaining my shares is the best strategy."
RA-MC-BT-PC-NT-OC-s140927,RA+MC+BT+PC+NT+OC,trader-05,OC,26,buy,3,3,8.0,0,,497.8,4,526.69,4,24.89,4.0,582.69,14.0,14.0,14.0,14.0,,"As an overconfident contrarian, I believe the market is currently undervalued at $8.00 and will recover to its fundamental value of $14. With my current cash position, I can buy 3 shares at this price, maximizing my holdings while the price is low. I trust that the market will rebound, enhancing my final cash wealth."
RA-MC-BT-PC-NT-OC-s140927,RA+MC+BT+PC+NT+OC,trader-06,RA,26,hold,0,0,0.0,0,,497.8,4,526.69,4,24.89,4.0,582.69,14.0,14.0,14.0,14.0,,"The asset's fundamental value remains stable at $14. Given the expected dividends of $0.40 or $1.00, there is no compelling reason to buy or sell at this moment. Holding my current shares allows me to benefit from future dividends and the eventual redemption while maintaining my cash position for potential future opportunities."
RA-MC-BT-PC-NT-OC-s140927,RA+MC+BT+PC+NT+OC,trader-07,PC,26,hold,0,0,0.0,0,,556.4,0,584.22,0,27.82,0.0,584.22,14.0,14.0,14.0,14.0,,"I will hold my position this period. My previous plan was to sell in periods 20 and 30, and I have already executed my sell in period 20. With only one trading period left, I prefer to maintain my cash position rather than risk buying shares at this stage. The asset's fundamental value remains at $14, and I will keep my cash intact for the final redemption period."
RA-MC-BT-PC-NT-OC-s140927,RA+MC+BT+PC+NT+OC,trader-08,MC,26,buy,1,1,14.0,0,,468.5,6,497.93,6,23.43,6.0,581.93,14.0,14.0,14.0,14.0,,"The current price remains stable at the fundamental value of $14, indicating no immediate downward pressure. As a momentum chaser, I believe this stability suggests potential for upward movement. With 6 shares already held and cash available, I will buy 1 additional share to capitalize on this opportunity as I anticipate future price increases."
RA-MC-BT-PC-NT-OC-s140927,RA+MC+BT+PC+NT+OC,trader-09,BT,26,hold,0,0,0.0,0,,497.8,4,526.69,4,24.89,4.0,582.69,14.0,14.0,14.0,14.0,,"The current market price is at the fundamental value of $14, which is expected to remain stable in the near term. Holding my 4 shares allows me to benefit from potential dividend payments in the upcoming periods. Given that the redemption value at the end is also $14, maintaining my position is the optimal strategy at this time."
RA-MC-BT-PC-NT-OC-s140927,RA+MC+BT+PC+NT+OC,trader-10,BT,26,hold,0,0,0.0,0,,497.8,4,526.69,4,24.89,4.0,582.69,14.0,14.0,14.0,14.0,,"The asset's fundamental value remains stable at $14, and there are no indications of immediate price increases. With only 5 periods remaining, holding my shares allows me to collect dividends while waiting for potential appreciation. Given the consistent fundamental value and the upcoming redemption value of $14, holding is the optimal strategy at this time."
RA-MC-BT-PC-NT-OC-s140927,RA+MC+BT+PC+NT+OC,trader-11,RA,26,hold,0,0,0.0,0,,497.8,4,526.69,4,24.89,4.0,582.69,14.0,14.0,14.0,14.0,,"The current price of the asset is at its fundamental value of $14, with no expected excess return to justify buying or selling. Holding my current position of 4 shares allows me to benefit from potential dividends while avoiding unnecessary risk. Given the stable redemption value of $14 in the final period and the uncertainty of future dividends, maintaining my current position is the optimal strategy."
RA-MC-BT-PC-NT-OC-s140927,RA+MC+BT+PC+NT+OC,trader-00,MC,27,buy,1,1,14.0,0,,512.3,5,539.92,5,25.62,2.0,609.92,14.0,14.0,14.0,14.0,,"The current price is at the fundamental value of $14, and I expect it to remain stable or increase in the near term. As a momentum chaser, I will buy 1 additional share to maximize my potential for future gains, particularly given the absence of recent downward trends. This aligns with my strategy of capitalizing on price stability and potential increases leading to dividends."
RA-MC-BT-PC-NT-OC-s140927,RA+MC+BT+PC+NT+OC,trader-01,NT,27,hold,0,0,0.0,0,,512.3,5,539.92,5,25.62,2.0,609.92,14.0,14.0,14.0,14.0,,"Given the stable fundamental value of the asset at $14 and my current holdings of 5 shares, holding my position is prudent. This strategy allows me to collect potential dividends in the upcoming periods while waiting for the market to potentially move. With only 4 trading periods remaining, maintaining my shares maximizes my cash wealth considering the expected dividends."
RA-MC-BT-PC-NT-OC-s140927,RA+MC+BT+PC+NT+OC,trader-02,OC,27,buy,7,7,13.0,0,,526.69,4,554.62,4,26.33,1.6,610.62,14.0,14.0,14.0,14.0,,"I believe the current market price of $13 is below its fundamental value of $14. As an overconfident contrarian, I anticipate a market recovery, so I will buy 7 additional shares at this price to strengthen my position. This aligns with my strategy of capitalizing on perceived undervaluation, and I trust that my previous holdings will also recover in time."
RA-MC-BT-PC-NT-OC-s140927,RA+MC+BT+PC+NT+OC,trader-03,PC,27,hold,0,0,0.0,0,,526.69,4,554.62,4,26.33,1.6,610.62,14.0,14.0,14.0,14.0,,"Given the fundamental value of the asset is $14 and with only 4 trading periods remaining, I will hold my current position of 4 shares. This allows me to benefit from potential dividends and the eventual redemption value of $14 per share. I plan to maintain this strategy until the end of the trading periods, as I have committed to holding through this final stretch."
RA-MC-BT-PC-NT-OC-s140927,RA+MC+BT+PC+NT+OC,trader-04,NT,27,hold,0,0,0.0,0,,526.69,4,554.62,4,26.33,1.6,610.62,14.0,14.0,14.0,14.0,,"The market price remains stable at the fundamental value of $14, and my current position of 4 shares and $6320.27 cash allows me to benefit from dividends and interest without taking on additional risk. With only 4 trading periods remaining, holding my position is the best strategy to maximize potential returns while minimizing risk."
RA-MC-BT-PC-NT-OC-s140927,RA+MC+BT+PC+NT+OC,trader-05,OC,27,buy,3,3,8.0,0,,526.69,4,554.62,4,26.33,1.6,610.62,14.0,14.0,14.0,14.0,,"As an overconfident contrarian, I believe the market is currently undervalued at $8.00 and will recover to its fundamental value of $14. I want to capitalize on this opportunity by buying 3 more shares at this price, which will maximize my holdings while the price is low. I trust that the market will rebound, enhancing my final cash wealth."
RA-MC-BT-PC-NT-OC-s140927,RA+MC+BT+PC+NT+OC,trader-06,RA,27,hold,0,0,0.0,0,,526.69,4,554.62,4,26.33,1.6,610.62,14.0,14.0,14.0,14.0,,"The asset's fundamental value remains stable at $14, and the expected dividends of $0.40 or $1.00 do not provide a compelling reason to buy or sell at this moment. Holding my current shares allows me to benefit from future dividends and the eventual redemption, while maintaining my cash position for potential future opportunities."
RA-MC-BT-PC-NT-OC-s140927,RA+MC+BT+PC+NT+OC,trader-07,PC,27,hold,0,0,0.0,0,,584.22,0,613.43,0,29.21,0.0,613.43,14.0,14.0,14.0,14.0,,"I will hold my position this period. Having already executed my planned sell in period 20, I now have no shares left. Given the fundamental value of the asset remains stable at $14, it is prudent to maintain my cash position without risking buying shares at this stage. I will keep my cash intact for the final redemption period, as I do not plan to trade in the last two periods."
RA-MC-BT-PC-NT-OC-s140927,RA+MC+BT+PC+NT+OC,trader-08,MC,27,buy,1,1,14.0,0,,497.93,6,525.23,6,24.9,2.4,609.23,14.0,14.0,14.0,14.0,,"The current price is at the fundamental value of $14, indicating stability. As a momentum chaser, I anticipate that this stability may lead to upward movement in the near term. Given my current cash position and the opportunity to buy at this price, I will purchase 1 additional share to capitalize on potential future price increases."
RA-MC-BT-PC-NT-OC-s140927,RA+MC+BT+PC+NT+OC,trader-09,BT,27,hold,0,0,0.0,0,,526.69,4,554.62,4,26.33,1.6,610.62,14.0,14.0,14.0,14.0,,"The current market price is at the fundamental value of $14 and is expected to remain stable over the next periods. Holding my 4 shares allows me to benefit from potential dividend payments in the upcoming periods. Since there are only 4 trading periods remaining, selling now would not yield a better outcome than waiting for potential dividends and the redemption value at the end. Therefore, I will hold my position."
RA-MC-BT-PC-NT-OC-s140927,RA+MC+BT+PC+NT+OC,trader-10,BT,27,hold,0,0,0.0,0,,526.69,4,554.62,4,26.33,1.6,610.62,14.0,14.0,14.0,14.0,,"The asset's fundamental value is stable at $14, and with only 4 trading periods remaining, I believe holding my shares is the optimal strategy. This allows me to collect dividends while waiting for potential price appreciation. Given the lack of price increase signals and the upcoming redemption value of $14, maintaining my current position is prudent."
RA-MC-BT-PC-NT-OC-s140927,RA+MC+BT+PC+NT+OC,trader-11,RA,27,hold,0,0,0.0,0,,526.69,4,554.62,4,26.33,1.6,610.62,14.0,14.0,14.0,14.0,,"The current price of the asset is at its fundamental value of $14, with no expected excess return to justify buying or selling. Holding my current position of 4 shares allows me to benefit from potential dividends while avoiding unnecessary risk. Given the stable redemption value of $14 in the final period and the uncertainty of future dividends, maintaining my current position is the optimal strategy."
RA-MC-BT-PC-NT-OC-s140927,RA+MC+BT+PC+NT+OC,trader-00,MC,28,buy,1,1,14.0,0,,539.92,5,571.92,5,27.0,5.0,641.92,14.0,14.0,14.0,14.0,,"The current price is at the fundamental value of $14, and I anticipate stability in the near term. As a momentum chaser, I will buy 1 additional share to maximize my potential for future gains, particularly given the absence of recent downward trends. This aligns with my strategy of capitalizing on price stability and potential increases leading to dividends."
RA-MC-BT-PC-NT-OC-s140927,RA+MC+BT+PC+NT+OC,trader-01,NT,28,hold,0,0,0.0,0,,539.92,5,571.92,5,27.0,5.0,641.92,14.0,14.0,14.0,14.0,,"Given my current holdings of 5 shares and a stable cash position, it is prudent to hold my position. The fundamental value of the asset is expected to remain at $14, and I can collect potential dividends in the upcoming periods. With only 3 trading periods remaining, maintaining my shares maximizes my cash wealth considering the expected dividends of $0.40 or $1.00."
RA-MC-BT-PC-NT-OC-s140927,RA+MC+BT+PC+NT+OC,trader-02,OC,28,buy,7,7,13.0,0,,554.62,4,586.35,4,27.73,4.0,642.35,14.0,14.0,14.0,14.0,,"As an overconfident contrarian, I believe the current market price of $13 is below its fundamental value of $14. I anticipate a market recovery in the remaining trading periods, so I will buy 7 additional shares at this price to strengthen my position. This aligns with my strategy of capitalizing on perceived undervaluation, and I trust that my previous holdings will also recover in time."
RA-MC-BT-PC-NT-OC-s140927,RA+MC+BT+PC+NT+OC,trader-03,PC,28,hold,0,0,0.0,0,,554.62,4,586.35,4,27.73,4.0,642.35,14.0,14.0,14.0,14.0,,"Given the fundamental value of the asset is $14 and with only 3 trading periods remaining, I will hold my current position of 4 shares. This allows me to benefit from potential dividends and the eventual redemption value of $14 per share. I plan to maintain this strategy until the end of the trading periods, as I have committed to holding through this final stretch."
RA-MC-BT-PC-NT-OC-s140927,RA+MC+BT+PC+NT+OC,trader-04,NT,28,hold,0,0,0.0,0,,554.62,4,586.35,4,27.73,4.0,642.35,14.0,14.0,14.0,14.0,,"The market price is expected to remain stable at the fundamental value of $14 in the short term. I currently hold 4 shares and have $6655.46 cash, which allows me to benefit from dividends and interest without taking on additional risk. With only 3 trading periods remaining, holding my position is the best strategy to maximize potential returns while minimizing risk."
RA-MC-BT-PC-NT-OC-s140927,RA+MC+BT+PC+NT+OC,trader-05,OC,28,buy,3,3,8.0,0,,554.62,4,586.35,4,27.73,4.0,642.35,14.0,14.0,14.0,14.0,,"As an overconfident contrarian, I believe the market is currently undervalued at $8.00 and will recover to its fundamental value of $14. With my current cash position, I can buy 3 shares at this price, maximizing my holdings while the price is low. I trust that the market will rebound, enhancing my final cash wealth."
RA-MC-BT-PC-NT-OC-s140927,RA+MC+BT+PC+NT+OC,trader-06,RA,28,hold,0,0,0.0,0,,554.62,4,586.35,4,27.73,4.0,642.35,14.0,14.0,14.0,14.0,,"The asset's fundamental value remains stable at $14, and with the expected dividends of $0.40 or $1.00, there is no compelling reason to buy or sell at this moment. Holding my current shares allows me to benefit from future dividends and the eventual redemption while maintaining my cash position for potential future opportunities."
RA-MC-BT-PC-NT-OC-s140927,RA+MC+BT+PC+NT+OC,trader-07,PC,28,hold,0,0,0.0,0,,613.43,0,644.1,0,30.67,0.0,644.1,14.0,14.0,14.0,14.0,,"I will hold my position this period. I have already executed my planned sell in period 20 and have no shares left. Given the fundamental value of the asset remains stable at $14, it is prudent to maintain my cash position without risking buying shares at this stage. I will keep my cash intact for the final redemption period."
RA-MC-BT-PC-NT-OC-s140927,RA+MC+BT+PC+NT+OC,trader-08,MC,28,buy,1,1,14.0,0,,525.23,6,557.49,6,26.26,6.0,641.49,14.0,14.0,14.0,14.0,,"The current price is stable at $14, which aligns with the fundamental value. As a momentum chaser, I believe this stability suggests potential for upward movement in the near term. I will buy 1 additional share to capitalize on this opportunity, as I anticipate future price increases."
RA-MC-BT-PC-NT-OC-s140927,RA+MC+BT+PC+NT+OC,trader-09,BT,28,hold,0,0,0.0,0,,554.62,4,586.35,4,27.73,4.0,642.35,14.0,14.0,14.0,14.0,,"The market price is at the fundamental value of $14, which is expected to remain stable over the next periods. With only 3 trading periods remaining, holding my 4 shares allows me to benefit from potential dividend payments while minimizing the risk of selling at a price that does not reflect the intrinsic value. Given the expected redemption value of $14 at the end, maintaining my position is the optimal strategy."
RA-MC-BT-PC-NT-OC-s140927,RA+MC+BT+PC+NT+OC,trader-10,BT,28,hold,0,0,0.0,0,,554.62,4,586.35,4,27.73,4.0,642.35,14.0,14.0,14.0,14.0,,"The asset's fundamental value remains stable at $14, and there are only 3 trading periods left. With no signs of immediate price increases and the upcoming redemption value of $14, holding my shares allows me to collect dividends while waiting for the final payout. Therefore, holding is the optimal strategy at this time."
RA-MC-BT-PC-NT-OC-s140927,RA+MC+BT+PC+NT+OC,trader-11,RA,28,hold,0,0,0.0,0,,554.62,4,586.35,4,27.73,4.0,642.35,14.0,14.0,14.0,14.0,,"The asset's current price is at its fundamental value of $14, with no expected excess return to justify buying or selling. Holding my 4 shares allows me to benefit from potential dividends while avoiding unnecessary risk. Given the stable redemption value of $14 in the final period and the uncertainty of future dividends, maintaining my current position is the optimal strategy."
RA-MC-BT-PC-NT-OC-s140927,RA+MC+BT+PC+NT+OC,trader-00,MC,29,buy,1,1,14.0,1,14.0,571.92,5,591.82,6,27.9,6.0,675.82,14.0,14.0,14.0,14.0,,"The current price is at the fundamental value of $14, and I expect it to remain stable or increase, given the absence of recent downward trends. As a momentum chaser, buying 1 additional share maximizes my potential for future gains and dividends, aligning with my strategy of capitalizing on price stability."
RA-MC-BT-PC-NT-OC-s140927,RA+MC+BT+PC+NT+OC,trader-01,NT,29,hold,0,0,0.0,0,,571.92,5,605.52,5,28.6,5.0,675.52,14.0,14.0,14.0,14.0,,"Given my current holdings of 5 shares and a solid cash position, holding my position is prudent. The fundamental value of the asset is expected to remain stable at $14, and I can collect potential dividends of either $0.40 or $1.00 in the next two periods. With only 2 trading periods remaining, maintaining my shares maximizes my cash wealth, especially considering the expected dividends and the eventual redemption value."
RA-MC-BT-PC-NT-OC-s140927,RA+MC+BT+PC+NT+OC,trader-02,OC,29,buy,4,4,13.0,0,,586.35,4,619.67,4,29.32,4.0,675.67,14.0,14.0,14.0,14.0,,"As an overconfident contrarian, I believe that the current price of $13 is below the fundamental value of $14. I anticipate a market recovery in the remaining trading periods, so I will buy 4 additional shares at this price to strengthen my position. This aligns with my strategy of capitalizing on perceived undervaluation, and I trust that my previous holdings will also recover in time."
RA-MC-BT-PC-NT-OC-s140927,RA+MC+BT+PC+NT+OC,trader-03,PC,29,hold,0,0,0.0,0,,586.35,4,619.67,4,29.32,4.0,675.67,14.0,14.0,14.0,14.0,,"Given the fundamental value of the asset is $14, I will continue to hold my current position of 4 shares. With only 2 trading periods remaining, this strategy allows me to benefit from potential dividends and the redemption value of $14 per share at the end of the period. I have committed to holding through the final stretch."
RA-MC-BT-PC-NT-OC-s140927,RA+MC+BT+PC+NT+OC,trader-04,NT,29,hold,0,0,0.0,0,,586.35,4,619.67,4,29.32,4.0,675.67,14.0,14.0,14.0,14.0,,"The market price is expected to remain stable at the fundamental value of $14 in the short term. With my current position of 4 shares and $7036.23 cash, holding minimizes risk and allows me to benefit from dividends and interest in the remaining periods. Given that there are only 2 trading periods left, maintaining my shares is the best strategy to maximize potential returns while minimizing risk, as there are no indicators suggesting a price change."
RA-MC-BT-PC-NT-OC-s140927,RA+MC+BT+PC+NT+OC,trader-05,OC,29,buy,3,3,8.0,0,,586.35,4,619.67,4,29.32,4.0,675.67,14.0,14.0,14.0,14.0,,"As an overconfident contrarian, I believe the market is currently undervalued at $8.00 and will recover to its fundamental value of $14. I want to capitalize on this opportunity by buying 3 more shares at this price, which will maximize my holdings while the price is low. I trust that the market will rebound, enhancing my final cash wealth."
RA-MC-BT-PC-NT-OC-s140927,RA+MC+BT+PC+NT+OC,trader-06,RA,29,hold,0,0,0.0,0,,586.35,4,619.67,4,29.32,4.0,675.67,14.0,14.0,14.0,14.0,,"The asset's fundamental value remains stable at $14. Given the expected dividends of $0.40 or $1.00, there is no compelling reason to buy or sell at this moment. Holding my current shares allows me to benefit from future dividends and the eventual redemption, while maintaining my cash position for potential future opportunities."
RA-MC-BT-PC-NT-OC-s140927,RA+MC+BT+PC+NT+OC,trader-07,PC,29,hold,0,0,0.0,0,,644.1,0,676.31,0,32.21,0.0,676.31,14.0,14.0,14.0,14.0,,"I will hold my position this period. I have already executed my planned sell in period 20 and have no shares left. Given the fundamental value of the asset remains stable at $14, it is prudent to maintain my cash position without risking buying shares at this stage. I will keep my cash intact for the final redemption period."
RA-MC-BT-PC-NT-OC-s140927,RA+MC+BT+PC+NT+OC,trader-08,MC,29,buy,1,1,14.0,1,14.0,557.49,6,577.66,7,27.17,7.0,675.66,14.0,14.0,14.0,14.0,,"The current price remains stable at the fundamental value of $14, indicating no immediate downward pressure. As a momentum chaser, I believe this stability suggests potential for upward movement. I will buy 1 additional share to capitalize on this opportunity, as I anticipate future price increases and have sufficient cash to make this purchase."
RA-MC-BT-PC-NT-OC-s140927,RA+MC+BT+PC+NT+OC,trader-09,BT,29,hold,0,0,0.0,0,,586.35,4,619.67,4,29.32,4.0,675.67,14.0,14.0,14.0,14.0,,"The market price remains at the fundamental value of $14, which is expected to hold steady in the near term. With only 2 trading periods left, holding my 4 shares allows me to benefit from potential dividend payments while minimizing the risk of selling at a price that does not reflect the intrinsic value. Given the expected redemption value of $14 at the end, maintaining my position is the optimal strategy."
RA-MC-BT-PC-NT-OC-s140927,RA+MC+BT+PC+NT+OC,trader-10,BT,29,sell,4,4,14.0,-2,14.0,586.35,4,647.07,2,30.72,2.0,675.07,14.0,14.0,14.0,14.0,,"With only 2 periods remaining, I expect the price to stabilize around the fundamental value of $14, especially since the final redemption value is also $14. Selling my 4 shares at the current price allows me to lock in profits and maximize my final cash wealth before the market concludes."
RA-MC-BT-PC-NT-OC-s140927,RA+MC+BT+PC+NT+OC,trader-11,RA,29,hold,0,0,0.0,0,,586.35,4,619.67,4,29.32,4.0,675.67,14.0,14.0,14.0,14.0,,"The asset's current price is at its fundamental value of $14, and there is no expected excess return to justify buying or selling. With only 2 periods left and uncertain dividends, maintaining my position of 4 shares is optimal to benefit from potential dividends while minimizing trading risk."
RA-MC-BT-PC-NT-OC-s140927,RA+MC+BT+PC+NT+OC,trader-00,MC,30,buy,1,1,14.0,1,14.0,591.82,6,613.71,7,28.89,7.0,711.71,14.0,14.0,14.0,14.0,,"The current price is at the fundamental value of $14, and I expect it to remain stable or increase in the near term given the absence of recent downward trends. As a momentum chaser, I will buy 1 additional share to maximize my potential for future gains and dividends, which aligns with my strategy."
RA-MC-BT-PC-NT-OC-s140927,RA+MC+BT+PC+NT+OC,trader-01,NT,30,hold,0,0,0.0,0,,605.52,5,640.8,5,30.28,5.0,710.8,14.0,14.0,14.0,14.0,,"Given the stable fundamental value of the asset at $14 and my current holdings of 5 shares, holding my position is prudent. This strategy allows me to collect potential dividends in the final period while waiting for the eventual redemption. The expected dividends of either $0.40 or $1.00 maximize my cash wealth, especially since I can sell the shares for $14 each at period end."
RA-MC-BT-PC-NT-OC-s140927,RA+MC+BT+PC+NT+OC,trader-02,OC,30,buy,4,4,13.0,0,,619.67,4,654.65,4,30.98,4.0,710.65,14.0,14.0,14.0,14.0,,"As an overconfident contrarian, I strongly believe that the current price of $13 is below its fundamental value of $14. I anticipate a market recovery in the remaining trading period, so I will buy 4 additional shares at this price to strengthen my position. This aligns with my strategy of capitalizing on perceived undervaluation, and I trust that my previous holdings will also recover in time."
RA-MC-BT-PC-NT-OC-s140927,RA+MC+BT+PC+NT+OC,trader-03,PC,30,hold,0,0,0.0,0,,619.67,4,654.65,4,30.98,4.0,710.65,14.0,14.0,14.0,14.0,,"Given the fundamental value of the asset is $14 and with only one trading period remaining, I will hold my current position of 4 shares. This allows me to benefit from potential dividends and the redemption value of $14 per share at the end of the period. I have committed to holding through this final stretch."
RA-MC-BT-PC-NT-OC-s140927,RA+MC+BT+PC+NT+OC,trader-04,NT,30,hold,0,0,0.0,0,,619.67,4,654.65,4,30.98,4.0,710.65,14.0,14.0,14.0,14.0,,"Given the stability of the market price at the fundamental value of $14 and my current position of 4 shares and $7036.23 cash, holding my position is the best strategy. This allows me to benefit from potential dividends and interest in the final period before the shares are redeemed at $14 each. No changes in market conditions warrant action, so maintaining my shares minimizes risk and maximizes returns."
RA-MC-BT-PC-NT-OC-s140927,RA+MC+BT+PC+NT+OC,trader-05,OC,30,buy,3,3,8.0,0,,619.67,4,654.65,4,30.98,4.0,710.65,14.0,14.0,14.0,14.0,,"As an overconfident contrarian, I believe the market is currently undervalued at $8.00 and will recover to its fundamental value of $14. I want to capitalize on this opportunity by buying 3 more shares at this price, which will maximize my holdings while the price is low. I trust that the market will rebound, enhancing my final cash wealth."
RA-MC-BT-PC-NT-OC-s140927,RA+MC+BT+PC+NT+OC,trader-06,RA,30,hold,0,0,0.0,0,,619.67,4,654.65,4,30.98,4.0,710.65,14.0,14.0,14.0,14.0,,"The asset's fundamental value remains stable at $14, and with the expected dividends of $0.40 or $1.00, there is no compelling reason to buy or sell at this moment. Holding my current shares allows me to benefit from future dividends and the eventual redemption while maintaining my cash position for potential future opportunities."
RA-MC-BT-PC-NT-OC-s140927,RA+MC+BT+PC+NT+OC,trader-07,PC,30,hold,0,0,0.0,0,,676.31,0,710.13,0,33.82,0.0,710.13,14.0,14.0,14.0,14.0,,"I will hold my position this period. Having already executed my planned sell in period 20, I now have no shares left. Given the fundamental value of the asset remains stable at $14, it is prudent to maintain my cash position without risking buying shares at this stage. I will keep my cash intact for the final redemption period."
RA-MC-BT-PC-NT-OC-s140927,RA+MC+BT+PC+NT+OC,trader-08,MC,30,sell,7,7,14.0,0,,577.66,7,613.54,7,28.88,7.0,711.54,14.0,14.0,14.0,14.0,,"The current price is at the fundamental value of $14, and I believe it is stable. As a momentum chaser, I recognize this as an opportunity to sell my 7 shares at the current price. This will allow me to maximize my cash wealth before the final redemption period."
RA-MC-BT-PC-NT-OC-s140927,RA+MC+BT+PC+NT+OC,trader-09,BT,30,hold,0,0,0.0,0,,619.67,4,654.65,4,30.98,4.0,710.65,14.0,14.0,14.0,14.0,,"The market price is currently at the fundamental value of $14, which is expected to remain stable until the end of this trading period. With only one period remaining, holding my 4 shares allows me to benefit from potential dividend payments and ensures I can redeem them for $14 at the end. Selling now would not yield a better outcome than maintaining my position until redemption."
RA-MC-BT-PC-NT-OC-s140927,RA+MC+BT+PC+NT+OC,trader-10,BT,30,sell,2,2,14.0,-1,14.0,647.07,2,695.12,1,33.05,1.0,709.12,14.0,14.0,14.0,14.0,,"With only one trading period remaining, I have 2 shares left. The asset's fundamental value is $14, and the last transaction price was also $14. Selling my shares at this price allows me to maximize my cash wealth before the market concludes, as I will receive the same value at redemption."
RA-MC-BT-PC-NT-OC-s140927,RA+MC+BT+PC+NT+OC,trader-11,RA,30,hold,0,0,0.0,0,,619.67,4,654.65,4,30.98,4.0,710.65,14.0,14.0,14.0,14.0,,"The current price of the asset is at its fundamental value of $14, with no expected excess return to justify any buy or sell action. Holding my current position of 4 shares allows me to benefit from potential dividends while avoiding unnecessary risk. Given the stable redemption value in the final period and the uncertainty of future dividends, maintaining my current position is the optimal strategy."
RA-MC-BT-PC-NT-OC-s140928,RA+MC+BT+PC+NT+OC,trader-00,RA,1,hold,0,0,0.0,0,,100.0,4,109.0,4,5.0,4.0,165.0,14.0,14.0,14.0,14.0,,"The market price is expected to remain stable at the fundamental value of $14.00 per share over the next periods due to the equal likelihood of dividends and the expected cash return. Holding shares is optimal since selling at this price does not yield a profit, and buying is unnecessary as cash returns are not exceeding the expected returns from the shares."
RA-MC-BT-PC-NT-OC-s140928,RA+MC+BT+PC+NT+OC,trader-01,PC,1,hold,0,0,0.0,0,,100.0,4,109.0,4,5.0,4.0,165.0,14.0,14.0,14.0,14.0,,"I will hold onto my current shares and cash for now, as the asset price is expected to remain stable at $14. My plan is to reevaluate my strategy after a few periods, particularly considering the potential cash flow from dividends. Holding my position maximizes my potential for future gains while benefiting from the dividends in the meantime."
RA-MC-BT-PC-NT-OC-s140928,RA+MC+BT+PC+NT+OC,trader-02,RA,1,hold,0,0,0.0,0,,100.0,4,109.0,4,5.0,4.0,165.0,14.0,14.0,14.0,14.0,,"The current market price is equal to the expected fundamental value of the asset. Given the uncertainty of dividends and the 5% cash return, there is no advantage to either buying or selling at this moment. Holding shares allows for potential dividend income without incurring a loss from selling at the current price."
RA-MC-BT-PC-NT-OC-s140928,RA+MC+BT+PC+NT+OC,trader-03,OC,1,buy,7,7,13.0,0,,100.0,4,109.0,4,5.0,4.0,165.0,14.0,14.0,14.0,14.0,,"As an overconfident contrarian, I believe the price will recover after a decline. Since the current price is at the reference value of $14 and I expect a market correction, I will place a buy order at $13, which is below the reference price. With $10,000 in cash, I can afford to buy 7 shares at this limit price. Holding my current 4 shares will allow me to benefit from the dividends while expecting prices to rise in the future."
RA-MC-BT-PC-NT-OC-s140928,RA+MC+BT+PC+NT+OC,trader-04,OC,1,buy,740,7,13.5,0,,100.0,4,109.0,4,5.0,4.0,165.0,14.0,13.5,13.0,14.0,,"I believe the market will experience a temporary dip in prices, allowing me to buy shares at a lower price. Given my contrarian approach, I predict a price of $13.5 in the near term, allowing me to purchase 740 shares with my available cash. This will maximize my potential for recovery and future dividends."
RA-MC-BT-PC-NT-OC-s140928,RA+MC+BT+PC+NT+OC,trader-05,BT,1,hold,0,0,0.0,0,,100.0,4,109.0,4,5.0,4.0,165.0,14.0,14.5,15.0,16.0,,"Current market price is at the fundamental value of $14. I expect a gradual increase in prices over the next periods as traders react to the expected dividends and potential for resale. However, I will hold my position for now to assess the market conditions further before making any trades."
RA-MC-BT-PC-NT-OC-s140928,RA+MC+BT+PC+NT+OC,trader-06,NT,1,buy,1,1,14.0,1,14.0,100.0,4,95.3,5,4.3,5.0,165.3,14.0,14.0,14.0,14.0,,"Given that the asset's fundamental value is $14 each period and the initial reference price is also $14, I anticipate the market price will remain around this value. I currently hold 4 shares and have $100 in cash. By placing a limit buy order at $14 for 1 share, I can utilize my cash efficiently while still keeping a diversified position for potential dividend earnings. The 5% interest on cash and potential dividends will further enhance my wealth in the long run."
RA-MC-BT-PC-NT-OC-s140928,RA+MC+BT+PC+NT+OC,trader-07,BT,1,hold,0,0,0.0,0,,100.0,4,109.0,4,5.0,4.0,165.0,14.0,14.5,15.0,14.0,,"The initial reference price is $14, and I expect a slight increase in the next few periods as the market may react positively to the potential dividends. However, the prices are likely to stabilize around the fundamental value of $14 by period 10. Holding my shares is prudent, as I can benefit from the upcoming dividends while waiting for a potential optimal exit point later."
RA-MC-BT-PC-NT-OC-s140928,RA+MC+BT+PC+NT+OC,trader-08,PC,1,sell,4,4,14.0,-1,14.0,100.0,4,122.7,3,5.7,3.0,164.7,14.0,14.0,14.0,14.0,,"I plan to sell all 4 shares this period at the reference price of $14. Given that the fundamental value remains stable, selling now allows me to realize cash gains before dividends are paid out. Holding shares could yield dividends, but with the uncertain payout (either $0.40 or $1.00), it is more beneficial to liquidate my position while the market price is at parity with the fundamental value."
RA-MC-BT-PC-NT-OC-s140928,RA+MC+BT+PC+NT+OC,trader-09,MC,1,hold,0,0,0.0,0,,100.0,4,109.0,4,5.0,4.0,165.0,14.0,14.0,14.0,14.0,,"Given the initial reference price of $14 and no observed trading activity, I expect the price to stay stable at this fundamental value. Since I currently hold 4 shares, selling or buying would not align with my momentum-based strategy due to the absence of price movement. Therefore, I will hold my position."
RA-MC-BT-PC-NT-OC-s140928,RA+MC+BT+PC+NT+OC,trader-10,NT,1,hold,0,0,0.0,0,,100.0,4,109.0,4,5.0,4.0,165.0,14.0,14.0,14.0,14.0,,"Given the initial reference price is $14 and the fundamental value remains consistent, I expect the price to hold steady at $14 in the short term. Holding my shares is prudent as I can earn dividends in the upcoming periods, and I don't want to sell at a price that may not reflect the true value. Additionally, I want to reserve cash for potential future opportunities."
RA-MC-BT-PC-NT-OC-s140928,RA+MC+BT+PC+NT+OC,trader-11,MC,1,hold,0,0,0.0,0,,100.0,4,109.0,4,5.0,4.0,165.0,14.0,14.0,14.0,14.0,,"Given the initial reference price is $14 and there have been no observed trades, it is reasonable to expect the price to remain stable at this level. As a momentum chaser, I would typically buy on rising prices or sell on dips, but since the price is currently at the reference value and I have a sufficient number of shares (4), it is prudent to hold and wait for further price movements before making any trades."
RA-MC-BT-PC-NT-OC-s140928,RA+MC+BT+PC+NT+OC,trader-00,RA,2,hold,0,0,0.0,0,,109.0,4,118.45,4,5.45,4.0,174.45,14.0,14.0,14.0,14.0,,"The market price is expected to remain stable at the fundamental value of $14.00 per share over the next periods due to the equal likelihood of dividends. Holding shares is optimal since selling at this price does not yield a profit, and buying is unnecessary as cash returns are not exceeding the expected returns from the shares."
RA-MC-BT-PC-NT-OC-s140928,RA+MC+BT+PC+NT+OC,trader-01,PC,2,hold,0,0,0.0,0,,109.0,4,118.45,4,5.45,4.0,174.45,14.0,14.0,14.0,14.0,,"I will continue to hold onto my current shares and cash for now, as the asset price is expected to remain stable at $14. My plan is to reevaluate my strategy after a few periods, particularly considering the potential cash flow from dividends. Holding my position maximizes my potential for future gains while benefiting from the dividends in the meantime."
RA-MC-BT-PC-NT-OC-s140928,RA+MC+BT+PC+NT+OC,trader-02,RA,2,hold,0,0,0.0,0,,109.0,4,118.45,4,5.45,4.0,174.45,14.0,14.0,14.0,14.0,,"The current market price is equal to the expected fundamental value of the asset. Given the equal likelihood of receiving a $0.40 or $1.00 dividend, the expected return from holding shares does not surpass the 5% cash return. Thus, holding shares allows for potential dividend income without incurring a loss from selling at the current price."
RA-MC-BT-PC-NT-OC-s140928,RA+MC+BT+PC+NT+OC,trader-03,OC,2,buy,7,7,13.0,0,,109.0,4,118.45,4,5.45,4.0,174.45,14.0,14.0,14.0,14.0,,"As an overconfident contrarian, I believe the price will recover after a decline. With the current price at $14 and my expectation of a market correction, I will place a buy order at $13, which is below the reference price. My current cash allows me to buy 7 shares at this limit price, and I want to take advantage of the anticipated recovery while holding onto my existing 4 shares to benefit from potential dividends."
RA-MC-BT-PC-NT-OC-s140928,RA+MC+BT+PC+NT+OC,trader-04,OC,2,buy,807,8,13.5,0,,109.0,4,118.45,4,5.45,4.0,174.45,14.0,13.5,13.0,14.0,,"I believe the market is experiencing a temporary dip, and my contrarian approach suggests that prices will recover. Given my cash of $10,900, I can buy shares at a limit price of $13.5. This allows me to purchase 807 shares, maximizing my potential for future dividends and capitalizing on the expected recovery."
RA-MC-BT-PC-NT-OC-s140928,RA+MC+BT+PC+NT+OC,trader-05,BT,2,buy,1,1,14.0,1,14.0,109.0,4,104.75,5,4.75,5.0,174.75,14.0,14.5,15.0,16.0,,"The current market price is at the fundamental value of $14. Given my forecast of gradual price increases over the next periods, I will buy 1 share at $14, expecting to take advantage of the anticipated rise and potential dividends. This will enhance my position while I monitor future market developments."
RA-MC-BT-PC-NT-OC-s140928,RA+MC+BT+PC+NT+OC,trader-06,NT,2,buy,1,1,14.0,1,14.0,95.3,5,91.37,6,4.07,6.0,175.37,14.0,14.0,14.0,14.0,,"Given that the asset's fundamental value remains at $14 each period, I believe the market price will continue to align closely with this value. I currently hold 5 shares and have $95.30 available in cash. By placing a limit buy order for 1 additional share at $14, I can increase my position while utilizing my cash efficiently. The potential dividends and the interest on my cash will further enhance my overall wealth in the long run."
RA-MC-BT-PC-NT-OC-s140928,RA+MC+BT+PC+NT+OC,trader-07,BT,2,hold,0,0,0.0,0,,109.0,4,118.45,4,5.45,4.0,174.45,14.0,14.5,15.0,14.0,,"Holding my shares is prudent as I expect a slight increase in price over the next few periods due to anticipated dividends. I will benefit from the upcoming dividend payments while monitoring the market for an optimal exit point before the peak. The initial reference price is $14, and I expect prices to stabilize around this fundamental value over time."
RA-MC-BT-PC-NT-OC-s140928,RA+MC+BT+PC+NT+OC,trader-08,PC,2,sell,3,3,14.0,-2,14.0,122.7,3,159.24,1,7.54,1.0,173.24,14.0,14.0,14.0,14.0,,"I plan to sell all 3 shares this period at the reference price of $14. Given that the fundamental value remains stable and the current market price aligns with that, I choose to liquidate my position while the market price is favorable. Holding shares could yield uncertain dividends, but selling now allows me to maximize cash gains before dividends are paid out."
RA-MC-BT-PC-NT-OC-s140928,RA+MC+BT+PC+NT+OC,trader-09,MC,2,hold,0,0,0.0,0,,109.0,4,118.45,4,5.45,4.0,174.45,14.0,14.0,14.0,14.0,,"The price has remained stable at the fundamental value of $14, with no observed momentum to indicate a price change. As a momentum chaser, I do not see any reason to buy or sell. Therefore, I will hold my position, retaining my 4 shares and cash."
RA-MC-BT-PC-NT-OC-s140928,RA+MC+BT+PC+NT+OC,trader-10,NT,2,hold,0,0,0.0,0,,109.0,4,118.45,4,5.45,4.0,174.45,14.0,14.0,14.0,14.0,,"Given the current market conditions and the fundamental value of the asset at $14, I believe holding my shares is the best strategy. With 4 shares, I will earn dividends that could either be $0.40 or $1.00, which are equally likely. I want to retain my shares for potential future dividends and also to avoid selling at a price that does not reflect the true value of the asset. Additionally, holding onto my cash allows for flexibility in future trading periods."
RA-MC-BT-PC-NT-OC-s140928,RA+MC+BT+PC+NT+OC,trader-11,MC,2,hold,0,0,0.0,0,,109.0,4,118.45,4,5.45,4.0,174.45,14.0,14.0,14.0,14.0,,"Given that the last transaction price is $14, which matches the initial reference price, and considering that no trading activity has occurred yet, I expect the price to remain stable at this level for the near term. As a momentum chaser, I typically wait for price increases to buy or decreases to sell, but in this situation, holding my current 4 shares is prudent until I observe further price movements. Therefore, I will hold my position."
RA-MC-BT-PC-NT-OC-s140928,RA+MC+BT+PC+NT+OC,trader-00,RA,3,hold,0,0,0.0,0,,118.45,4,125.97,4,5.92,1.6,181.97,14.0,14.0,14.0,14.0,,"The market price is expected to remain stable at the fundamental value of $14.00 per share over the next periods due to the equal likelihood of dividends. Holding shares is optimal since selling at this price does not yield a profit, and buying is unnecessary as cash returns are not exceeding the expected returns from the shares."
RA-MC-BT-PC-NT-OC-s140928,RA+MC+BT+PC+NT+OC,trader-01,PC,3,hold,0,0,0.0,0,,118.45,4,125.97,4,5.92,1.6,181.97,14.0,14.0,14.0,14.0,,"I will continue to hold onto my current shares and cash for now, as the asset price is expected to remain stable at $14. My plan is to reevaluate my strategy after a few periods, particularly considering the potential cash flow from dividends. Holding my position maximizes my potential for future gains while benefiting from the dividends in the meantime."
RA-MC-BT-PC-NT-OC-s140928,RA+MC+BT+PC+NT+OC,trader-02,RA,3,hold,0,0,0.0,0,,118.45,4,125.97,4,5.92,1.6,181.97,14.0,14.0,14.0,14.0,,"The current market price is equal to the expected fundamental value of the asset, and the expected return from holding shares (given the equal likelihood of receiving $0.40 or $1.00 dividend) does not surpass the 5% cash return. Therefore, holding allows for potential dividend income without incurring a loss from selling at the current price."
RA-MC-BT-PC-NT-OC-s140928,RA+MC+BT+PC+NT+OC,trader-03,OC,3,buy,7,7,13.0,0,,118.45,4,125.97,4,5.92,1.6,181.97,14.0,14.0,14.0,14.0,,"I believe the current price of $14 will soon decline further, allowing for a buying opportunity. As an overconfident contrarian, I expect the price to recover after falling, so I am placing a buy order at $13, which is below the reference price. With my cash position, I can buy 7 shares at this limit price, aligning with my strategy of waiting for a recovery before selling any losing positions."
RA-MC-BT-PC-NT-OC-s140928,RA+MC+BT+PC+NT+OC,trader-04,OC,3,buy,876,8,13.5,0,,118.45,4,125.97,4,5.92,1.6,181.97,14.0,14.0,14.0,14.0,,"I believe the market is experiencing a temporary dip, and my contrarian approach suggests that prices will recover. Given my cash of $11,845, I can buy shares at a limit price of $13.5. This allows me to purchase 876 shares, maximizing my potential for future dividends and capitalizing on the expected recovery."
RA-MC-BT-PC-NT-OC-s140928,RA+MC+BT+PC+NT+OC,trader-05,BT,3,buy,1,1,14.0,1,14.0,104.75,5,97.69,6,4.54,2.4,181.69,14.0,14.5,15.0,16.0,,"The current market price is at the fundamental value of $14, and I expect a gradual increase in prices over the coming periods due to anticipated dividends and potential resale value. Therefore, I will buy 1 share at $14 to enhance my position as I monitor market developments."
RA-MC-BT-PC-NT-OC-s140928,RA+MC+BT+PC+NT+OC,trader-06,NT,3,buy,1,1,14.0,0,,91.37,6,98.34,6,4.57,2.4,182.34,14.0,14.0,14.0,14.0,,"I believe the market price will remain stable at $14, aligned with the asset's fundamental value. With 6 shares currently, I have $91.37 in cash (9137 cents). By placing a limit buy order for 1 additional share at $14, I can utilize my cash effectively and position myself for potential dividends while maintaining a diversified portfolio. This strategy supports my long-term wealth maximization."
RA-MC-BT-PC-NT-OC-s140928,RA+MC+BT+PC+NT+OC,trader-07,BT,3,hold,0,0,0.0,0,,118.45,4,125.97,4,5.92,1.6,181.97,14.0,14.5,15.0,14.0,,"I anticipate the price to remain stable around the fundamental value of $14, with a slight increase to $14.5 in period 2 due to the potential dividend payments. By holding my shares, I can benefit from the expected dividends while monitoring the market for a more opportune exit before any potential peak, especially since the market may fluctuate around the fundamental value of $14 in later periods."
RA-MC-BT-PC-NT-OC-s140928,RA+MC+BT+PC+NT+OC,trader-08,PC,3,sell,1,1,14.0,-1,14.0,159.24,1,181.9,0,8.66,0.0,181.9,14.0,14.0,14.0,14.0,,"I plan to sell my remaining share this period at the reference price of $14. Given that the fundamental value remains stable, selling now allows me to maximize cash gains before dividends are paid out. Holding this share could yield uncertain dividends, but liquidating my position at the current market price allows me to realize cash gains while the price aligns with the fundamental value."
RA-MC-BT-PC-NT-OC-s140928,RA+MC+BT+PC+NT+OC,trader-09,MC,3,hold,0,0,0.0,0,,118.45,4,125.97,4,5.92,1.6,181.97,14.0,14.0,14.0,14.0,,"The price remains stable at the fundamental value of $14, with no observed momentum indicating a price shift. As a momentum chaser, I'm not inclined to buy or sell without price movement. I will hold my position of 4 shares and retain my cash."
RA-MC-BT-PC-NT-OC-s140928,RA+MC+BT+PC+NT+OC,trader-10,NT,3,hold,0,0,0.0,0,,118.45,4,125.97,4,5.92,1.6,181.97,14.0,14.0,14.0,14.0,,"Given the consistent fundamental value of the asset at $14 and the previous trading patterns, I expect the price to remain stable at this level. Holding my 4 shares is prudent as I will benefit from the potential dividends (either $0.40 or $1.00) in the upcoming periods. Additionally, retaining my cash allows for flexibility in future trading opportunities while avoiding selling at a price that may not reflect true value."
RA-MC-BT-PC-NT-OC-s140928,RA+MC+BT+PC+NT+OC,trader-11,MC,3,hold,0,0,0.0,0,,118.45,4,125.97,4,5.92,1.6,181.97,14.0,14.0,14.0,14.0,,"The recent trading activity has shown stability at the reference price of $14, and I have already received dividends from my shares. As a momentum chaser, I typically prefer to buy on rising prices or sell on dips, but given the current situation where the price has not fluctuated and remains at the reference value, I believe it is prudent to hold my position. I will wait for potential price movements in the next periods before making any trades."
RA-MC-BT-PC-NT-OC-s140928,RA+MC+BT+PC+NT+OC,trader-00,RA,4,hold,0,0,0.0,0,,125.97,4,136.27,4,6.3,4.0,192.27,14.0,14.0,14.0,14.0,,"The expected market price remains at the fundamental value of $14.00 per share due to the equal likelihood of dividends in the upcoming periods. Selling shares at this price yields no profit, and buying shares would not provide a better return compared to the cash return. Therefore, holding onto the shares is optimal."
RA-MC-BT-PC-NT-OC-s140928,RA+MC+BT+PC+NT+OC,trader-01,PC,4,hold,0,0,0.0,0,,125.97,4,136.27,4,6.3,4.0,192.27,14.0,14.0,14.0,14.0,,"I will continue to hold onto my current shares and cash for now, as the asset price is expected to remain stable at $14. My plan is to reevaluate my strategy after a few periods, particularly considering the potential cash flow from dividends. Holding my position maximizes my potential for future gains while benefiting from the dividends in the meantime."
RA-MC-BT-PC-NT-OC-s140928,RA+MC+BT+PC+NT+OC,trader-02,RA,4,hold,0,0,0.0,0,,125.97,4,136.27,4,6.3,4.0,192.27,14.0,14.0,14.0,14.0,,"The current market price is equal to the expected fundamental value of the asset. Given the equal likelihood of receiving a $0.40 or $1.00 dividend, the expected return from holding shares does not surpass the 5% cash return. Therefore, holding allows for potential dividend income without incurring a loss from selling at the current price."
RA-MC-BT-PC-NT-OC-s140928,RA+MC+BT+PC+NT+OC,trader-03,OC,4,buy,7,7,13.0,0,,125.97,4,136.27,4,6.3,4.0,192.27,14.0,14.0,14.0,14.0,,"I believe the price will recover after its current stability around the reference price of $14. As an overconfident contrarian, I expect a buying opportunity at $13, allowing me to leverage my cash position to buy 7 more shares. This strategy aligns with my belief that waiting for a recovery is beneficial, as I will not sell my existing shares until they recover. I want to capitalize on potential future dividends while enhancing my position in anticipation of a price increase."
RA-MC-BT-PC-NT-OC-s140928,RA+MC+BT+PC+NT+OC,trader-04,OC,4,buy,933,9,13.5,0,,125.97,4,136.27,4,6.3,4.0,192.27,14.0,14.0,14.0,14.0,,"I believe the market will experience a recovery soon, and given my contrarian approach, I'm confident that buying shares at a limit price of $13.5 will capitalize on the expected rebound. With my current cash of $12,597, I can buy 933 shares, maximizing my potential for future dividends and capitalizing on my belief that the price will rise back to its fundamental value."
RA-MC-BT-PC-NT-OC-s140928,RA+MC+BT+PC+NT+OC,trader-05,BT,4,buy,1,1,14.0,0,,97.69,6,108.57,6,4.88,6.0,192.57,14.0,14.5,15.0,16.0,,"The current market price is at the fundamental value of $14. Based on my forecasts, I expect a gradual increase in prices over the next periods due to anticipated dividends and the potential for resale. Therefore, I will buy 1 share at $14 to enhance my position while I monitor market developments."
RA-MC-BT-PC-NT-OC-s140928,RA+MC+BT+PC+NT+OC,trader-06,NT,4,buy,1,1,14.0,0,,98.34,6,109.26,6,4.92,6.0,193.26,14.0,14.0,14.0,14.0,,"I anticipate the market price will remain stable at $14, which aligns with the asset's fundamental value. With 6 shares currently, I have $98.34 in cash (9834 cents). By placing a limit buy order for 1 additional share at $14, I can utilize my cash efficiently and position myself for potential dividends while maintaining a diversified portfolio. This strategy supports my long-term wealth maximization, and given the consistent price and potential dividends, this seems like a prudent choice."
RA-MC-BT-PC-NT-OC-s140928,RA+MC+BT+PC+NT+OC,trader-07,BT,4,hold,0,0,0.0,0,,125.97,4,136.27,4,6.3,4.0,192.27,14.0,14.5,15.0,14.0,,"The current market price is stable at $14. I expect a slight increase to $14.5 in period 2 due to anticipated dividends, followed by a peak around $15 in period 5. Given the current price stability and my existing shares, holding allows me to benefit from upcoming dividends while monitoring for an optimal exit point before any potential peak. Thus, holding my shares is prudent."
RA-MC-BT-PC-NT-OC-s140928,RA+MC+BT+PC+NT+OC,trader-08,PC,4,hold,0,0,0.0,0,,181.9,0,191.0,0,9.1,0.0,191.0,14.0,14.0,14.0,14.0,,"I plan to hold my position this period as I have sold all my shares in the previous periods. With my current cash position, I will wait for future opportunities to buy shares at the fundamental value of $14. Holding cash allows me to remain flexible for upcoming trading periods where I can consider re-entering the market. Given that the fundamental value appears stable, I believe waiting is the best strategy for now."
RA-MC-BT-PC-NT-OC-s140928,RA+MC+BT+PC+NT+OC,trader-09,MC,4,hold,0,0,0.0,0,,125.97,4,136.27,4,6.3,4.0,192.27,14.0,14.0,14.0,14.0,,"The price remains stable at the fundamental value of $14, with no observed momentum indicating a price shift. As a momentum chaser, I'm not inclined to buy or sell without price movement. Therefore, I will hold my position of 4 shares and retain my cash."
RA-MC-BT-PC-NT-OC-s140928,RA+MC+BT+PC+NT+OC,trader-10,NT,4,hold,0,0,0.0,0,,125.97,4,136.27,4,6.3,4.0,192.27,14.0,14.0,14.0,14.0,,"The fundamental value of the asset remains at $14, and I expect the price to stay stable in the short term. By holding my 4 shares, I can benefit from potential dividends in the upcoming periods, while also keeping my cash for future opportunities. Selling now would not reflect the true value of the asset, and I want to avoid any losses. Therefore, holding is the best strategy."
RA-MC-BT-PC-NT-OC-s140928,RA+MC+BT+PC+NT+OC,trader-11,MC,4,hold,0,0,0.0,0,,125.97,4,136.27,4,6.3,4.0,192.27,14.0,14.0,14.0,14.0,,"Given the recent trading activity has shown stability at the reference price of $14, and considering my current position of 4 shares, it is prudent to hold for now. I will wait for potential price movements in the next periods before making any trades, as my momentum chasing strategy works best in fluctuating markets."
RA-MC-BT-PC-NT-OC-s140928,RA+MC+BT+PC+NT+OC,trader-00,RA,5,hold,0,0,0.0,0,,136.27,4,147.08,4,6.81,4.0,203.08,14.0,14.0,14.0,14.0,,"The market price is expected to remain stable at the fundamental value of $14.00 per share due to the equal likelihood of dividends. Holding shares is optimal since selling at this price does not yield a profit, and buying is unnecessary as cash returns are not exceeding the expected returns from the shares."
RA-MC-BT-PC-NT-OC-s140928,RA+MC+BT+PC+NT+OC,trader-01,PC,5,hold,0,0,0.0,0,,136.27,4,147.08,4,6.81,4.0,203.08,14.0,14.0,14.0,14.0,,"I will hold onto my current shares and cash for now, as the asset price is expected to remain stable at $14. My plan is to reevaluate my strategy after a few periods, particularly considering the potential cash flow from dividends. Holding my position maximizes my potential for future gains while benefiting from the dividends in the meantime."
RA-MC-BT-PC-NT-OC-s140928,RA+MC+BT+PC+NT+OC,trader-02,RA,5,hold,0,0,0.0,0,,136.27,4,147.08,4,6.81,4.0,203.08,14.0,14.0,14.0,14.0,,"The current market price is equal to the expected fundamental value of the asset. Given the equal likelihood of receiving a $0.40 or $1.00 dividend, the expected return from holding shares does not surpass the 5% cash return. Therefore, holding allows for potential dividend income without incurring a loss from selling at the current price."
RA-MC-BT-PC-NT-OC-s140928,RA+MC+BT+PC+NT+OC,trader-03,OC,5,buy,7,7,13.0,0,,136.27,4,147.08,4,6.81,4.0,203.08,14.0,14.0,14.0,14.0,,"As an overconfident contrarian, I believe the price will recover after its current stability around the reference price of $14. I will place a buy order at $13, which is below the reference price, allowing me to leverage my cash position to buy 7 more shares. This aligns with my strategy of waiting for a recovery before selling any losing positions, as I want to enhance my position in anticipation of a price increase and capitalize on potential future dividends."
RA-MC-BT-PC-NT-OC-s140928,RA+MC+BT+PC+NT+OC,trader-04,OC,5,buy,1000,10,13.5,0,,136.27,4,147.08,4,6.81,4.0,203.08,14.0,14.0,14.0,14.0,,"I believe the market will recover from the current dip, and I have a strong conviction that buying shares at a limit price of $13.5 will allow me to maximize my potential for future dividends and capital gains. Given my current cash of $13,627, I can purchase 1,000 shares, which aligns with my contrarian approach to capitalize on the expected recovery."
RA-MC-BT-PC-NT-OC-s140928,RA+MC+BT+PC+NT+OC,trader-05,BT,5,buy,1,1,14.0,0,,108.57,6,120.0,6,5.43,6.0,204.0,14.0,14.5,15.0,16.0,,"The current market price is at the fundamental value of $14. I anticipate gradual price increases over the next periods due to expected dividends and the potential for resale. Therefore, I will buy 1 share at $14 to enhance my position while continuing to monitor market developments."
RA-MC-BT-PC-NT-OC-s140928,RA+MC+BT+PC+NT+OC,trader-06,NT,5,buy,1,1,14.0,0,,109.26,6,120.72,6,5.46,6.0,204.72,14.0,14.0,14.0,14.0,,"I believe the market price will remain stable at $14, which aligns with the asset's fundamental value. With 6 shares currently, I have $98.34 in cash (9834 cents). By placing a limit buy order for 1 additional share at $14, I can utilize my cash efficiently and position myself for potential dividends while maintaining a diversified portfolio. This strategy supports my long-term wealth maximization, and given the consistent price and potential dividends, this seems like a prudent choice."
RA-MC-BT-PC-NT-OC-s140928,RA+MC+BT+PC+NT+OC,trader-07,BT,5,hold,0,0,0.0,0,,136.27,4,147.08,4,6.81,4.0,203.08,14.0,14.5,15.0,14.0,,"The current market price remains stable at $14, and I expect a slight increase to $14.5 in period 2 due to upcoming dividend payments, followed by a potential peak around $15 in period 5. Holding my shares allows me to benefit from the anticipated dividends while monitoring the market for an optimal exit point before any potential peak. Therefore, holding is prudent at this moment."
RA-MC-BT-PC-NT-OC-s140928,RA+MC+BT+PC+NT+OC,trader-08,PC,5,hold,0,0,0.0,0,,191.0,0,200.55,0,9.55,0.0,200.55,14.0,14.0,14.0,14.0,,"I plan to hold my position this period as I currently have no shares after selling all my shares in previous periods. My cash position is strong, and with the fundamental value remaining stable, I believe waiting is the best strategy for now. I will remain flexible for upcoming trading periods where I can consider re-entering the market at the fundamental value of $14."
RA-MC-BT-PC-NT-OC-s140928,RA+MC+BT+PC+NT+OC,trader-09,MC,5,hold,0,0,0.0,0,,136.27,4,147.08,4,6.81,4.0,203.08,14.0,14.0,14.0,14.0,,"The price remains stable at the fundamental value of $14, with no observed momentum indicating a price shift. As a momentum chaser, I'm not inclined to buy or sell without price movement. Therefore, I will hold my position of 4 shares and retain my cash."
RA-MC-BT-PC-NT-OC-s140928,RA+MC+BT+PC+NT+OC,trader-10,NT,5,hold,0,0,0.0,0,,136.27,4,147.08,4,6.81,4.0,203.08,14.0,14.0,14.0,14.0,,"Given the consistent fundamental value of the asset at $14 and the stability of the market price, I believe holding my 4 shares is prudent. This allows me to benefit from potential dividends while keeping my cash available for future opportunities. Selling now would not reflect the true value of the asset, and I want to avoid potential losses. Therefore, holding is the best strategy."
RA-MC-BT-PC-NT-OC-s140928,RA+MC+BT+PC+NT+OC,trader-11,MC,5,hold,0,0,0.0,0,,136.27,4,147.08,4,6.81,4.0,203.08,14.0,14.0,14.0,14.0,,"The price has remained stable at the reference level of $14, with no fluctuations or trading activity observed. As a momentum chaser, my strategy is to buy on rises and sell on dips, which is not applicable in the current situation. Holding my current 4 shares is prudent until I see any price movements in the upcoming periods."
RA-MC-BT-PC-NT-OC-s140928,RA+MC+BT+PC+NT+OC,trader-00,RA,6,hold,0,0,0.0,0,,147.08,4,156.03,4,7.35,1.6,212.03,14.0,14.0,14.0,14.0,,"The market price is expected to remain stable at the fundamental value of $14.00 per share over the next periods due to the equal likelihood of dividends. Selling shares at this price yields no profit, and buying shares would not provide a better return compared to the cash return of 5%. Therefore, holding onto the shares is optimal."
RA-MC-BT-PC-NT-OC-s140928,RA+MC+BT+PC+NT+OC,trader-01,PC,6,hold,0,0,0.0,0,,147.08,4,156.03,4,7.35,1.6,212.03,14.0,14.0,14.0,14.0,,"I will continue to hold onto my current shares and cash for now, as the asset price is expected to remain stable at $14. My plan is to reevaluate my strategy after a few periods, particularly considering the potential cash flow from dividends. Holding my position maximizes my potential for future gains while benefiting from the dividends in the meantime."
RA-MC-BT-PC-NT-OC-s140928,RA+MC+BT+PC+NT+OC,trader-02,RA,6,hold,0,0,0.0,0,,147.08,4,156.03,4,7.35,1.6,212.03,14.0,14.0,14.0,14.0,,"The current market price is equal to the expected fundamental value of the asset. With the uncertain dividend returns averaging $0.70 (0.5 * $0.40 + 0.5 * $1.00), the expected return from holding shares does not exceed the 5% cash return. Therefore, it is prudent to hold my shares for potential dividends without incurring a loss from selling at the current price."
RA-MC-BT-PC-NT-OC-s140928,RA+MC+BT+PC+NT+OC,trader-03,OC,6,buy,7,7,13.0,0,,147.08,4,156.03,4,7.35,1.6,212.03,14.0,14.0,14.0,14.0,,"As an overconfident contrarian, I believe the price is currently stable around the reference price of $14 and may soon recover. Since I have a solid cash position, I will place a buy order at $13, expecting to capitalize on the anticipated recovery. Buying 7 shares at this price aligns with my strategy of enhancing my position while waiting for my existing shares to recover. I continue to trust my judgment strongly despite previous unsuccessful orders."
RA-MC-BT-PC-NT-OC-s140928,RA+MC+BT+PC+NT+OC,trader-04,OC,6,buy,1000,10,13.5,0,,147.08,4,156.03,4,7.35,1.6,212.03,14.0,14.0,14.0,14.0,,"I believe the market is currently experiencing a temporary dip, and my contrarian approach suggests that prices will recover back to the fundamental value of $14. Given my current cash of $14,708, I can buy shares at a limit price of $13.5. This allows me to purchase 1,000 shares, maximizing my potential for future dividends and capital gains as the price recovers."
RA-MC-BT-PC-NT-OC-s140928,RA+MC+BT+PC+NT+OC,trader-05,BT,6,buy,1,1,14.0,0,,120.0,6,128.4,6,6.0,2.4,212.4,14.0,15.0,16.0,14.0,,"The current market price is at the fundamental value of $14. I expect gradual price increases in the next periods, especially with the anticipated dividends. Therefore, I will buy 1 share at $14 to enhance my position while continuing to monitor market developments."
RA-MC-BT-PC-NT-OC-s140928,RA+MC+BT+PC+NT+OC,trader-06,NT,6,buy,1,1,14.0,0,,120.72,6,129.16,6,6.04,2.4,213.16,14.0,14.0,14.0,14.0,,"Given that the asset's fundamental value remains at $14 each period, I expect the market price will stay aligned with this value. With 6 shares currently and $120.72 in cash, I can afford to buy 1 additional share at $14. This aligns with my strategy to increase my position while also utilizing my cash effectively. The potential dividends and interest on my cash will contribute to maximizing my overall wealth in the long run."
RA-MC-BT-PC-NT-OC-s140928,RA+MC+BT+PC+NT+OC,trader-07,BT,6,hold,0,0,0.0,0,,147.08,4,156.03,4,7.35,1.6,212.03,14.0,14.5,15.0,14.0,,"The current market price is stable at $14, and I expect it to rise slightly to $14.5 in period 2 due to anticipated dividends. I predict a peak around $15 in period 5 before stabilizing at the fundamental value of $14 by period 10. Holding my shares allows me to benefit from upcoming dividends while monitoring the market for an optimal exit point. Therefore, holding is the prudent choice at this moment."
RA-MC-BT-PC-NT-OC-s140928,RA+MC+BT+PC+NT+OC,trader-08,PC,6,buy,1,1,14.0,0,,200.55,0,210.58,0,10.03,0.0,210.58,14.0,14.0,14.0,14.0,,"I plan to buy 1 share this period at the reference price of $14. Since I currently have no shares and my cash position is strong, entering the market now aligns with the fundamental value. This allows me to benefit from potential dividends in future periods while still ensuring I have a stake in the asset as it remains stable. The expected dividends and the eventual redemption value of $14 make this a favorable decision."
RA-MC-BT-PC-NT-OC-s140928,RA+MC+BT+PC+NT+OC,trader-09,MC,6,hold,0,0,0.0,0,,147.08,4,156.03,4,7.35,1.6,212.03,14.0,14.0,14.0,14.0,,"The price remains stable at the fundamental value of $14, with no observed momentum indicating a price shift. As a momentum chaser, I'm not inclined to buy or sell without price movement. Therefore, I will hold my position of 4 shares and retain my cash."
RA-MC-BT-PC-NT-OC-s140928,RA+MC+BT+PC+NT+OC,trader-10,NT,6,hold,0,0,0.0,0,,147.08,4,156.03,4,7.35,1.6,212.03,14.0,14.0,14.0,14.0,,"Given the consistent fundamental value of the asset at $14 and the stability of the market price, I believe holding my 4 shares is prudent. This allows me to benefit from potential dividends while keeping my cash available for future opportunities. Selling now would not reflect the true value of the asset, and I want to avoid potential losses. Therefore, holding is the best strategy."
RA-MC-BT-PC-NT-OC-s140928,RA+MC+BT+PC+NT+OC,trader-11,MC,6,hold,0,0,0.0,0,,147.08,4,156.03,4,7.35,1.6,212.03,14.0,14.0,14.0,14.0,,"The price has remained stable at the reference level of $14, and no fluctuations or trading activity have been observed. As a momentum chaser, I typically prefer to buy on price increases or sell on dips, but given the current stability, it is prudent to hold my current 4 shares. I will wait for potential price movements in the upcoming periods before making any trades."
RA-MC-BT-PC-NT-OC-s140928,RA+MC+BT+PC+NT+OC,trader-00,RA,7,hold,0,0,0.0,0,,156.03,4,165.43,4,7.8,1.6,221.43,14.0,14.0,14.0,14.0,,"The market price is expected to remain stable at the fundamental value of $14.00 per share over the next periods due to the equal likelihood of dividends. Holding shares is optimal since selling at this price does not yield a profit, and buying is unnecessary as cash returns do not exceed expected returns from the shares."
RA-MC-BT-PC-NT-OC-s140928,RA+MC+BT+PC+NT+OC,trader-01,PC,7,hold,0,0,0.0,0,,156.03,4,165.43,4,7.8,1.6,221.43,14.0,14.0,14.0,14.0,,"I will continue to hold onto my current shares and cash for now, as the asset price is expected to remain stable at $14. My plan is to reevaluate my strategy after a few periods, particularly considering the potential cash flow from dividends. Holding my position maximizes my potential for future gains while benefiting from the dividends in the meantime."
RA-MC-BT-PC-NT-OC-s140928,RA+MC+BT+PC+NT+OC,trader-02,RA,7,hold,0,0,0.0,0,,156.03,4,165.43,4,7.8,1.6,221.43,14.0,14.0,14.0,14.0,,"The current market price is equal to the expected fundamental value of the asset at $14.00. Given the uncertain dividend returns averaging $0.70 (0.5 * $0.40 + 0.5 * $1.00), the expected return from holding shares does not exceed the 5% cash return. Therefore, it is prudent to hold my shares for potential dividends without incurring a loss from selling at the current price."
RA-MC-BT-PC-NT-OC-s140928,RA+MC+BT+PC+NT+OC,trader-03,OC,7,buy,7,7,13.0,0,,156.03,4,165.43,4,7.8,1.6,221.43,14.0,14.0,14.0,14.0,,"As an overconfident contrarian, I believe the price will recover after its current stability around the reference price of $14. I will place a buy order at $13, which is below the reference price, allowing me to leverage my cash position to buy 7 more shares. This aligns with my strategy of waiting for a recovery before selling any losing positions, as I want to enhance my position in anticipation of a price increase and capitalize on potential future dividends."
RA-MC-BT-PC-NT-OC-s140928,RA+MC+BT+PC+NT+OC,trader-04,OC,7,buy,1000,11,13.5,0,,156.03,4,165.43,4,7.8,1.6,221.43,14.0,14.0,14.0,14.0,,"I believe the market will recover from the current dip, and my contrarian approach suggests that buying shares at a limit price of $13.5 will allow me to maximize my potential for future dividends and capital gains. Given my current cash of $15,603, I can purchase up to 1,000 shares, which aligns with my strategy of capitalizing on the expected recovery."
RA-MC-BT-PC-NT-OC-s140928,RA+MC+BT+PC+NT+OC,trader-05,BT,7,buy,1,1,14.0,0,,128.4,6,137.22,6,6.42,2.4,221.22,14.0,14.5,15.0,16.0,,"The current market price is at the fundamental value of $14. I expect a gradual increase in prices over the next periods due to anticipated dividends and the potential for resale. Therefore, I will buy 1 share at $14 to enhance my position and capitalize on the expected price appreciation."
RA-MC-BT-PC-NT-OC-s140928,RA+MC+BT+PC+NT+OC,trader-06,NT,7,buy,1,1,14.0,0,,129.16,6,138.02,6,6.46,2.4,222.02,14.0,14.0,14.0,14.0,,"Given that the asset's fundamental value remains at $14 each period, I believe the market price will continue to align closely with this value. With 6 shares currently and $129.16 available in cash (12916 cents), I can afford to buy 1 additional share at $14. This will increase my position and allow me to benefit from potential dividends while maintaining my strategy of maximizing cash wealth over the long term."
RA-MC-BT-PC-NT-OC-s140928,RA+MC+BT+PC+NT+OC,trader-07,BT,7,hold,0,0,0.0,0,,156.03,4,165.43,4,7.8,1.6,221.43,14.0,14.5,15.0,14.0,,"The current market price remains stable at $14, and I expect it to rise slightly to $14.5 in period 2 as dividends are anticipated. I predict a peak around $15 in period 5 before stabilizing at the fundamental value of $14 by period 10. Holding my shares allows me to benefit from upcoming dividends while monitoring the market for an optimal exit point. Therefore, holding is prudent at this moment."
RA-MC-BT-PC-NT-OC-s140928,RA+MC+BT+PC+NT+OC,trader-08,PC,7,buy,1,1,14.0,0,,210.58,0,221.11,0,10.53,0.0,221.11,14.0,14.0,14.0,14.0,,"I plan to buy 1 share this period at the reference price of $14. With my cash position strong and the fundamental value stable, this is a suitable time to re-enter the market. This allows me to benefit from potential future dividends and the eventual redemption value of $14 at the end of the trading periods."
RA-MC-BT-PC-NT-OC-s140928,RA+MC+BT+PC+NT+OC,trader-09,MC,7,hold,0,0,0.0,0,,156.03,4,165.43,4,7.8,1.6,221.43,14.0,14.0,14.0,14.0,,"The market price remains stable at the fundamental value of $14, with no observed momentum indicating a price shift. As a momentum chaser, I'm not inclined to buy or sell without price movement. Therefore, I will hold my position of 4 shares and retain my cash."
RA-MC-BT-PC-NT-OC-s140928,RA+MC+BT+PC+NT+OC,trader-10,NT,7,hold,0,0,0.0,0,,156.03,4,165.43,4,7.8,1.6,221.43,14.0,14.0,14.0,14.0,,"The fundamental value of the asset remains stable at $14. Given my current holdings of 4 shares, I can benefit from potential dividends in the upcoming periods. Holding my shares is prudent as selling now would not reflect the true value of the asset. Additionally, retaining my cash allows for flexibility in future trading opportunities. Therefore, I will continue to hold my shares."
RA-MC-BT-PC-NT-OC-s140928,RA+MC+BT+PC+NT+OC,trader-11,MC,7,hold,0,0,0.0,0,,156.03,4,165.43,4,7.8,1.6,221.43,14.0,14.0,14.0,14.0,,"The price has remained stable at the reference level of $14, and my momentum chasing strategy relies on price movements to make trading decisions. Given the current stability with no observed price fluctuations, it is prudent to hold my current 4 shares and wait for potential price movements in the upcoming periods."
RA-MC-BT-PC-NT-OC-s140928,RA+MC+BT+PC+NT+OC,trader-00,RA,8,hold,0,0,0.0,0,,165.43,4,177.7,4,8.27,4.0,233.7,14.0,14.0,14.0,14.0,,"The expected market price remains at the fundamental value of $14.00 per share over the next periods due to the equal likelihood of dividends. Selling shares at this price yields no profit, and buying shares would not provide a better return compared to the cash return. Therefore, holding onto the shares is optimal."
RA-MC-BT-PC-NT-OC-s140928,RA+MC+BT+PC+NT+OC,trader-01,PC,8,hold,0,0,0.0,0,,165.43,4,177.7,4,8.27,4.0,233.7,14.0,14.0,14.0,14.0,,"I will continue to hold onto my current shares and cash for now, as the asset price is expected to remain stable at $14. My plan is to reevaluate my strategy after a few periods, particularly considering the potential cash flow from dividends. Holding my position maximizes my potential for future gains while benefiting from the dividends in the meantime."
RA-MC-BT-PC-NT-OC-s140928,RA+MC+BT+PC+NT+OC,trader-02,RA,8,hold,0,0,0.0,0,,165.43,4,177.7,4,8.27,4.0,233.7,14.0,14.0,14.0,14.0,,"The current market price is equal to the expected fundamental value of the asset at $14.00. Given the equal likelihood of receiving a $0.40 or $1.00 dividend, the expected return from holding shares does not exceed the 5% cash return. Therefore, it is prudent to hold my shares for potential dividends without incurring a loss from selling at the current price."
RA-MC-BT-PC-NT-OC-s140928,RA+MC+BT+PC+NT+OC,trader-03,OC,8,buy,7,7,13.0,0,,165.43,4,177.7,4,8.27,4.0,233.7,14.0,14.0,14.0,14.0,,"As an overconfident contrarian, I believe the price will recover after its current stability around the reference price of $14. I will place a buy order at $13, which is below the reference price, allowing me to leverage my cash position to buy 7 more shares. This aligns with my strategy of waiting for a recovery before selling any losing positions, as I want to enhance my position in anticipation of a price increase and capitalize on potential future dividends."
RA-MC-BT-PC-NT-OC-s140928,RA+MC+BT+PC+NT+OC,trader-04,OC,8,buy,1225,12,13.5,0,,165.43,4,177.7,4,8.27,4.0,233.7,14.0,14.0,14.0,14.0,,"I believe the market is currently experiencing a temporary dip, and my contrarian approach suggests that prices will recover back to the fundamental value of $14. Given my current cash of $16,543, I can buy shares at a limit price of $13.5. This allows me to purchase 1,225 shares, maximizing my potential for future dividends and capital gains as the price recovers."
RA-MC-BT-PC-NT-OC-s140928,RA+MC+BT+PC+NT+OC,trader-05,BT,8,buy,1,1,14.0,0,,137.22,6,150.08,6,6.86,6.0,234.08,14.0,14.5,15.0,16.0,,"The current market price is at the fundamental value of $14. I anticipate a gradual increase in prices over the next periods due to expected dividends and potential resale value. Therefore, I will buy 1 share at $14 to enhance my position while I continue to monitor market developments."
RA-MC-BT-PC-NT-OC-s140928,RA+MC+BT+PC+NT+OC,trader-06,NT,8,buy,1,1,14.0,0,,138.02,6,150.92,6,6.9,6.0,234.92,14.0,14.0,14.0,14.0,,"Given the asset's fundamental value remains stable at $14, I anticipate the market price will continue to align closely with this value. I currently hold 6 shares and have $129.16 in cash (12916 cents). By placing a limit buy order for 1 additional share at $14, I can utilize my cash efficiently while positioning myself for potential dividends. This aligns with my long-term strategy of maximizing overall cash wealth."
RA-MC-BT-PC-NT-OC-s140928,RA+MC+BT+PC+NT+OC,trader-07,BT,8,hold,0,0,0.0,0,,165.43,4,177.7,4,8.27,4.0,233.7,14.0,14.5,15.0,14.0,,"The current market price is stable at $14. I expect a slight increase to $14.5 in period 2 due to anticipated dividends, followed by a potential peak around $15 in period 5. Given the stability of the price and the potential for upcoming dividends, holding my shares is prudent for now. I will monitor the market for an optimal exit before any potential peak."
RA-MC-BT-PC-NT-OC-s140928,RA+MC+BT+PC+NT+OC,trader-08,PC,8,buy,1,1,14.0,0,,221.11,0,232.17,0,11.06,0.0,232.17,14.0,14.0,14.0,14.0,,"I plan to buy 1 share this period at the reference price of $14. With my cash position strong and the fundamental value stable, this is a suitable time to re-enter the market. This allows me to benefit from potential future dividends and the eventual redemption value of $14 at the end of the trading periods."
RA-MC-BT-PC-NT-OC-s140928,RA+MC+BT+PC+NT+OC,trader-09,MC,8,hold,0,0,0.0,0,,165.43,4,177.7,4,8.27,4.0,233.7,14.0,14.0,14.0,14.0,,"The price remains stable at the fundamental value of $14, with no observed momentum indicating a price shift. As a momentum chaser, I will hold my position of 4 shares and retain my cash since there is no current price movement to prompt buying or selling."
RA-MC-BT-PC-NT-OC-s140928,RA+MC+BT+PC+NT+OC,trader-10,NT,8,hold,0,0,0.0,0,,165.43,4,177.7,4,8.27,4.0,233.7,14.0,14.0,14.0,14.0,,"The fundamental value of the asset remains stable at $14. With 4 shares, I can earn dividends in the upcoming periods, which are either $0.40 or $1.00, equally likely. Given the market conditions and my cash position, holding onto my shares is prudent to avoid selling at a potentially undervalued price. Additionally, retaining my cash allows for flexibility in future trading opportunities."
RA-MC-BT-PC-NT-OC-s140928,RA+MC+BT+PC+NT+OC,trader-11,MC,8,hold,0,0,0.0,0,,165.43,4,177.7,4,8.27,4.0,233.7,14.0,14.0,14.0,14.0,,"The price has remained stable at the reference level of $14, and since I have not observed any price movements, it is prudent to hold my current 4 shares. As a momentum chaser, I typically wait for price increases to buy or declines to sell, but given the current stability, holding is the best option until further price changes occur."
RA-MC-BT-PC-NT-OC-s140928,RA+MC+BT+PC+NT+OC,trader-00,RA,9,hold,0,0,0.0,0,,177.7,4,188.19,4,8.89,1.6,244.19,14.0,14.0,14.0,14.0,,"The market price remains at the fundamental value of $14.00 per share, with expected dividends also aligning with this value. Selling at this price yields no profit, and buying shares would not provide a better return compared to the cash return of 5%. Therefore, holding onto the shares is optimal."
RA-MC-BT-PC-NT-OC-s140928,RA+MC+BT+PC+NT+OC,trader-01,PC,9,hold,0,0,0.0,0,,177.7,4,188.19,4,8.89,1.6,244.19,14.0,14.0,14.0,14.0,,"I will hold onto my current shares and cash for now, as the asset price is expected to remain stable at $14. My plan is to reevaluate my strategy after a few periods, particularly considering the potential cash flow from dividends. Holding my position maximizes my potential for future gains while benefiting from the dividends in the meantime."
RA-MC-BT-PC-NT-OC-s140928,RA+MC+BT+PC+NT+OC,trader-02,RA,9,hold,0,0,0.0,0,,177.7,4,188.19,4,8.89,1.6,244.19,14.0,14.0,14.0,14.0,,"The current market price is equal to the expected fundamental value of the asset at $14.00. Given the equal likelihood of receiving $0.40 or $1.00 dividends, the expected return from holding shares does not exceed the 5% cash return. Therefore, it is prudent to hold my shares for potential dividends without incurring a loss from selling at the current price."
RA-MC-BT-PC-NT-OC-s140928,RA+MC+BT+PC+NT+OC,trader-03,OC,9,buy,7,7,13.0,0,,177.7,4,188.19,4,8.89,1.6,244.19,14.0,14.0,14.0,14.0,,"As an overconfident contrarian, I believe the price will recover after its current stability around the reference price of $14. I will place a buy order at $13, which is below the reference price, allowing me to leverage my cash position to buy 7 more shares. This aligns with my strategy of waiting for a recovery before selling any losing positions, as I want to enhance my position in anticipation of a price increase and capitalize on potential future dividends."
RA-MC-BT-PC-NT-OC-s140928,RA+MC+BT+PC+NT+OC,trader-04,OC,9,buy,1313,13,13.5,0,,177.7,4,188.19,4,8.89,1.6,244.19,14.0,14.0,14.0,14.0,,"I believe the market is currently experiencing a temporary dip, and my contrarian approach suggests that prices will recover back to the fundamental value of $14. Given my current cash of $17,770, I can buy shares at a limit price of $13.5. This allows me to purchase 1,313 shares, maximizing my potential for future dividends and capital gains as the price recovers."
RA-MC-BT-PC-NT-OC-s140928,RA+MC+BT+PC+NT+OC,trader-05,BT,9,buy,1,1,14.0,0,,150.08,6,159.98,6,7.5,2.4,243.98,14.0,15.0,16.0,14.0,,"The current market price is at the fundamental value of $14. I expect gradual price increases in the next periods, driven by anticipated dividends and potential resale value. Therefore, I will buy 1 share at $14 to enhance my position while I monitor market developments."
RA-MC-BT-PC-NT-OC-s140928,RA+MC+BT+PC+NT+OC,trader-06,NT,9,buy,1,1,14.0,0,,150.92,6,160.87,6,7.55,2.4,244.87,14.0,14.0,14.0,14.0,,"Given that the asset's fundamental value is $14 and the market price has consistently aligned with this value, I anticipate that the price will remain stable at $14 in the near future. I have $150.92 in cash and currently hold 6 shares. By placing a limit buy order for 1 additional share at $14, I can effectively utilize my cash while positioning myself for potential dividends. This aligns with my long-term strategy of maximizing overall cash wealth."
RA-MC-BT-PC-NT-OC-s140928,RA+MC+BT+PC+NT+OC,trader-07,BT,9,hold,0,0,0.0,0,,177.7,4,188.19,4,8.89,1.6,244.19,14.0,14.5,15.0,14.0,,"The market price is currently stable at $14, and I expect it to rise slightly to $14.5 in period 2 due to anticipated dividends, followed by a potential peak around $15 in period 5. Holding my shares allows me to benefit from upcoming dividends while monitoring the market for an optimal exit point. Therefore, I will continue to hold my shares for now."
RA-MC-BT-PC-NT-OC-s140928,RA+MC+BT+PC+NT+OC,trader-08,PC,9,buy,1,1,14.0,0,,232.17,0,243.78,0,11.61,0.0,243.78,14.0,14.0,14.0,14.0,,"I plan to buy 1 share this period at the reference price of $14. My current cash position is strong at $232.17, and I believe this is an optimal time to re-enter the market, aligning with the stable fundamental value. Acquiring shares now allows me to benefit from potential dividends in future periods, along with the eventual redemption value of $14. This decision allows me to maximize my final cash wealth over the remaining trading periods."
RA-MC-BT-PC-NT-OC-s140928,RA+MC+BT+PC+NT+OC,trader-09,MC,9,hold,0,0,0.0,0,,177.7,4,188.19,4,8.89,1.6,244.19,14.0,14.0,14.0,14.0,,"The market price is stable at the fundamental value of $14, with no observed momentum indicating a price shift. As a momentum chaser, I will hold my position of 4 shares and retain my cash since there is no current price movement to prompt buying or selling."
RA-MC-BT-PC-NT-OC-s140928,RA+MC+BT+PC+NT+OC,trader-10,NT,9,hold,0,0,0.0,0,,177.7,4,188.19,4,8.89,1.6,244.19,14.0,14.0,14.0,14.0,,"The fundamental value of the asset is consistently at $14, and given my current holdings of 4 shares, I can continue to benefit from potential dividends in the upcoming periods. Holding my shares allows me to avoid selling at a price that may not reflect the true value of the asset. Additionally, retaining my cash provides flexibility for future trading opportunities. Therefore, holding is the best strategy."
RA-MC-BT-PC-NT-OC-s140928,RA+MC+BT+PC+NT+OC,trader-11,MC,9,hold,0,0,0.0,0,,177.7,4,188.19,4,8.89,1.6,244.19,14.0,14.0,14.0,14.0,,"Given the price stability at the reference level of $14 and my current position of 4 shares, it is prudent to hold for now. As a momentum chaser, I typically react to price movements, but with no observed fluctuations, I will wait for potential price changes before making any trades."
RA-MC-BT-PC-NT-OC-s140928,RA+MC+BT+PC+NT+OC,trader-00,RA,10,hold,0,0,0.0,0,,188.19,4,201.6,4,9.41,4.0,257.6,14.0,14.0,14.0,14.0,,"The market price is expected to remain stable at the fundamental value of $14.00 per share due to the equal likelihood of dividends. Holding onto the shares is optimal since selling at this price does not yield a profit, and buying shares would not provide a better return compared to the cash return of 5%. Therefore, I will hold my current position."
RA-MC-BT-PC-NT-OC-s140928,RA+MC+BT+PC+NT+OC,trader-01,PC,10,hold,0,0,0.0,0,,188.19,4,201.6,4,9.41,4.0,257.6,14.0,14.0,14.0,14.0,,"I will continue to hold onto my current shares and cash for now, as the asset price is expected to remain stable at $14. My plan is to reevaluate my strategy after a few periods, particularly considering the potential cash flow from dividends. Holding my position maximizes my potential for future gains while benefiting from the dividends in the meantime."
RA-MC-BT-PC-NT-OC-s140928,RA+MC+BT+PC+NT+OC,trader-02,RA,10,hold,0,0,0.0,0,,188.19,4,201.6,4,9.41,4.0,257.6,14.0,14.0,14.0,14.0,,"The current market price is equal to the expected fundamental value of the asset. Given the equal likelihood of receiving a $0.40 or $1.00 dividend, the expected return from holding shares does not surpass the 5% cash return. Therefore, it is prudent to hold my shares for potential dividends without incurring a loss from selling at the current price."
RA-MC-BT-PC-NT-OC-s140928,RA+MC+BT+PC+NT+OC,trader-03,OC,10,buy,7,7,13.0,0,,188.19,4,201.6,4,9.41,4.0,257.6,14.0,14.0,14.0,14.0,,"As an overconfident contrarian, I believe that the price will recover after its current stability around the reference price of $14. I will place a buy order at $13, which is below the reference price, allowing me to leverage my cash position to buy 7 more shares. This aligns with my strategy of enhancing my position while waiting for my existing shares to recover. I continue to trust my judgment strongly despite previous unsuccessful orders."
RA-MC-BT-PC-NT-OC-s140928,RA+MC+BT+PC+NT+OC,trader-04,OC,10,buy,1395,13,13.5,0,,188.19,4,201.6,4,9.41,4.0,257.6,14.0,14.0,14.0,14.0,,"I believe the market is currently experiencing a temporary dip, and my contrarian approach suggests that prices will recover back to the fundamental value of $14. Given my current cash of $18,819, I can buy shares at a limit price of $13.5. This allows me to purchase 1,395 shares, maximizing my potential for future dividends and capital gains as the price recovers."
RA-MC-BT-PC-NT-OC-s140928,RA+MC+BT+PC+NT+OC,trader-05,BT,10,buy,1,1,14.0,0,,159.98,6,173.98,6,8.0,6.0,257.98,14.0,15.0,16.0,16.0,,"I expect the price to rise gradually due to anticipated dividends and potential resale value. With my current cash position, I will use my limit order to buy 1 additional share at $14, which aligns with the fundamental value and my market expectations."
RA-MC-BT-PC-NT-OC-s140928,RA+MC+BT+PC+NT+OC,trader-06,NT,10,buy,1,1,14.0,0,,160.87,6,174.91,6,8.04,6.0,258.91,14.0,14.0,14.0,14.0,,"Given the stability of the asset's price around its fundamental value of $14, I anticipate that the market price will remain at this level in the near future. I currently hold 6 shares and have $160.87 in cash (16087 cents). By placing a limit buy order for 1 additional share at $14, I can fully utilize my cash while positioning myself for potential dividends, which aligns with my long-term strategy of maximizing overall cash wealth."
RA-MC-BT-PC-NT-OC-s140928,RA+MC+BT+PC+NT+OC,trader-07,BT,10,hold,0,0,0.0,0,,188.19,4,201.6,4,9.41,4.0,257.6,14.0,14.5,15.0,14.0,,"The current market price is stable at $14, and I expect it to rise slightly to $14.5 in period 2 due to anticipated dividends, followed by a potential peak around $15 in period 5. Given the stability of the price and the potential for upcoming dividends, holding my shares is prudent for now. I will monitor the market for an optimal exit before any potential peak."
RA-MC-BT-PC-NT-OC-s140928,RA+MC+BT+PC+NT+OC,trader-08,PC,10,buy,1,1,14.0,0,,243.78,0,255.97,0,12.19,0.0,255.97,14.0,14.0,14.0,14.0,,"I plan to buy 1 share this period at the reference price of $14. With my current cash position strong at $243.78, this is an optimal time to re-enter the market, aligning with the stable fundamental value. Acquiring shares now allows me to benefit from potential dividends in future periods, along with the eventual redemption value of $14. This decision allows me to maximize my final cash wealth over the remaining trading periods."
RA-MC-BT-PC-NT-OC-s140928,RA+MC+BT+PC+NT+OC,trader-09,MC,10,hold,0,0,0.0,0,,188.19,4,201.6,4,9.41,4.0,257.6,14.0,14.0,14.0,14.0,,"The market price remains stable at the fundamental value of $14, with no observed momentum indicating a price shift. As a momentum chaser, I will hold my position of 4 shares and retain my cash since there is no current price movement to prompt buying or selling."
RA-MC-BT-PC-NT-OC-s140928,RA+MC+BT+PC+NT+OC,trader-10,NT,10,hold,0,0,0.0,0,,188.19,4,201.6,4,9.41,4.0,257.6,14.0,14.0,14.0,14.0,,"Given the consistent fundamental value of the asset at $14, I expect the price to remain stable in the short term. Holding my 4 shares allows me to benefit from potential dividends in the upcoming periods, which are either $0.40 or $1.00, equally likely. Additionally, retaining my cash provides flexibility for future trading opportunities. Therefore, holding is the best strategy."
RA-MC-BT-PC-NT-OC-s140928,RA+MC+BT+PC+NT+OC,trader-11,MC,10,hold,0,0,0.0,0,,188.19,4,201.6,4,9.41,4.0,257.6,14.0,14.0,14.0,14.0,,"The price remains stable at the reference level of $14, and as a momentum chaser, I typically wait for price movements to make trading decisions. Given the lack of fluctuations, I believe it is prudent to hold my current 4 shares. I will monitor for any changes in the next periods before deciding on trades."
RA-MC-BT-PC-NT-OC-s140928,RA+MC+BT+PC+NT+OC,trader-00,RA,11,hold,0,0,0.0,0,,201.6,4,213.28,4,10.08,1.6,269.28,14.0,14.0,14.0,14.0,,"The market price is expected to remain stable at the fundamental value of $14.00 per share due to the equal likelihood of dividends. Holding shares is optimal since selling at this price does not yield a profit, and buying is unnecessary as cash returns do not exceed expected returns from the shares. Additionally, I have 4 shares, and with cash returns at 5%, the returns from holding shares align with the expected dividends."
RA-MC-BT-PC-NT-OC-s140928,RA+MC+BT+PC+NT+OC,trader-01,PC,11,hold,0,0,0.0,0,,201.6,4,213.28,4,10.08,1.6,269.28,14.0,14.0,14.0,14.0,,"I will hold onto my current shares and cash for now, as the asset price is expected to remain stable at $14. My plan is to continue holding until period 20, at which point I will reassess and potentially sell some shares. This strategy allows me to collect dividends while minimizing risk in a stable market."
RA-MC-BT-PC-NT-OC-s140928,RA+MC+BT+PC+NT+OC,trader-02,RA,11,hold,0,0,0.0,0,,201.6,4,213.28,4,10.08,1.6,269.28,14.0,14.0,14.0,14.0,,"The current market price is equal to the expected fundamental value of the asset. Given the uncertainty of dividends and the average expected return from holding shares not surpassing the 5% cash return, it is prudent to hold my shares for potential dividends without incurring a loss from selling at the current price."
RA-MC-BT-PC-NT-OC-s140928,RA+MC+BT+PC+NT+OC,trader-03,OC,11,buy,7,7,13.0,0,,201.6,4,213.28,4,10.08,1.6,269.28,14.0,14.0,14.0,14.0,,"As an overconfident contrarian, I believe the price will recover after its current stability around the reference price of $14. I will place a buy order at $13, which is below the reference price, allowing me to leverage my cash position to buy 7 more shares. This aligns with my strategy of waiting for a recovery before selling any losing positions, as I want to enhance my position in anticipation of a price increase and capitalize on potential future dividends."
RA-MC-BT-PC-NT-OC-s140928,RA+MC+BT+PC+NT+OC,trader-04,OC,11,buy,1480,14,13.5,0,,201.6,4,213.28,4,10.08,1.6,269.28,14.0,14.0,14.0,14.0,,"I believe the market is currently experiencing a temporary dip, and my contrarian approach suggests that prices will recover back to the fundamental value of $14. With my current cash of $20,160, I can buy shares at a limit price of $13.5. This allows me to purchase 1,480 shares, maximizing my potential for future dividends and capital gains as the price recovers."
RA-MC-BT-PC-NT-OC-s140928,RA+MC+BT+PC+NT+OC,trader-05,BT,11,buy,1,1,14.0,0,,173.98,6,185.08,6,8.7,2.4,269.08,14.0,15.0,16.0,16.0,,"The current market price is at the fundamental value of $14. Based on my forecasts, I expect gradual price increases over the next periods due to anticipated dividends and the potential for resale. Therefore, I will buy 1 share at $14 to enhance my position while continuing to monitor market developments."
RA-MC-BT-PC-NT-OC-s140928,RA+MC+BT+PC+NT+OC,trader-06,NT,11,buy,1,1,14.0,0,,174.91,6,186.06,6,8.75,2.4,270.06,14.0,14.0,14.0,14.0,,"Given that the asset's fundamental value remains stable at $14, I believe the market price will continue to align closely with this value. I currently hold 6 shares and have $174.91 in cash (17491 cents). Since I can afford to buy 1 additional share at $14, this aligns with my strategy to maximize my position for potential dividends while utilizing my cash efficiently."
RA-MC-BT-PC-NT-OC-s140928,RA+MC+BT+PC+NT+OC,trader-07,BT,11,hold,0,0,0.0,0,,201.6,4,213.28,4,10.08,1.6,269.28,14.0,14.5,15.0,14.0,,"The current market price is stable at $14, and I expect it to rise slightly to $14.5 in period 2 due to anticipated dividends, followed by a peak around $15 in period 5. Holding my shares allows me to benefit from upcoming dividends while monitoring the market for an optimal exit point before any potential peak. Therefore, holding is the prudent choice at this moment."
RA-MC-BT-PC-NT-OC-s140928,RA+MC+BT+PC+NT+OC,trader-08,PC,11,buy,1,1,14.0,0,,255.97,0,268.77,0,12.8,0.0,268.77,14.0,14.0,14.0,14.0,,"I plan to buy 1 share this period at the reference price of $14. My current cash position is strong at $255.97, and I believe this is an optimal time to re-enter the market, aligning with the stable fundamental value. Acquiring shares now allows me to benefit from potential dividends in future periods, along with the eventual redemption value of $14. This decision allows me to maximize my final cash wealth over the remaining trading periods."
RA-MC-BT-PC-NT-OC-s140928,RA+MC+BT+PC+NT+OC,trader-09,MC,11,hold,0,0,0.0,0,,201.6,4,213.28,4,10.08,1.6,269.28,14.0,14.0,14.0,14.0,,"The market price remains stable at the fundamental value of $14, with no observed momentum indicating a price shift. As a momentum chaser, I do not see any reason to buy or sell without price movement. Therefore, I will hold my position of 4 shares and retain my cash."
RA-MC-BT-PC-NT-OC-s140928,RA+MC+BT+PC+NT+OC,trader-10,NT,11,hold,0,0,0.0,0,,201.6,4,213.28,4,10.08,1.6,269.28,14.0,14.0,14.0,14.0,,"The fundamental value of the asset remains stable at $14, and market conditions have not indicated any significant changes. Holding my 4 shares allows me to benefit from potential dividends in the upcoming periods while retaining cash for future opportunities. Since selling now would not reflect the true value, holding is the best strategy."
RA-MC-BT-PC-NT-OC-s140928,RA+MC+BT+PC+NT+OC,trader-11,MC,11,hold,0,0,0.0,0,,201.6,4,213.28,4,10.08,1.6,269.28,14.0,14.0,14.0,14.0,,"The price has remained stable at the reference level of $14, and there have been no significant price movements in recent periods. As a momentum chaser, my strategy relies on price fluctuations to inform trading decisions. Given the current stability and my existing position of 4 shares, it is prudent to hold for now and wait for potential price changes in the upcoming periods."
RA-MC-BT-PC-NT-OC-s140928,RA+MC+BT+PC+NT+OC,trader-00,RA,12,hold,0,0,0.0,0,,213.28,4,227.94,4,10.66,4.0,283.94,14.0,14.0,14.0,14.0,,"The current market price is stable at the fundamental value of $14.00 per share, with dividends expected to remain consistent. Selling shares at this point yields no profit and buying would not provide a better return compared to the 5% cash return. Therefore, holding onto my current shares is optimal."
RA-MC-BT-PC-NT-OC-s140928,RA+MC+BT+PC+NT+OC,trader-01,PC,12,hold,0,0,0.0,0,,213.28,4,227.94,4,10.66,4.0,283.94,14.0,14.0,14.0,14.0,,"I will hold onto my current shares and cash for now, as the asset price is expected to remain stable at $14. My plan is to continue holding until period 20, at which point I will reassess and potentially sell some shares. This strategy allows me to collect dividends while minimizing risk in a stable market."
RA-MC-BT-PC-NT-OC-s140928,RA+MC+BT+PC+NT+OC,trader-02,RA,12,hold,0,0,0.0,0,,213.28,4,227.94,4,10.66,4.0,283.94,14.0,14.0,14.0,14.0,,"The current market price is equal to the expected fundamental value of the asset at $14.00. Given the uncertainty of dividends and the average expected return from holding shares not surpassing the 5% cash return, it is prudent to hold my shares for potential dividends without incurring a loss from selling at the current price."
RA-MC-BT-PC-NT-OC-s140928,RA+MC+BT+PC+NT+OC,trader-03,OC,12,buy,7,7,13.0,0,,213.28,4,227.94,4,10.66,4.0,283.94,14.0,14.0,14.0,14.0,,"As an overconfident contrarian, I believe the price will recover after its current stability around the reference price of $14. I will place a buy order at $13, which is below the reference price, allowing me to leverage my cash position to buy 7 more shares. This aligns with my strategy of waiting for a recovery before selling any losing positions, as I want to enhance my position in anticipation of a price increase and capitalize on potential future dividends."
RA-MC-BT-PC-NT-OC-s140928,RA+MC+BT+PC+NT+OC,trader-04,OC,12,buy,1000,15,13.5,0,,213.28,4,227.94,4,10.66,4.0,283.94,14.0,14.0,14.0,14.0,,"I believe the market is currently experiencing a temporary dip, and my contrarian approach suggests that prices will recover back to the fundamental value of $14. With my current cash of $21,328, I can buy shares at a limit price of $13.5, allowing me to purchase 1,000 shares. This strategy maximizes my potential for future dividends and capital gains as the price recovers."
RA-MC-BT-PC-NT-OC-s140928,RA+MC+BT+PC+NT+OC,trader-05,BT,12,buy,1,1,14.0,0,,185.08,6,200.33,6,9.25,6.0,284.33,14.0,14.5,15.0,16.0,,"The current market price is at the fundamental value of $14, and I expect it to rise gradually due to anticipated dividends and potential resale value. I will buy 1 additional share at $14 to enhance my position while I continue to monitor market developments."
RA-MC-BT-PC-NT-OC-s140928,RA+MC+BT+PC+NT+OC,trader-06,NT,12,buy,1,1,14.0,0,,186.06,6,201.36,6,9.3,6.0,285.36,14.0,14.0,14.0,14.0,,"Given that the asset's fundamental value remains stable at $14 and the market price has consistently aligned with this value, I anticipate that the price will remain stable at $14 in the near future. I currently hold 6 shares and have $186.06 in cash (18606 cents). By placing a limit buy order for 1 additional share at $14, I can effectively utilize my cash while positioning myself for potential dividends. This decision aligns with my long-term strategy of maximizing overall cash wealth."
RA-MC-BT-PC-NT-OC-s140928,RA+MC+BT+PC+NT+OC,trader-07,BT,12,hold,0,0,0.0,0,,213.28,4,227.94,4,10.66,4.0,283.94,14.0,14.5,15.0,14.0,,"The current market price is stable at $14. I believe it may rise slightly to $14.5 in the next period due to anticipated dividends and potentially peak around $15 in period 5. Given the stability of the price and the potential for upcoming dividends, holding my shares is prudent for now. I will continue to monitor the market for an optimal exit before any potential peak."
RA-MC-BT-PC-NT-OC-s140928,RA+MC+BT+PC+NT+OC,trader-08,PC,12,buy,1,1,14.0,0,,268.77,0,282.21,0,13.44,0.0,282.21,14.0,14.0,14.0,14.0,,"I plan to buy 1 share this period at the reference price of $14. My current cash position is strong at $255.97, and I believe this is an optimal time to re-enter the market, aligning with the stable fundamental value. Acquiring shares now allows me to benefit from potential dividends in future periods, along with the eventual redemption value of $14. This decision allows me to maximize my final cash wealth over the remaining trading periods."
RA-MC-BT-PC-NT-OC-s140928,RA+MC+BT+PC+NT+OC,trader-09,MC,12,hold,0,0,0.0,0,,213.28,4,227.94,4,10.66,4.0,283.94,14.0,14.0,14.0,14.0,,"The market price remains stable at the fundamental value of $14, with no observed momentum indicating a price shift. As a momentum chaser, I do not see any reason to buy or sell without price movement. Therefore, I will hold my position of 4 shares and retain my cash."
RA-MC-BT-PC-NT-OC-s140928,RA+MC+BT+PC+NT+OC,trader-10,NT,12,hold,0,0,0.0,0,,213.28,4,227.94,4,10.66,4.0,283.94,14.0,14.0,14.0,14.0,,"The fundamental value of the asset remains stable at $14, and based on historical trends and market conditions, I expect the price to stay at this level in the near future. Holding my 4 shares allows me to benefit from potential dividends that are either $0.40 or $1.00, while retaining cash provides flexibility for future opportunities. Given the current market dynamics, holding is the best strategy to maximize my cash wealth."
RA-MC-BT-PC-NT-OC-s140928,RA+MC+BT+PC+NT+OC,trader-11,MC,12,hold,0,0,0.0,0,,213.28,4,227.94,4,10.66,4.0,283.94,14.0,14.0,14.0,14.0,,"The price remains stable at the reference level of $14, and my momentum chasing strategy relies on price movements to make trading decisions. Given the lack of fluctuations, I believe it is prudent to hold my current 4 shares. I will monitor for any changes in the next periods before deciding on trades."
RA-MC-BT-PC-NT-OC-s140928,RA+MC+BT+PC+NT+OC,trader-00,RA,13,hold,0,0,0.0,0,,227.94,4,240.94,4,11.4,1.6,296.94,14.0,14.0,14.0,14.0,,"The market price is expected to remain stable at the fundamental value of $14.00 per share over the next periods due to the equal likelihood of dividends. Selling shares at this price yields no profit, and buying shares would not provide a better return compared to the 5% cash return. Therefore, holding onto my current shares is optimal."
RA-MC-BT-PC-NT-OC-s140928,RA+MC+BT+PC+NT+OC,trader-01,PC,13,hold,0,0,0.0,0,,227.94,4,240.94,4,11.4,1.6,296.94,14.0,14.0,14.0,14.0,,"I will hold onto my current shares and cash for now, as the asset price is expected to remain stable at $14. My plan is to continue holding until period 20, at which point I will reassess and potentially sell some shares. This strategy allows me to collect dividends while minimizing risk in a stable market."
RA-MC-BT-PC-NT-OC-s140928,RA+MC+BT+PC+NT+OC,trader-02,RA,13,hold,0,0,0.0,0,,227.94,4,240.94,4,11.4,1.6,296.94,14.0,14.0,14.0,14.0,,"The current market price is equal to the expected fundamental value of the asset at $14.00. Given the equal likelihood of receiving a $0.40 or $1.00 dividend, the expected return from holding shares does not surpass the 5% cash return. Therefore, it is prudent to hold my shares for potential dividends without incurring a loss from selling at the current price."
RA-MC-BT-PC-NT-OC-s140928,RA+MC+BT+PC+NT+OC,trader-03,OC,13,buy,7,7,13.0,0,,227.94,4,240.94,4,11.4,1.6,296.94,14.0,14.0,14.0,14.0,,"I believe the price will recover soon, as it is currently stable around the reference price of $14. As an overconfident contrarian, I expect the price will bounce back after this period of stability. Therefore, I will place a buy order for 7 shares at $13, which is below the reference price, allowing me to enhance my position while waiting for my existing shares to recover. This aligns with my strategy of capitalizing on potential future dividends and anticipated price increases."
RA-MC-BT-PC-NT-OC-s140928,RA+MC+BT+PC+NT+OC,trader-04,OC,13,buy,1680,16,13.5,0,,227.94,4,240.94,4,11.4,1.6,296.94,14.0,14.0,14.0,14.0,,"I believe the market is currently experiencing a temporary dip, and my contrarian approach suggests that prices will recover back to the fundamental value of $14. With my current cash of $22,528, I can buy shares at a limit price of $13.5. This allows me to purchase 1,680 shares, maximizing my potential for future dividends and capital gains as the price recovers."
RA-MC-BT-PC-NT-OC-s140928,RA+MC+BT+PC+NT+OC,trader-05,BT,13,buy,1,1,14.0,0,,200.33,6,212.75,6,10.02,2.4,296.75,14.0,15.0,16.0,14.0,,"I expect the price to increase gradually due to anticipated dividends and the potential for resale. Given my current cash position and the market conditions, I will buy 1 share at $14, which aligns with the fundamental value and my forecasts for future price appreciation."
RA-MC-BT-PC-NT-OC-s140928,RA+MC+BT+PC+NT+OC,trader-06,NT,13,buy,1,1,14.0,0,,201.36,6,213.83,6,10.07,2.4,297.83,14.0,14.0,14.0,14.0,,"I believe the market price will remain stable at $14, which aligns with the asset's fundamental value. With 6 shares currently and $201.36 in cash, I can afford to buy 1 additional share at $14. This strategy aligns with my long-term goal of maximizing cash wealth while increasing my position to benefit from potential dividends."
RA-MC-BT-PC-NT-OC-s140928,RA+MC+BT+PC+NT+OC,trader-07,BT,13,hold,0,0,0.0,0,,227.94,4,240.94,4,11.4,1.6,296.94,14.0,14.5,15.0,14.0,,"The current market price is stable at $14, and I expect it to rise to $14.5 in the next period due to anticipated dividends, before potentially peaking at $15 in period 5. Holding my shares allows me to benefit from the upcoming dividends while monitoring the market for an optimal exit point before any potential peak. Therefore, holding is a prudent decision at this moment."
RA-MC-BT-PC-NT-OC-s140928,RA+MC+BT+PC+NT+OC,trader-08,PC,13,buy,1,1,14.0,0,,282.21,0,296.32,0,14.11,0.0,296.32,14.0,14.0,14.0,14.0,,"I plan to buy 1 share this period at the reference price of $14. My current cash position is strong at $282.21, and I believe this is an optimal time to re-enter the market, aligning with the stable fundamental value. Acquiring shares now allows me to benefit from potential dividends in future periods, along with the eventual redemption value of $14. This decision allows me to maximize my final cash wealth over the remaining trading periods."
RA-MC-BT-PC-NT-OC-s140928,RA+MC+BT+PC+NT+OC,trader-09,MC,13,hold,0,0,0.0,0,,227.94,4,240.94,4,11.4,1.6,296.94,14.0,14.0,14.0,14.0,,"The market price remains stable at the fundamental value of $14, with no observed momentum indicating a price shift. As a momentum chaser, I will hold my position of 4 shares and retain my cash since there is no current price movement to prompt buying or selling."
RA-MC-BT-PC-NT-OC-s140928,RA+MC+BT+PC+NT+OC,trader-10,NT,13,hold,0,0,0.0,0,,227.94,4,240.94,4,11.4,1.6,296.94,14.0,14.0,14.0,14.0,,"The fundamental value of the asset remains stable at $14, and I anticipate that the price will stay at this level in the short term. Holding my 4 shares allows me to benefit from potential dividends in the upcoming periods, which could either be $0.40 or $1.00. Additionally, retaining my cash provides flexibility for future trading opportunities. Selling now would not reflect the true value of the asset, and I want to avoid any potential losses. Therefore, holding is the best strategy."
RA-MC-BT-PC-NT-OC-s140928,RA+MC+BT+PC+NT+OC,trader-11,MC,13,hold,0,0,0.0,0,,227.94,4,240.94,4,11.4,1.6,296.94,14.0,14.0,14.0,14.0,,"The price has remained stable at the reference level of $14, and given my momentum chasing strategy, I typically react to price movements. Since there have been no fluctuations or trading activity observed, it is prudent to hold my current 4 shares for now. I will wait for potential price changes in the upcoming periods before making any trades."
RA-MC-BT-PC-NT-OC-s140928,RA+MC+BT+PC+NT+OC,trader-00,RA,14,hold,0,0,0.0,0,,240.94,4,254.59,4,12.05,1.6,310.59,14.0,14.0,14.0,14.0,,"The market price is expected to remain stable at the fundamental value of $14.00 per share due to the equal likelihood of dividends and the expected cash return. Selling shares at this price yields no profit, and buying shares would not provide a better return compared to the 5% cash return. Therefore, holding onto my current shares is optimal."
RA-MC-BT-PC-NT-OC-s140928,RA+MC+BT+PC+NT+OC,trader-01,PC,14,hold,0,0,0.0,0,,240.94,4,254.59,4,12.05,1.6,310.59,14.0,14.0,14.0,14.0,,"I will continue to hold onto my current shares and cash for now, as the asset price is expected to remain stable at $14. My plan is to hold until period 20 to reassess my position and consider selling some shares at that point. This strategy allows me to collect dividends while minimizing risk in a stable market."
RA-MC-BT-PC-NT-OC-s140928,RA+MC+BT+PC+NT+OC,trader-02,RA,14,hold,0,0,0.0,0,,240.94,4,254.59,4,12.05,1.6,310.59,14.0,14.0,14.0,14.0,,"The current market price is equal to the expected fundamental value of the asset at $14.00. Given the equal likelihood of receiving $0.40 or $1.00 dividends, the expected return from holding shares does not exceed the 5% cash return. Therefore, it is prudent to hold my shares for potential dividends without incurring a loss from selling at the current price."
RA-MC-BT-PC-NT-OC-s140928,RA+MC+BT+PC+NT+OC,trader-03,OC,14,buy,7,7,13.0,0,,240.94,4,254.59,4,12.05,1.6,310.59,14.0,14.0,14.0,14.0,,"As an overconfident contrarian, I believe the price will recover soon after its current stability around the reference price of $14. I will place a buy order for 7 shares at $13, which is below the reference price, allowing me to enhance my position while waiting for my existing shares to recover. This aligns with my strategy of capitalizing on potential future dividends and anticipated price increases."
RA-MC-BT-PC-NT-OC-s140928,RA+MC+BT+PC+NT+OC,trader-04,OC,14,buy,1785,17,13.5,0,,240.94,4,254.59,4,12.05,1.6,310.59,14.0,14.0,14.0,14.0,,"I believe the market is currently experiencing a temporary dip, and as a contrarian trader, I expect prices to recover back to the fundamental value of $14. With my current cash of $24,000, I can buy shares at a limit price of $13.5, allowing me to purchase approximately 1,785 shares. This strategy maximizes my potential for future dividends and capital gains as the price recovers."
RA-MC-BT-PC-NT-OC-s140928,RA+MC+BT+PC+NT+OC,trader-05,BT,14,buy,1,1,14.0,0,,212.75,6,225.79,6,10.64,2.4,309.79,14.0,14.5,15.0,16.0,,"The current market price is at the fundamental value of $14. I expect gradual price increases in the next periods due to anticipated dividends and potential resale value. Therefore, I will buy 1 additional share at $14 to enhance my position while I monitor market developments."
RA-MC-BT-PC-NT-OC-s140928,RA+MC+BT+PC+NT+OC,trader-06,NT,14,buy,1,1,14.0,0,,213.83,6,226.92,6,10.69,2.4,310.92,14.0,14.0,14.0,14.0,,"Given that the asset's fundamental value remains stable at $14 and has consistently aligned with the market price, I expect the price to remain at $14 in the immediate future. I currently hold 6 shares and have $213.83 in cash (21383 cents), which allows me to purchase 1 additional share at $14. This decision will enhance my position for potential dividends while continuing to maximize my overall cash wealth in the long term."
RA-MC-BT-PC-NT-OC-s140928,RA+MC+BT+PC+NT+OC,trader-07,BT,14,hold,0,0,0.0,0,,240.94,4,254.59,4,12.05,1.6,310.59,14.0,14.5,15.0,14.0,,"The current market price is stable at $14, and I expect it to rise slightly to $14.5 in period 2 due to anticipated dividends, with a potential peak around $15 in period 5. Given this stability and the potential for dividends, holding my shares is prudent for now while I monitor the market for an optimal exit before any peak."
RA-MC-BT-PC-NT-OC-s140928,RA+MC+BT+PC+NT+OC,trader-08,PC,14,buy,1,1,14.0,0,,296.32,0,311.14,0,14.82,0.0,311.14,14.0,14.0,14.0,14.0,,"I plan to buy 1 share this period at the reference price of $14. My current cash position is strong at $296.32, and I believe this is an optimal time to re-enter the market, aligning with the stable fundamental value. Acquiring shares now allows me to benefit from potential dividends in future periods, along with the eventual redemption value of $14. This decision allows me to maximize my final cash wealth over the remaining trading periods."
RA-MC-BT-PC-NT-OC-s140928,RA+MC+BT+PC+NT+OC,trader-09,MC,14,hold,0,0,0.0,0,,240.94,4,254.59,4,12.05,1.6,310.59,14.0,14.0,14.0,14.0,,"Given the stable market price at the fundamental value of $14 and no observed momentum in price direction, I do not see a reason to buy or sell. As a momentum chaser, I will hold my position of 4 shares and retain my cash, expecting that the price will remain stable."
RA-MC-BT-PC-NT-OC-s140928,RA+MC+BT+PC+NT+OC,trader-10,NT,14,hold,0,0,0.0,0,,240.94,4,254.59,4,12.05,1.6,310.59,14.0,14.0,14.0,14.0,,"The fundamental value of the asset remains stable at $14, and I anticipate that the price will stay at this level in the short term. Holding my 4 shares allows me to benefit from potential dividends in the upcoming periods, which could either be $0.40 or $1.00. Additionally, retaining my cash provides flexibility for future trading opportunities. Selling now would not reflect the true value of the asset, and I want to avoid any potential losses. Therefore, holding is the best strategy."
RA-MC-BT-PC-NT-OC-s140928,RA+MC+BT+PC+NT+OC,trader-11,MC,14,hold,0,0,0.0,0,,240.94,4,254.59,4,12.05,1.6,310.59,14.0,14.0,14.0,14.0,,"The price has remained stable at the reference level of $14 with no observed fluctuations. As a momentum chaser, I typically react to price movements, but in this case, holding my current 4 shares is prudent since I have not seen any price increases to justify a buy or decreases to warrant a sell. I will wait for potential price changes in the upcoming periods before making any trades."
RA-MC-BT-PC-NT-OC-s140928,RA+MC+BT+PC+NT+OC,trader-00,RA,15,hold,0,0,0.0,0,,254.59,4,271.32,4,12.73,4.0,327.32,14.0,14.0,14.0,14.0,,"The expected market price remains stable at the fundamental value of $14.00 per share, with consistent dividends expected. Selling shares at this price yields no profit, and buying shares would not provide a better return compared to the 5% cash return. Therefore, holding onto my current shares is optimal."
RA-MC-BT-PC-NT-OC-s140928,RA+MC+BT+PC+NT+OC,trader-01,PC,15,hold,0,0,0.0,0,,254.59,4,271.32,4,12.73,4.0,327.32,14.0,14.0,14.0,14.0,,"I will continue to hold onto my current shares and cash for now, as the asset price is expected to remain stable at $14. My plan is to hold until period 20 to reassess my position and consider selling some shares at that point. This strategy allows me to collect dividends while minimizing risk in a stable market."
RA-MC-BT-PC-NT-OC-s140928,RA+MC+BT+PC+NT+OC,trader-02,RA,15,hold,0,0,0.0,0,,254.59,4,271.32,4,12.73,4.0,327.32,14.0,14.0,14.0,14.0,,"The current market price is equal to the expected fundamental value of the asset at $14.00. Given the equal likelihood of receiving $0.40 or $1.00 dividends, the expected return from holding shares does not surpass the 5% cash return. Therefore, it is prudent to hold my shares for potential dividends without incurring a loss from selling at the current price."
RA-MC-BT-PC-NT-OC-s140928,RA+MC+BT+PC+NT+OC,trader-03,OC,15,buy,7,7,13.0,0,,254.59,4,271.32,4,12.73,4.0,327.32,14.0,14.0,14.0,14.0,,"As an overconfident contrarian, I believe that the price is stable around the reference price of $14 and will recover soon. I will place a buy order for 7 shares at $13, which is below the reference price, allowing me to enhance my position while waiting for my existing shares to recover. This aligns with my strategy of capitalizing on potential future dividends and anticipated price increases."
RA-MC-BT-PC-NT-OC-s140928,RA+MC+BT+PC+NT+OC,trader-04,OC,15,buy,1880,18,13.5,0,,254.59,4,271.32,4,12.73,4.0,327.32,14.0,14.0,14.0,14.0,,"I strongly believe that the market is currently experiencing a temporary dip, and my contrarian strategy suggests that prices will recover back to the fundamental value of $14. With my current cash of $25,000, I can buy shares at a limit price of $13.5, allowing me to purchase approximately 1,880 shares. This strategy maximizes my potential for future dividends and capital gains as the price recovers."
RA-MC-BT-PC-NT-OC-s140928,RA+MC+BT+PC+NT+OC,trader-05,BT,15,buy,1,1,14.0,0,,225.79,6,243.08,6,11.29,6.0,327.08,14.0,14.5,15.0,16.0,,"The current market price is at the fundamental value of $14. Based on my analysis and the historical data, I expect gradual price increases due to anticipated dividends and potential resale value. I will buy 1 share at $14 to enhance my position while monitoring market developments, as I believe prices will rise in the coming periods."
RA-MC-BT-PC-NT-OC-s140928,RA+MC+BT+PC+NT+OC,trader-06,NT,15,buy,1,1,14.0,0,,226.92,6,244.27,6,11.35,6.0,328.27,14.0,14.0,14.0,14.0,,"Given the asset's fundamental value remains stable at $14 and the market price has consistently aligned with this value, I believe that the price will remain around $14 in the near future. With $226.92 in cash and 6 shares currently held, I can afford to buy 1 additional share at $14. This strategy aligns with my long-term goal of maximizing cash wealth while increasing my position for potential dividends."
RA-MC-BT-PC-NT-OC-s140928,RA+MC+BT+PC+NT+OC,trader-07,BT,15,hold,0,0,0.0,0,,254.59,4,271.32,4,12.73,4.0,327.32,14.0,14.5,15.0,14.0,,"The market price is currently stable at $14. I expect a slight increase to $14.5 in period 2 due to anticipated dividends, followed by a potential peak around $15 in period 5 before stabilizing at the fundamental value of $14 by period 10. Holding my shares allows me to benefit from upcoming dividends while monitoring the market for an optimal exit point before any potential peak. Therefore, holding is the prudent choice at this moment."
RA-MC-BT-PC-NT-OC-s140928,RA+MC+BT+PC+NT+OC,trader-08,PC,15,buy,1,1,14.0,0,,311.14,0,326.7,0,15.56,0.0,326.7,14.0,14.0,14.0,14.0,,"I plan to buy 1 share this period at the reference price of $14. My current cash position is strong at $311.14, and I believe this is an optimal time to re-enter the market, aligning with the stable fundamental value. Acquiring shares now allows me to benefit from potential dividends in future periods, along with the eventual redemption value of $14. This decision allows me to maximize my final cash wealth over the remaining trading periods."
RA-MC-BT-PC-NT-OC-s140928,RA+MC+BT+PC+NT+OC,trader-09,MC,15,hold,0,0,0.0,0,,254.59,4,271.32,4,12.73,4.0,327.32,14.0,14.0,14.0,14.0,,"The market price has remained stable at the fundamental value of $14, with no observed momentum indicating a price shift. As a momentum chaser, I do not see any reason to buy or sell at this moment. Thus, I will hold my position of 4 shares and retain my cash."
RA-MC-BT-PC-NT-OC-s140928,RA+MC+BT+PC+NT+OC,trader-10,NT,15,hold,0,0,0.0,0,,254.59,4,271.32,4,12.73,4.0,327.32,14.0,14.0,14.0,14.0,,"The fundamental value of the asset remains stable at $14, and I anticipate that the price will stay at this level in the short term. Holding my 4 shares allows me to benefit from potential dividends, which could either be $0.40 or $1.00. Additionally, retaining my cash provides flexibility for future trading opportunities. Selling now would not reflect the true value of the asset, and I want to avoid any potential losses. Therefore, holding is the best strategy."
RA-MC-BT-PC-NT-OC-s140928,RA+MC+BT+PC+NT+OC,trader-11,MC,15,hold,0,0,0.0,0,,254.59,4,271.32,4,12.73,4.0,327.32,14.0,14.0,14.0,14.0,,"The price has remained stable at the reference level of $14, and my momentum chasing strategy relies on price movements to make trading decisions. Given the lack of fluctuations, I believe it is prudent to hold my current 4 shares. I will monitor for any changes in the next periods before deciding on trades."
RA-MC-BT-PC-NT-OC-s140928,RA+MC+BT+PC+NT+OC,trader-00,RA,16,hold,0,0,0.0,0,,271.32,4,288.89,4,13.57,4.0,344.89,14.0,14.0,14.0,14.0,,"The market price is expected to remain stable at the fundamental value of $14.00 per share over the near future due to the equal likelihood of dividends. Holding onto my 4 shares is optimal since selling at this price yields no profit, and buying shares would not provide a better return compared to the cash return of 5%. Therefore, I will hold my current position."
RA-MC-BT-PC-NT-OC-s140928,RA+MC+BT+PC+NT+OC,trader-01,PC,16,hold,0,0,0.0,0,,271.32,4,288.89,4,13.57,4.0,344.89,14.0,14.0,14.0,14.0,,"I will continue to hold onto my current shares and cash for now, as the asset price is expected to remain stable at $14. My plan is to hold until period 20 to reassess my position and consider selling some shares at that point. This strategy allows me to collect dividends while minimizing risk in a stable market."
RA-MC-BT-PC-NT-OC-s140928,RA+MC+BT+PC+NT+OC,trader-02,RA,16,hold,0,0,0.0,0,,271.32,4,288.89,4,13.57,4.0,344.89,14.0,14.0,14.0,14.0,,"The current market price is equal to the expected fundamental value of the asset at $14.00. The expected return from holding shares, considering the equal likelihood of dividends of $0.40 or $1.00, does not exceed the 5% cash return. Therefore, it is prudent to hold my shares for potential dividends without incurring a loss from selling at the current price."
RA-MC-BT-PC-NT-OC-s140928,RA+MC+BT+PC+NT+OC,trader-03,OC,16,buy,7,7,13.0,0,,271.32,4,288.89,4,13.57,4.0,344.89,14.0,14.0,14.0,14.0,,"As an overconfident contrarian, I believe the price will stabilize and recover after its current stability around the reference price of $14. With my cash position, I will place a buy order for 7 shares at $13, which is below the reference price. This strategy aligns with my belief that the market will correct itself, and I want to enhance my position while waiting for my existing shares to recover and benefit from potential future dividends."
RA-MC-BT-PC-NT-OC-s140928,RA+MC+BT+PC+NT+OC,trader-04,OC,16,buy,2000,20,13.5,0,,271.32,4,288.89,4,13.57,4.0,344.89,14.0,14.0,14.0,14.0,,"I believe the market is still experiencing a temporary dip, and my contrarian strategy leads me to expect a recovery back to the fundamental value of $14. With my current cash of $27,132, I can buy shares at a limit price of $13.5, allowing me to purchase approximately 2,000 shares. This aligns with my strategy of capitalizing on the expected recovery and maximizing my potential for future dividends and capital gains."
RA-MC-BT-PC-NT-OC-s140928,RA+MC+BT+PC+NT+OC,trader-05,BT,16,buy,1,1,14.0,0,,243.08,6,261.23,6,12.15,6.0,345.23,14.0,14.5,15.0,16.0,,"The current market price is at the fundamental value of $14, and based on my analysis, I expect gradual price increases in the coming periods due to anticipated dividends and potential resale value. I will buy 1 additional share at $14 to enhance my position as I believe prices will rise in the next periods."
RA-MC-BT-PC-NT-OC-s140928,RA+MC+BT+PC+NT+OC,trader-06,NT,16,buy,1,1,14.0,0,,244.27,6,262.48,6,12.21,6.0,346.48,14.0,14.0,14.0,14.0,,"Given the asset's fundamental value remains stable at $14 and the market price has consistently aligned with this value, I anticipate that the price will likely remain around $14 in the near future. With $226.92 in cash and currently holding 6 shares, I can afford to buy 1 additional share at $14. This decision enhances my position for potential dividends while maximizing my overall cash wealth in the long term."
RA-MC-BT-PC-NT-OC-s140928,RA+MC+BT+PC+NT+OC,trader-07,BT,16,hold,0,0,0.0,0,,271.32,4,288.89,4,13.57,4.0,344.89,14.0,14.5,15.0,14.0,,"The current market price is stable at $14, and I expect it to rise slightly to $14.5 in period 2 due to anticipated dividends, with a potential peak around $15 in period 5. Holding my shares allows me to benefit from the upcoming dividends while monitoring the market for an optimal exit point before any potential peak. Therefore, holding is prudent at this moment."
RA-MC-BT-PC-NT-OC-s140928,RA+MC+BT+PC+NT+OC,trader-08,PC,16,buy,1,1,14.0,0,,326.7,0,343.04,0,16.34,0.0,343.04,14.0,14.0,14.0,14.0,,"I plan to buy 1 share this period at the reference price of $14. My current cash position is strong at $326.70, and I believe this is an optimal time to re-enter the market, aligning with the stable fundamental value. Acquiring shares now allows me to benefit from potential dividends in future periods, along with the eventual redemption value of $14. This decision allows me to maximize my final cash wealth over the remaining trading periods."
RA-MC-BT-PC-NT-OC-s140928,RA+MC+BT+PC+NT+OC,trader-09,MC,16,hold,0,0,0.0,0,,271.32,4,288.89,4,13.57,4.0,344.89,14.0,14.0,14.0,14.0,,"The market price remains stable at the fundamental value of $14, with no observed momentum indicating a price shift. As a momentum chaser, I do not see any reason to buy or sell without price movement. Therefore, I will hold my position of 4 shares and retain my cash."
RA-MC-BT-PC-NT-OC-s140928,RA+MC+BT+PC+NT+OC,trader-10,NT,16,hold,0,0,0.0,0,,271.32,4,288.89,4,13.57,4.0,344.89,14.0,14.0,14.0,14.0,,"Given the consistent fundamental value of the asset at $14 and the historical stability in the trading price, I expect the price to remain at $14 in the near future. Holding my 4 shares allows me to benefit from potential dividends ($0.40 or $1.00), while keeping my cash available for future opportunities. Selling now would not reflect the true value of the asset, and I want to avoid potential losses. Therefore, holding is the best strategy to maximize my cash wealth."
RA-MC-BT-PC-NT-OC-s140928,RA+MC+BT+PC+NT+OC,trader-11,MC,16,hold,0,0,0.0,0,,271.32,4,288.89,4,13.57,4.0,344.89,14.0,14.0,14.0,14.0,,"The price has remained stable at the reference level of $14, and as a momentum chaser, I typically react to price movements to inform my trading decisions. Given the current stability and lack of fluctuations, it is prudent to hold my current 4 shares. I will wait for potential price movements in the upcoming periods before making any trades."
RA-MC-BT-PC-NT-OC-s140928,RA+MC+BT+PC+NT+OC,trader-00,RA,17,hold,0,0,0.0,0,,288.89,4,304.93,4,14.44,1.6,360.93,14.0,14.0,14.0,14.0,,"The market price is expected to remain stable at the fundamental value of $14.00 per share due to the equal likelihood of dividends. Selling shares at this price yields no profit, and buying shares would not provide a better return compared to the 5% cash return. Therefore, I will hold my current position of 4 shares."
RA-MC-BT-PC-NT-OC-s140928,RA+MC+BT+PC+NT+OC,trader-01,PC,17,hold,0,0,0.0,0,,288.89,4,304.93,4,14.44,1.6,360.93,14.0,14.0,14.0,14.0,,"I will continue to hold onto my current shares and cash for now, as the asset price is expected to remain stable at $14. My plan is to hold until period 20 to reassess my position and consider selling some shares at that point. This strategy allows me to collect dividends while minimizing risk in a stable market."
RA-MC-BT-PC-NT-OC-s140928,RA+MC+BT+PC+NT+OC,trader-02,RA,17,hold,0,0,0.0,0,,288.89,4,304.93,4,14.44,1.6,360.93,14.0,14.0,14.0,14.0,,"The current market price is equal to the expected fundamental value of the asset at $14.00. Given the equal likelihood of receiving $0.40 or $1.00 dividends, the expected return from holding shares does not surpass the 5% cash return. Therefore, holding is prudent to maximize potential dividends without incurring a loss from selling at the current price."
RA-MC-BT-PC-NT-OC-s140928,RA+MC+BT+PC+NT+OC,trader-03,OC,17,buy,7,7,13.0,0,,288.89,4,304.93,4,14.44,1.6,360.93,14.0,14.0,14.0,14.0,,"As an overconfident contrarian, I believe the price is stable around the reference price of $14 and will recover soon. I will place a buy order for 7 shares at $13, which is below the reference price, allowing me to enhance my position while waiting for my existing shares to recover. This aligns with my strategy of capitalizing on potential future dividends and anticipated price increases."
RA-MC-BT-PC-NT-OC-s140928,RA+MC+BT+PC+NT+OC,trader-04,OC,17,buy,1850,21,13.5,0,,288.89,4,304.93,4,14.44,1.6,360.93,14.0,14.0,14.0,14.0,,"I strongly believe that the market is currently experiencing a temporary dip, and my contrarian strategy suggests that prices will recover back to the fundamental value of $14. With my current cash of $25,000, I can buy approximately 1,850 shares at a limit price of $13.5. This strategy maximizes my potential for future dividends and capital gains as the price recovers."
RA-MC-BT-PC-NT-OC-s140928,RA+MC+BT+PC+NT+OC,trader-05,BT,17,sell,2,2,14.0,-2,14.0,261.23,6,305.29,4,14.46,1.6,361.29,14.0,15.0,16.0,16.0,,"Given the current price is at the fundamental value of $14, and I expect the price to rise in the next periods based on anticipated dividends and market behavior, I will sell 2 shares at $14. This allows me to realize profits while retaining a strong position in the remaining shares."
RA-MC-BT-PC-NT-OC-s140928,RA+MC+BT+PC+NT+OC,trader-06,NT,17,buy,1,1,14.0,1,14.0,262.48,6,263.7,7,12.42,2.8,361.7,14.0,14.0,14.0,14.0,,"Given the asset's fundamental value remains stable at $14, I believe the market price will likely stay around this value in the near future. With $262.48 in cash and currently holding 6 shares, I can afford to buy 1 additional share at $14. This decision enhances my position for potential dividends while maximizing my overall cash wealth in the long term."
RA-MC-BT-PC-NT-OC-s140928,RA+MC+BT+PC+NT+OC,trader-07,BT,17,hold,0,0,0.0,0,,288.89,4,304.93,4,14.44,1.6,360.93,14.0,14.5,15.0,14.0,,"The market price is currently stable at $14, and I anticipate a slight increase to $14.5 in the next period due to expected dividend payments. I predict a potential peak around $15 in period 5 before stabilizing back to the fundamental value of $14 by period 10. Therefore, I will hold my shares for now, allowing me to benefit from upcoming dividends while monitoring the market for an optimal exit point before any potential peak."
RA-MC-BT-PC-NT-OC-s140928,RA+MC+BT+PC+NT+OC,trader-08,PC,17,buy,1,1,14.0,1,14.0,343.04,0,345.89,1,16.45,0.4,359.89,14.0,14.0,14.0,14.0,,"I plan to buy 1 share this period at the reference price of $14. My current cash position is strong, and I believe this is an optimal time to re-enter the market, aligning with the stable fundamental value. Acquiring shares now allows me to benefit from potential dividends in future periods, along with the eventual redemption value of $14. This decision allows me to maximize my final cash wealth over the remaining trading periods."
RA-MC-BT-PC-NT-OC-s140928,RA+MC+BT+PC+NT+OC,trader-09,MC,17,hold,0,0,0.0,0,,288.89,4,304.93,4,14.44,1.6,360.93,14.0,14.0,14.0,14.0,,"The market price remains stable at the fundamental value of $14, with no observed momentum indicating a price shift. As a momentum chaser, I will hold my position of 4 shares and retain my cash, expecting that the price will remain stable as there are no signals for buying or selling."
RA-MC-BT-PC-NT-OC-s140928,RA+MC+BT+PC+NT+OC,trader-10,NT,17,hold,0,0,0.0,0,,288.89,4,304.93,4,14.44,1.6,360.93,14.0,14.0,14.0,14.0,,"Given the consistent fundamental value of the asset at $14 and the stability of the market price, I expect the price to remain at $14 in the short term. Holding my 4 shares allows me to benefit from potential dividends ($0.40 or $1.00), while retaining my cash provides flexibility for future opportunities. Selling now would not reflect the true value of the asset, and I want to avoid potential losses. Therefore, holding is the best strategy to maximize my cash wealth."
RA-MC-BT-PC-NT-OC-s140928,RA+MC+BT+PC+NT+OC,trader-11,MC,17,hold,0,0,0.0,0,,288.89,4,304.93,4,14.44,1.6,360.93,14.0,14.0,14.0,14.0,,"The market price remains stable at the reference level of $14, with no observed fluctuations or trading activity to indicate a change. As a momentum chaser, I typically react to price movements, but given the current stability, it is prudent to hold my current 4 shares and wait for potential price changes in the upcoming periods before making any trades."
RA-MC-BT-PC-NT-OC-s140928,RA+MC+BT+PC+NT+OC,trader-00,RA,18,hold,0,0,0.0,0,,304.93,4,324.18,4,15.25,4.0,380.18,14.0,14.0,14.0,14.0,,"The market price is expected to remain stable at the fundamental value of $14.00 per share over the next periods, given the equal likelihood of dividends and the expected cash return. Selling shares at this price yields no profit, and buying shares would not provide a better return compared to the 5% cash return. Therefore, I will hold my current position of 4 shares."
RA-MC-BT-PC-NT-OC-s140928,RA+MC+BT+PC+NT+OC,trader-01,PC,18,hold,0,0,0.0,0,,304.93,4,324.18,4,15.25,4.0,380.18,14.0,14.0,14.0,14.0,,"I will continue to hold onto my current shares and cash for now, as the asset price is expected to remain stable at $14. My plan is to hold until period 20 to reassess my position and consider selling some shares at that point. This strategy allows me to collect dividends while minimizing risk in a stable market."
RA-MC-BT-PC-NT-OC-s140928,RA+MC+BT+PC+NT+OC,trader-02,RA,18,hold,0,0,0.0,0,,304.93,4,324.18,4,15.25,4.0,380.18,14.0,14.0,14.0,14.0,,"The current market price is $14.00, equal to the expected fundamental value of the asset. Given the equal likelihood of receiving $0.40 or $1.00 dividends, the expected return from holding shares does not surpass the 5% cash return. Therefore, holding is prudent to maximize potential dividends without incurring a loss from selling at the current price."
RA-MC-BT-PC-NT-OC-s140928,RA+MC+BT+PC+NT+OC,trader-03,OC,18,buy,7,7,13.0,0,,304.93,4,324.18,4,15.25,4.0,380.18,14.0,14.0,14.0,14.0,,"As an overconfident contrarian, I believe the price is currently stable around the reference price of $14 and will recover soon. I will place a buy order for 7 shares at $13, which is below the reference price, aligning with my strategy of enhancing my position while waiting for my existing shares to recover. This allows me to capitalize on potential future dividends and anticipated price increases."
RA-MC-BT-PC-NT-OC-s140928,RA+MC+BT+PC+NT+OC,trader-04,OC,18,buy,2250,22,13.5,0,,304.93,4,324.18,4,15.25,4.0,380.18,14.0,14.0,14.0,14.0,,"I firmly believe that the market is currently experiencing a temporary dip, and as a contrarian trader, I expect prices to recover back to the fundamental value of $14. With my current cash of $30,493, I can buy shares at a limit price of $13.5, allowing me to purchase approximately 2,250 shares. This strategy maximizes my potential for future dividends and capital gains as the price recovers."
RA-MC-BT-PC-NT-OC-s140928,RA+MC+BT+PC+NT+OC,trader-05,BT,18,sell,1,1,14.0,-1,14.0,305.29,4,338.25,3,15.96,3.0,380.25,14.0,15.0,16.0,16.0,,The current market price is at the fundamental value of $14. I anticipate gradual price increases in the next periods due to expected dividends and potential resale value. I will sell 1 share at $14 to take profits while maintaining a strong position with the remaining shares.
RA-MC-BT-PC-NT-OC-s140928,RA+MC+BT+PC+NT+OC,trader-06,NT,18,buy,1,1,14.0,1,14.0,263.7,7,270.19,8,12.49,8.0,382.19,14.0,14.0,14.0,14.0,,"Given that the asset's fundamental value is $14 and the recent market price has consistently aligned with this value, I anticipate the market price will remain stable at $14 in the near future. With $262.48 in cash and 7 shares currently held, buying 1 additional share at $14 is a prudent decision that will enhance my position for potential dividends while continuing to maximize my overall cash wealth in the long term."
RA-MC-BT-PC-NT-OC-s140928,RA+MC+BT+PC+NT+OC,trader-07,BT,18,hold,0,0,0.0,0,,304.93,4,324.18,4,15.25,4.0,380.18,14.0,14.5,15.0,14.0,,"The current market price is stable at $14, and I expect it to rise slightly to $14.5 in the next period due to anticipated dividends, with a potential peak around $15 in period 5. Given this stability and the potential for dividends, holding my shares is prudent for now while I monitor the market for an optimal exit before any peak."
RA-MC-BT-PC-NT-OC-s140928,RA+MC+BT+PC+NT+OC,trader-08,PC,18,buy,1,1,14.0,0,,345.89,1,364.18,1,17.29,1.0,378.18,14.0,14.0,14.0,14.0,,"I plan to buy 1 share this period at the reference price of $14. With my current cash position strong at $365.93, this is an optimal time to re-enter the market, aligning with the stable fundamental value. Acquiring shares now allows me to benefit from potential dividends in future periods, along with the eventual redemption value of $14. This decision helps maximize my final cash wealth over the remaining trading periods."
RA-MC-BT-PC-NT-OC-s140928,RA+MC+BT+PC+NT+OC,trader-09,MC,18,hold,0,0,0.0,0,,304.93,4,324.18,4,15.25,4.0,380.18,14.0,14.0,14.0,14.0,,"The market price remains stable at the fundamental value of $14, with no observed momentum indicating a change in price direction. As a momentum chaser, I do not see a reason to buy or sell at this moment. Therefore, I will hold my position of 4 shares and retain my cash."
RA-MC-BT-PC-NT-OC-s140928,RA+MC+BT+PC+NT+OC,trader-10,NT,18,hold,0,0,0.0,0,,304.93,4,324.18,4,15.25,4.0,380.18,14.0,14.0,14.0,14.0,,"Given the consistent fundamental value of the asset at $14 and the historical stability in the trading price, I expect the price to remain stable at $14 in the near future. Holding my 4 shares allows me to benefit from potential dividends ($0.40 or $1.00) while keeping my cash available for potential future trading opportunities. Selling now would not reflect the true value of the asset, and I want to avoid potential losses. Therefore, holding is the best strategy to maximize my cash wealth."
RA-MC-BT-PC-NT-OC-s140928,RA+MC+BT+PC+NT+OC,trader-11,MC,18,hold,0,0,0.0,0,,304.93,4,324.18,4,15.25,4.0,380.18,14.0,14.0,14.0,14.0,,"The market price remains stable at the reference level of $14, with no observed fluctuations or trading activity that would indicate a change. As a momentum chaser, I typically react to price movements to inform my trading decisions. Given the current stability and my existing position of 4 shares, it is prudent to hold for now and wait for potential price movements in the upcoming periods before making any trades."
RA-MC-BT-PC-NT-OC-s140928,RA+MC+BT+PC+NT+OC,trader-00,RA,19,hold,0,0,0.0,0,,324.18,4,344.39,4,16.21,4.0,400.39,14.0,14.0,14.0,14.0,,"The market price is expected to remain stable at the fundamental value of $14.00 per share due to the equal likelihood of dividends. Selling shares at this price yields no profit, and buying shares would not provide a better return compared to the 5% cash return. Therefore, holding onto my current shares is optimal."
RA-MC-BT-PC-NT-OC-s140928,RA+MC+BT+PC+NT+OC,trader-01,PC,19,hold,0,0,0.0,0,,324.18,4,344.39,4,16.21,4.0,400.39,14.0,14.0,14.0,14.0,,"I will continue to hold onto my current shares and cash for now, as the asset price is expected to remain stable at $14. My plan is to hold until period 20 to reassess my position and consider selling some shares at that point. This strategy allows me to collect dividends while minimizing risk in a stable market."
RA-MC-BT-PC-NT-OC-s140928,RA+MC+BT+PC+NT+OC,trader-02,RA,19,hold,0,0,0.0,0,,324.18,4,344.39,4,16.21,4.0,400.39,14.0,14.0,14.0,14.0,,"The market price is currently at $14.00, equal to the expected fundamental value of the asset. Given the equal likelihood of receiving dividends of $0.40 or $1.00, the expected return from holding shares does not exceed the 5% cash return. Therefore, it is prudent to hold my shares for potential dividends without incurring a loss from selling at the current price."
RA-MC-BT-PC-NT-OC-s140928,RA+MC+BT+PC+NT+OC,trader-03,OC,19,buy,7,7,13.0,0,,324.18,4,344.39,4,16.21,4.0,400.39,14.0,14.0,14.0,14.0,,"As an overconfident contrarian, I believe the price is currently stable around the reference price of $14 and will recover soon. I will place a buy order for 7 shares at $13, which is below the reference price, allowing me to enhance my position while waiting for my existing shares to recover. This aligns with my strategy of capitalizing on potential future dividends and anticipated price increases."
RA-MC-BT-PC-NT-OC-s140928,RA+MC+BT+PC+NT+OC,trader-04,OC,19,buy,2400,24,13.5,0,,324.18,4,344.39,4,16.21,4.0,400.39,14.0,14.0,14.0,14.0,,"I remain confident that the market is currently experiencing a temporary dip, and as a contrarian trader, I expect prices to recover back to the fundamental value of $14. With my current cash of $32,418, I can buy approximately 2,400 shares at a limit price of $13.5, which aligns with my strategy to maximize future dividends and capital gains as the price recovers."
RA-MC-BT-PC-NT-OC-s140928,RA+MC+BT+PC+NT+OC,trader-05,BT,19,sell,1,1,14.0,-1,14.0,338.25,3,371.86,2,17.61,2.0,399.86,14.0,15.0,16.0,14.0,,"The current market price is at the fundamental value of $14, and I anticipate gradual price increases in the next periods due to expected dividends and potential resale value. I will sell 1 share at $14 to realize profits while maintaining a strong position with the remaining shares."
RA-MC-BT-PC-NT-OC-s140928,RA+MC+BT+PC+NT+OC,trader-06,NT,19,buy,1,1,14.0,1,14.0,270.19,8,278.0,9,12.81,9.0,404.0,14.0,14.0,14.0,14.0,,"I anticipate that the market price will remain stable at $14, which aligns with the asset's fundamental value. Currently, I hold 8 shares and have $270.19 in cash. I can afford to buy 1 additional share at $14, enhancing my position for potential dividends while continuing to maximize my overall cash wealth in the long term."
RA-MC-BT-PC-NT-OC-s140928,RA+MC+BT+PC+NT+OC,trader-07,BT,19,hold,0,0,0.0,0,,324.18,4,344.39,4,16.21,4.0,400.39,14.0,14.5,15.0,14.0,,"The current market price remains stable at $14. I anticipate a slight increase to $14.5 in the next period due to expected dividend payments and a potential peak around $15 in period 5. Holding my shares allows me to benefit from upcoming dividends while monitoring the market for an optimal exit point before any potential peak. Therefore, holding is prudent at this moment."
RA-MC-BT-PC-NT-OC-s140928,RA+MC+BT+PC+NT+OC,trader-08,PC,19,buy,1,1,14.0,0,,364.18,1,383.39,1,18.21,1.0,397.39,14.0,14.0,14.0,14.0,,"I plan to buy 1 share this period at the reference price of $14. My current cash position is strong, and I believe this is an optimal time to re-enter the market, aligning with the stable fundamental value. Acquiring shares now allows me to benefit from potential dividends in future periods, along with the eventual redemption value of $14. This decision helps maximize my final cash wealth over the remaining trading periods."
RA-MC-BT-PC-NT-OC-s140928,RA+MC+BT+PC+NT+OC,trader-09,MC,19,hold,0,0,0.0,0,,324.18,4,344.39,4,16.21,4.0,400.39,14.0,14.0,14.0,14.0,,"The market price remains stable at the fundamental value of $14, and there is no observed momentum indicating a price change. As a momentum chaser, I see no reason to buy or sell. Holding my current position of 4 shares and cash is the best strategy at this moment, as I expect prices to remain stable."
RA-MC-BT-PC-NT-OC-s140928,RA+MC+BT+PC+NT+OC,trader-10,NT,19,hold,0,0,0.0,0,,324.18,4,344.39,4,16.21,4.0,400.39,14.0,14.0,14.0,14.0,,"The fundamental value of the asset remains stable at $14, and I expect the price to stay at this level in the short term, along with future periods. Holding my 4 shares allows me to benefit from potential dividends in the upcoming periods, which could either be $0.40 or $1.00. Additionally, retaining my cash provides flexibility for future trading opportunities. Selling now would not reflect the true value of the asset, and I want to avoid any potential losses. Therefore, holding is the best strategy to maximize my cash wealth."
RA-MC-BT-PC-NT-OC-s140928,RA+MC+BT+PC+NT+OC,trader-11,MC,19,hold,0,0,0.0,0,,324.18,4,344.39,4,16.21,4.0,400.39,14.0,14.0,14.0,14.0,,"The market price has remained stable at the reference level of $14 with no observed fluctuations. As a momentum chaser, I typically react to price movements to inform my trading decisions. Given the current stability, I believe it is prudent to hold my current 4 shares and wait for potential price movements in the upcoming periods before making any trades."
RA-MC-BT-PC-NT-OC-s140928,RA+MC+BT+PC+NT+OC,trader-00,RA,20,hold,0,0,0.0,0,,344.39,4,365.61,4,17.22,4.0,421.61,14.0,14.0,14.0,14.0,,"The market price is expected to remain stable at the fundamental value of $14.00 per share due to the equal likelihood of dividends. Holding my 4 shares is optimal as selling at this price yields no profit and buying shares would not provide a better return compared to the 5% cash return. Therefore, I will hold my current position."
RA-MC-BT-PC-NT-OC-s140928,RA+MC+BT+PC+NT+OC,trader-01,PC,20,hold,0,0,0.0,0,,344.39,4,365.61,4,17.22,4.0,421.61,14.0,14.0,14.0,14.0,,"I will continue to hold onto my current shares and cash for now, as the asset price is expected to remain stable at $14. My plan is to hold until period 20 to reassess my position and consider selling some shares at that point. This strategy allows me to collect dividends while minimizing risk in a stable market."
RA-MC-BT-PC-NT-OC-s140928,RA+MC+BT+PC+NT+OC,trader-02,RA,20,hold,0,0,0.0,0,,344.39,4,365.61,4,17.22,4.0,421.61,14.0,14.0,14.0,14.0,,"The current market price matches the expected fundamental value of the asset at $14.00. Considering the equal likelihood of receiving dividends of $0.40 or $1.00, the expected return from holding shares does not exceed the 5% cash return. Therefore, it is prudent to hold my shares for potential dividends without incurring a loss from selling at the current price."
RA-MC-BT-PC-NT-OC-s140928,RA+MC+BT+PC+NT+OC,trader-03,OC,20,buy,7,7,13.0,0,,344.39,4,365.61,4,17.22,4.0,421.61,14.0,14.0,14.0,14.0,,"As an overconfident contrarian, I believe the price is currently stable around the reference price of $14 and will recover soon. I will place a buy order for 7 shares at $13, which is below the reference price, allowing me to enhance my position while waiting for my existing shares to recover. This aligns with my strategy of capitalizing on potential future dividends and anticipated price increases."
RA-MC-BT-PC-NT-OC-s140928,RA+MC+BT+PC+NT+OC,trader-04,OC,20,buy,2,2,13.5,0,,344.39,4,365.61,4,17.22,4.0,421.61,14.0,14.0,14.0,14.0,,"I firmly believe that the market is currently experiencing a temporary dip, and as a contrarian trader, I expect prices to recover back to the fundamental value of $14. With my current cash of $34,439, I can buy shares at a limit price of $13.5, allowing me to purchase approximately 2 shares. This strategy maximizes my potential for future dividends and capital gains as the price recovers."
RA-MC-BT-PC-NT-OC-s140928,RA+MC+BT+PC+NT+OC,trader-05,BT,20,sell,1,1,14.0,-1,14.0,371.86,2,406.15,1,19.29,1.0,420.15,14.0,15.0,16.0,16.0,,"The current market price remains at the fundamental value of $14. I anticipate a gradual increase to $15 in the next two periods due to expected dividends and market behavior. Given my current position of 2 shares, I will sell 1 share at $14 to realize profits while maintaining a strong position with the remaining share."
RA-MC-BT-PC-NT-OC-s140928,RA+MC+BT+PC+NT+OC,trader-06,NT,20,buy,1,1,14.0,0,,278.0,9,300.9,9,13.9,9.0,426.9,14.0,14.0,14.0,14.0,,"Given the asset's stable fundamental value at $14, I anticipate that the market price will remain around this level in the near future. Currently, I hold 9 shares and have $278.00 in cash, which allows me to buy 1 additional share at $14. This decision enhances my position for potential dividends while maximizing my overall cash wealth in the long term."
RA-MC-BT-PC-NT-OC-s140928,RA+MC+BT+PC+NT+OC,trader-07,BT,20,hold,0,0,0.0,0,,344.39,4,365.61,4,17.22,4.0,421.61,14.0,14.5,15.0,14.0,,"The current market price remains stable at $14. I anticipate a slight increase to $14.5 in the next period due to expected dividend payments and a potential peak around $15 in period 5. Holding my shares allows me to benefit from the upcoming dividends while monitoring the market for an optimal exit point before any potential peak. Therefore, holding is prudent at this moment."
RA-MC-BT-PC-NT-OC-s140928,RA+MC+BT+PC+NT+OC,trader-08,PC,20,buy,1,1,14.0,1,14.0,383.39,1,389.86,2,18.47,2.0,417.86,14.0,14.0,14.0,14.0,,"I plan to buy 1 share this period at the reference price of $14. My current cash position is strong, and I believe this is an optimal time to re-enter the market, aligning with the stable fundamental value. Acquiring shares now allows me to benefit from potential dividends in future periods, along with the eventual redemption value of $14. This decision helps maximize my final cash wealth over the remaining trading periods."
RA-MC-BT-PC-NT-OC-s140928,RA+MC+BT+PC+NT+OC,trader-09,MC,20,hold,0,0,0.0,0,,344.39,4,365.61,4,17.22,4.0,421.61,14.0,14.0,14.0,14.0,,"The market price remains stable at the fundamental value of $14, and there is no observed momentum indicating a price change. As a momentum chaser, I see no reason to buy or sell at this moment. Holding my current position of 4 shares and cash is the best strategy at this moment, as I expect prices to remain stable."
RA-MC-BT-PC-NT-OC-s140928,RA+MC+BT+PC+NT+OC,trader-10,NT,20,hold,0,0,0.0,0,,344.39,4,365.61,4,17.22,4.0,421.61,14.0,14.0,14.0,14.0,,"The fundamental value of the asset remains stable at $14, and I expect the price to hold steady in the short term as well. With 4 shares, I can continue to benefit from potential dividends (either $0.40 or $1.00). Holding my shares allows me to avoid selling at a price that may not reflect the true value of the asset and retaining my cash provides flexibility for future trading opportunities. Therefore, I will continue to hold my shares."
RA-MC-BT-PC-NT-OC-s140928,RA+MC+BT+PC+NT+OC,trader-11,MC,20,hold,0,0,0.0,0,,344.39,4,365.61,4,17.22,4.0,421.61,14.0,14.0,14.0,14.0,,"The price remains stable at the reference level of $14, and as a momentum chaser, I typically react to price movements to make trading decisions. Given the lack of fluctuations, it is prudent to hold my current 4 shares. I will monitor for any changes in the next periods before deciding on trades."
RA-MC-BT-PC-NT-OC-s140928,RA+MC+BT+PC+NT+OC,trader-00,RA,21,hold,0,0,0.0,0,,365.61,4,387.89,4,18.28,4.0,443.89,14.0,14.0,14.0,14.0,,"The market price remains stable at the fundamental value of $14.00 per share, with expected dividends aligning with this value. Holding my 4 shares is optimal since selling at this price yields no profit and buying shares would not provide a better return compared to the 5% cash return. Therefore, I will continue to hold my current position."
RA-MC-BT-PC-NT-OC-s140928,RA+MC+BT+PC+NT+OC,trader-01,PC,21,hold,0,0,0.0,0,,365.61,4,387.89,4,18.28,4.0,443.89,14.0,14.0,14.0,14.0,,"I will hold onto my current shares and cash for now, as the asset price is expected to remain stable at $14. My plan is to continue holding until period 20, at which point I will reassess my position and consider selling some shares. This strategy allows me to collect dividends while minimizing risk in a stable market."
RA-MC-BT-PC-NT-OC-s140928,RA+MC+BT+PC+NT+OC,trader-02,RA,21,hold,0,0,0.0,0,,365.61,4,387.89,4,18.28,4.0,443.89,14.0,14.0,14.0,14.0,,"The current market price is $14.00, which matches the expected fundamental value of the asset. Given the equal likelihood of receiving dividends of $0.40 or $1.00, the expected return from holding shares does not surpass the 5% cash return. Therefore, holding is prudent to maximize potential dividends without incurring a loss from selling at the current price."
RA-MC-BT-PC-NT-OC-s140928,RA+MC+BT+PC+NT+OC,trader-03,OC,21,buy,7,7,13.0,0,,365.61,4,387.89,4,18.28,4.0,443.89,14.0,14.0,14.0,14.0,,"As an overconfident contrarian, I believe the price will recover soon from its current stability around the reference price of $14. I am placing a buy order for 7 shares at $13, which is below the reference price. This aligns with my strategy of enhancing my position while waiting for my existing shares to recover. Capitalizing on potential dividends and anticipated price increases is a key part of my approach."
RA-MC-BT-PC-NT-OC-s140928,RA+MC+BT+PC+NT+OC,trader-04,OC,21,buy,2,2,13.5,0,,365.61,4,387.89,4,18.28,4.0,443.89,14.0,14.0,14.0,14.0,,"I believe the market is currently experiencing a temporary dip, and my contrarian strategy suggests that prices will recover back to the fundamental value of $14. With my current cash of $34,439, I can buy 2 shares at a limit price of $13.5, allowing me to maximize my potential for future dividends and capital gains as the price recovers."
RA-MC-BT-PC-NT-OC-s140928,RA+MC+BT+PC+NT+OC,trader-05,BT,21,sell,1,1,14.0,0,,406.15,1,427.46,1,20.31,1.0,441.46,14.0,15.0,16.0,16.0,,"The current market price remains at the fundamental value of $14, but I expect it to rise to $15 in the next two periods based on anticipated dividends and market behavior. Given my current position of 1 share, I will sell 1 share at $14 to realize profits while maintaining a strong position as I continue to monitor the market."
RA-MC-BT-PC-NT-OC-s140928,RA+MC+BT+PC+NT+OC,trader-06,NT,21,buy,1,1,14.0,1,14.0,300.9,9,311.25,10,14.35,10.0,451.25,14.0,14.0,14.0,14.0,,"Given that the asset's fundamental value remains stable at $14 and the market price has consistently aligned with this value, I anticipate that the price will remain stable at $14 in the near future. Currently, I hold 9 shares and have $278.00 in cash, which allows me to buy 1 additional share at $14. This decision enhances my position for potential dividends while maximizing my overall cash wealth in the long term."
RA-MC-BT-PC-NT-OC-s140928,RA+MC+BT+PC+NT+OC,trader-07,BT,21,hold,0,0,0.0,0,,365.61,4,387.89,4,18.28,4.0,443.89,14.0,14.5,15.0,14.0,,"The current market price remains stable at $14, and I expect it to rise slightly to $14.5 in the next period due to anticipated dividends, with a potential peak around $15 in period 5. Holding my shares allows me to benefit from the upcoming dividends while monitoring the market for an optimal exit point before any potential peak. Therefore, holding is prudent at this moment."
RA-MC-BT-PC-NT-OC-s140928,RA+MC+BT+PC+NT+OC,trader-08,PC,21,sell,2,2,14.0,-1,14.0,389.86,2,425.05,1,20.19,1.0,439.05,14.0,14.0,14.0,14.0,,"I plan to sell both of my shares this period at the reference price of $14. With the fundamental value remaining stable, liquidating my position now allows me to maximize cash gains before potential dividends are paid out in the upcoming periods. Given that I have two shares and the market price aligns with the fundamental value, it is prudent to sell now rather than hold for uncertain dividends."
RA-MC-BT-PC-NT-OC-s140928,RA+MC+BT+PC+NT+OC,trader-09,MC,21,hold,0,0,0.0,0,,365.61,4,387.89,4,18.28,4.0,443.89,14.0,14.0,14.0,14.0,,"The market price is currently stable at the fundamental value of $14, with no observed momentum indicating a price change. As a momentum chaser, I see no reason to alter my position, so I will hold my current 4 shares and cash."
RA-MC-BT-PC-NT-OC-s140928,RA+MC+BT+PC+NT+OC,trader-10,NT,21,hold,0,0,0.0,0,,365.61,4,387.89,4,18.28,4.0,443.89,14.0,14.0,14.0,14.0,,"The fundamental value of the asset remains stable at $14, and I expect the price to continue at this level in the short term. With 4 shares, I can benefit from potential dividends in the upcoming periods, which could either be $0.40 or $1.00. Holding my shares avoids selling at a price that may not reflect the true value of the asset and allows me to retain cash for future opportunities. Therefore, holding is the best strategy."
RA-MC-BT-PC-NT-OC-s140928,RA+MC+BT+PC+NT+OC,trader-11,MC,21,hold,0,0,0.0,0,,365.61,4,387.89,4,18.28,4.0,443.89,14.0,14.0,14.0,14.0,,"The price has remained stable at the reference level of $14 with no observed fluctuations. As a momentum chaser, I typically react to price movements, but given the current stability, it is prudent to hold my current 4 shares. I will monitor for any changes in the next periods before deciding on trades."
RA-MC-BT-PC-NT-OC-s140928,RA+MC+BT+PC+NT+OC,trader-00,RA,22,hold,0,0,0.0,0,,387.89,4,408.88,4,19.39,1.6,464.88,14.0,14.0,14.0,14.0,,"The market price is expected to remain stable at the fundamental value of $14.00 per share due to the equal likelihood of dividends. Holding onto my 4 shares is optimal as selling at this price yields no profit, and buying shares would not provide a better return compared to the 5% cash return. Therefore, I will hold my current position."
RA-MC-BT-PC-NT-OC-s140928,RA+MC+BT+PC+NT+OC,trader-01,PC,22,hold,0,0,0.0,0,,387.89,4,408.88,4,19.39,1.6,464.88,14.0,14.0,14.0,14.0,,"I will continue to hold onto my current shares and cash for now, as the asset price is expected to remain stable at $14. My plan is to hold until period 20 to reassess my position and consider selling some shares at that point. This strategy allows me to collect dividends while minimizing risk in a stable market."
RA-MC-BT-PC-NT-OC-s140928,RA+MC+BT+PC+NT+OC,trader-02,RA,22,hold,0,0,0.0,0,,387.89,4,408.88,4,19.39,1.6,464.88,14.0,14.0,14.0,14.0,,"The current market price is equal to the expected fundamental value of the asset at $14.00. Given the equal likelihood of receiving dividends of $0.40 or $1.00, the expected return from holding shares does not exceed the 5% cash return. Therefore, holding is prudent to maximize potential dividends without incurring a loss from selling at the current price."
RA-MC-BT-PC-NT-OC-s140928,RA+MC+BT+PC+NT+OC,trader-03,OC,22,buy,7,7,13.0,0,,387.89,4,408.88,4,19.39,1.6,464.88,14.0,14.0,14.0,14.0,,"As an overconfident contrarian, I believe the price will recover soon from its current stability around the reference price of $14. I am placing a buy order for 7 shares at $13, which is below the reference price. This aligns with my strategy of enhancing my position while waiting for my existing shares to recover. Capitalizing on potential dividends and anticipated price increases is a key part of my approach."
RA-MC-BT-PC-NT-OC-s140928,RA+MC+BT+PC+NT+OC,trader-04,OC,22,buy,2,2,13.5,0,,387.89,4,408.88,4,19.39,1.6,464.88,14.0,14.0,14.0,14.0,,"I strongly believe that the market is currently experiencing a temporary dip, and as a contrarian trader, I expect prices to recover back to the fundamental value of $14. With my current cash of $34,439, I can buy 2 shares at a limit price of $13.5, allowing me to maximize my potential for future dividends and capital gains as the price recovers."
RA-MC-BT-PC-NT-OC-s140928,RA+MC+BT+PC+NT+OC,trader-05,BT,22,sell,1,1,14.0,-1,14.0,427.46,1,463.53,0,22.07,0.0,463.53,14.0,15.0,16.0,16.0,,"The market price remains at the fundamental value of $14. I anticipate a gradual increase to $15 in the next two periods and $16 in the following five periods based on expected dividends and market behavior. Given my current position of 1 share, I will sell 1 share at $14 to realize profits while I continue to monitor the market."
RA-MC-BT-PC-NT-OC-s140928,RA+MC+BT+PC+NT+OC,trader-06,NT,22,buy,1,1,14.0,1,14.0,311.25,10,316.51,11,14.86,4.4,470.51,14.0,14.0,14.0,14.0,,"Given the asset's fundamental value is consistently $14 and the market price has remained stable around this value, I believe the market price will continue to align closely with this fundamental value. I currently hold 10 shares and have $278.00 in cash, which allows me to buy 1 additional share at $14 without exceeding my cash limits. This decision enhances my position for potential dividends while maximizing my overall cash wealth in the long term."
RA-MC-BT-PC-NT-OC-s140928,RA+MC+BT+PC+NT+OC,trader-07,BT,22,sell,4,4,15.0,0,,387.89,4,408.88,4,19.39,1.6,464.88,14.0,14.5,15.0,14.0,,"Given the current market price is stable at $14 and I anticipate a slight increase to $14.5 in the next period due to expected dividends. I predict a peak around $15 in period 5 before stabilizing back to the fundamental value of $14 by period 10. Therefore, selling all my shares at $15 now allows me to maximize my cash wealth before the market potentially declines."
RA-MC-BT-PC-NT-OC-s140928,RA+MC+BT+PC+NT+OC,trader-08,PC,22,sell,1,1,14.0,0,,425.05,1,446.7,1,21.25,0.4,460.7,14.0,14.0,14.0,14.0,,"I plan to sell my remaining share this period at the reference price of $14. Given that the fundamental value remains stable, selling now allows me to maximize cash gains before dividends are paid out. Holding this share could yield uncertain dividends, but liquidating my position at the current market price allows me to realize cash gains while the price aligns with the fundamental value."
RA-MC-BT-PC-NT-OC-s140928,RA+MC+BT+PC+NT+OC,trader-09,MC,22,hold,0,0,0.0,0,,387.89,4,408.88,4,19.39,1.6,464.88,14.0,14.0,14.0,14.0,,"The market price is stable at the fundamental value of $14, and there is no observed momentum indicating a price change. As a momentum chaser, I see no reason to buy or sell. Holding my current position of 4 shares and cash is the best strategy at this moment, as I expect prices to remain stable."
RA-MC-BT-PC-NT-OC-s140928,RA+MC+BT+PC+NT+OC,trader-10,NT,22,hold,0,0,0.0,0,,387.89,4,408.88,4,19.39,1.6,464.88,14.0,14.0,14.0,14.0,,"The fundamental value of the asset remains stable at $14, and I expect the price to hold steady in the short term. With my current holdings of 4 shares, I can benefit from potential dividends in the upcoming periods, which could be either $0.40 or $1.00. Holding my shares avoids selling at a price that may not reflect the true value of the asset and allows me to retain cash for future opportunities. Therefore, holding is the best strategy to maximize my cash wealth."
RA-MC-BT-PC-NT-OC-s140928,RA+MC+BT+PC+NT+OC,trader-11,MC,22,hold,0,0,0.0,0,,387.89,4,408.88,4,19.39,1.6,464.88,14.0,14.0,14.0,14.0,,"The market price is stable at the reference level of $14 with no observed fluctuations in recent periods. As a momentum chaser, I typically react to price movements, but given the current stability and my existing position of 4 shares, it is prudent to hold for now. There is no compelling reason to buy or sell, so I will wait for potential price changes in the upcoming periods."
RA-MC-BT-PC-NT-OC-s140928,RA+MC+BT+PC+NT+OC,trader-00,RA,23,hold,0,0,0.0,0,,408.88,4,433.32,4,20.44,4.0,489.32,14.0,14.0,14.0,14.0,,"The market price is expected to remain stable at the fundamental value of $14.00 per share. Holding onto my 4 shares is optimal, as selling at this price yields no profit and buying shares would not provide a better return compared to the 5% cash return. Additionally, with dividends expected to align with this value, my current position is favorable."
RA-MC-BT-PC-NT-OC-s140928,RA+MC+BT+PC+NT+OC,trader-01,PC,23,hold,0,0,0.0,0,,408.88,4,433.32,4,20.44,4.0,489.32,14.0,14.0,14.0,14.0,,"I will continue to hold onto my current shares and cash for now, as the asset price is expected to remain stable at $14. My plan is to hold until period 20 to reassess my position and consider selling some shares at that point. This strategy allows me to collect dividends while minimizing risk in a stable market."
RA-MC-BT-PC-NT-OC-s140928,RA+MC+BT+PC+NT+OC,trader-02,RA,23,hold,0,0,0.0,0,,408.88,4,433.32,4,20.44,4.0,489.32,14.0,14.0,14.0,14.0,,"The current market price is $14.00, which aligns with the expected fundamental value of the asset. Given the equal likelihood of receiving dividends of $0.40 or $1.00, the expected return from holding shares does not exceed the 5% cash return. Therefore, holding my shares is prudent to maximize potential dividends without incurring a loss from selling at the current price."
RA-MC-BT-PC-NT-OC-s140928,RA+MC+BT+PC+NT+OC,trader-03,OC,23,buy,7,7,13.0,0,,408.88,4,433.32,4,20.44,4.0,489.32,14.0,14.0,14.0,14.0,,"As an overconfident contrarian, I believe the price will recover soon from its current stability around the reference price of $14. I will place a buy order for 7 shares at $13, which is below the reference price. This aligns with my strategy of enhancing my position while waiting for my existing shares to recover. Capitalizing on potential dividends and anticipated price increases is a key part of my approach."
RA-MC-BT-PC-NT-OC-s140928,RA+MC+BT+PC+NT+OC,trader-04,OC,23,buy,3,3,13.5,0,,408.88,4,433.32,4,20.44,4.0,489.32,14.0,14.0,14.0,14.0,,"I firmly believe that the market is currently experiencing a temporary dip, and as a contrarian trader, I expect prices to recover back to the fundamental value of $14. With my current cash of $40,888, I can buy 3 shares at a limit price of $13.5. This strategy maximizes my potential for future dividends and capital gains as the price recovers."
RA-MC-BT-PC-NT-OC-s140928,RA+MC+BT+PC+NT+OC,trader-05,BT,23,hold,0,0,0.0,0,,463.53,0,486.71,0,23.18,0.0,486.71,14.0,15.0,16.0,14.0,,"The market price is currently at the fundamental value of $14. I expect a gradual increase to $15 in 2 periods and $16 in 5 periods due to anticipated dividends and market behavior. However, since I currently hold no shares, I will hold my position for now to reassess the market conditions and possible buying opportunities in the future."
RA-MC-BT-PC-NT-OC-s140928,RA+MC+BT+PC+NT+OC,trader-06,NT,23,buy,1,1,14.0,1,14.0,316.51,11,329.64,12,15.13,12.0,497.64,14.0,14.0,14.0,14.0,,"Given that the asset's fundamental value remains stable at $14 and that the market price has consistently aligned with this value, I anticipate that the price will continue to remain around $14 in the near future. With $278.00 in cash and currently holding 10 shares, I can afford to buy 1 additional share at $14. This decision enhances my position for potential dividends while maximizing my overall cash wealth in the long term."
RA-MC-BT-PC-NT-OC-s140928,RA+MC+BT+PC+NT+OC,trader-07,BT,23,sell,4,4,15.0,0,,408.88,4,433.32,4,20.44,4.0,489.32,14.0,14.5,15.0,14.0,,"The current market price is $14, and I expect it to rise to $14.5 in period 2 and peak at $15 in period 5 due to anticipated dividends. Selling all my shares at $15 now allows me to maximize my cash wealth before the market potentially declines, especially given that I've been holding for a while and the next period will be critical for achieving a profitable exit."
RA-MC-BT-PC-NT-OC-s140928,RA+MC+BT+PC+NT+OC,trader-08,PC,23,sell,1,1,14.0,-1,14.0,446.7,1,483.74,0,23.04,0.0,483.74,14.0,14.0,14.0,14.0,,"I plan to sell my remaining share this period at the reference price of $14. Given that the fundamental value remains stable, selling now allows me to maximize cash gains before dividends are paid out. Holding this share could yield uncertain dividends, but liquidating my position at the current market price allows me to realize cash gains while the price aligns with the fundamental value."
RA-MC-BT-PC-NT-OC-s140928,RA+MC+BT+PC+NT+OC,trader-09,MC,23,hold,0,0,0.0,0,,408.88,4,433.32,4,20.44,4.0,489.32,14.0,14.0,14.0,14.0,,"The market price remains at the fundamental value of $14 with no observed momentum indicating a price change. As a momentum chaser, I don't see any reason to alter my position, so I will hold my current 4 shares and cash."
RA-MC-BT-PC-NT-OC-s140928,RA+MC+BT+PC+NT+OC,trader-10,NT,23,hold,0,0,0.0,0,,408.88,4,433.32,4,20.44,4.0,489.32,14.0,14.0,14.0,14.0,,"The fundamental value of the asset remains stable at $14, and I expect the price to hold steady in the short term as well. With my current holdings of 4 shares, I can benefit from potential dividends in the upcoming periods, which could be either $0.40 or $1.00. Holding my shares avoids selling at a price that may not reflect the true value of the asset and allows me to retain cash for future opportunities. Therefore, holding is the best strategy to maximize my cash wealth."
RA-MC-BT-PC-NT-OC-s140928,RA+MC+BT+PC+NT+OC,trader-11,MC,23,hold,0,0,0.0,0,,408.88,4,433.32,4,20.44,4.0,489.32,14.0,14.0,14.0,14.0,,"The market price remains stable at the reference level of $14, and as a momentum chaser, I rely on price movements to make trading decisions. Given the lack of fluctuations and my existing position of 4 shares, it is prudent to hold for now. Holding allows me to wait for potential price changes before deciding on trades."
RA-MC-BT-PC-NT-OC-s140928,RA+MC+BT+PC+NT+OC,trader-00,RA,24,hold,0,0,0.0,0,,433.32,4,456.59,4,21.67,1.6,512.59,14.0,14.0,14.0,14.0,,"The market price is expected to remain stable at the fundamental value of $14.00 per share due to the equal likelihood of dividends. Holding my 4 shares is optimal as selling at this price yields no profit and buying shares would not provide a better return compared to the 5% cash return. Therefore, I will hold my current position."
RA-MC-BT-PC-NT-OC-s140928,RA+MC+BT+PC+NT+OC,trader-01,PC,24,hold,0,0,0.0,0,,433.32,4,456.59,4,21.67,1.6,512.59,14.0,14.0,14.0,14.0,,"I will continue to hold onto my current shares and cash for now, as the asset price is expected to remain stable at $14. My plan is to hold until period 20 to reassess my position and consider selling some shares at that point. This strategy allows me to collect dividends while minimizing risk in a stable market."
RA-MC-BT-PC-NT-OC-s140928,RA+MC+BT+PC+NT+OC,trader-02,RA,24,hold,0,0,0.0,0,,433.32,4,456.59,4,21.67,1.6,512.59,14.0,14.0,14.0,14.0,,"The current market price is $14.00, matching the expected fundamental value of the asset. Given the equal likelihood of receiving dividends of $0.40 or $1.00, the expected return from holding shares does not exceed the 5% cash return. Therefore, holding my shares is prudent to maximize potential dividends without incurring a loss from selling at the current price."
RA-MC-BT-PC-NT-OC-s140928,RA+MC+BT+PC+NT+OC,trader-03,OC,24,buy,7,7,13.0,0,,433.32,4,456.59,4,21.67,1.6,512.59,14.0,14.0,14.0,14.0,,"As an overconfident contrarian, I believe the price will recover soon from its current stability around the reference price of $14. I am placing a buy order for 7 shares at $13, which is below the reference price. This aligns with my strategy of enhancing my position while waiting for my existing shares to recover. Capitalizing on potential dividends and anticipated price increases is a key part of my approach."
RA-MC-BT-PC-NT-OC-s140928,RA+MC+BT+PC+NT+OC,trader-04,OC,24,buy,3,3,13.5,0,,433.32,4,456.59,4,21.67,1.6,512.59,14.0,14.0,14.0,14.0,,"I strongly believe that the market is currently experiencing a temporary dip, and as a contrarian trader, I expect prices to recover back to the fundamental value of $14. With my current cash of $40,888, I can buy 3 shares at a limit price of $13.5, allowing me to maximize my potential for future dividends and capital gains as the price recovers."
RA-MC-BT-PC-NT-OC-s140928,RA+MC+BT+PC+NT+OC,trader-05,BT,24,hold,0,0,0.0,0,,486.71,0,511.05,0,24.34,0.0,511.05,14.0,15.0,16.0,14.0,,"The current market price is at the fundamental value of $14. I anticipate a gradual increase to $15 in 2 periods and $16 in 5 periods due to expected dividends and market behavior. However, since I currently hold no shares, I will hold my position for now to reassess the market conditions and possible buying opportunities in the future."
RA-MC-BT-PC-NT-OC-s140928,RA+MC+BT+PC+NT+OC,trader-06,NT,24,hold,0,0,0.0,0,,329.64,12,350.92,12,16.48,4.8,518.92,14.0,14.0,14.0,14.0,,"Given that the asset's fundamental value remains stable at $14 and the market price has consistently aligned with this value, I believe it is prudent to hold my current position. I have 12 shares, and with 7 periods remaining, I can benefit from potential dividends while maintaining my cash. Selling or buying at this point does not align with the goal of maximizing cash wealth in the long run."
RA-MC-BT-PC-NT-OC-s140928,RA+MC+BT+PC+NT+OC,trader-07,BT,24,sell,4,4,15.0,0,,433.32,4,456.59,4,21.67,1.6,512.59,14.0,14.5,15.0,14.0,,"The current market price is stable at $14, but I anticipate it will rise to $14.5 in the next period and peak around $15 in period 5 due to anticipated dividends. Given that I hold 4 shares and the market seems to be nearing its peak, selling all my shares at $15 now maximizes my cash wealth before any potential decline in prices."
RA-MC-BT-PC-NT-OC-s140928,RA+MC+BT+PC+NT+OC,trader-08,PC,24,hold,0,0,0.0,0,,483.74,0,507.93,0,24.19,0.0,507.93,14.0,14.0,14.0,14.0,,"I plan to hold my position this period as my cash position is strong, and I currently have no shares after selling all my shares in previous periods. With the fundamental value remaining stable at $14, I believe waiting is the best strategy. This allows me to remain flexible for upcoming trading periods where I can consider re-entering the market at the fundamental value of $14."
RA-MC-BT-PC-NT-OC-s140928,RA+MC+BT+PC+NT+OC,trader-09,MC,24,hold,0,0,0.0,0,,433.32,4,456.59,4,21.67,1.6,512.59,14.0,14.0,14.0,14.0,,"The market price is stable at $14 with no observed momentum or price movement to influence a buying or selling decision. As a momentum chaser, I will hold my current position of 4 shares and cash, expecting the price to remain stable."
RA-MC-BT-PC-NT-OC-s140928,RA+MC+BT+PC+NT+OC,trader-10,NT,24,hold,0,0,0.0,0,,433.32,4,456.59,4,21.67,1.6,512.59,14.0,14.0,14.0,14.0,,"Given the fundamental value of the asset is stable at $14 and the market has consistently reflected this value, I expect the price to remain steady in the short term. Holding my 4 shares allows me to benefit from potential dividends in the upcoming periods, which could be either $0.40 or $1.00. Additionally, retaining my cash provides flexibility for future trading opportunities. Selling now would not reflect the true value of the asset, and I want to avoid potential losses. Therefore, holding is the best strategy to maximize my cash wealth."
RA-MC-BT-PC-NT-OC-s140928,RA+MC+BT+PC+NT+OC,trader-11,MC,24,hold,0,0,0.0,0,,433.32,4,456.59,4,21.67,1.6,512.59,14.0,14.0,14.0,14.0,,"The price remains stable at the reference level of $14 with no observed fluctuations. As a momentum chaser, I typically react to price movements, but given the current stability and no compelling reasons to buy or sell, it is prudent to hold my current 4 shares and wait for potential price changes in the upcoming periods."
RA-MC-BT-PC-NT-OC-s140928,RA+MC+BT+PC+NT+OC,trader-00,RA,25,hold,0,0,0.0,0,,456.59,4,483.42,4,22.83,4.0,539.42,14.0,14.0,14.0,14.0,,"The market price is expected to remain stable at the fundamental value of $14.00 per share over the next periods due to the equal likelihood of dividends. Holding my current 4 shares is optimal, as selling at this price yields no profit and buying shares would not provide a better return compared to the 5% cash return. Therefore, I will continue to hold my current position."
RA-MC-BT-PC-NT-OC-s140928,RA+MC+BT+PC+NT+OC,trader-01,PC,25,hold,0,0,0.0,0,,456.59,4,483.42,4,22.83,4.0,539.42,14.0,14.0,14.0,14.0,,"I will continue to hold onto my current shares and cash for now, as the asset price is expected to remain stable at $14. My plan is to hold until the final trading period (period 30) without making any trades, allowing me to collect dividends and maximize my cash wealth. This strategy minimizes risk in a stable market while ensuring I benefit from the anticipated redemption value of $14 per share at the end."
RA-MC-BT-PC-NT-OC-s140928,RA+MC+BT+PC+NT+OC,trader-02,RA,25,hold,0,0,0.0,0,,456.59,4,483.42,4,22.83,4.0,539.42,14.0,14.0,14.0,14.0,,"The current market price is equal to the expected fundamental value of the asset at $14.00. Given the equal likelihood of receiving a $0.40 or $1.00 dividend, the expected return from holding shares does not exceed the 5% cash return. Therefore, it is prudent to hold my shares for potential dividends without incurring a loss from selling at the current price."
RA-MC-BT-PC-NT-OC-s140928,RA+MC+BT+PC+NT+OC,trader-03,OC,25,buy,7,7,13.0,0,,456.59,4,483.42,4,22.83,4.0,539.42,14.0,14.0,14.0,14.0,,"As an overconfident contrarian, I believe the price is currently stable around the reference price of $14 and will recover soon. I will place a buy order for 7 shares at $13, which is below the reference price. This aligns with my strategy of enhancing my position while waiting for my existing shares to recover. Capitalizing on potential dividends and anticipated price increases is a key part of my approach."
RA-MC-BT-PC-NT-OC-s140928,RA+MC+BT+PC+NT+OC,trader-04,OC,25,buy,3,3,13.5,0,,456.59,4,483.42,4,22.83,4.0,539.42,14.0,14.0,14.0,14.0,,"I firmly believe that the market is currently experiencing a temporary dip, and as a contrarian trader, I expect prices to recover back to the fundamental value of $14. With my current cash of $40,888, I can buy 3 shares at a limit price of $13.5. This strategy maximizes my potential for future dividends and capital gains as the price recovers."
RA-MC-BT-PC-NT-OC-s140928,RA+MC+BT+PC+NT+OC,trader-05,BT,25,hold,0,0,0.0,0,,511.05,0,536.6,0,25.55,0.0,536.6,14.0,15.0,16.0,14.0,,"The current market price is at the fundamental value of $14. I expect gradual price increases to $15 in 2 periods and $16 in 5 periods based on anticipated dividends and market behavior. However, given that I hold no shares, I will hold my position for now to reassess market conditions and look for potential buying opportunities in the next periods."
RA-MC-BT-PC-NT-OC-s140928,RA+MC+BT+PC+NT+OC,trader-06,NT,25,hold,0,0,0.0,0,,350.92,12,380.47,12,17.55,12.0,548.47,14.0,14.0,14.0,14.0,,"Given that the asset's fundamental value remains stable at $14 and the market price has consistently aligned with this value, I believe it is prudent to hold my current position of 12 shares. With only 6 periods remaining, I can benefit from potential dividends while maintaining my cash. Buying or selling at this point does not align with the goal of maximizing cash wealth in the long run."
RA-MC-BT-PC-NT-OC-s140928,RA+MC+BT+PC+NT+OC,trader-07,BT,25,sell,4,4,15.0,0,,456.59,4,483.42,4,22.83,4.0,539.42,14.0,14.5,15.0,14.0,,"The current market price is stable at $14, and I expect it to rise to $14.5 in the next period and potentially peak around $15 in period 5 due to anticipated dividends. Selling all my shares at $15 now maximizes my cash wealth before any potential decline in prices, especially since I have been holding for a while and the market seems to be nearing its peak."
RA-MC-BT-PC-NT-OC-s140928,RA+MC+BT+PC+NT+OC,trader-08,PC,25,hold,0,0,0.0,0,,507.93,0,533.33,0,25.4,0.0,533.33,14.0,14.0,14.0,14.0,,"I plan to hold my position this period as I currently have no shares after selling all my shares in previous periods. With my cash position strong at $5479.21, I will remain flexible for the final two trading periods. Given that the fundamental value remains stable at $14, holding cash allows me to consider re-entering the market at the fundamental value if the opportunity arises. I believe waiting is the best strategy for now."
RA-MC-BT-PC-NT-OC-s140928,RA+MC+BT+PC+NT+OC,trader-09,MC,25,hold,0,0,0.0,0,,456.59,4,483.42,4,22.83,4.0,539.42,14.0,14.0,14.0,14.0,,"The market price remains stable at the fundamental value of $14, with no observed momentum indicating a price shift. As a momentum chaser, I do not see any reason to buy or sell at this moment. Therefore, I will hold my position of 4 shares and retain my cash, expecting that the price will remain stable."
RA-MC-BT-PC-NT-OC-s140928,RA+MC+BT+PC+NT+OC,trader-10,NT,25,hold,0,0,0.0,0,,456.59,4,483.42,4,22.83,4.0,539.42,14.0,14.0,14.0,14.0,,"The fundamental value of the asset remains stable at $14, and I expect this price to hold steady given the historical trends. Holding my 4 shares allows me to benefit from potential dividends in the upcoming periods, which could be either $0.40 or $1.00. Additionally, retaining my cash provides flexibility for future trading opportunities. Selling now would not reflect the true value of the asset, and I want to avoid potential losses. Therefore, holding is the best strategy to maximize my cash wealth."
RA-MC-BT-PC-NT-OC-s140928,RA+MC+BT+PC+NT+OC,trader-11,MC,25,hold,0,0,0.0,0,,456.59,4,483.42,4,22.83,4.0,539.42,14.0,14.0,14.0,14.0,,"The market price remains stable at the reference level of $14, with no observed fluctuations in recent periods. As a momentum chaser, I typically react to price movements, but given the current stability and my existing position of 4 shares, it is prudent to hold for now. There is no compelling reason to buy or sell, so I will wait for potential price changes in the upcoming periods."
RA-MC-BT-PC-NT-OC-s140928,RA+MC+BT+PC+NT+OC,trader-00,RA,26,hold,0,0,0.0,0,,483.42,4,509.19,4,24.17,1.6,565.19,14.0,14.0,14.0,14.0,,"The market price is expected to remain stable at the fundamental value of $14.00 per share over the next periods due to the equal likelihood of dividends. Selling shares at this price yields no profit, and buying shares would not provide a better return compared to the 5% cash return. Therefore, holding onto my 4 shares is optimal."
RA-MC-BT-PC-NT-OC-s140928,RA+MC+BT+PC+NT+OC,trader-01,PC,26,hold,0,0,0.0,0,,483.42,4,509.19,4,24.17,1.6,565.19,14.0,14.0,14.0,14.0,,"I will hold onto my current shares and cash for now, as the asset price is expected to remain stable at $14. My plan is to hold until the final trading period (period 30), allowing me to collect dividends and maximize my cash wealth. This strategy minimizes risk in a stable market while ensuring I benefit from the anticipated redemption value of $14 per share at the end."
RA-MC-BT-PC-NT-OC-s140928,RA+MC+BT+PC+NT+OC,trader-02,RA,26,hold,0,0,0.0,0,,483.42,4,509.19,4,24.17,1.6,565.19,14.0,14.0,14.0,14.0,,"The current market price matches the expected fundamental value of the asset at $14.00. Given the equal likelihood of receiving dividends of $0.40 or $1.00 in the upcoming periods, the expected return from holding shares does not exceed the 5% cash return. Therefore, it is prudent to hold my shares for potential dividends without incurring a loss from selling at the current price."
RA-MC-BT-PC-NT-OC-s140928,RA+MC+BT+PC+NT+OC,trader-03,OC,26,buy,7,7,13.0,0,,483.42,4,509.19,4,24.17,1.6,565.19,14.0,14.0,14.0,14.0,,"As an overconfident contrarian, I believe the price is currently stable around the reference price of $14 and will recover soon. I will place a buy order for 7 shares at $13, which is below the reference price. This aligns with my strategy of enhancing my position while waiting for my existing shares to recover. Capitalizing on potential dividends and anticipated price increases is a key part of my approach."
RA-MC-BT-PC-NT-OC-s140928,RA+MC+BT+PC+NT+OC,trader-04,OC,26,buy,2,2,13.5,0,,483.42,4,509.19,4,24.17,1.6,565.19,14.0,14.0,14.0,14.0,,"I strongly believe that the market is currently experiencing a temporary dip, and as a contrarian trader, I expect prices to recover back to the fundamental value of $14. With my current cash of $48,342, I can buy 2 shares at a limit price of $13.5, allowing me to maximize my potential for future dividends and capital gains as the price recovers."
RA-MC-BT-PC-NT-OC-s140928,RA+MC+BT+PC+NT+OC,trader-05,BT,26,buy,1,1,14.0,0,,536.6,0,563.43,0,26.83,0.0,563.43,14.0,15.0,16.0,16.0,,"The current market price is at the fundamental value of $14. I expect the price to rise to $15 in 2 periods and $16 in 5 periods based on anticipated dividends and market behavior. Given that I currently hold no shares, I will buy 1 share at $14 to take advantage of the expected price appreciation while retaining a strong position for future profits."
RA-MC-BT-PC-NT-OC-s140928,RA+MC+BT+PC+NT+OC,trader-06,NT,26,hold,0,0,0.0,0,,380.47,12,404.29,12,19.02,4.8,572.29,14.0,14.0,14.0,14.0,,"Given that the asset's fundamental value remains stable at $14 and the market price has consistently aligned with this value, I believe it is prudent to hold my current position of 12 shares. With only 5 periods remaining, I can benefit from potential dividends while maintaining my cash. Buying or selling at this point does not align with the goal of maximizing cash wealth in the long run."
RA-MC-BT-PC-NT-OC-s140928,RA+MC+BT+PC+NT+OC,trader-07,BT,26,sell,4,4,15.0,0,,483.42,4,509.19,4,24.17,1.6,565.19,14.0,14.5,15.0,14.0,,"The current market price is stable at $14, and I anticipate a rise to $14.5 in the next period and a peak around $15 in period 5 due to expected dividends. Given that I hold 4 shares and the market seems to be nearing its peak, selling all my shares at $15 now maximizes my cash wealth before any potential decline in prices, especially since I have been holding for a while."
RA-MC-BT-PC-NT-OC-s140928,RA+MC+BT+PC+NT+OC,trader-08,PC,26,buy,1,1,14.0,0,,533.33,0,560.0,0,26.67,0.0,560.0,14.0,14.0,14.0,14.0,,"I plan to buy 1 share this period at the reference price of $14. With my current cash position strong at $5801.18 and the fundamental value remaining stable, this is an optimal time to enter the market. Acquiring shares now allows me to benefit from potential dividends in future periods, along with the eventual redemption value of $14 at the end of the trading periods. This decision aligns with my goal to maximize my final cash wealth over the remaining trading periods."
RA-MC-BT-PC-NT-OC-s140928,RA+MC+BT+PC+NT+OC,trader-09,MC,26,hold,0,0,0.0,0,,483.42,4,509.19,4,24.17,1.6,565.19,14.0,14.0,14.0,14.0,,"The market price remains stable at the fundamental value of $14, with no observed momentum indicating a price shift. As a momentum chaser, I do not see any reason to buy or sell at this moment. Therefore, I will hold my position of 4 shares and retain my cash, expecting that the price will remain stable."
RA-MC-BT-PC-NT-OC-s140928,RA+MC+BT+PC+NT+OC,trader-10,NT,26,hold,0,0,0.0,0,,483.42,4,509.19,4,24.17,1.6,565.19,14.0,14.0,14.0,14.0,,"The fundamental value of the asset remains stable at $14, and I expect the price to hold steady in the upcoming periods. Holding my 4 shares allows me to continue benefiting from potential dividends, which could be $0.40 or $1.00. Given the remaining periods, I want to avoid selling at a price that may not reflect the true value of the asset, and retaining cash provides flexibility for future opportunities."
RA-MC-BT-PC-NT-OC-s140928,RA+MC+BT+PC+NT+OC,trader-11,MC,26,hold,0,0,0.0,0,,483.42,4,509.19,4,24.17,1.6,565.19,14.0,14.0,14.0,14.0,,"The market price remains stable at the reference level of $14, with no observed fluctuations. As a momentum chaser, I typically react to price movements, but given the current stability and my existing position of 4 shares, it is prudent to hold for now. There is no compelling reason to buy or sell, so I will wait for potential price changes in the upcoming periods."
RA-MC-BT-PC-NT-OC-s140928,RA+MC+BT+PC+NT+OC,trader-00,RA,27,hold,0,0,0.0,0,,509.19,4,538.65,4,25.46,4.0,594.65,14.0,14.0,14.0,14.0,,"The market price is expected to remain stable at the fundamental value of $14.00 per share due to the equal likelihood of dividends and the expected cash return. Holding my current 4 shares is optimal as selling at this price yields no profit and buying shares would not provide a better return compared to the 5% cash return. Therefore, I will continue to hold my position."
RA-MC-BT-PC-NT-OC-s140928,RA+MC+BT+PC+NT+OC,trader-01,PC,27,hold,0,0,0.0,0,,509.19,4,538.65,4,25.46,4.0,594.65,14.0,14.0,14.0,14.0,,"I will hold onto my current shares and cash for now, as the asset price is expected to remain stable at $14. My plan is to hold until the final trading period (period 30), allowing me to collect dividends and maximize my cash wealth. This strategy minimizes risk in a stable market while ensuring I benefit from the anticipated redemption value of $14 per share at the end."
RA-MC-BT-PC-NT-OC-s140928,RA+MC+BT+PC+NT+OC,trader-02,RA,27,hold,0,0,0.0,0,,509.19,4,538.65,4,25.46,4.0,594.65,14.0,14.0,14.0,14.0,,"The current market price is equal to the expected fundamental value of the asset at $14.00. Given the equal likelihood of receiving dividends of $0.40 or $1.00, the expected return from holding shares does not exceed the 5% cash return. Therefore, holding is prudent to maximize potential dividends without incurring a loss from selling at the current price."
RA-MC-BT-PC-NT-OC-s140928,RA+MC+BT+PC+NT+OC,trader-03,OC,27,buy,7,7,13.0,0,,509.19,4,538.65,4,25.46,4.0,594.65,14.0,14.0,14.0,14.0,,"As an overconfident contrarian, I believe the price is stable around the reference price of $14 and will recover soon. I will place a buy order for 7 shares at $13, which is below the reference price. This aligns with my strategy of enhancing my position while waiting for my existing shares to recover. Capitalizing on potential dividends and anticipated price increases is a key part of my approach."
RA-MC-BT-PC-NT-OC-s140928,RA+MC+BT+PC+NT+OC,trader-04,OC,27,buy,3,3,13.5,0,,509.19,4,538.65,4,25.46,4.0,594.65,14.0,14.0,14.0,14.0,,"I firmly believe that the market is currently experiencing a temporary dip, and as a contrarian trader, I expect prices to recover back to the fundamental value of $14. With my current cash of $48,342, I can buy 3 shares at a limit price of $13.5, allowing me to maximize my potential for future dividends and capital gains as the price recovers."
RA-MC-BT-PC-NT-OC-s140928,RA+MC+BT+PC+NT+OC,trader-05,BT,27,buy,1,1,14.0,0,,563.43,0,591.6,0,28.17,0.0,591.6,14.0,15.0,16.0,16.0,,"The current market price is at the fundamental value of $14. I anticipate a gradual increase to $15 in 2 periods and $16 in 5 periods based on expected dividends and market behavior. Given that I currently hold no shares, I will buy 1 share at $14 to take advantage of the expected price appreciation while retaining a strong position for future profits."
RA-MC-BT-PC-NT-OC-s140928,RA+MC+BT+PC+NT+OC,trader-06,NT,27,hold,0,0,0.0,0,,404.29,12,436.5,12,20.21,12.0,604.5,14.0,14.0,14.0,14.0,,"Given that I hold 12 shares and with only 4 trading periods remaining, I believe it is prudent to hold my current position. The asset's fundamental value remains stable at $14, and the market price has consistently aligned with this value. Holding my shares allows me to benefit from potential dividends while keeping my cash intact. Selling or buying at this point does not align with my goal of maximizing cash wealth in the long run."
RA-MC-BT-PC-NT-OC-s140928,RA+MC+BT+PC+NT+OC,trader-07,BT,27,sell,4,4,15.0,0,,509.19,4,538.65,4,25.46,4.0,594.65,14.0,14.5,15.0,14.0,,"The current market price is stable at $14, and I anticipate it will rise to $14.5 in the next period and potentially peak around $15 in period 5 due to anticipated dividends. Selling all my shares at $15 now maximizes my cash wealth before any potential decline in prices, especially since I have been holding for a while and the market seems to be nearing its peak."
RA-MC-BT-PC-NT-OC-s140928,RA+MC+BT+PC+NT+OC,trader-08,PC,27,buy,1,1,14.0,0,,560.0,0,588.0,0,28.0,0.0,588.0,14.0,14.0,14.0,14.0,,"I plan to buy 1 share this period at the reference price of $14. With my current cash position strong at $6110.43 and the fundamental value remaining stable, this is an optimal time to enter the market. Acquiring shares now allows me to benefit from potential dividends in future periods, along with the eventual redemption value of $14 at the end of the trading periods. This decision aligns with my goal to maximize my final cash wealth over the remaining trading periods."
RA-MC-BT-PC-NT-OC-s140928,RA+MC+BT+PC+NT+OC,trader-09,MC,27,hold,0,0,0.0,0,,509.19,4,538.65,4,25.46,4.0,594.65,14.0,14.0,14.0,14.0,,"The market price has been stable at the fundamental value of $14, with no observed momentum indicating a price shift. As a momentum chaser, I do not see any reason to buy or sell at this moment, so I will hold my current position of 4 shares and cash."
RA-MC-BT-PC-NT-OC-s140928,RA+MC+BT+PC+NT+OC,trader-10,NT,27,hold,0,0,0.0,0,,509.19,4,538.65,4,25.46,4.0,594.65,14.0,14.0,14.0,14.0,,"The fundamental value of the asset remains at $14, and I expect the price to hold steady in the short term. With 4 shares, I can continue to benefit from potential dividends (either $0.40 or $1.00) in the upcoming periods. Holding my shares allows me to avoid selling at a price that may not reflect the true value of the asset, and retaining my cash provides flexibility for future opportunities. Therefore, holding is the best strategy to maximize my cash wealth."
RA-MC-BT-PC-NT-OC-s140928,RA+MC+BT+PC+NT+OC,trader-11,MC,27,hold,0,0,0.0,0,,509.19,4,538.65,4,25.46,4.0,594.65,14.0,14.0,14.0,14.0,,"The price has remained stable at the reference level of $14 with no observed fluctuations indicating a change. As a momentum chaser, I typically react to price movements, but given the current stability, it is prudent to hold my current 4 shares and wait for potential price changes in the upcoming periods."
RA-MC-BT-PC-NT-OC-s140928,RA+MC+BT+PC+NT+OC,trader-00,RA,28,hold,0,0,0.0,0,,538.65,4,569.58,4,26.93,4.0,625.58,14.0,14.0,14.0,14.0,,"The market price is expected to remain stable at the fundamental value of $14.00 per share due to the equal likelihood of dividends. Holding my current 4 shares is optimal since selling at this price yields no profit and buying shares would not provide a better return compared to the 5% cash return. Therefore, I will continue to hold my position."
RA-MC-BT-PC-NT-OC-s140928,RA+MC+BT+PC+NT+OC,trader-01,PC,28,hold,0,0,0.0,0,,538.65,4,569.58,4,26.93,4.0,625.58,14.0,14.0,14.0,14.0,,"I will hold onto my current shares and cash for now, as the asset price is expected to remain stable at $14. My plan is to hold until the final trading period (period 30), allowing me to collect dividends and maximize my cash wealth. This strategy minimizes risk in a stable market while ensuring I benefit from the anticipated redemption value of $14 per share at the end."
RA-MC-BT-PC-NT-OC-s140928,RA+MC+BT+PC+NT+OC,trader-02,RA,28,hold,0,0,0.0,0,,538.65,4,569.58,4,26.93,4.0,625.58,14.0,14.0,14.0,14.0,,"The current market price is equal to the expected fundamental value of the asset at $14.00. Given the equal likelihood of receiving dividends of $0.40 or $1.00, the expected return from holding shares does not exceed the 5% cash return. Therefore, holding is prudent to maximize potential dividends without incurring a loss from selling at the current price."
RA-MC-BT-PC-NT-OC-s140928,RA+MC+BT+PC+NT+OC,trader-03,OC,28,buy,4,4,13.0,0,,538.65,4,569.58,4,26.93,4.0,625.58,14.0,14.0,14.0,14.0,,"As an overconfident contrarian, I believe the price will recover soon, as it is currently stable around the reference price of $14. I will place a buy order for 4 shares at $13, which is below the reference price. This aligns with my strategy of enhancing my position while waiting for my existing shares to recover. Capitalizing on potential dividends and anticipated price increases is a key part of my approach."
RA-MC-BT-PC-NT-OC-s140928,RA+MC+BT+PC+NT+OC,trader-04,OC,28,buy,3,3,13.5,0,,538.65,4,569.58,4,26.93,4.0,625.58,14.0,14.0,14.0,14.0,,"I firmly believe that the market is currently experiencing a temporary dip, and as a contrarian trader, I expect prices to recover back to the fundamental value of $14. With my current cash of $48,342, I can buy 3 shares at a limit price of $13.5, allowing me to maximize my potential for future dividends and capital gains as the price recovers."
RA-MC-BT-PC-NT-OC-s140928,RA+MC+BT+PC+NT+OC,trader-05,BT,28,buy,1,1,14.0,0,,591.6,0,621.18,0,29.58,0.0,621.18,14.0,15.0,16.0,14.0,,"The current market price is at the fundamental value of $14. I anticipate a gradual price increase to $15 in 2 periods and $16 in 5 periods based on expected dividends and market behavior. Since I currently hold no shares, I will buy 1 share at $14 to take advantage of the expected price appreciation while positioning myself for future profits."
RA-MC-BT-PC-NT-OC-s140928,RA+MC+BT+PC+NT+OC,trader-06,NT,28,hold,0,0,0.0,0,,436.5,12,470.33,12,21.83,12.0,638.33,14.0,14.0,14.0,14.0,,"Given that I hold 12 shares and with only 3 trading periods remaining, I believe it is prudent to hold my current position. The asset's fundamental value remains stable at $14, and the market price has consistently aligned with this value. Holding my shares allows me to benefit from potential dividends while keeping my cash intact. Selling or buying at this point does not align with my goal of maximizing cash wealth in the long run."
RA-MC-BT-PC-NT-OC-s140928,RA+MC+BT+PC+NT+OC,trader-07,BT,28,sell,4,4,15.0,0,,538.65,4,569.58,4,26.93,4.0,625.58,14.0,14.5,15.0,14.0,,"The current market price is stable at $14, and I expect it to rise to $14.5 in the next period and potentially peak around $15 in period 5 due to anticipated dividends. Given that I hold 4 shares and the market seems to be nearing its peak, selling all my shares at $15 now maximizes my cash wealth before any potential decline in prices, especially since I have been holding for a while."
RA-MC-BT-PC-NT-OC-s140928,RA+MC+BT+PC+NT+OC,trader-08,PC,28,buy,1,1,14.0,0,,588.0,0,617.4,0,29.4,0.0,617.4,14.0,14.0,14.0,14.0,,"I plan to buy 1 share this period at the reference price of $14. With my current cash position strong at $6463.95 and the fundamental value remaining stable, this is an optimal time to enter the market. Acquiring shares now allows me to benefit from potential dividends in future periods, along with the eventual redemption value of $14 at the end of the trading periods. This decision aligns with my goal to maximize my final cash wealth over the remaining trading periods."
RA-MC-BT-PC-NT-OC-s140928,RA+MC+BT+PC+NT+OC,trader-09,MC,28,hold,0,0,0.0,0,,538.65,4,569.58,4,26.93,4.0,625.58,14.0,14.0,14.0,14.0,,"The market price has remained stable at the fundamental value of $14, with no observed momentum indicating a price change. As a momentum chaser, I do not see any reason to buy or sell at this moment. Therefore, I will hold my position of 4 shares and retain my cash, expecting that the price will remain stable."
RA-MC-BT-PC-NT-OC-s140928,RA+MC+BT+PC+NT+OC,trader-10,NT,28,hold,0,0,0.0,0,,538.65,4,569.58,4,26.93,4.0,625.58,14.0,14.0,14.0,14.0,,"The fundamental value of the asset remains stable at $14, and I expect the market price to hold steady in the near term. Holding my 4 shares allows me to benefit from potential dividends in the upcoming periods, which could be $0.40 or $1.00. Given the remaining periods and the consistent performance of the asset, retaining cash for flexibility while holding onto my shares is the best strategy to maximize my final cash wealth."
RA-MC-BT-PC-NT-OC-s140928,RA+MC+BT+PC+NT+OC,trader-11,MC,28,hold,0,0,0.0,0,,538.65,4,569.58,4,26.93,4.0,625.58,14.0,14.0,14.0,14.0,,"The market price remains stable at the reference level of $14, with no observed fluctuations in recent periods. As a momentum chaser, I typically react to price movements, but given the current stability and my existing position of 4 shares, it is prudent to hold for now. There is no compelling reason to buy or sell, so I will wait for potential price changes in the upcoming periods."
RA-MC-BT-PC-NT-OC-s140928,RA+MC+BT+PC+NT+OC,trader-00,RA,29,hold,0,0,0.0,0,,569.58,4,599.66,4,28.48,1.6,655.66,14.0,14.0,14.0,14.0,,"The market price is expected to remain stable at the fundamental value of $14.00 per share due to the equal likelihood of dividends. Holding my 4 shares is optimal since selling at this price yields no profit and buying shares would not provide a better return compared to the 5% cash return. Additionally, I have sufficient cash to cover the next periods, so maintaining my current position aligns with my strategy."
RA-MC-BT-PC-NT-OC-s140928,RA+MC+BT+PC+NT+OC,trader-01,PC,29,hold,0,0,0.0,0,,569.58,4,599.66,4,28.48,1.6,655.66,14.0,14.0,14.0,14.0,,"I will hold onto my current shares and cash for this final trading period, as the asset price is expected to remain stable at $14. My plan is to collect dividends and maximize my cash wealth without making any trades. This strategy minimizes risk in a stable market while ensuring I benefit from the anticipated redemption value of $14 per share at the end."
RA-MC-BT-PC-NT-OC-s140928,RA+MC+BT+PC+NT+OC,trader-02,RA,29,hold,0,0,0.0,0,,569.58,4,599.66,4,28.48,1.6,655.66,14.0,14.0,14.0,14.0,,"The current market price is equal to the expected fundamental value of the asset at $14.00. Given the limited trading opportunities and the equal likelihood of dividends ($0.40 or $1.00), holding my shares is prudent as it allows for potential dividend income without incurring a loss from selling at the current price. Moreover, with only two periods left, there is no advantage to buying or selling, and the expected return from holding shares does not exceed the 5% cash return."
RA-MC-BT-PC-NT-OC-s140928,RA+MC+BT+PC+NT+OC,trader-03,OC,29,buy,4,4,13.0,0,,569.58,4,599.66,4,28.48,1.6,655.66,14.0,14.0,14.0,14.0,,"As an overconfident contrarian, I believe that the price will recover soon from its current stability around the reference price of $14. With my current cash position, I will place a buy order for 4 shares at $13, which is below the reference price. This aligns with my strategy of enhancing my position while waiting for my existing shares to recover. Capitalizing on potential dividends and anticipated price increases is a key part of my approach."
RA-MC-BT-PC-NT-OC-s140928,RA+MC+BT+PC+NT+OC,trader-04,OC,29,buy,4,4,13.5,0,,569.58,4,599.66,4,28.48,1.6,655.66,14.0,14.0,14.0,14.0,,"I believe the market is currently experiencing a temporary dip, and as a contrarian trader, I expect prices to recover back to the fundamental value of $14. With my current cash of $56,958, I can buy 4 shares at a limit price of $13.50, allowing me to maximize my potential for future dividends and capital gains as the price recovers."
RA-MC-BT-PC-NT-OC-s140928,RA+MC+BT+PC+NT+OC,trader-05,BT,29,sell,1,0,14.0,0,,621.18,0,652.24,0,31.06,0.0,652.24,14.0,15.0,16.0,14.0,,"The current market price is at the fundamental value of $14. I expect the price to rise to $15 in the next 2 periods and $16 in the following 5 periods due to anticipated dividends and market behavior. Given that I currently hold 1 share, I will sell 1 share at $14 to realize profits while I continue to monitor the market."
RA-MC-BT-PC-NT-OC-s140928,RA+MC+BT+PC+NT+OC,trader-06,NT,29,hold,0,0,0.0,0,,470.33,12,498.65,12,23.52,4.8,666.65,14.0,14.0,14.0,14.0,,"Given that I hold 12 shares and with only 2 trading periods remaining, I believe it is prudent to hold my current position. The asset's fundamental value remains stable at $14, and the market price has consistently aligned with this value. Holding my shares allows me to benefit from potential dividends while keeping my cash intact. Selling or buying at this point does not align with my goal of maximizing cash wealth in the long run."
RA-MC-BT-PC-NT-OC-s140928,RA+MC+BT+PC+NT+OC,trader-07,BT,29,sell,4,4,15.0,0,,569.58,4,599.66,4,28.48,1.6,655.66,14.0,14.5,15.0,14.0,,"The current market price is stable at $14, and I anticipate it will rise to $14.5 in the next period and potentially peak around $15 in period 5 due to expected dividends. Given that I hold 4 shares and the market seems to be nearing its peak, selling all my shares at $15 now maximizes my cash wealth before any potential decline in prices, especially since I have been holding for a while."
RA-MC-BT-PC-NT-OC-s140928,RA+MC+BT+PC+NT+OC,trader-08,PC,29,sell,1,0,14.0,0,,617.4,0,648.27,0,30.87,0.0,648.27,14.0,14.0,14.0,14.0,,"I plan to sell my remaining share this period at the reference price of $14. Given that the fundamental value remains stable, selling now allows me to maximize cash gains before dividends are paid out. Holding this share could yield uncertain dividends, but liquidating my position at the current market price aligns with the fundamental value, ensuring optimal cash wealth realization."
RA-MC-BT-PC-NT-OC-s140928,RA+MC+BT+PC+NT+OC,trader-09,MC,29,hold,0,0,0.0,0,,569.58,4,599.66,4,28.48,1.6,655.66,14.0,14.0,14.0,14.0,,"The market price has remained stable at the fundamental value of $14, with no observed momentum indicating a price change. As a momentum chaser, I see no reason to alter my position. I will hold my current 4 shares and cash, expecting the price to remain stable in the upcoming periods."
RA-MC-BT-PC-NT-OC-s140928,RA+MC+BT+PC+NT+OC,trader-10,NT,29,hold,0,0,0.0,0,,569.58,4,599.66,4,28.48,1.6,655.66,14.0,14.0,14.0,14.0,,"Given the consistent fundamental value of the asset at $14, I expect the price to remain stable in the short term and in the future periods. With only two trading periods left, I will benefit from holding my 4 shares, as I can earn potential dividends of either $0.40 or $1.00 in the upcoming period. Additionally, holding my shares allows me to avoid selling at a price that may not reflect the true value of the asset. Therefore, holding is the best strategy to maximize my final cash wealth."
RA-MC-BT-PC-NT-OC-s140928,RA+MC+BT+PC+NT+OC,trader-11,MC,29,hold,0,0,0.0,0,,569.58,4,599.66,4,28.48,1.6,655.66,14.0,14.0,14.0,14.0,,"The market price remains stable at the reference level of $14, and considering my current position of 4 shares and the lack of price fluctuations, it is prudent to hold. As a momentum chaser, I typically react to price movements; however, there are no compelling reasons to buy or sell at this moment. Holding allows me to wait for potential price changes in the upcoming periods."
RA-MC-BT-PC-NT-OC-s140928,RA+MC+BT+PC+NT+OC,trader-00,RA,30,hold,0,0,0.0,0,,599.66,4,631.24,4,29.98,1.6,687.24,14.0,14.0,14.0,14.0,,"The market price is expected to remain stable at the fundamental value of $14.00 per share due to the equal likelihood of dividends. Holding my current 4 shares is optimal since selling at this price yields no profit, and buying shares would not provide a better return compared to the 5% cash return. Therefore, I will hold my current position."
RA-MC-BT-PC-NT-OC-s140928,RA+MC+BT+PC+NT+OC,trader-01,PC,30,hold,0,0,0.0,0,,599.66,4,631.24,4,29.98,1.6,687.24,14.0,14.0,14.0,14.0,,"I will hold onto my current shares and cash for this final trading period, as the asset price is expected to remain stable at $14. My plan is to collect dividends and maximize my cash wealth without making any trades. This strategy minimizes risk in a stable market while ensuring I benefit from the anticipated redemption value of $14 per share at the end."
RA-MC-BT-PC-NT-OC-s140928,RA+MC+BT+PC+NT+OC,trader-02,RA,30,hold,0,0,0.0,0,,599.66,4,631.24,4,29.98,1.6,687.24,14.0,14.0,14.0,14.0,,"The current market price is $14.00, which matches the expected fundamental value of the asset. Given that there is only one trading period left and the expected return from holding shares does not exceed the 5% cash return, it is prudent to hold my shares for potential dividends without incurring a loss from selling at the current price. Additionally, with the fundamental value expected to remain stable at $14.00, there is no advantage in buying or selling at this moment."
RA-MC-BT-PC-NT-OC-s140928,RA+MC+BT+PC+NT+OC,trader-03,OC,30,buy,4,4,13.0,0,,599.66,4,631.24,4,29.98,1.6,687.24,14.0,14.0,14.0,14.0,,"As an overconfident contrarian, I believe the price will recover soon, as it is currently stable around the reference price of $14. I will place a buy order for 4 shares at $13, which is below the reference price. This aligns with my strategy of enhancing my position while waiting for my existing shares to recover. Capitalizing on potential dividends and anticipated price increases is a key part of my approach."
RA-MC-BT-PC-NT-OC-s140928,RA+MC+BT+PC+NT+OC,trader-04,OC,30,buy,4,4,13.5,0,,599.66,4,631.24,4,29.98,1.6,687.24,14.0,14.0,14.0,14.0,,"I believe the market is still experiencing a temporary dip, and my contrarian strategy leads me to expect a recovery back to the fundamental value of $14. With my current cash of $599.66, I can buy 4 shares at a limit price of $13.5, allowing me to maximize my potential for future dividends and capital gains as the price recovers."
RA-MC-BT-PC-NT-OC-s140928,RA+MC+BT+PC+NT+OC,trader-05,BT,30,sell,1,0,14.0,0,,652.24,0,684.85,0,32.61,0.0,684.85,14.0,15.0,16.0,14.0,,"The current market price is at the fundamental value of $14. I anticipate that the price will rise to $15 in 2 periods and $16 in 5 periods due to expected dividends and market behavior. Given that I hold 1 share, I will sell it at $14 to realize profits while still retaining cash for possible future opportunities."
RA-MC-BT-PC-NT-OC-s140928,RA+MC+BT+PC+NT+OC,trader-06,NT,30,hold,0,0,0.0,0,,498.65,12,528.38,12,24.93,4.8,696.38,14.0,14.0,14.0,14.0,,"Given that I hold 12 shares and with only 1 trading period remaining, it is prudent to hold my current position. The asset's fundamental value remains stable at $14, and the market price has consistently aligned with this value. Holding my shares allows me to benefit from potential dividends while keeping my cash intact. Selling or buying at this point does not align with my goal of maximizing cash wealth in the long run."
RA-MC-BT-PC-NT-OC-s140928,RA+MC+BT+PC+NT+OC,trader-07,BT,30,sell,4,4,15.0,0,,599.66,4,631.24,4,29.98,1.6,687.24,14.0,14.5,15.0,14.0,,"Given the current market price is stable at $14, I anticipate it will rise to $14.5 in the next period and potentially peak at around $15 in period 5 due to expected dividends. Since I hold 4 shares, selling all of them at $15 now maximizes my cash wealth before any potential market decline, especially since I have been holding for a while and the market seems to be nearing its peak."
RA-MC-BT-PC-NT-OC-s140928,RA+MC+BT+PC+NT+OC,trader-08,PC,30,sell,1,0,14.0,0,,648.27,0,680.68,0,32.41,0.0,680.68,14.0,14.0,14.0,14.0,,"I plan to sell my remaining share this period at the reference price of $14. Given that the fundamental value remains stable, selling now allows me to maximize cash gains before dividends are paid out. Holding this share could yield uncertain dividends, but liquidating my position at the current market price aligns with the fundamental value, ensuring optimal cash wealth realization."
RA-MC-BT-PC-NT-OC-s140928,RA+MC+BT+PC+NT+OC,trader-09,MC,30,hold,0,0,0.0,0,,599.66,4,631.24,4,29.98,1.6,687.24,14.0,14.0,14.0,14.0,,"The market price remains stable at the fundamental value of $14 with no observed momentum indicating a price change. As a momentum chaser, I do not see any reason to buy or sell at this moment. Therefore, I will hold my current position of 4 shares and cash, expecting the price to remain stable."
RA-MC-BT-PC-NT-OC-s140928,RA+MC+BT+PC+NT+OC,trader-10,NT,30,hold,0,0,0.0,0,,599.66,4,631.24,4,29.98,1.6,687.24,14.0,14.0,14.0,14.0,,"Given that the fundamental value of the asset remains at $14, I expect the price to hold steady in this final trading period. Holding my 4 shares allows me to benefit from potential dividends, which could be either $0.40 or $1.00. Additionally, I want to avoid selling at a price that may not reflect the asset's true value, and retaining my cash provides flexibility for any final trading opportunities. Therefore, holding is the best strategy to maximize my final cash wealth."
RA-MC-BT-PC-NT-OC-s140928,RA+MC+BT+PC+NT+OC,trader-11,MC,30,hold,0,0,0.0,0,,599.66,4,631.24,4,29.98,1.6,687.24,14.0,14.0,14.0,14.0,,"The market price remains stable at the reference level of $14, with no observed fluctuations in recent periods. As a momentum chaser, I typically react to price movements to inform my trading decisions. Given the current stability and lack of compelling reasons to buy or sell, it is prudent to hold my current 4 shares to maximize potential future returns, especially considering the upcoming redemption value of $14 per share."
