period,trader,forecast_0,forecast_10,forecast_2,forecast_5,price,quantity,rationale,side,accepted_quantity,rejection,signed_fill,transaction_price,closing_cash_before_redemption,closing_shares_before_redemption
1,trader-00,14.5,17.0,15.5,16.5,14.5,1,"I'm a momentum chaser and, with no trade history, optimistic a rally can form, so I take a small early long position. I expect a modest short-term upswing (now ~14.50, 2 periods ~15.50, 5 ~16.50, 10 ~17.00) as speculative interest builds. I'll bid up to $14.50 for 1 share (raising bids if prices rise to chase the rally). If price dips I prefer to sell rather than wait (I have a mental stop-loss around $13.50) and plan to scale in on confirmed upticks and trim positions to take profits if prices move above ~$16.",buy,1,,0,,106.6,4
1,trader-01,14.0,14.0,14.0,14.0,0.0,0,"Fundamental math: expected dividend each period = (0.40+1.00)/2 = 0.70. With a 5% per-period discount (cash interest) the annuity value is 0.70/0.05 = 14. The terminal redemption is 14, which makes the per-share fair value 14 at every remaining period (PV = d/r + (R - d/r)·q^N and here R = d/r). Therefore there is no expected excess return relative to holding cash at 5%, so I do not trade. I keep my 4 shares. Precommitted exit rules: buy only if market price falls below $13.30 (provides a meaningful excess return over cash), sell only if market price rises above $14.70 (capture >5% outperformance). Otherwise hold.",hold,0,,0,,106.6,4
1,trader-02,15.0,14.0,16.0,15.5,14.5,3,I'm a noise trader and feel optimistic at the open — I expect speculative demand to push the opening trade a bit above fundamentals (hence a high immediate forecast). I'll submit a modest buy on that hunch: limit $14.50 for 3 shares (cost $43.50) so I don't tie up all cash. My mood is bullish short-term (forecast_2 $16.00) but I expect some mean reversion by later periods (forecast_10 $14.00). Exit plan: if price jumps above $17 I'll sell to take quick profits; if price falls below $12 I'll become uneasy and may sell to cut losses. If momentum is positive over the next few periods I may add to this position; otherwise I'll hold and collect dividends while watching for my sell triggers.,buy,3,,0,,106.6,4
1,trader-03,15.5,14.0,15.0,14.5,15.5,3,"I'm an excited noise trader with an optimistic hunch at the opening — I think speculative demand will push the immediate transaction above fundamental value, so I forecast ~$15.50 now, easing toward $15.00 in 2 periods as some profit-taking occurs, then reverting toward fair value (~$14.50 at 5, $14.00 by 10). I submit a buy limit for 3 shares at $15.50 (cost $46.50), a modest speculative purchase from my $100 cash. Plan: if price rises quickly I may sell to take profits; if market drifts down I may become uneasy and refrain from adding; I will not short or borrow. This is a hunch-driven trade expecting short-run optimism but eventual reversion to the ~$14 fundamental/redemption level.",buy,3,,0,,106.6,4
1,trader-04,14.0,14.0,14.0,14.0,0.0,0,"Fundamental (risk‑neutral) valuation: expected dividend each period = 0.5*0.40 + 0.5*1.00 = $0.70. Discounting at the 5% per‑period cash rate for 30 dividend payments plus the $14 terminal redemption gives PV ≈ 0.7*(1 - 1.05^-30)/0.05 + 14*1.05^-30 ≈ $10.76 + $3.24 ≈ $14.00. At a transaction price of $14 the expected yield (0.70/14 = 5%) equals the cash return, so there is no arbitrage advantage; I therefore submit no order (hold). Forecasts reflect that rational arbitrage and valuation will anchor trading prices near $14 in the near and medium term. Precommitted trading plan: buy only when price offers a clear excess over cash (I require an economically meaningful premium — I will place limit buy orders if price ≤ $12.73, which gives dividend yield ≥5.5% and room for expected capital return); sell holdings if price ≥ $15 (overpriced relative to fundamental). I will reassess each period as public trades and cash position evolve.",hold,0,,0,,106.6,4
1,trader-05,13.5,14.0,14.5,15.0,13.5,7,"My assessment: fundamental present value is about $14 (discounted future dividends + $14 redemption), but I am overconfident I can spot underpricing and expect resale upside. I submit a limit buy at $13.50 for 7 shares (uses $94.50 of my $100 cash) because this looks like a bargain relative to fair value and my optimistic resale forecast. I expect an immediate transaction near my limit (forecast_0 $13.50), with price drifting up as others recognize value (forecast_2 $14.50, forecast_5 $15.00) and then mean-reverting toward fair value by period 10 (forecast_10 $14.00). Trading plan: track my purchase prices, avoid realizing losses (I will not sell below my purchase price), add to my position if the market falls (buy-the-dip if price < $12), and take profits on winners (plan to sell portions if price reaches $16 or higher, or sooner if I can lock a clear gain). This order follows my contrarian, confident style: buy early when I see upside others may miss.",buy,7,,0,,106.6,4
1,trader-06,14.54,16.2,15.0,15.6,14.5,3,"Planned schedule (precommitment): buy during periods 1–6 to accumulate (target: up to 10 shares total if cash allows), then sell during periods 11–16 to pare back to my baseline 4 shares (target sell price >= $16.00). I will stick to this schedule regardless of intervening news. Rationale and numbers: the risk-neutral expected dividend per period is 0.7; discounting at the 5% per-period cash rate for 30 periods plus $14 terminal redemption gives a fundamental PV ≈ $14.54 now. I expect modest upward pressure from speculative demand in the near term, so prices will drift above fundamental: roughly $15.00 in ~2 periods, $15.60 in ~5 periods, and about $16.20 by period 11 when I'll begin selling. Action now: place a buy limit for 3 shares at $14.50 (cost $43.50), leaving cash to continue buying in periods 2–6 if prices meet my buy limit (I will buy additional shares at prices ≤ $14.50 up to my target). Later I will post sell orders in periods 11–16 at limits ≥ $16.00 to realize profits and return to 4 shares. This plan uses my cash and inventory constraints (starting cash $100, starting shares 4) and aims to buy below my valuation and sell above it.",buy,3,,0,,106.6,4
1,trader-07,16.0,18.0,20.0,24.0,16.0,3,"Fundamental value is $14 (expected dividends discounted at the 5% cash rate), but as a bubble-timer I expect a speculative upswing early. I submit a buy limit at $16 for 3 shares to build a position I can resell into rising demand. I forecast an immediate trade around $16 (others will be willing to pay above fundamental at the session start), a continued short-run rise to about $20 in two periods and roughly $24 near period 5 if momentum develops, with a partial correction back toward $18 by period 11 once the run slows or profit-taking starts. Exit plan (precommitted): sell in tranches — sell about half my position once price reaches ≥ $20, and sell remaining shares at ≥ $22 or at the latest by period 12 if those price targets are not met. I recognize no buyer is guaranteed; I limit size to 3 shares to manage cash and execution risk. This plan locks gains if the bubble emerges but forces an exit before the final liquidation risk near period 30.",buy,3,,0,,106.6,4
1,trader-08,11.5,14.5,12.5,13.75,11.5,1,"I'm a momentum chaser and optimistic about early speculative interest. With no history I want a small early position so I don't miss a rally, so I submit a buy limit for 1 share at $11.50. I expect an early trade near $11.50 and, if the market shows upward momentum, prices to rise to about $12.50 in 2 periods, $13.75 in 5, and roughly $14.50 in 10 as other traders chase the rally. If filled I'll be willing to raise my bids to add on confirmed uptrends; if prices dip I will sell to cut exposure (stop-loss if price breaks below ~$11). Target to take profits if the short-term rally carries prices materially above fundamentals (I’ll look to trim around $15+ or on a clear trend reversal). This is a small, opportunistic position consistent with my momentum strategy.",buy,1,,0,,106.6,4
1,trader-09,14.0,14.0,14.2,14.5,13.5,3,"Precommitment schedule (I will follow this schedule regardless of interim news):
- Period 1 (now): BUY 3 shares @ $13.50 (this order).
- Period 2: BUY 2 shares @ $13.50.
- Period 3: BUY 1 share @ $13.50.
- Periods 4: HOLD.
- Period 5: SELL 3 shares @ $14.50.
- Period 6: SELL 3 shares @ $14.50.
- After period 6 hold remaining shares (keep 4 shares) to collect dividends and the terminal $14 redemption.
Rationale and numbers: The fundamental present value of remaining dividends plus the $14 terminal redemption is about $14 per share (expected dividend per period = $0.70, cash interest 5% -> discounted sum ~ $14). I expect a modest short-term demand bump that pushes transaction prices slightly above fundamental in the next few periods (hence forecast_2 = $14.20 and a peak around forecast_5 = $14.50) before reversion toward $14 by period 10. Buying now at $13.50 is executable with my current cash ($100) and gives upside relative to my forecasts; buying 3 costs $40.50 and leaves cash for the planned buys in periods 2–3. Selling 6 shares in periods 5–6 at $14.50 locks in a profit relative to the $13.50 purchase price while leaving 4 shares to earn dividends and the terminal $14 redemption. I choose a limit buy now (3 @ $13.50) because it is below my near-term expected transaction prices and below my estimate of fundamental value, so it is likely to be profitable under the stated schedule.",buy,3,,0,,106.6,4
1,trader-10,14.0,15.0,15.5,17.5,15.0,6,"Fundamental PV (expected dividends 0.7 per period discounted at 5% plus $14 terminal) is ~$14.00, so an initial transaction around $14 is my baseline (forecast_0). As a bubble timer I expect a speculative upswing: modest momentum by period+2 (~$15.50) and a peak around period+5 (~$17.50) as resale demand builds, with some profit-taking by period+10 (~$15.00). I will buy now up to $15.00 because I believe I can resell before my planned exit at higher prices. Quantity = floor($100 / $15) = 6 shares (keeps me fully invested but not overexposed). Exit plan (precommitted): begin liquidating if market price ≥ $17.00 — sell ~50% of my position; sell remaining shares if price ≥ $18.00 or by period 11 (whichever comes first). If price fails to reach $17 by period 6, I will start trimming position to limit downside. I do not assume a guaranteed buyer, so I keep a staged sell plan and will not exceed the cash constraint or short positions.",buy,6,,0,,106.6,4
1,trader-11,33.5,28.0,33.8,32.0,33.0,3,"Fundamental expected payouts now ≈ 30*0.7 + 14 = $35, so I believe the market is currently slightly undervalued. I expect an opening trade near $33.50, a modest bounce to ~$33.80 in 2 periods as others begin to recognize value, some drift to ~$32.00 by period 6, and the remaining-value level around $28.00 in 10 periods (fewer dividends left). As an overconfident contrarian I will buy early to exploit the perceived bargain: submit a limit buy for 3 shares at $33.00 (uses $99 of $100 cash). I will track this $33 purchase price, avoid realizing losses (buy more on dips), and take profits if the market moves well above fundamentals (trim positions if price rises into the mid-to-high $30s / ~$37–$40 range).",buy,3,,0,,106.6,4
2,trader-00,14.75,17.25,15.75,16.75,14.75,1,"I'm a momentum chaser and still optimistic with no trade history, so I take a small early long to avoid missing a rally. I extrapolate a modest near-term uptick (now ~$14.75, 2-period ~$15.75, 5 ~$16.75, 10 ~$17.25). I submit a buy limit for 1 share at $14.75 to add a small position and be ready to raise bids if transaction prices begin to rise. I retain my mental stop-loss around $13.50 (will sell rather than wait on dips) and plan to trim positions to take profits if prices move above about $16.",buy,1,,0,,113.53,4
2,trader-01,14.0,14.0,14.0,14.0,0.0,0,"Fundamental fair value = expected dividend per period (0.40+1.00)/2 = 0.70 divided by 5% = 14. Terminal redemption is 14, so PV stays 14 at all horizons. My precommitted rules: buy only if price < $13.30 (meaningful excess over cash), sell only if price > $14.70. Current market value equals fundamental 14, so no expected excess return vs cash at 5% — I hold my 4 shares and do not submit an order.",hold,0,,0,,113.53,4
2,trader-02,15.5,14.0,16.2,15.3,15.5,2,"I'm a noise trader and still feeling optimistic about short-term speculative demand after a quiet first period. I expect a modest bump now (forecast_0 $15.50) and slightly higher in two periods as momentum may attract buyers (forecast_2 $16.20), with some mean reversion by period 7 (forecast_5 $15.30) and back toward my longer-run anchor by period 12 (forecast_10 $14.00). I'll submit a modest buy limit for 2 shares at $15.50 so I don't tie up too much cash but can participate if price moves up. I retain my exit plan: if price jumps above $17 I'll sell to take quick profits; if price falls below $12 I'll become uneasy and may sell to cut losses. If momentum is positive over the next few periods I may add to the position; otherwise I'll hold and collect dividends while watching my triggers.",buy,2,,0,,113.53,4
2,trader-03,15.0,14.0,14.7,14.3,15.0,3,"I'm an optimistic noise trader—still excited about short-run speculative demand but a bit less confident after no trade in period 1. I expect an immediate transaction around $15.00 as some speculators chase value, then mild profit-taking to ~$14.70 in 2 periods and a gradual reversion toward fundamental-ish levels (~$14.3 by period+5, $14.0 by +10). I submit a modest buy limit for 3 shares at $15.00 (cost ~$45) from my $106.60 cash to try to ride short-run optimism. Exit plan: if price quickly rises above $16.00 I will sell to take profits; if price drifts below $14.00 I will become uneasy and stop adding. I will not short or borrow.",buy,3,,0,,113.53,4
2,trader-04,14.0,14.0,14.0,14.0,0.0,0,"Fundamental (risk‑neutral) valuation: expected per‑period dividend = 0.5*0.40 + 0.5*1.00 = $0.70; discounting at 5% and including $14 terminal redemption gives PV ≈ $14.00. At prices near $14 the expected yield equals the 5% cash return so there is no arbitrage. I precommitted to buy only if price ≤ $12.73 (≥5.5% dividend yield + room for capital return) and to sell holdings only if price ≥ $15. No transaction occurred in period 1 and current market fundamentals still anchor price near $14, so I submit no order this period (hold). Forecasts remain $14 for short and medium horizons under my risk‑neutral arbitrage view.",hold,0,,0,,113.53,4
2,trader-05,13.5,14.0,14.5,15.0,13.5,7,My private view: fundamental/terminal value ≈ $14 and I am confident I spot underpricing and resale upside. I expect an immediate transaction near $13.50 with the market drifting up to ~$14.50 in 2 periods and peaking near $15 in the medium run before mean-reverting to ~$14 by period 10. Following my contrarian plan I place a limit buy at $13.50 for 7 shares (uses $94.50 of my $106.60 cash) to build position while I see a bargain. I will not sell below my purchase prices (avoid realizing losses); I will add on dips (buy more if price falls below $12) and plan to take profits if price reaches $16+ (or lock clear gains sooner if opportunity arises). I will track purchase prices and follow this precommitted exit plan.,buy,7,,0,,113.53,4
2,trader-06,14.54,16.2,15.0,15.6,14.5,3,"I stick to my precommitted schedule: buy during periods 1–6 to accumulate (target up to 10 shares total), then sell during periods 11–16 to pare back to my baseline 4 shares (target sell price ≥ $16.00). Fundamental PV ≈ $14.54 now (risk-neutral dividend ~0.7 per period, 5% interest, $14 terminal), and I expect modest speculative upside to push prices toward my forecasts (~$15 in 2 periods, ~$15.6 in 5, ~$16.2 by period 11). My period‑1 buy did not fill, so I submit another buy limit at $14.50 for 3 shares (executable with my cash $106.60); this follows my plan to accumulate cheaply now and later sell above $16.00 regardless of intervening news.",buy,3,,0,,113.53,4
2,trader-07,16.0,18.0,20.0,24.0,16.0,3,"Fundamental (redemption + expected dividends discounted at 5%) is about $14, but as a bubble-timer I expect an early speculative upswing. I submit a buy for 3 shares at $16 to build a modest position I can resell into rising demand. I compare my purchase price ($16) to my expected resale levels (≥ $20 shortly, potentially up to $24 if momentum develops). Exit plan (precommitted): sell about half my position once price ≥ $20, sell remaining shares at ≥ $22 or at the latest by period 12 if those price targets are not met. I limit size to 3 shares to manage cash and execution risk and acknowledge no buyer is guaranteed; I will ride momentum while it accelerates and offer to lock gains as growth slows or my targets are hit.",buy,3,,0,,113.53,4
2,trader-08,11.75,14.5,12.75,14.0,11.75,1,"I'm a momentum chaser and still optimistic about early speculative interest after a null trade. I want a small early position so I don't miss a rally, so I raise my bite slightly (from my prior 11.50) to 11.75 to improve chances of being filled. If transaction prices rise I'll extrapolate the uptrend and be willing to raise bids and add to my position; if prices dip I'll sell to cut exposure (stop-loss if price breaks below ~11). My target is to trim/take profits if a short-term rally pushes prices materially above fundamentals (around $15+), or on a clear trend reversal. I retain my precommitted opportunistic entry and exit plan.",buy,1,,0,,113.53,4
2,trader-09,14.0,14.0,14.2,14.5,13.5,2,"I am a precommitter and will follow my preplanned schedule regardless of interim news. Schedule (repeated): Period 1: BUY 3 @13.50 (already placed); Period 2: BUY 2 @13.50 (this order); Period 3: BUY 1 @13.50; Period 4: HOLD; Period 5: SELL 3 @14.50; Period 6: SELL 3 @14.50; after period 6 hold remaining shares (keep 4) to collect dividends and the $14 terminal redemption. Fundamentals: expected per-period dividend ~ $0.70 and terminal redemption $14 imply a fair value near $14; I expect a modest short-term demand bump to ~14.2 then a peak ~14.5 around period 5, reverting to ~14 by period 10. Buying 2 now at $13.50 is consistent with that view, is executable given my cash ($106.6) and leaves funds for the planned period-3 buy and subsequent profit-taking. I will therefore submit a limit buy for 2 shares at $13.50 now.",buy,2,,0,,113.53,4
2,trader-10,14.0,15.0,15.5,17.5,15.0,7,"Fundamental PV ≈ $14.00 but as a bubble timer I expect a modest speculative upswing short-term. I will buy now up to $15.00 anticipating resale demand around $17.50 by period+5. Quantity = floor($106.60 / $15.00) = 7 shares. I retain my precommitted exit plan: begin liquidating ~50% of my position if market price ≥ $17.00; sell remaining shares if price ≥ $18.00 or by period 11 (whichever comes first). If price fails to reach $17 by period 6 I will start trimming to limit downside. I do not assume a guaranteed buyer, so I use staged selling thresholds and stick to cash/position constraints.",buy,7,,0,,113.53,4
2,trader-11,33.5,28.0,34.5,32.0,33.0,3,"I remain an overconfident contrarian: fundamentals (expected remaining dividends + redemption) imply fair value ≈ $35, so I view the market as slightly undervaluing the asset. With no trade last period the market hasn't recognized that upside, so I will again submit a limit buy to accumulate while prices are depressed. Short-term I expect a modest bounce as others begin to notice (now ~$33.50, +2 periods ~$34.50), but with gradual drift lower as dividends run off (+5 ~$32, +10 ~$28). I place a buy limit at $33.00 for 3 shares (uses $99 of my $106.60 cash) — I will track this $33 purchase price, avoid realizing losses (I'll hold through dips and buy more on declines), and plan to trim/take profits if price rallies into the mid-to-high $30s (rough target exit zone ~$37–$40). This order follows my precommitted approach: accumulate into perceived bargains, add on dips, and only sell to take profits once the market clearly overshoots fundamentals.",buy,3,,0,,113.53,4
3,trader-00,15.0,17.5,16.0,17.0,15.0,1,"I'm a momentum chaser and still optimistic with no trade history, so I take a small early long to avoid missing a potential rally. I extrapolate a modest near-term uptick (now ~$15.00, 2 periods ~$16.00, 5 ~$17.00, 10 ~$17.50). I submit a buy limit for 1 share at $15.00 to add a small position and be ready to raise bids if transaction prices begin to rise. I retain my mental stop-loss around $13.50 (will sell rather than wait on dips) and plan to scale in on confirmed upticks and trim positions to take profits once prices move above about $16.",buy,1,,0,,123.21,4
3,trader-01,14.0,14.0,14.0,14.0,0.0,0,"Fundamental fair value = expected per-period dividend (0.40+1.00)/2 = 0.70 divided by 5% = 14. Terminal redemption is $14 so PV remains $14 at all horizons. No expected excess return relative to cash at 5%, so I follow my precommitted rules: buy only if price < $13.30 (meaningful excess return), sell only if price > $14.70. With no transaction price this period and fair value = $14, I hold my 4 shares and submit no order. Cash will earn 5% interest after trading; I maintain the thresholds for future periods.",hold,0,,0,,123.21,4
3,trader-02,15.8,14.0,16.4,15.5,15.75,2,I'm a noise trader and feel optimistic at this opening — I expect some short-term speculative demand to push trades above fundamentals. My immediate hunch is ~$15.80 and a bit higher in two periods as momentum may attract buyers. I'll place a modest buy limit for 2 shares at $15.75 so I can participate without tying up too much cash (I still hold 4 shares and $113.53). Exit plan: if price jumps above $17 I'll sell to take quick profits; if price falls below $12 I'll become uneasy and may sell to cut losses. Otherwise I'll hold and collect dividends while watching momentum.,buy,2,,0,,123.21,4
3,trader-03,15.0,14.0,14.75,14.3,15.0,3,"I'm an optimistic noise trader with a short-run hunch that speculative demand can push a near-term trade to about $15.00, but I expect mild profit-taking and slow reversion toward ~$14 over several periods. I submit a modest buy limit for 3 shares at $15.00 (cost $45) from my $113.53 cash to ride potential short-run optimism. Exit plan (precommitted): if the market rises above $16.00 I will sell to take profits; if prices drift below $14.00 I will stop adding and become cautious. I will not short or borrow.",buy,3,,0,,123.21,4
3,trader-04,14.0,14.0,14.0,14.0,0.0,0,"Fundamental (risk‑neutral) valuation: expected per‑period dividend = 0.5*0.40 + 0.5*1.00 = $0.70. Discounting at the 5% cash rate and including the $14 terminal redemption gives PV ≈ $14.00, so market prices should remain anchored near $14. No trades occurred in periods 1–2 and current fundamentals give no arbitrage versus cash. I follow my precommitted plan: buy only if price ≤ $12.73 (gives ≥5.5% dividend yield and room for capital return) and sell only if price ≥ $15. No attractive opportunity now, so I submit no order (hold). Forecasts for 0, +2, +5, +10 remain $14.00 under this arbitrage view.",hold,0,,0,,123.21,4
3,trader-05,13.5,14.0,14.5,15.0,13.5,7,"My private fundamental view: fair present value ≈ $14 (discounted dividends + $14 redemption) and I remain overconfident I spot underpricing and resale upside. I repeat my contrarian buy: limit buy 7 @ $13.50 to build position while I see a bargain (uses $94.50 of my $113.53 cash). Forecasts: immediate 13.50, up to ~14.50 in 2 periods, peak ~15.00 medium-run, mean-revert to ~14.00 by period 10. Trading rules I keep: track purchase prices, avoid realizing losses (I will not sell below my purchase prices), add on dips (buy more if price < $12), and take profits on winners (plan to sell portions if price reaches $16+ or lock clear gains sooner). This order follows that precommitted plan.",buy,7,,0,,123.21,4
3,trader-06,14.54,16.2,15.0,15.6,14.5,3,"I stick to my precommitted trading schedule: buy during periods 1–6 to accumulate (target up to 10 shares total if cash allows), then sell during periods 11–16 to pare back to my baseline 4 shares (target sell price ≥ $16.00). Fundamental PV ≈ $14.54 now (risk‑neutral expected dividend ~0.7 per period, 5% interest, $14 terminal), and I expect modest speculative upside so prices drift toward my forecasts (≈$15 in 2 periods, $15.6 in ~5, $16.2 by period 11). Current cash $113.53 and inventory 4 allow me to buy 3 shares at $14.50 (cost $43.50) now; I will continue submitting similar buys in periods 4–6 if prices meet my limit to reach my accumulation target, and later post sells in periods 11–16 at limits ≥ $16.00 to realize profits and return to 4 shares. I will follow this plan regardless of intervening news.",buy,3,,0,,123.21,4
3,trader-07,16.0,18.0,20.0,24.0,16.0,3,"Fundamental (redemption + expected dividends discounted at the 5% cash rate) ≈ $14, but as a bubble-timer I expect an early speculative upswing. No transactions occurred in periods 1–2, but I am willing to build a modest position early to resell into anticipated demand. I submit a buy limit at $16 for 3 shares (size chosen to manage cash and execution risk). Forecasts: immediate trade ≈ $16, continued short-run rise to ≈ $20 in ~2 periods and up toward $24 if momentum develops, with a partial correction back toward $18 by ~period 13. Exit plan (precommitted and retained): sell about half my position once price ≥ $20, sell remaining shares at ≥ $22 or at the latest by period 12 if those targets are not met. I recognize no buyer is guaranteed; I will ride momentum while it accelerates and offer to lock gains as growth slows or my targets are hit.",buy,3,,0,,123.21,4
3,trader-08,12.0,14.75,13.0,14.25,12.0,1,"I remain a momentum chaser and still optimistic about early speculative interest after two null trading rounds. I want a small early position so I don't miss a rally, and I raise my bite slightly (from 11.75 to 12.00) to improve chances of being filled if prices start moving. I forecast a near-term trade around $12 now, then continued short-term extrapolated upside to about $13 in two periods and mid-teens in 5–10 periods if momentum builds. If transaction prices rise I'll consider raising bids and adding to my position; if prices dip I'll sell to cut exposure (stop-loss if price breaks below roughly $11). Target to trim/take profits if a short-term rally pushes prices materially above fundamentals (around $15+). This order and exit plan retain my precommitted opportunistic entry/exit schedule.",buy,1,,0,,123.21,4
3,trader-09,14.0,14.0,14.2,14.5,13.5,1,"I am a precommitter and will follow my preplanned schedule regardless of interim news. Schedule (repeated): Period 1: BUY 3 @13.50 (placed); Period 2: BUY 2 @13.50 (placed); Period 3: BUY 1 @13.50 (this order); Period 4: HOLD; Period 5: SELL 3 @14.50; Period 6: SELL 3 @14.50; after Period 6 hold remaining shares (keep 4) to collect dividends and the $14 terminal redemption. Fundamentals: expected per-period dividend ~ $0.70 and terminal $14 imply fair value near $14. I expect a modest short-term demand bump to ~14.2 and a peak near ~14.5 around period 5, reverting toward ~14 by period 10. Buying 1 now at $13.50 is consistent with that view, is executable with my current cash ($113.53), and completes my precommitted purchases. I will therefore submit this limit buy for 1 share at $13.50 now and adhere to the remaining planned orders.",buy,1,,0,,123.21,4
3,trader-10,14.0,15.0,15.5,17.5,15.0,7,"Fundamental PV ≈ $14.00 but as a bubble timer I expect a short-term speculative upswing. I buy up to $15.00 because I believe I can resell before my planned exit at higher prices (expect ~ $17.50 by +5). Quantity = floor($113.53 / $15.00) = 7 shares. Retained exit plan: begin liquidating ~50% of my position if market price ≥ $17.00; sell remaining shares if price ≥ $18.00 or by period 11 (whichever comes first). If price fails to reach $17 by period 6 I will start trimming to limit downside. I do not assume a guaranteed buyer, so I use staged selling thresholds and respect cash/position constraints.",buy,7,,0,,123.21,4
3,trader-11,33.5,28.0,34.5,32.0,33.0,3,"Fundamentals (expected remaining dividends 28*0.7 = 19.6 plus $14 redemption) imply fair value ≈ $33.6, so I view the market as slightly undervaluing the asset. No trades occurred in periods 1–2, so the market still hasn't recognized the upside; as an overconfident contrarian I will continue to accumulate at my reference buy price. I submit a limit buy for 3 shares at $33.00 (uses $99 of my $113.53 cash). I will track the $33 purchase price, avoid realizing losses (buy more on dips), and plan to trim/take profits if price rallies into the mid-to-high $30s (target exit zone ~$37–$40). Forecasts: small near-term bounce as others notice (~$34.50 in 2 periods), modest drift by period 5 (~$32) and further decline as dividends run off (~$28 by period 10).",buy,3,,0,,123.21,4
4,trader-00,15.25,17.75,16.25,17.25,15.25,1,"Momentum chaser: with no transaction history I'm still optimistic a rally can form, so I take a small early long to avoid missing a run. I extrapolate a modest near-term uptick (now ~$15.25, 2 periods ~$16.25, 5 ~$17.25, 10 ~$17.75). I submit a buy limit for 1 share at $15.25 to add a small position and be ready to raise bids if transaction prices begin to rise. I keep my mental stop-loss near $13.50 (will sell rather than wait on dips) and plan to trim positions to take profits once prices move above about $16.",buy,1,,0,,130.97,4
4,trader-01,14.0,14.0,14.0,14.0,0.0,0,"Fundamental fair value remains $14: expected per-period dividend = (0.40+1.00)/2 = $0.70 and with 5% cash return the annuity value 0.70/0.05 = $14; terminal redemption is $14 so PV = $14 at all horizons. My precommitted rules: buy only if market price < $13.30 (to obtain meaningful excess return over cash) and sell only if market price > $14.70 (to capture >5% outperformance). No transaction price is available this period and the fair value equals the cash-implied benchmark, so there is no expected excess return versus holding cash. I therefore submit no order and hold my 4 shares. Cash will earn the 5% interest post-trade as usual.",hold,0,,0,,130.97,4
4,trader-02,15.9,14.0,16.6,15.6,15.8,2,"I'm a noise trader and feeling optimistic at this opening — I expect some short-term speculative demand to push prices a bit above fundamentals. My immediate hunch is ~$15.90 and a bit higher in two periods as momentum may attract buyers, with some mean reversion by period 9–12 and my longer-run anchor near $14.00. I'll place a modest buy limit for 2 shares at $15.80 so I can participate without tying up too much cash (I currently hold $123.21 and 4 shares). Exit plan retained: if price jumps above $17 I'll sell to take quick profits; if price falls below $12 I'll become uneasy and may sell to cut losses. Otherwise I'll hold and collect dividends while watching momentum.",buy,2,,0,,130.97,4
4,trader-03,15.0,14.0,14.8,14.3,15.0,3,"I'm an optimistic noise trader at this period's opening — I still have a short-run hunch that speculative demand can push an immediate transaction to about $15.00, with mild profit-taking over the next few periods (so $14.8 in ~2 periods) and gradual reversion toward my long-run anchor near the $14 redemption level by period +10. I submit a modest buy limit for 3 shares at $15.00 (cost $45) from my $123.21 cash to try to ride short-run optimism. I retain my precommitted exit plan: if the market rises above $16.00 I will sell to take profits; if prices drift below $14.00 I will stop adding and become cautious. I will not short or borrow.",buy,3,,0,,130.97,4
4,trader-04,14.0,14.0,14.0,14.0,0.0,0,"Fundamental (risk‑neutral) valuation: expected per‑period dividend = 0.5*0.40 + 0.5*1.00 = $0.70. Discounting at 5% with the $14 terminal redemption gives PV ≈ $14.00, so prices should remain anchored near $14. At $14 the expected yield equals the 5% cash return, so there is no arbitrage advantage. I precommitted to buy only if price ≤ $12.73 (gives ≥5.5% dividend yield and room for expected capital return) and to sell only if price ≥ $15. No trades have occurred and current market fundamentals provide no excess return versus cash, so I submit no order (hold). Forecasts for 0, +2, +5, +10 remain $14.00 under this arbitrage view.",hold,0,,0,,130.97,4
4,trader-05,13.5,14.0,14.5,15.0,13.5,7,"My private fundamental view: fair present value ≈ $14 and I remain overconfident I spot resale upside other traders miss. I repeat my contrarian buy: limit buy 7 @ $13.50 (uses $94.50 of my $123.21 cash) to build position while I see a perceived bargain. I will not sell below my purchase prices (avoid realizing losses); I will add on dips (buy more if price < $12) and will take profits on winners (sell portions if price reaches $16+ or lock clear gains sooner). Forecasts reflect expected short-run fill at my limit, a drift up as others recognize value, a medium-run peak, then mean reversion toward terminal value.",buy,7,,0,,130.97,4
4,trader-06,14.54,16.2,15.0,15.6,14.5,3,"I stick to my precommitted schedule: buy during periods 1–6 to accumulate (target: up to 10 shares total if cash allows), then sell during periods 11–16 to pare back to my baseline 4 shares (target sell price ≥ $16.00). Fundamental PV ≈ $14.54 now; I expect modest speculative upside toward my forecasts (~$15 in 2 periods, ~$15.6 in 5, ~$16.2 by period 11). With cash $123.21 I submit a buy limit for 3 shares at $14.50 (cost $43.50) to continue accumulating cheaply now; I will continue submitting similar buys in periods 5–6 if prices meet my limit and later post sells in periods 11–16 at ≥ $16.00 to realize profits and return to 4 shares.",buy,3,,0,,130.97,4
4,trader-07,16.0,18.0,20.0,24.0,16.0,3,"As a bubble-timer I still expect an early speculative upswing. No transactions yet, but I submit a buy limit at $16 for 3 shares to build a modest position I can resell into anticipated demand. Forecasts: immediate trade ≈ $16, a short-run rise to ≈ $20 in ~2 periods, up toward ≈ $24 by period 5 if momentum develops, and a partial correction toward ≈ $18 by period 10. Exit plan (precommitted and retained): sell about half my position once price ≥ $20, sell remaining shares at ≥ $22 or at the latest by period 12 if those targets are not met. I recognize no buyer is guaranteed; I limit size to 3 shares to manage cash and execution risk and will offer to lock gains as growth slows or targets are hit.",buy,3,,0,,130.97,4
4,trader-08,12.25,14.75,13.25,14.5,12.25,1,"I am a momentum chaser. After three null trading rounds I'm still optimistic that speculative interest can build, so I raise my bite slightly to improve chances of an early fill and avoid missing a rally. I expect a near-term trade around $12.25, then continued short-term extrapolated upside to roughly $13.25 in two periods and mid-teens in 5–10 periods if momentum builds. If prices start rising I'll consider raising bids and adding to my position; if prices dip I'll sell to cut exposure (stop-loss if price breaks below ~11). I plan to trim/take profits if a short-term rally pushes prices materially above fundamentals (around $15+).",buy,1,,0,,130.97,4
4,trader-09,14.0,14.0,14.2,14.5,0.0,0,"I am a precommitter and will adhere to my previously stated trading schedule. Schedule (repeated): Period 1: BUY 3 @ $13.50 (placed); Period 2: BUY 2 @ $13.50 (placed); Period 3: BUY 1 @ $13.50 (placed); Period 4: HOLD (this period); Period 5: SELL 3 @ $14.50; Period 6: SELL 3 @ $14.50; after period 6 hold remaining shares (keep 4) to collect dividends and the $14 terminal redemption. Fundamentals: expected per-period dividend ≈ $0.70 and terminal redemption $14 imply fair value near $14. I expect a modest short-term demand bump (near-term ~14.2) with a peak around period 5 (~14.5) before reversion to ~14 by period 10. My earlier buy orders in periods 1–3 did not fill, so my current inventory remains 4 shares and cash $123.21. Per my precommitment I will HOLD in period 4. Note that future sell orders (periods 5–6) will be placed at $14.50 as planned but will be limited to the shares I actually hold at those times (cannot sell more than inventory).",hold,0,,0,,130.97,4
4,trader-10,14.0,15.0,15.5,17.5,15.0,8,"Fundamental PV ≈ $14.00 but as a bubble timer I expect a short-term speculative upswing. I will submit a buy limit at $15.00 and purchase up to floor($123.21 / $15.00) = 8 shares to build a position I can resell if prices rise. My forecasts: near-term baseline $14, modest momentum to $15.50 in ~2 periods, peak ~ $17.50 by ~+5, then mean-revert to ~$15 by +10. Exit plan (precommitted): begin liquidating ~50% of my position if market price ≥ $17.00; sell remaining shares if price ≥ $18.00 or by period 11 (whichever comes first). If price fails to reach $17 by period 6 I will start trimming to limit downside. I do not assume a guaranteed buyer, so I keep staged sell thresholds and respect cash/position constraints.",buy,8,,0,,130.97,4
4,trader-11,33.5,28.0,34.5,32.0,33.0,3,"Fundamentals: expected remaining dividends ≈ 27 * 0.7 = 18.9 plus $14 redemption → fair value ≈ $32.9. I remain an overconfident contrarian and view the market as slightly undervaluing the asset. I expect a modest near-term bounce as others begin to notice (now ~33.5, +2 ~34.5), with gradual drift lower as dividends run off (+5 ~32, +10 ~28). I will follow my precommitted plan: submit a limit buy for 3 shares at $33 (uses $99 of my cash). I will track this $33 purchase price, avoid realizing losses (buy more on dips), and plan to trim / take profits only if price rallies into the mid-to-high $30s (rough exit zone ~$37–$40).",buy,3,,0,,130.97,4
5,trader-00,15.5,18.0,16.5,17.5,15.5,1,"Momentum chaser: with no transaction history I'm still optimistic a rally can form, so I add a small early long to avoid missing a run. I extrapolate a modest near-term uptick (now ~$15.50, 2 periods ~$16.50, 5 ~$17.50, 10 ~$18.00). I place a buy limit for 1 share at $15.50 and will raise bids if transaction prices begin to rise. I keep my mental stop-loss near $13.50 (will sell rather than wait on dips) and plan to trim positions to take profits once prices move above about $16.",buy,1,,0,23.75,139.12,4
5,trader-01,14.0,14.0,14.0,14.0,0.0,0,"Fundamental fair value: expected per-period dividend = (0.40+1.00)/2 = $0.70. Capitalized at the 5% cash return gives 0.70/0.05 = $14, and the terminal redemption is $14, so PV = $14 at all horizons. I follow my precommitted exit rules: buy only if market price < $13.30 (to obtain a meaningful excess return over cash) and sell only if market price > $14.70 (to capture >5% outperformance). With no transaction price this period and fair value equal to the cash benchmark, there is no expected excess return versus holding cash. Therefore I submit no order and hold my 4 shares.",hold,0,,0,23.75,139.12,4
5,trader-02,16.0,14.0,16.8,15.7,16.0,2,"I'm a noise trader and still feeling optimistic about short-term speculative demand. My immediate hunch is ~$16.00 and I expect a bit more in two periods if momentum builds (forecast_2 $16.80), with some mean reversion by period 5 and my longer-run anchor near $14.00. I submit a modest buy limit for 2 shares at $16.00 so I can participate without tying up too much cash (currently $130.97 and 4 shares). I keep my exit plan: if price jumps above $17 I'll sell to take quick profits; if price falls below $12 I'll become uneasy and may sell to cut losses. If momentum stays positive I may add later; otherwise I'll hold and collect dividends while watching triggers.",buy,2,,0,23.75,139.12,4
5,trader-03,15.0,14.0,14.8,14.3,15.0,3,"I'm an optimistic noise trader excited by possible short-run speculative demand, so I expect an immediate transaction around $15.00, with mild profit-taking to ~$14.80 in ~2 periods and gradual reversion toward my long-run anchor near $14.00 by period+10. I submit a buy limit for 3 shares at $15.00 (cost $45) from my $130.97 cash to try to ride short-run optimism. Precommitted exit plan: if the market rises above $16.00 I will sell to take profits; if prices drift below $14.00 I will stop adding and become cautious. I will not short or borrow.",buy,3,,0,23.75,139.12,4
5,trader-04,14.0,14.0,14.0,14.0,0.0,0,"Fundamental (risk‑neutral) valuation: expected per‑period dividend = 0.5*0.40 + 0.5*1.00 = $0.70; discounting at 5% with the $14 terminal redemption gives PV ≈ $14.00. At current and forecasted prices the expected yield equals the 5% cash return, so no arbitrage advantage. I precommitted to buy only if price ≤ $12.73 (giving ≥5.5% dividend yield + room for capital return) and to sell only if price ≥ $15. No transactions have occurred and market fundamentals remain anchored near $14, so I submit no order (hold) this period. Forecasts for now and short/medium horizons remain $14 under this arbitrage view.",hold,0,,0,23.75,139.12,4
5,trader-05,13.5,14.0,14.5,15.0,13.5,7,"My private fair value ~$14 and I remain overconfident I spot resale upside others miss. I repeat my contrarian buy limit at $13.50 for 7 shares (uses $94.50 of my $130.97 cash) to build position while I view this as a bargain. I will not sell below my purchase prices (avoid realizing losses), will add on dips (buy more if price < $12), and will take profits on winners (sell portions if price reaches $16+ or lock clear gains sooner). Forecasts: immediate fill likely near my limit, market drifts to $14.50 in 2 periods, peaks near $15 in medium run, mean-reverts to $14 by period 10.",buy,7,,0,23.75,139.12,4
5,trader-06,14.54,16.2,15.0,15.6,14.5,3,"I remain a precommitted accumulator: buy during periods 1–6 to accumulate (target: up to 10 shares total if cash allows), then sell during periods 11–16 to pare back to my baseline 4 shares (target sell price ≥ $16.00). My fundamental calculation (risk‑neutral expected dividend ~0.7 per period, 5% interest, $14 terminal) implies PV ≈ $14.54 now; I expect modest speculative upside so prices drift toward my forecasts (~$15 in 2 periods, ~$15.6 in 5, ~$16.2 by period 11). None of my earlier buy orders filled, so I submit another buy limit for 3 shares at $14.50 (cost $43.50) using current cash $130.97. I will continue to submit similar buys in period 6 if prices meet my limit to reach my accumulation target, and later post sells in periods 11–16 at limits ≥ $16.00 to realize profits and return to 4 shares. I will follow this schedule regardless of intervening news.",buy,3,,0,23.75,139.12,4
5,trader-07,16.0,18.0,20.0,24.0,16.0,3,"I remain a bubble-timer and still expect an early speculative upswing. I forecast an immediate trade around $16 as buyers step in, a short-run rise to ≈ $20 in about 2 periods, a further momentum-driven peak near $24 by period+5, and a partial correction toward $18 by period+10. I submit a buy limit at $16 for 3 shares to build a modest position I can resell into anticipated demand (keeping size limited to manage cash/execution risk). My exit plan (precommitted and retained): sell about half my total position once price ≥ $20, sell remaining shares at ≥ $22 or at the latest by period 12 if those targets are not met. I recognize no buyer is guaranteed and will offer to lock gains as momentum slows or targets are hit.",buy,3,,0,23.75,139.12,4
5,trader-08,12.5,14.75,13.5,14.75,12.5,1,I am a momentum chaser and still optimistic that speculative interest can build after four null trading rounds. I raise my bite slightly to $12.50 to improve chances of an early fill so I don't miss a rally. If transaction prices rise I will extrapolate the uptrend and be willing to raise bids and add to my position; if prices dip I will sell to cut exposure (stop-loss if price breaks below roughly $11). I plan to trim/take profits if a short-term rally pushes prices materially above fundamentals (around $15+). This continues my precommitted opportunistic entry/exit schedule.,buy,1,,0,23.75,139.12,4
5,trader-09,14.5,14.0,14.0,14.0,14.5,3,"I am a precommitter and will follow my previously stated trading schedule. Repeating the schedule: Period 1: BUY 3 @ $13.50 (placed); Period 2: BUY 2 @ $13.50 (placed); Period 3: BUY 1 @ $13.50 (placed); Period 4: HOLD; Period 5: SELL 3 @ $14.50 (this order); Period 6: SELL 3 @ $14.50; after Period 6 hold remaining shares to collect dividends and the $14 terminal redemption. Current account: cash $130.97, shares 4. My view: prices are at a short-term peak now (hence forecast_0 = $14.50) and should revert toward fair value ≈ $14 over the next few periods (forecasts = $14.00). I therefore submit the precommitted, executable sell order for 3 shares at $14.50 now. (Note: future sells in Period 6 will be placed as planned at $14.50 but will be limited by whatever inventory I then hold.)",sell,3,,-3,23.75,212.73,1
5,trader-10,14.0,15.0,15.5,17.5,15.0,8,"Fundamental PV ≈ $14.00 but as a bubble timer I expect a short-term speculative upswing. I will build my position now with a buy limit at $15.00 (max = floor($130.97 / $15.00) = 8 shares). Forecasts: near-term baseline $14, modest momentum to $15.50 in ~2 periods, peak ~ $17.50 by +5, then mean-revert to ~$15 by +10. Exit plan (precommitted): begin liquidating ~50% of my position if market price ≥ $17.00 (for example, sell ~6 of 12 shares if filled), sell remaining shares if price ≥ $18.00 or by period 11 (whichever comes first). If price fails to reach $17 by period 6 I will start trimming to limit downside. I do not assume a guaranteed buyer, so I use staged sell thresholds and respect cash/position constraints.",buy,8,,0,23.75,139.12,4
5,trader-11,33.5,28.0,34.5,32.0,33.0,3,"Fundamentals: remaining dividends ≈ 26 * $0.7 = $18.2 plus $14 redemption → fair value ≈ $32.2. As an overconfident contrarian I believe the market still undervalues the asset and I will continue my precommitted accumulation plan. I submit a limit buy for 3 shares at $33 (uses $99 of my $130.97 cash). I will track this $33 purchase price, avoid realizing losses (buy more on dips), and plan to trim / take profits only if price rallies into the mid-to-high $30s (rough target exit zone ~$37–$40). Forecasts reflect my optimistic resale view (near-term bounce to ~$34.5) with gradual drift as dividends run off.",buy,3,,3,23.75,65.51,7
6,trader-00,24.5,30.0,26.0,28.0,25.0,5,"Momentum chaser: a transaction just appeared at 23.75, suggesting speculative interest. I extrapolate the uptick into the near term, so I raise my bid to $25 to get filled and increase my exposure rather than risk missing a rally. Buying 5 shares uses $125 of my $139.12 cash (leaving a small cash buffer). I retain my mental stop-loss near $13.50 (will sell rather than wait on dips) and plan to trim positions to take profits if prices move well above the mid-to-high twenties (target trimming above ~$28–30). Forecasts reflect an ongoing short-term momentum-driven rally.",buy,5,,5,20.0,50.08,9
6,trader-01,14.0,14.0,14.0,14.0,14.71,4,"Fundamental fair value = expected per-period dividend (0.40+1.00)/2 = $0.70 divided by 5% = $14; terminal redemption = $14, so PV = $14 at all horizons. I precommitted to sell when market price > $14.70 to capture meaningful >5% outperformance. The last transaction (period 5) was $23.75 (> $14.70), so I place a sell limit to lock profits: sell my 4 shares at a minimum of $14.71. If it does not fill, I will retain the precommitment and hold. Forecasts remain $14.00 at all horizons (fundamental value).",sell,4,,-4,20.0,230.08,0
6,trader-02,24.0,14.0,25.0,18.0,23.75,4,"I'm an optimistic noise trader but I stick to my exit plan: since the recent transaction jumped above $17 (23.75) I'll sell my 4 shares to take quick profits. My immediate and short-run hunches are still bullish (forecast_0 and forecast_2) reflecting speculative momentum, but I expect some mean reversion by a few periods out and my longer-run anchor remains $14.00. Selling all 4 at a limit of $23.75 captures the current speculative spike; if filled I'll collect the proceeds and earn interest/dividends thereafter. I retain my stop-loss thought (would consider selling if price < $12) for future periods.",sell,4,,0,20.0,150.08,4
6,trader-03,23.75,14.0,18.0,15.0,23.75,4,"My precommitted exit rule says sell if the market rises above $16.00 to lock in a quick profit. Period 5 showed a speculative spike (23.75), so I'm acting to take profits now. I expect an immediate trade around the recent spike (23.75) as short-run momentum may persist, but I forecast profit-taking and mean reversion over the next few periods (≈18.00 in ~2 periods, ≈15.00 in ~5, reverting toward my long-run anchor ≈14.00 by ~10). Selling all 4 shares at a limit of $23.75 follows my noise-trader habit of acting on enthusiasm and taking profits; I will not short or borrow.",sell,4,,0,20.0,150.08,4
6,trader-04,14.0,14.0,14.0,14.0,15.0,4,"Fundamental (risk‑neutral) PV ≈ $14.00. I precommitted to sell holdings when market price is >= $15. The last trade (period 5) was $23.75, clearly above my sell threshold, so I submit a sell limit at $15 for all 4 shares to realize an economically meaningful profit above the fundamental. I forecast prices will revert toward $14 in the short-to-medium run and will only buy if price ≤ $12.73. Maintaining arbitrage discipline: sell overpriced holdings, avoid new purchases absent a clear excess return.",sell,4,,-4,20.0,230.08,0
6,trader-05,23.75,14.0,16.0,14.0,23.75,2,"Public trade hit 23.75 last period. My precommitted plan is to take profits on winners once price reaches $16+, so I will sell a portion to lock gains while leaving upside. I expect the recent high to mean-revert toward my fair-value view (~$14), with a partial unwind over the next few periods (hence 16 in 2 periods, ~14 by period 5 and 10). I track purchase prices and avoid realizing losses on losing positions (so I only sell winners).",sell,2,,0,20.0,150.08,4
6,trader-06,14.54,16.2,15.0,15.6,14.5,3,"I remain a precommitted accumulator: buy during periods 1–6 to accumulate (target: up to 10 shares total if cash allows), then sell during periods 11–16 to pare back to my baseline 4 shares (target sell price ≥ $16.00). I will follow that schedule regardless of intervening news. My fundamental PV ~ $14.54 now and I expect modest speculative upside (forecasts: 14.54 now, 15.00 in 2, 15.60 in 5, 16.20 in 10). Per my plan I submit a buy limit for 3 shares at $14.50 this period (executable with current cash $139.12). If filled this brings my inventory toward my accumulation target; I will post sells in periods 11–16 at ≥ $16.00 to realize profits and return to 4 shares.",buy,3,,0,20.0,150.08,4
6,trader-07,24.0,18.0,26.0,22.0,23.75,2,"Public trade in period 5 jumped to 23.75 (volume 3) — momentum is strong short-run so I expect a slight immediate uptick to ~$24 and continued short-run strength (~$26 in 2 periods) before profit-taking pushes prices back toward the low-20s and then toward fundamentals (~$18) later. I am a bubble-timer with a precommitted exit plan: sell about half my position once price ≥ $20 and sell the remainder at ≥ $22 (or by period 12 at the latest). I therefore sell 2 shares now at the recent clearing price of $23.75 to lock gains, retaining 2 shares to offer later at my second-tranche target (≥ $22) or sooner if momentum and market conditions change.",sell,2,,0,20.0,150.08,4
6,trader-08,24.5,26.0,27.0,29.0,25.0,3,"I'm a momentum chaser. The recent transaction at 23.75 signals strong upward speculative interest, so I extrapolate the uptrend into the near term (expecting an immediate trade ~24.50, rising to the high-20s in a few periods). To avoid missing the rally I raise my bite and try to add to my position by bidding $25 for 3 shares (I have the cash to cover this). I retain my prior exit mindset (I planned to trim if prices moved materially above fundamentals (~$15+)), but given the clear momentum I will chase now while remaining ready to sell quickly if prices dip or momentum reverses (stop-loss discipline).",buy,3,,3,20.0,90.08,7
6,trader-09,14.0,14.0,14.0,14.0,14.5,1,"I am a precommitter and will follow my previously stated trading schedule. Schedule (repeated): Period 1: BUY 3 @ $13.50; Period 2: BUY 2 @ $13.50; Period 3: BUY 1 @ $13.50; Period 4: HOLD; Period 5: SELL 3 @ $14.50; Period 6: SELL 3 @ $14.50; after Period 6 hold remaining shares to collect dividends and the $14 terminal redemption. Actual fills so far: my Period 5 sell order filled for 3 shares (at the market clearing of $23.75), leaving me with 1 share now. Per the precommitment I submit the Period 6 sell at $14.50, but I can only sell up to my current inventory, so quantity=1. I expect the recent spike to have been a short-term demand anomaly and forecast transaction prices to revert to fundamental value near $14 over the next periods, hence forecast_0/2/5/10 = $14.00. After this period I will hold any remaining shares to collect dividends and the terminal $14 redemption (in practice I will have zero shares if this sell fills).",sell,1,,-1,20.0,244.37,0
6,trader-10,22.0,15.0,19.0,15.5,23.75,4,"Last period showed a strong speculative spike (price 23.75). As a bubble timer I now lock in gains: my precommitted exit plan called for beginning to liquidate ≥50% at ≥$17 and selling remaining shares at ≥$18 — both thresholds are met, so I will sell all 4 shares to realize profits rather than risking a rapid reversal. Short-term I expect some downward correction from the spike (now ~22), further tapering over 2 periods (~19) and mean-reversion toward fundamentals by ~5–10 periods (~15–15.5). Order: sell 4 shares at the last clearing price (23.75) to maximize chance of execution while following my staged exit plan.",sell,4,,0,20.0,150.08,4
6,trader-11,33.5,28.0,34.5,32.0,33.0,1,"I remain an overconfident contrarian: fundamentals (remaining dividends + redemption) imply fair value in the low 30s, and I view the recent 23.75 trade as an overreaction. I will stick to my precommitted accumulation plan (limit buy at $33) and add when I see dips. With $65.51 cash I can only place a 1-share buy at $33. I will track this $33 purchase reference, avoid realizing losses (hold through dips and buy more on declines if cash permits), and plan to trim/take profits only if price rallies into the mid-to-high $30s (target exit zone ~$37–$40). Forecasts reflect my optimistic resale view (near-term bounce to ~$34.5) with gradual drift lower as dividends run off.",buy,1,,1,20.0,55.79,8
7,trader-00,19.5,16.0,18.0,17.0,20.0,4,"Momentum chaser: the last two transactions (23.75 -> 20.00) show a clear dip. I extrapolate the downtrend in the near term, so I expect prices to fall further (now ~19.50, 2-period ~18.00, 5 ~17.00, 10 ~16.00). When prices dip I prefer to sell rather than wait, so I trim exposure now by selling 4 shares at $20 to lock in cash and reduce downside risk. I keep my mental stop-loss near $13.50 and remain ready to scale back in on confirmed upticks or to trim further if prices head back into the high-20s (my plan is to take profits above ~$28–30).",sell,4,,0,26.5,61.58,9
7,trader-01,14.0,14.0,14.0,14.0,0.0,0,"Fundamental fair value remains $14: expected per-period dividend = (0.40+1.00)/2 = $0.70 and capitalized at the 5% cash return gives 0.70/0.05 = $14; terminal redemption is $14 so PV = $14 at all horizons. I hold no shares after the Period 6 sale (filled at market $20.00) and keep my precommitted rules: buy only if market price < $13.30 (to secure a meaningful excess return over cash) and sell only if market price > $14.70. The last transactions (Periods 5–6 at $23.75 and $20.00) are well above my buy threshold, so I submit no order this period. Forecasts therefore remain $14.00 at all reported horizons.",hold,0,,0,26.5,241.58,0
7,trader-02,21.0,14.0,22.5,18.0,20.0,4,"I'm a noise trader and my short-term mood is optimistic about speculative demand (hence relatively high immediate and 2-period forecasts). My pre-committed exit plan says: take profits if price rises above $17. With the recent transaction at $20, I'll sell my 4 shares to lock in gains. If filled I'll collect proceeds and earn interest/dividends thereafter; if not filled I'll reconsider next period. I still keep the stop-loss thought (would consider selling if price falls below $12) and may re-enter if momentum stays strong.",sell,4,,0,26.5,161.58,4
7,trader-03,20.0,14.0,18.0,15.0,20.0,4,"My noise-trader precommitment is to take profits if the market rises above $16. The recent transaction at $20.00 suggests short-run speculative momentum, so I expect an immediate trade near $20.00, then some profit-taking to ~$18 in ~2 periods and gradual mean reversion toward ~$15 by period+5 and my long-run anchor ~$14 by +10. I will sell all 4 shares at $20.00 to lock in gains; I will not short or borrow.",sell,4,,0,26.5,161.58,4
7,trader-04,14.0,14.0,14.0,14.0,0.0,0,Fundamental (risk‑neutral) PV = expected per‑period dividend 0.5*0.40+0.5*1.00 = $0.70 discounted at 5% plus $14 terminal redemption → ≈ $14.00. I am a disciplined arbitrageur with a precommitted plan: buy only if price ≤ $12.73 (gives ≥5.5% dividend yield + room for capital return) and sell holdings only if price ≥ $15. Last transaction was $20 (period 6) so no attractive buy; I hold (no shares to sell). Forecasts reflect reversion toward fundamental $14 over short and medium horizons; no trade this period.,hold,0,,0,26.5,241.58,0
7,trader-05,20.0,14.0,16.0,14.0,20.0,2,"Stick to my contrarian, profit-taking plan. Recent public prices fell from 23.75 to 20.00; I want to lock gains on a winner rather than risk a larger unwind, so I sell a portion (2 of my 4 shares) at 20.00. I will not sell losers below their purchase price, so I only pare winning positions. I remain overconfident in longer-run upside but expect some mean reversion toward fair value (~14) over the next few periods (hence forecasts: now 20.0, 2 periods ~16.0, 5 and 10 periods ~14.0). I retain the precommitted schedule to take profits on winners and buy dips if prices fall substantially below my buy triggers.",sell,2,,0,26.5,161.58,4
7,trader-06,14.54,16.2,15.0,15.6,0.0,0,"I remain a precommitted trader. My schedule (stated originally) is: buy during periods 1–6 to accumulate (target up to 10 shares total if cash allows) using buy limits at $14.50, then sell during periods 11–16 to pare back to my baseline 4 shares (target sell price >= $16.00). I will follow that schedule regardless of intervening news. It is now period 7 (outside my buy window and before my sell window), so I hold. Current cash $150.08 and inventory 4 shares; I will post sell orders in periods 11–16 at limits >= $16.00 to realize gains if/when I have accumulated additional shares. Forecasts reflect my unchanged expectations (fundamental PV ~ $14.54 now with modest speculative upside to ~$15.00 in 2 periods, ~$15.60 in 5, and ~$16.20 by period 11–16 when I will begin selling).",hold,0,,0,26.5,161.58,4
7,trader-07,20.0,18.0,22.0,20.0,20.0,2,"My precommitted exit calls for selling about half my position once price ≥ $20. The last clearing was $20.00 (period 6) so I lock gains by placing a sell at $20 for 2 shares. Momentum has cooled from the earlier spike, so I expect a modest bounce to ~$22 in the short run (opportunistic buying) but then partial reversion toward the low-20s and toward fundamentals (~$18) later. I retain 2 shares to sell at my second-tranche target (≥ $22) or by period 12 if not met. I recognize no buyer is guaranteed and size is limited to manage execution risk.",sell,2,,0,26.5,161.58,4
7,trader-08,19.0,14.0,17.5,15.0,20.0,7,"I'm a momentum chaser and the recent trade dropped from 23.75 to 20.00 — a negative short-term signal. I prefer to cut exposure when prices dip rather than wait for a recovery, so I will attempt to sell my full position (7 shares) at $20.00 to get out quickly. My near-term forecasts extrapolate the downtrend (now ~$19, 2 periods ~$17.50, 5 periods ~$15) and converge toward the terminal redemption ($14) by period 10. I retain my prior exit mindset (trim on strong rallies above ~$15), but given this clear dip I choose to sell now to lock cash and avoid further downside.",sell,7,,0,26.5,101.58,7
7,trader-09,14.0,14.0,14.0,14.0,0.0,0,"I am a precommitter and will adhere to my originally stated trading schedule regardless of interim news. Schedule (repeated): Period 1: BUY 3 @ $13.50; Period 2: BUY 2 @ $13.50; Period 3: BUY 1 @ $13.50; Period 4: HOLD; Period 5: SELL 3 @ $14.50; Period 6: SELL 3 @ $14.50; after Period 6 hold remaining shares to collect dividends and the $14 terminal redemption. Current account: cash $244.37, shares 0. My earlier fundamental assessment (expected per-period dividend ≈ $0.70 and terminal redemption $14) implies fair value ≈ $14; despite recent volatile transaction prices I expect reversion to fundamental value. Because I currently hold zero shares I cannot sell, and my schedule calls for no further purchases beyond Period 3, so I submit HOLD (price=0, qty=0) this period. Forecasts (now, +2, +5, +10) all set to $14.00 consistent with my view that prices will revert to fundamental value over the medium term.",hold,0,,0,26.5,256.59,0
7,trader-10,20.0,15.0,19.0,15.5,20.0,4,"Fundamental PV ≈ $14, but a recent speculative spike pushed prices to 23.75 then corrected to 20.0. As a bubble timer I follow my precommitted exit plan: begin liquidating ≥50% at ≥$17 and sell remaining shares at ≥$18. The current market (20.0) exceeds my final exit threshold, so I will sell all 4 remaining shares to lock in profits rather than risk a faster reversal. Forecasts: near-term transaction ≈ $20 (expect execution at the last clearing price), slight further taper to ~$19 in 2 periods as momentum fades, then mean reversion toward fundamentals (~$15.5 by +5 and ~$15 by +10). I set a sell limit at $20.00 to maximize the chance of execution; if it does not fill I will continue staged liquidation in subsequent periods per my plan.",sell,4,,-1,26.5,188.41,3
7,trader-11,33.5,28.0,34.5,32.0,33.0,1,"I remain an overconfident contrarian. The recent $20 trade looks like an overreaction; fundamentals (expected remaining dividends + $14 redemption) imply fair value in the low-30s, so I expect a near-term bounce (now ~$33.5, +2 ~$34.5) with gradual drift as dividends run off (+5 ~$32, +10 ~$28). I will follow my precommitted plan: add on dips and avoid realizing losses. With only $55.79 cash I can buy 1 share at my reference $33 purchase price, so I submit a limit buy for 1 share at $33. I will hold through further dips and only trim/take profits if price rallies into the mid-to-high $30s (~$37–$40).",buy,1,,1,26.5,39.75,9
8,trader-00,27.5,32.0,29.5,31.0,28.0,2,"Momentum chaser: the recent transaction jump (20.0 -> 26.5) looks like a fresh uptick, so I extrapolate a continued near-term rally. I bias my forecasts upward (now ~27.5, 2 periods ~29.5, 5 ~31.0, 10 ~32.0). To avoid missing the run I will raise my bid and try to add a small position: submit a buy limit at $28 for 2 shares (uses ~$56 of my $61.58 cash). I keep my mental stop-loss near $13.50 and plan to trim/take profits if prices move well above the high-20s (~$30+).",buy,2,,2,27.0,12.36,11
8,trader-01,14.0,14.0,14.0,14.0,0.0,0,"Fundamental fair value = expected per-period dividend (0.40+1.00)/2 = $0.70, capitalized at the 5% cash return => 0.70/0.05 = $14. Terminal redemption is $14, so PV = $14 at all horizons. I retain my precommitted trading rules: buy only if price < $13.30 (to secure a meaningful excess return over cash) and sell only if price > $14.70 (to capture >5% outperformance). I currently hold zero shares and recent market prices (20–26.50) are well above my buy threshold, so I submit no order this period. Forecasts reflect the fundamental valuation that other traders should rationally converge to over time.",hold,0,,0,27.0,253.66,0
8,trader-02,25.0,14.0,24.0,18.0,26.5,4,"I'm an optimistic noise trader and the recent transaction at $26.50 triggers my pre-committed exit rule to take profits above $17. Short-run I expect speculative demand to keep prices elevated (forecast_0 $25.00, forecast_2 $24.00) but I anticipate mean reversion over a few periods (forecast_5 $18.00) and my long-run anchor near $14.00 (forecast_10 $14.00). I'll try to sell all 4 shares at $26.50 to lock gains. If the order doesn't fill I'll reconsider next period; I still keep the stop-loss thought (would consider selling if price < $12).",sell,4,,0,27.0,171.26,4
8,trader-03,26.5,14.0,18.0,15.0,26.5,4,"I'm an excited noise trader and my precommitted rule is to take profits when the market rises above $16. The recent transaction spiked to $26.50, so I expect an immediate trade near $26.50 and will lock in gains by selling all 4 shares at $26.50. I anticipate profit-taking and mean reversion to about $18 in ~2 periods, ~$15 in ~5, and my long-run anchor near the $14 redemption by ~10 periods. I will not short or borrow.",sell,4,,-4,27.0,283.06,0
8,trader-04,14.0,14.0,14.0,14.0,0.0,0,"Fundamental (risk‑neutral) PV ≈ $14.00: expected per‑period dividend = 0.5*0.40 + 0.5*1.00 = $0.70, discounted at 5% plus $14 terminal redemption → ≈ $14. At a transaction price of $14 the expected dividend yield equals the 5% cash return, so no arbitrage. I follow my precommitted plan: buy only if price ≤ $12.73 (gives ≥5.5% dividend yield and room for capital return) and sell holdings only if price ≥ $15. I hold zero shares now and recent market trades (period 7 price $26.50) are well above my buy threshold, so no attractive buy; I therefore submit no order. Forecasts reflect reversion toward the fundamental $14 over short and medium horizons under my arbitrage view.",hold,0,,0,27.0,253.66,0
8,trader-05,26.5,14.0,16.0,14.0,26.5,2,"Public price just hit 26.50. I remain an overconfident contrarian who believes fair/terminal value is ~14, so I expect mean-reversion (hence forecasts: now 26.5, 2 periods ~16.0, 5 & 10 periods ~14.0). My precommitted trading rule is to take profits on winners once price reaches $16+, so I will sell 2 shares to lock gains while leaving upside on the remainder. I will not sell any losing positions below their purchase prices and will look to buy more on dips (buy if price < $12).",sell,2,,0,27.0,171.26,4
8,trader-06,26.5,16.2,22.0,18.0,0.0,0,"I remain a precommitted trader and will follow my original schedule: buy during periods 1–6 to accumulate (target up to 10 shares if cash allowed) and then sell during periods 11–16 to pare back to my baseline 4 shares (target sell limits >= $16.00). I am currently outside my buy window and before my sell window, so I hold this period. Fundamentals give a valuation near $14.54, but recent speculative trading has pushed actual transaction prices much higher (last trade $26.50), so my forecasts for what others may pay are elevated now and then slowly cool as speculation subsides: 26.50 now, ~22.00 in 2 periods, ~18.00 in 5, and ~16.20 in 10 (when I will begin posting sells at ≥ $16 to realize gains). Current cash $161.58 and inventory 4 shares; I will post sell orders in periods 11–16 per my plan regardless of intervening news.",hold,0,,0,27.0,171.26,4
8,trader-07,26.0,18.0,24.0,20.0,24.0,2,"As a bubble-timer I lock in gains now: public price spiked to 26.50 last period so my precommitted first-tranche exit (sell ~half once price ≥ $20) calls for selling 2 shares. I set a sell limit of $24 to secure a strong profit while remaining realistic about possible short-run retracement. I retain 2 shares to offer later at my second-tranche target (≥ $22) or by period 12 if that target is not met. Forecasts: immediate trade near the recent spike (~$26), short-run pullback as profit-taking starts (~$24 in 2 periods), further reversion toward the low-20s by period+5 (~$20) and toward fundamentals (~$18) later. I recognize no buyer is guaranteed, so I keep size limited to manage execution risk.",sell,2,,-2,27.0,227.16,2
8,trader-08,27.0,26.0,29.0,30.5,27.5,3,"I'm a momentum chaser. The latest transaction jumped to $26.50, signalling renewed upward momentum; I strongly dislike missing a rally so I'm willing to raise my bite to get filled and add to my position. With $101.58 cash I can buy 3 shares at $27.50 (3×27.50 = 82.50). I forecast a near-term continuation (now ~$27, +2 periods ~$29, +5 ~$30.5) but expect some mean reversion later (+10 ~$26). I will buy now to increase exposure to the rally but retain my stop-loss mindset: if prices dip materially I'll be prepared to sell quickly to lock cash and cut losses; I will also trim on clear overextensions well above fundamentals.",buy,3,,3,27.0,25.61,10
8,trader-09,14.0,14.0,14.0,14.0,0.0,0,"I am a precommitter and will adhere to my original trading schedule: Period 1 BUY 3 @ $13.50; Period 2 BUY 2 @ $13.50; Period 3 BUY 1 @ $13.50; Period 4 HOLD; Period 5 SELL 3 @ $14.50; Period 6 SELL 3 @ $14.50; after Period 6 hold remaining shares to collect dividends and the $14 terminal redemption. (I previously sold shares in Periods 5–6 and currently hold 0 shares with cash $256.59.) Fundamentals (expected per-period dividend ≈ $0.70 plus $14 terminal redemption, with 5% interest) imply fair value near $14 and I expect transaction prices to revert toward that level despite recent volatility. Because my schedule calls for holding now and I have no inventory to sell, I submit HOLD (price=0, qty=0). Forecasts for now and 2, 5, 10 periods ahead are all $14.00 consistent with my reversion-to-fundamentals view.",hold,0,,0,27.0,269.42,0
8,trader-10,26.5,15.0,21.0,16.0,26.5,3,"Public last clearing price spiked to 26.50 (period 7). As a bubble timer I follow my precommitted exit plan: begin liquidating ≥50% at ≥$17 and sell remaining at ≥$18. Those thresholds are met, so I will sell my remaining 3 shares to lock in profits rather than risk a reversal. Near-term I expect the surge to correct (now ~26.5, +2 ≈21.0) and then mean-reversion toward fundamentals over several periods (+5 ≈16.0, +10 ≈15.0). Order: sell 3 shares at last clearing price $26.50 to maximize execution probability and realize gains, retaining the staged sell discipline and cash/position constraints.",sell,3,,0,27.0,199.03,3
8,trader-11,33.5,28.0,34.5,32.0,33.0,1,"I remain an overconfident contrarian: fundamentals (remaining dividends + $14 redemption) imply fair value in the low-30s so recent dips look like overreactions. I will stick to my precommitted accumulation plan—buy on dips and avoid realizing losses—tracking my $33 reference purchase price. Cash only allows one share at $33, so I submit a limit buy for 1 share. I will hold through further dips and only trim / take profits if price rallies into the mid-to-high $30s (~$37–$40). Forecasts reflect my optimistic resale view (near-term bounce to ~$34.5) with gradual drift as dividends run off.",buy,1,,1,27.0,17.39,10
9,trader-00,28.0,33.0,30.0,31.5,0.0,0,"I'm a momentum chaser and view the recent jump to 27.00 as the start of a continued near-term rally, so my forecasts extrapolate that trend upward. I have very little cash ($12.36) so I cannot practically buy at current prices without first selling. I therefore hold this period (no order). I retain my mental stop-loss near $13.50 (will sell if prices dip toward that) and my plan to trim/take profits if prices move well above the high-20s (~$30+). If transaction prices rise and I can access cash later I'll try to raise bids to add; if prices dip I'll prefer to sell to avoid further losses.",hold,0,,0,,23.98,11
9,trader-01,14.0,14.0,14.0,14.0,0.0,0,"Fundamental fair value = expected per-period dividend (0.40+1.00)/2 = $0.70 capitalized at the 5% cash return => 0.70/0.05 = $14. Terminal redemption is $14, so PV = $14 at all horizons. I precommitted to buy only if price < $13.30 (meaningful excess return over cash) and sell only if price > $14.70 (capture >5% outperformance). Recent transaction prices (20–27) are well above my buy threshold and I currently hold 0 shares, so I submit no order this period and retain my precommitment. Forecasts therefore remain $14.00 for now and at the reported horizons.",hold,0,,0,,266.34,0
9,trader-02,26.5,14.0,25.0,18.0,27.0,4,"I'm a noise trader and I'm excited by recent speculative spikes (last trade $27.00). I stick to my pre-committed exit rule to take profits when price > $17, so I'll try to sell all 4 shares at $27.00 to lock gains. Shorter-run hunches remain optimistic (forecast_0 $26.50, forecast_2 $25.00) with expected mean reversion by a few periods (forecast_5 $18.00) and my long-run anchor $14.00. I retain my stop-loss thought (would consider selling if price < $12) for future periods.",sell,4,,0,,183.82,4
9,trader-03,27.0,14.0,18.0,15.0,0.0,0,"I'm a noise trader (seat 3) who has just taken profits on the recent spike and am now uneasy about buying at these heights. The immediate trade will likely be near the last price (~$27.00), but I expect profit-taking and mean reversion to about $18 in ~2 periods, ~$15 in ~5, and my long-run anchor ~$14 by ~10. I have a precommitted rule to take profits when prices exceed $16, so I will not enter a new position while the market remains well above that threshold. I'll hold cash this period and wait for a dip before adding exposure.",hold,0,,0,,297.21,0
9,trader-04,14.0,14.0,14.0,14.0,0.0,0,"Fundamental (risk‑neutral) valuation: expected per‑period dividend = 0.5*0.40+0.5*1.00 = $0.70; discounting at 5% with $14 terminal redemption → PV ≈ $14.00. I am a disciplined arbitrageur who buys only when price ≤ $12.73 (gives ≥5.5% dividend yield + room for capital return) and sells only when price ≥ $15. Last trade = $27.00 (period 8), well above my buy threshold and I hold zero shares, so I submit no order. Forecasts assume reversion toward the fundamental $14 in the short and medium run. I will reassess next period if public trades produce an economically meaningful excess return versus the 5% cash return.",hold,0,,0,,266.34,0
9,trader-05,27.0,14.0,16.0,14.0,27.0,2,"I remain an overconfident contrarian: my fair/terminal value ≈ $14, so I expect mean-reversion after the recent highs. My precommitted rule is to take profits on winners once price ≥ $16, so I will lock gains by selling 2 of my 4 shares at the recent market level (limit $27.00) while leaving the rest for potential further upside. I will not sell any shares at a loss and will buy more only if price falls below my dip trigger (< $12). Forecasts: immediate trade near $27, then a partial unwind toward ~$16 in ~2 periods and back to fair value ~$14 by periods 5–10.",sell,2,,0,,183.82,4
9,trader-06,27.0,16.2,22.0,18.0,0.0,0,"I remain the precommitted trader. My schedule (stated originally) is: buy during periods 1–6 to accumulate (target up to 10 shares total if cash allowed), then sell during periods 11–16 to pare back to my baseline 4 shares (target sell limits >= $16.00). I will follow that plan regardless of intervening news. It is now period 9 (outside my buy window and before my sell window), so I hold this period. Public trading has been very speculative (last trade $27.00), so I forecast elevated near‑term transaction prices that then cool as speculation subsides: $27.00 now, ~$22.00 in ~2 periods, ~$18.00 in ~5, and down toward ~$16.20 by ~10 periods. Current cash ($171.26) and inventory (4 shares) remain available to sell in periods 11–16 if prices meet my sell threshold (>= $16.00).",hold,0,,0,,183.82,4
9,trader-07,27.0,18.0,26.0,22.0,26.0,2,"I am a bubble-timer with a precommitted two-tranche exit. I already locked gains on 2 shares earlier and retain 2 shares now. Public price just hit 27.0; momentum may continue short-run but is volatile and likely to cool. My plan is to lock gains on the remainder at a strong price now rather than wait for a possible reversal (minimum planned exit was ≥ $22 by period 12). I therefore sell my remaining 2 shares at limit $26 to secure a high profit while still riding momentum. Forecasts: immediate trade near the last clearing (27), modest pullback but still high in 2 periods (~26), further reversion toward the low-20s by 5 periods (~22), and a move toward fundamentals (~18) by 10 periods. I recognize no buyer is guaranteed and keep size limited to my remaining inventory.",sell,2,,0,,240.52,2
9,trader-08,27.0,26.0,29.0,30.5,27.0,5,"I'm a momentum chaser: recent transaction jumped to $27 and short-term momentum looks strong, but price is well above my precommitted trim level (~$15). I will lock profits by trimming half my position now (sell 5 of 10) at the current market level to raise cash, earn interest, and reduce downside risk if momentum reverses. I still expect near-term continuation (now ~$27, +2 ~$29, +5 ~$30.5) with some mean reversion by +10 (~$26). I retain my stop-loss/trim discipline and will reassess next periods.",sell,5,,0,,36.89,10
9,trader-09,14.0,14.0,14.0,14.0,0.0,0,"I am a precommitter and will adhere to my original schedule: Periods 1–3 BUY 3/2/1 @13.50 (orders placed but did not fill); Period 4 HOLD; Periods 5–6 SELL 3/3 @14.50 (I sold 3 in P5 and 1 in P6 due to inventory, leaving 0 shares). After Period 6 I planned to hold remaining shares to collect dividends and terminal $14; currently cash = $256.59, shares = 0. Despite recent high transaction prices, I expect reversion to fundamental value ≈ $14 (expected per-period dividend ≈ $0.70 plus $14 redemption discounted at 5%). Therefore I submit HOLD (no order) this period and keep forecasts at $14.00 for now and the specified horizons.",hold,0,,0,,282.89,0
9,trader-10,27.0,15.0,22.0,17.0,27.0,3,"Market last cleared at $27.00 after a strong speculative run. As a bubble timer I will lock in gains per my precommitted exit plan (begin liquidating ≥50% at ≥$17; sell remaining at ≥$18). I expect execution near the last clearing price this period (forecast_0=$27.00), then a correction as momentum fades (forecast_2≈$22.00), further mean-reversion toward fundamentals by +5 (≈$17.00) and near-terminal reversion by +10 (≈$15.00). I therefore place a sell limit for all 3 remaining shares at $27.00 to realize profits now; if it does not fill I will continue staged liquidation no later than period 11.",sell,3,,0,,211.98,3
9,trader-11,33.5,28.0,34.5,32.0,0.0,0,"As an overconfident contrarian I continue to view fair value in the low-to-mid $30s and prefer to accumulate on dips and avoid realizing losses. My precommitted plan is to buy at my $33 reference when I have cash and only sell to take profits if price rallies into the mid-to-high $30s (~$37–$40). I currently lack sufficient cash to place my $33 buys, so I will hold this period and wait for a buying opportunity or a profitable rally.",hold,0,,0,,28.26,10
10,trader-00,27.5,33.0,29.5,31.0,0.0,0,"I'm a momentum chaser and remain optimistic the uptick that produced the $27 transaction can continue, so my forecasts extrapolate a near-term rally (now ~$27.50, 2 periods ~$29.50, 5 ~$31.00, 10 ~$33.00). I have very little cash ($23.98) so I cannot practically add exposure at current/expected prices without selling first. Thus I hold this period (no order). I retain my precommitted plan: mental stop-loss near $13.50 (will sell rather than wait on dips) and I will trim/take profits if prices move above the high-20s (~$30+). If transactions resume upward and I can access cash later I'll look to raise bids to chase the rally; if prices dip toward my stop I'll sell to protect capital.",hold,0,,0,26.0,36.18,11
10,trader-01,14.0,14.0,14.0,14.0,0.0,0,"Fundamental fair value = expected per-period dividend (0.40+1.00)/2 = $0.70 capitalized at the 5% cash return => 0.70/0.05 = $14. Terminal redemption is $14 so PV = $14 at all horizons. I follow my precommitted trading rules: buy only if market price < $13.30 (to secure a meaningful excess return over cash) and sell only if market price > $14.70 (to capture >5% outperformance). I currently hold 0 shares and recent transactions (periods 5–8 at 23.75, 20.00, 26.50, 27.00) are well above my buy threshold, so I submit no order this period and hold cash (which will earn the 5% interest). Forecasts therefore remain $14.00 for now and at the reported horizons.",hold,0,,0,26.0,279.66,0
10,trader-02,26.0,14.0,24.0,18.0,26.0,4,"I'm an optimistic noise trader and excited by recent speculative spikes (last trade $27.00). I stick to my pre-committed exit rule: take profits when price > $17. I'll attempt to sell all 4 shares at $26.00 to lock in gains but leave the price modestly below the last spike to increase fill chances. My short-run hunches are still elevated (forecast_0 $26.00, forecast_2 $24.00) with expected mean reversion over a few periods (forecast_5 $18.00) and my long-run anchor near $14.00. If the order doesn't fill I'll reconsider next period; if price falls below $12 I'll consider cutting losses per my stop-loss thought.",sell,4,,0,26.0,197.01,4
10,trader-03,27.0,14.0,18.0,15.0,0.0,0,"I'm still an uneasy noise trader who recently took profits when the market spiked. The last observed trade was $27.00 (period 8) and no trade occurred in period 9, so I forecast an immediate transaction near $27.00, followed by profit-taking and mean reversion (~$18 in 2 periods, ~$15 in 5, and my long-run anchor ~$14 by 10). I have a precommitted rule to avoid adding exposure while prices remain well above $16 (I sell when >$16), so I will hold cash this period and wait for a dip before buying.",hold,0,,0,26.0,312.07,0
10,trader-04,14.0,14.0,14.0,14.0,0.0,0,"I am a disciplined risk‑neutral arbitrageur. Fundamental PV (expected per‑period dividend 0.5*0.4+0.5*1.0 = $0.70, discounted at 5% plus $14 terminal redemption) ≈ $14.00, so at $14 the expected dividend yield equals the 5% cash return and there is no arbitrage. I precommitted to buy only when price ≤ $12.73 (to secure ≥5.5% periodic yield and room for capital return) and to sell holdings when price ≥ $15. Recent public trades (periods 5–8: 23.75, 20.00, 26.50, 27.00) are well above my buy threshold and I currently hold zero shares, so I will not trade this period. Forecasts reflect expected reversion toward the fundamental $14 over short and medium horizons. I will reassess if future public trades create a meaningful excess return versus the 5% cash rate.",hold,0,,0,26.0,279.66,0
10,trader-05,27.0,14.0,16.0,14.0,27.0,2,"Recent public trades reached $27 and my contrarian, profit-taking rule is to lock gains on winners once price ≥ $16. I therefore place a limit sell for 2 shares at $27 to realize gains while leaving the remainder for possible further upside. I remain confident the long-run fair/terminal value is about $14, so I expect mean reversion (hence forecasts: now $27, ~ $16 in 2 periods, ~$14 by 5 and 10 periods). I will not sell any shares at a loss and will look to buy more only if prices fall below my dip trigger (< $12). This preserves my precommitted exit plan and purchase-price discipline.",sell,2,,0,26.0,197.01,4
10,trader-06,27.0,16.2,22.0,18.0,0.0,0,"I remain the precommitted trader. My schedule (stated originally) is: buy during periods 1–6 to accumulate (target up to 10 shares total if cash allowed) using buy limits at $14.50, then sell during periods 11–16 to pare back to my baseline 4 shares (target sell limits >= $16.00). I will follow that schedule regardless of intervening news. It is now period 10 (outside my buy window and immediately before my sell window), so I hold this period. Forecasts reflect recent very speculative trades (last trans. at $27.00) with anticipation that speculation will cool: about $27.00 now, ~$22.00 in 2 periods, ~$18.00 in 5, and drifting toward ~$16.20 in ~10 periods when I will begin posting sell orders (periods 11–16) to realize gains if/when I hold more than my baseline. Current cash $183.82 and inventory 4 shares; I will post sell orders in periods 11–16 at limits >= $16.00 per my precommitment.",hold,0,,0,26.0,197.01,4
10,trader-07,24.0,18.0,22.0,20.0,24.0,2,"I am a bubble-timer and retain my precommitted two-tranche exit. I already locked gains on earlier shares and must sell the remaining 2 by period 12 at ≥ $22; with momentum cooling after the recent spike and a null trade in period 9, I choose to lock profits now with a realistic but strong sell limit of $24 for my 2 shares. I expect an immediate trade around $24, a modest pullback to ~$22 in two periods as profit-taking increases, further reversion toward ~$20 over five periods, and movement toward fundamentals (~$18) by ten periods. I recognize no buyer is guaranteed, so size is limited to my remaining inventory and I prefer to secure gains before the hard deadline.",sell,2,,-1,26.0,280.85,1
10,trader-08,27.5,26.0,29.5,31.0,28.0,1,"I'm a momentum chaser. Recent transactions jumped from 20.0 → 26.5 → 27.0, signalling renewed upward momentum; I expect near-term continuation (now ~27.5, +2 ~29.5, +5 ~31.0) with some mean reversion by +10 (~26.0). I strongly dislike missing a rally, so with limited cash I'll bid to add 1 share at $28 to increase exposure. If prices dip sharply I'll sell quickly to cut exposure; I'll also trim on clear overextensions (e.g. sustained trading above ~$30).",buy,1,,1,26.0,22.43,11
10,trader-09,14.0,14.0,14.0,14.0,0.0,0,"I am a precommitter and will adhere to my original trading schedule regardless of interim prices. Schedule (repeated): Period 1 BUY 3 @ $13.50; Period 2 BUY 2 @ $13.50; Period 3 BUY 1 @ $13.50; Period 4 HOLD; Period 5 SELL 3 @ $14.50; Period 6 SELL 3 @ $14.50; after Period 6 hold remaining shares to collect dividends and the $14 terminal redemption. In practice my earlier sell orders executed and I currently hold 0 shares with cash $282.89, so I cannot buy or sell under the precommitment and thus submit HOLD (price=0, qty=0). My forecasts reflect my fundamental view (expected per-period dividend ≈ $0.70 plus $14 terminal redemption discounted at 5%) and expectation of reversion to fundamentals: transaction prices now and in the near-to-medium term ≈ $14.00.",hold,0,,0,26.0,297.03,0
10,trader-10,26.0,15.0,22.0,17.0,26.0,3,"As a bubble timer I stick to my precommitted exit plan: begin liquidating once prices exceed $17 and finish by $18 or by period 11. The last clear price was $27.00 but there was no trade in period 9, so I expect a near-term mild correction (now ≈ $26.0, then ≈ $22 in 2 periods) and mean-reversion toward fundamentals (~$17 by +5 and ~$15 by +10). I will sell all 3 remaining shares to lock in gains before the anticipated downturn and before my period-11 deadline. I set the limit at $26.00 (slightly below the last spike) to increase the chance of execution while still capturing strong profit. I do not assume a guaranteed buyer, so I keep the staged exit discipline and will not exceed my inventory or cash constraints.",sell,3,,0,26.0,225.58,3
10,trader-11,33.5,28.0,34.5,32.0,0.0,0,"As an overconfident contrarian I continue to view fair value in the low-to-mid $30s (now ~$33.5, +2 ~$34.5) with gradual drift as dividends run off (+5 ~$32, +10 ~$28). I remain committed to my plan: accumulate at my $33 reference when I have cash, add on dips, avoid realizing losses, and only trim/take profits if price rallies into the mid-to-high $30s (~$37–$40). I currently have only $28.26 cash so I cannot place my $33 buys, and I will not sell into a dip—therefore I hold this period.",hold,0,,0,26.0,39.67,10
11,trader-00,25.5,20.0,24.0,22.0,26.0,6,"I'm a momentum chaser and the last visible transaction dipped from the high-20s to $26. When prices dip I prefer to sell rather than wait for recovery, so I extrapolate a short-term downtrend (now ~25.5, 2-period ~24.0, 5 ~22.0, 10 ~20.0). I will trim exposure to lock gains and protect cash by selling 6 shares at $26.00 (reduces inventory and frees cash). I keep my mental stop-loss near $13.50 and plan to scale back in only on a confirmed uptick; I still target profit-taking on strong rallies above ~$28–30 if they reappear.",sell,6,,0,28.5,48.99,11
11,trader-01,14.0,14.0,14.0,14.0,0.0,0,"Fundamental fair value = expected per-period dividend (0.40+1.00)/2 = $0.70 capitalized at the 5% cash return => 0.70/0.05 = $14. Terminal redemption is $14, so PV = $14 at all horizons. I am precommitted to buy only if market price < $13.30 (to secure a meaningful excess return over cash) and to sell only if market price > $14.70. Recent transactions (most recently $26.00) are well above my buy threshold and I currently hold 0 shares, so I submit no order and hold cash (which will earn the 5% interest). Forecasts remain the fundamental $14.00.",hold,0,,0,28.5,293.64,0
11,trader-02,25.0,14.0,24.0,18.0,25.0,4,"I'm a noise trader and remain excited by recent speculative spikes (recent trades in the mid-20s). My pre-committed exit rule is to take profits when price > $17, so I'll try to sell all 4 shares to lock in gains. I set the limit slightly below the last $26 trade to increase the chance of a fill. Short-run hunches: immediate ~25.0, 2 periods ~24.0, expect mean reversion to ~18.0 by ~5 periods and my long-run anchor ~14.0 by ~10 periods. If this order doesn't fill I'll reconsider next period; I still have a stop-loss thought (would consider selling if price < $12) for future periods.",sell,4,,0,28.5,210.86,4
11,trader-03,26.0,14.0,18.0,15.0,0.0,0,"I'm an uneasy noise trader (seat 3) who already took profits on the recent spike. Last trade was $26.00 so I expect an immediate transaction near $26.00, then profit-taking and mean reversion (~$18 in ~2 periods, ~$15 in ~5, and my long-run anchor near $14 by ~10). I have a precommitted rule to avoid adding exposure while prices remain well above $16 (I sell if >$16), so I will hold cash this period and wait for a dip before buying.",hold,0,,0,28.5,327.67,0
11,trader-04,14.0,14.0,14.0,14.0,0.0,0,"I am a risk‑neutral arbitrageur. Expected per‑period dividend = 0.5*0.40 + 0.5*1.00 = $0.70; discounting at the 5% cash rate and including the $14 terminal redemption gives PV ≈ $14.00. My precommitted rules: buy only if price ≤ $12.73 (to secure ≥5.5% yield + room for capital return) and sell holdings only if price ≥ $15. Recent public trades (most recently $26.00) are well above my buy threshold; I hold zero shares and cannot short. No economically meaningful excess return vs. cash exists at current prices, so I submit no order this period and forecast reversion toward the fundamental $14 over short and medium horizons.",hold,0,,0,28.5,293.64,0
11,trader-05,26.0,14.0,16.0,14.0,26.0,2,"Public trades remain elevated (last = $26.00). I stick to my precommitted profit-taking rule: once price ≥ $16 I will lock gains on a portion of my position while leaving upside. I therefore place a limit sell for 2 shares at $26.00 to realize gains now. I remain an overconfident contrarian who believes the long-run fair/terminal value ≈ $14, so I expect mean-reversion (≈ $16 in ~2 periods as a partial unwind, and ≈ $14 by periods 5 and 10). I will not sell any shares at a loss and will look to buy more only if prices fall below my dip trigger (< $12).",sell,2,,0,28.5,210.86,4
11,trader-06,26.0,16.2,22.0,18.0,0.0,0,"I remain the precommitted trader. My original schedule: buy during periods 1–6 to accumulate (target up to 10 shares if cash allowed) using buy limits at $14.50, then sell during periods 11–16 to pare back to my baseline 4 shares (target sell limits >= $16.00). I will follow that schedule despite intervening news. Current inventory is 4 shares (my baseline) and cash $197.01, so in period 11 there is nothing additional I must sell to return to baseline — therefore I hold this period (price=0, qty=0). Forecasts reflect recent very speculative trades (last trade ~$26) and my expectation that speculation will cool toward ~$16.20 over the longer run: now $26.00, in 2 periods $22.00, in 5 periods $18.00, in 10 periods $16.20. If I have accumulated shares above my baseline I will post sell orders in periods 11–16 at limits >= $16.00 to realize gains per my plan; otherwise I remain on hold.",hold,0,,0,28.5,210.86,4
11,trader-07,26.0,18.0,24.0,20.0,24.0,1,"I am a bubble-timer following my precommitted two-tranche exit. I already locked gains on earlier shares and must sell the remaining share by period 12 at ≥ $22. Recent trades show strong but cooling momentum (last clearing $26.00). I therefore place a sell limit of $24 to secure a good profit now while still allowing execution if momentum holds. Forecasts: immediate trade around $26 as some buyers still pay up, a modest retreat to ~$24 in 2 periods as profit-taking increases, further reversion toward the low-20s (~$20) in 5 periods, and movement toward fundamentals (~$18) by 10 periods. I retain the exit commitment: sell remaining share at ≥ $22 or by period 12 at the latest if this order does not fill.",sell,1,,-1,28.5,324.82,0
11,trader-08,26.0,14.0,24.0,20.0,26.0,6,"I'm a momentum chaser and the most recent trade slipped from 27.0 → 26.0. That dip is a negative short-term signal for me, and I prefer to lock profits rather than wait for a recovery. My precommitted plan is to trim when prices are materially above fundamentals (~$15), so I will sell 6 of my 11 shares at $26 to raise cash and reduce downside exposure. Forecasts extrapolate the short downturn (now $26, modestly lower in 2 periods ~$24, further toward mid-teens by period 5 ~$20, and converging to the $14 terminal redemption by period 10). If the order isn't filled I'll reassess next period, but given my stop-loss/trim discipline I'm selling into this dip.",sell,6,,0,28.5,34.55,11
11,trader-09,14.0,14.0,14.0,14.0,0.0,0,"I am a precommitter and will adhere to my originally stated trading schedule regardless of interim news. Schedule (repeated): Period 1: BUY 3 @ $13.50; Period 2: BUY 2 @ $13.50; Period 3: BUY 1 @ $13.50; Period 4: HOLD; Period 5: SELL 3 @ $14.50; Period 6: SELL 3 @ $14.50; after Period 6 hold remaining shares to collect dividends and the $14 terminal redemption. In practice my earlier sells executed and I currently hold 0 shares with cash $297.03, so I cannot and do not plan any trades now. My forecasts remain at fundamental value ≈ $14.00 (expected per-period dividend ≈ $0.70 plus $14 terminal redemption discounted at 5%) and I will hold (price=0, qty=0) this period.",hold,0,,0,28.5,311.88,0
11,trader-10,26.0,15.0,22.0,17.0,26.0,3,"Precommitted exit plan: I must finish liquidating by period 11 or when price ≥ $18. Public last clear = $26.00, well above my thresholds, so I will sell all 3 remaining shares to lock in profits rather than risk a reversal. I set the limit at the last clearing price ($26.00) to maximize execution probability while following staged exits. Forecasts: expect a short-term correction as momentum fades (~$22 in 2 periods), then mean-reversion toward fundamentals (~$17 by +5 and ~$15 by +10). I do not assume a guaranteed buyer, so I adhere to my deadline and staged sell discipline.",sell,3,,0,28.5,239.86,3
11,trader-11,33.5,28.0,34.5,32.0,33.0,1,"I remain an overconfident contrarian: fundamentals (remaining dividends + $14 redemption) imply fair value in the low-to-mid $30s, so the recent ~$26 trade looks like an overreaction. I will follow my precommitted accumulation plan and buy 1 share at my $33 reference (I have $39.67 cash so I can afford one share). I avoid realizing losses on my existing position, will add on dips, and will only trim/take profits if price rallies into the mid-to-high $30s (~$37–$40).",buy,1,,1,28.5,22.73,11
12,trader-00,29.5,34.5,31.5,33.0,29.5,1,"I'm a momentum chaser: the recent uptick to $28.50 looks like a renewed rally, so I extrapolate higher near-term prices (now ~$29.50, 2-period ~$31.50, 5 ~$33.00, 10 ~$34.50). I have limited cash ($48.99) so I add a small 1-share buy at $29.50 to avoid missing the run. I retain my mental stop-loss near $13.50 (will sell rather than wait on steep dips) and my plan to trim/take profits if prices move well above the high-20s (~$30+).",buy,1,,1,28.25,26.58,12
12,trader-01,14.0,14.0,14.0,14.0,0.0,0,"Fundamental fair value = expected per-period dividend (0.40+1.00)/2 = $0.70 capitalized at the 5% cash return => 0.70/0.05 = $14; terminal redemption is $14, so PV = $14 at all horizons. Last transaction (period 11) is $28.50, well above my precommitted buy threshold of $13.30. I hold 0 shares and will only buy if price < $13.30 (to secure a meaningful excess return over cash) or sell if price > $14.70. Cash will earn the 5% interest this period. I therefore submit no order and retain my precommitted trading rules.",hold,0,,0,28.25,308.32,0
12,trader-02,27.5,14.0,25.0,18.0,27.5,4,"I'm a noise trader and my pre-committed exit rule is to take profits when price > $17. The last trade was $28.50, so I'm excited and will attempt to sell all 4 shares to lock in gains. I set a limit slightly below the last spike ($27.50) to raise the chance of a fill. Short-run hunches remain elevated (now ~$27.50, in 2 periods ~$25.00) with mean reversion by ~5 periods (~$18.00) and my long-run anchor ~$14.00. I still consider a stop-loss if price falls below $12.",sell,4,,-3,28.25,310.79,1
12,trader-03,28.5,14.0,18.0,15.0,0.0,0,"I'm an uneasy noise trader who has already taken profits on the recent spike. Last trade was $28.50 so I expect an immediate transaction near that level, followed by profit-taking and mean reversion to about $18 in ~2 periods, ~$15 in ~5, and my long-run anchor near $14 by ~10. I have a precommitted rule to avoid adding exposure while prices remain well above $16 (I sell/avoid buying when >$16), so I will hold cash this period and wait for a dip below my $16 threshold before buying.",hold,0,,0,28.25,344.05,0
12,trader-04,14.0,14.0,14.0,14.0,0.0,0,"I am a disciplined risk‑neutral arbitrageur. Fundamental PV ≈ $14 (expected per‑period dividend $0.70 discounted at 5% plus $14 terminal redemption). I precommitted to buy only if price ≤ $12.73 (to secure ≥5.5% periodic yield and room for capital return) and to sell holdings only if price ≥ $15. Recent public trades (most recently $28.50) are well above my buy threshold and I hold zero shares, so no economically attractive trade now. I will wait for a price ≤ $12.73 to submit buy orders or for holdings to reach ≥ $15 to sell; forecasts reflect reversion toward the $14 fundamental over short and medium horizons.",hold,0,,0,28.25,308.32,0
12,trader-05,26.0,14.0,16.0,14.0,26.0,2,"Public trades are very high (last = $28.50). I remain an overconfident contrarian who believes fair/terminal value ≈ $14 and expect mean-reversion. My precommitted rule is to lock gains on winners once price ≥ $16 while leaving upside on the remainder, and never to sell at a loss. So I will sell 2 shares to realize profits (limit $26.00). Forecasts: immediate partial unwind to ~$26, further mean-reversion to ~$16 in ~2 periods, and back to fair value ~$14 by periods 5–10. I will only buy on deep dips (price < $12).",sell,2,,-2,28.25,281.53,2
12,trader-06,28.5,16.2,22.0,18.0,0.0,0,"I remain the precommitted trader. My original schedule (stated at the start and reiterated here) is: buy during periods 1–6 to accumulate (target: up to 10 shares total if cash allows) using buy limits at $14.50, then sell during periods 11–16 to pare back to my baseline 4 shares (target sell limits >= $16.00). I will follow that schedule regardless of intervening news. Current account: cash $210.86, inventory 4 shares (already at my baseline), so in period 12 I will hold (no trade). Forecasts reflect recent very speculative trades (last transaction 28.5) with expectation that speculation will cool over time toward my long‑run target (~$16.20) when I will post sell limits of at least $16.00 if/when I hold shares above my baseline.",hold,0,,0,28.25,223.0,4
12,trader-07,28.0,18.0,31.0,27.0,29.0,3,"I'm a bubble-timer and will try to re-enter a small position to ride continuing momentum. Public trades have spiked recently (last clearing 28.5) and total cash in the market remains high, so I expect an immediate trade near the high-20s (forecast_0 = 28.0) and a short-run push as momentum continues (forecast_2 = 31.0). I expect a partial pullback within a few periods as profit-taking begins (forecast_5 = 27.0) and eventual reversion toward fundamentals later in the session (forecast_10 = 18.0). I buy 3 shares at a limit of $29.00 (size modest to limit execution risk and consistent with my habit of small builds). Exit plan (precommitted now): sell about half the position once price ≥ $32 and sell the remainder at ≥ $34 or by period 20 at the latest if those targets are not met. I acknowledge no buyer is guaranteed and will adjust if momentum collapses; note I previously followed an earlier exit schedule (sold prior holdings by period 12) and retain disciplined, staged exits for this new position.",buy,3,,3,28.25,253.27,3
12,trader-08,29.0,28.0,31.0,33.0,29.5,1,"I'm a momentum chaser. The last transaction jumped to $28.50, signalling renewed upward momentum; I strongly dislike missing a rally so I'll raise my bite to try to add 1 share now (I can afford 1 at $29.50). I forecast short-term continuation (now ~$29, +2 ~$31, +5 ~$33) with some mean reversion by +10 (~$28). I retain my precommitted exit plan: if prices dip materially I'll sell quickly to cut exposure, and I will trim if the market sustains clear overextensions well above fundamentals (e.g. sustained trading above ~$30+).",buy,1,,1,28.25,11.42,12
12,trader-09,14.0,14.0,14.0,14.0,0.0,0,"I am a precommitter and will adhere to my originally stated trading schedule regardless of interim news. Schedule (repeated): Period 1: BUY 3 @ $13.50; Period 2: BUY 2 @ $13.50; Period 3: BUY 1 @ $13.50; Period 4: HOLD; Period 5: SELL 3 @ $14.50; Period 6: SELL 3 @ $14.50; after Period 6 hold remaining shares to collect dividends and the $14 terminal redemption. In practice my earlier sell orders executed and I currently hold 0 shares with cash $311.88, so there are no executable trades under my precommitment and my schedule calls for no further purchases. My fundamental view (expected per-period dividend ≈ $0.70 plus $14 terminal redemption, discounted at 5%) implies fair value near $14 and I expect transaction prices to revert toward that level. Therefore I submit HOLD (price=0, qty=0) this period and maintain forecasts of $14.00 for now and the indicated horizons.",hold,0,,0,28.25,327.47,0
12,trader-10,28.5,15.0,23.0,17.0,28.5,3,"Precommitted bubble-timer exit: I must finish liquidating my remaining position (3 shares) after the speculative run. Public last clear = $28.50, well above my sell thresholds (≥$17 then ≥$18). I do not assume a guaranteed buyer, but will attempt to lock in gains now by selling all 3 shares at the last clearing price to maximize execution chance. Forecasts reflect an immediate execution at the recent spike (now = $28.50), a short-term correction as momentum fades (~$23 in 2 periods), then mean-reversion toward fundamentals (~$17 by +5 and ~$15 by +10).",sell,3,,0,28.25,253.05,3
12,trader-11,33.5,28.0,34.5,32.0,0.0,0,"I remain an overconfident contrarian: fundamentals (expected remaining dividends + $14 redemption) imply fair value in the low-to-mid $30s. I expect a near-term bounce as the market recognizes value (now ~$33.5, +2 ~$34.5) with gradual drift lower as dividends run off (+5 ~$32, +10 ~$28). I lack sufficient cash this period (cash = $22.73) to place my precommitted $33 buy orders, and I will not sell into a dip — I avoid realizing losses and will only trim/take profits if price rallies into the mid‑to‑high $30s (rough target exit zone ~$37–$40). Therefore I hold this period and will resume buys at my $33 reference when I have cash.",hold,0,,0,28.25,28.27,11
13,trader-00,28.0,24.5,26.5,25.5,28.25,4,"I'm a momentum chaser. The recent tiny dip from 28.50 -> 28.25 looks like a possible short-term rollover, and when prices dip I prefer to sell rather than wait. Given limited cash and that prices remain above my assessment of fair value, I'll trim exposure and lock cash by selling 4 shares at $28.25. I keep my mental stop-loss near $13.50 and will scale back in only on a confirmed uptick; I'll still try to take profits on stronger rallies if prices move well above the high-20s/low-30s.",sell,4,,0,29.0,32.71,12
13,trader-01,14.0,14.0,14.0,14.0,0.0,0,"Fundamental fair value = expected per-period dividend (0.40+1.00)/2 = $0.70 capitalized at the 5% cash return => 0.70/0.05 = $14. Terminal redemption is $14, so PV = $14 at all horizons. I am precommitted to buy only if price < $13.30 (to secure a meaningful excess return over cash) and to sell only if price > $14.70 (to capture >5% outperformance). Recent transaction prices (20–28) are well above my buy threshold and I hold 0 shares, so no trade this period. Cash will earn the 5% interest post-trade. Forecasts therefore remain $14.00 now and at +2, +5, +10 horizons.",hold,0,,0,29.0,323.74,0
13,trader-02,27.0,14.0,25.0,18.0,27.5,1,"I'm an optimistic noise trader and my pre-committed exit rule is to take profits whenever price > $17. The last trade was $28.25, so I'm excited and will try to sell my remaining 1 share to lock in gains. Near-term I expect speculative demand to keep prices elevated (now ~$27, in 2 periods ~$25) but I anticipate mean reversion over several periods (~$18 by ~5 periods) and my long-run anchor ~$14 by ~10 periods. I set a slightly below-last-spike sell limit ($27.50) to increase fill chances while still capturing strong profit. I retain my stop-loss thought (would consider selling if price < $12) for future periods.",sell,1,,0,29.0,326.73,1
13,trader-03,28.25,14.0,18.0,15.0,0.0,0,"I'm an uneasy noise trader who recently took profits on the big spike. The last transaction was $28.25, so I expect an immediate trade near that level, then profit-taking and mean reversion to about $18 in ~2 periods, ~$15 in ~5, and my long-run redemption anchor ~$14 by ~10. I have a precommitted rule to avoid adding exposure while prices remain well above $16 (I sell when >$16), so I'll hold cash this period and wait for a dip below my $16 threshold before buying.",hold,0,,0,29.0,361.25,0
13,trader-04,14.0,14.0,14.0,14.0,0.0,0,"I am a disciplined risk‑neutral arbitrageur. Fundamental PV ≈ $14 (expected per‑period dividend $0.70 discounted at 5% plus $14 terminal redemption). I hold zero shares and recent public trades (most recently $28.25) are well above my buy threshold. I will only place buy orders when price ≤ $12.73 (to secure ≥5.5% periodic yield and room for expected capital return) and will sell holdings if price ≥ $15. No economically meaningful excess return versus the 5% cash rate exists now, so I submit no order and forecast reversion toward $14 over short and medium horizons.",hold,0,,0,29.0,323.74,0
13,trader-05,28.25,14.0,16.0,14.0,26.0,2,"I remain an overconfident contrarian: my private view of long-run/fundamental value is about $14 so I expect the recent spike to mean-revert. My precommitted rule is to take profits on winners once price ≥ $16 and never to sell losing positions below their purchase prices. Public trades are very high (last = $28.25), so I will lock gains by selling my remaining 2 shares (limit $26.00) while leaving some upside to market clearing. Forecasts: immediate near last trade (28.25), a partial unwind toward ~16 in ~2 periods, and mean reversion to fair value ~$14 by periods 5–10. I will only buy on deep dips (price < $12).",sell,2,,-2,29.0,356.51,0
13,trader-06,28.0,16.2,22.0,18.0,0.0,0,"I remain the precommitted trader. My original schedule (stated at the start and repeated here) is: buy during periods 1–6 to accumulate (target up to 10 shares total if cash allows) using buy limits at $14.50, then sell during periods 11–16 to pare back to my baseline 4 shares (target sell limits >= $16.00). Current account: Cash $223.00, Shares 4 (already at my baseline). It is period 13 (inside my sell window), but because I hold only my baseline inventory I will not sell this period — I hold. Forecasts: recent speculative trades keep near‑term transaction prices high but I expect cooling: about $28.00 now, ~$22.00 in 2 periods, ~$18.00 in 5, and drifting toward ~$16.20 in 10. If I had accumulated above my baseline I would post sell limits >= $16.00 during periods 11–16 to realize profits; given my current position I submit no order this period and will continue to follow my precommitted schedule.",hold,0,,0,29.0,235.75,4
13,trader-07,29.0,22.0,31.5,28.0,31.0,3,"I am a bubble-timer and the market shows strong momentum (last clearing 28.25, recent spikes). I expect an immediate trade in the high-20s (≈29), continued short-run push as momentum carries other buyers (≈31.5 in 2 periods), then some profit-taking causing a partial pullback (~28 in 5 periods) and a further reversion toward fundamentals over the longer horizon (~22 in 10 periods). I currently hold 3 shares; I buy 3 more (limit $31) to build a modest position to resell into continuing demand. My precommitment: sell about half the total position once price ≥ $32 and sell the remainder at ≥ $34 or by period 20 at the latest if those targets are not met. I limit size to manage execution and liquidation risk and acknowledge no buyer is guaranteed.",buy,3,,3,29.0,176.98,6
13,trader-08,29.0,28.0,31.0,33.0,28.0,6,"I'm a momentum chaser and the recent transaction (28.25) signals continued upside. I strongly dislike missing a rally, but I also have very low cash ($11.42) so I cannot buy up here. My precommitted rule is to trim when prices are materially above fundamentals (~$15), so I will lock profits by selling 6 of my 12 shares at $28.00 to raise cash and reduce downside exposure if momentum reverses. I forecast near-term continuation (now ~$29, +2 ~$31, +5 ~$33) with some mean reversion by +10 (~$28). If this order doesn't fill I'll reassess next period, and I'll sell further into any meaningful dip.",sell,6,,0,29.0,16.79,12
13,trader-09,14.0,14.0,14.0,14.0,0.0,0,"I remain a precommitter and will adhere to my originally stated trading schedule. Schedule (repeated): Period 1: BUY 3 @ $13.50; Period 2: BUY 2 @ $13.50; Period 3: BUY 1 @ $13.50; Period 4: HOLD; Period 5: SELL 3 @ $14.50; Period 6: SELL 3 @ $14.50; after Period 6 hold remaining shares to collect dividends and the $14 terminal redemption. In practice my earlier sell orders executed and I currently hold 0 shares with cash $327.47, so there are no executable trades under my precommitment and my schedule calls for no further purchases. My fundamental estimate (expected per-period dividend ≈ $0.70 plus $14 terminal redemption, discounted at 5%) implies fair value near $14, and I expect transaction prices to revert toward that level. Therefore I submit HOLD (price=0, qty=0) this period and maintain forecasts of $14.00 for now and the indicated horizons.",hold,0,,0,29.0,343.84,0
13,trader-10,28.25,15.0,23.0,17.0,27.0,3,"Precommitted bubble-timer exit: I must finish liquidating my remaining position (3 shares). Public last clear = $28.25; momentum looks likely to fade, so I lock in gains rather than wait for a larger but uncertain peak. I set a sell limit slightly below the last clearing price ($27.00) to increase execution probability while still capturing strong profit. Forecasts: expect near-term execution around the recent spike (now ≈ $28.25), a short-term correction as momentum fades (~$23 in 2 periods), then mean-reversion toward fundamentals (~$17 by +5 and ~$15 by +10). I do not assume a guaranteed buyer, so I liquidate all remaining shares now per my staged exit plan.",sell,3,,-1,29.0,296.95,2
13,trader-11,33.5,28.0,34.5,32.0,0.0,0,"Fundamentals (remaining dividends + $14 redemption) still imply fair value in the low-to-mid $30s; as an overconfident contrarian I expect a near-term bounce (now ~$33.5, +2 ~$34.5) with gradual drift as dividends run off (+5 ~$32, +10 ~$28). I remain committed to my precommitted plan to buy at my $33 reference and to avoid realizing losses; currently I have only $28.27 cash so I cannot place my $33 buys. I will therefore hold this period, buy on dips when I have cash, and only trim / take profits if price rallies into the mid‑to‑high $30s (rough target exit zone ~$37–$40).",hold,0,,0,29.0,34.08,11
14,trader-00,29.75,34.5,31.5,33.0,30.0,1,"I'm a momentum chaser: recent transactions (28.25 -> 29.00) look like a renewed uptick, so I extrapolate a continued near-term rally (now ~29.75, 2-period ~31.50, 5 ~33.00, 10 ~34.50). I have limited cash ($32.71) but strongly dislike missing a rally, so I raise my bid to $30.00 to try to add a small 1-share position. I retain my precommitted mental stop-loss near $13.50 (will sell rather than wait on steep dips) and plan to trim/take profits if prices move well above the high-20s/low-30s.",buy,1,,1,29.25,8.83,13
14,trader-01,14.0,14.0,14.0,14.0,0.0,0,"Fundamental fair value = expected per-period dividend (0.40+1.00)/2 = $0.70 capitalized at the 5% cash return => 0.70/0.05 = $14; terminal redemption is $14 so PV = $14 at all horizons. I am precommitted to buy only if market price < $13.30 (to secure a meaningful excess return over cash) and to sell only if market price > $14.70 (to capture >5% outperformance). Recent transactions (periods 5–13 up to $29.00) are well above my buy threshold and provide no arbitrage vs cash, so I submit no order. Cash will earn the 5% interest post-trade.",hold,0,,0,29.25,339.93,0
14,trader-02,28.0,14.0,26.0,18.0,28.0,1,"I'm an optimistic noise trader and my pre-committed exit rule is to take profits when price > $17. The last trade was $29.00, so I'm excited and will try to sell my remaining 1 share to lock in gains. My immediate hunch is slightly below the last spike (~$28.00) to improve fill chances; I expect some short-run mean reversion to ~$26 in two periods and more pronounced reversion to ~$18 by ~5 periods, with my long-run anchor near $14.00. I retain my stop-loss thought (would consider selling if price < $12) but here I choose to sell to capture current speculative demand.",sell,1,,-1,29.25,373.78,0
14,trader-03,29.0,14.0,18.0,15.0,0.0,0,"I'm an uneasy noise trader who already took profits on the spike and my precommitted rule is to avoid adding exposure while prices remain well above $16 (I sell if >$16). The last trade was $29.00 so I expect an immediate transaction near that level, followed by profit-taking and mean reversion to about $18 in ~2 periods, ~$15 in ~5, and my long-run redemption anchor ~$14 by ~10. I'll hold cash this period and wait for a dip below my $16 threshold before buying.",hold,0,,0,29.25,379.31,0
14,trader-04,14.0,14.0,14.0,14.0,0.0,0,"I am a risk‑neutral arbitrageur. Expected per‑period dividend = 0.5*0.40 + 0.5*1.00 = $0.70; discounting at 5% with the $14 terminal redemption gives fundamental PV ≈ $14.00. I have a precommitted plan: buy only if price ≤ $12.73 (to secure ≥5.5% periodic yield + room for capital return) and sell holdings only if price ≥ $15. I currently hold 0 shares and cannot short, and recent public trades (~$29) are well above my buy threshold, so no economically attractive trade now. Forecasts assume reversion toward the $14 fundamental over short and medium horizons. Therefore I submit no order (hold).",hold,0,,0,29.25,339.93,0
14,trader-05,29.0,14.0,16.0,14.0,0.0,0,"Last public trade was $29.00. I remain an overconfident contrarian who believes long‑run/fundamental value ≈ $14 and expect mean reversion (partial unwind to ≈ $16 in ~2 periods, back to ≈ $14 by periods 5–10). My precommitted trading plan: I only buy on deep dips (price < $12) and I avoid realizing losses; I take profits on winners (already done). With the market near $29 and I hold no shares, I will wait for a genuine dip rather than submit a buy order now.",hold,0,,0,29.25,374.34,0
14,trader-06,29.0,16.2,22.0,18.0,0.0,0,"I remain a precommitted trader. My original schedule (stated in period 1) is: buy during periods 1–6 to accumulate (target up to 10 shares total, using buy limits at $14.50), then sell during periods 11–16 to pare back to my baseline 4 shares (target sell limits ≥ $16.00). I will follow that schedule regardless of intervening news. Current account: cash $235.75, shares 4 (already at my baseline). It is period 14 (inside my sell window), but because I hold only my baseline inventory I will not sell this period — I hold (price=0, qty=0). Forecasts reflect very elevated recent speculative transaction prices (last transaction $29.00) with expectation that speculation will cool over time toward fundamentals (fundamental PV ≈ $14.54): forecast_0 = $29.00, forecast_2 = $22.00, forecast_5 = $18.00, forecast_10 = $16.20. If I had accumulated shares above my baseline I would post sell limits ≥ $16.00 during periods 11–16 to realize profits per my plan; given my current position I submit no order this period and will continue to follow my precommitted schedule.",hold,0,,0,29.25,249.14,4
14,trader-07,29.0,18.0,32.0,28.0,32.0,3,"I am a bubble-timer and recent momentum remains strong (last clear 29.0). I expect an immediate trade near the last clearing, a short-run push as momentum continues (~32 in 2 periods), then profit-taking and partial reversion (~28 in 5) and eventual move toward fundamentals later (~18 by 10). I retain my precommitted exit plan for the position I rebuilt in periods 12–13: sell about half once price ≥ $32 and the remainder at ≥ $34 or by period 20 at the latest. To follow that plan and lock gains if momentum carries prices higher, I place a sell limit for 3 shares at $32. I limit size to manage execution/liquidity risk and recognize no buyer is guaranteed.",sell,3,,0,29.25,188.23,6
14,trader-08,29.0,28.0,31.0,33.0,29.0,6,"I'm a momentum chaser and the recent transactions show continued upside (last = $29). My precommitted rule is to trim positions when prices trade materially above fundamentals (~$15) to lock profits and reduce downside risk. With very little cash on hand I want to raise liquidity while still retaining exposure to further upside, so I will sell 6 of my 12 shares at $29 (half my position). I forecast short-term continuation (+2 ~$31, +5 ~$33) but some mean reversion by +10 (~$28). If prices dip sharply I'll be prepared to sell more to cut exposure per my stop-loss discipline.",sell,6,,0,29.25,22.43,12
14,trader-09,14.0,14.0,14.0,14.0,0.0,0,"I am a precommitter and will adhere to the trading schedule I set in Period 1: Period 1 BUY 3 @ $13.50; Period 2 BUY 2 @ $13.50; Period 3 BUY 1 @ $13.50; Period 4 HOLD; Period 5 SELL 3 @ $14.50; Period 6 SELL 3 @ $14.50; after Period 6 hold remaining shares to collect dividends and the $14 terminal redemption. That schedule has been repeated in my prior rationales. In practice I currently hold 0 shares and cash $343.84, so there are no executable orders under that plan. My fundamental estimate (expected per-period dividend ≈ $0.70 plus $14 terminal redemption discounted at 5%) implies fair value near $14, and I expect transaction prices to revert toward that level despite recent volatility. Therefore I submit HOLD (price=0, qty=0) and set forecasts of $14.00 for now and the indicated horizons.",hold,0,,0,29.25,361.03,0
14,trader-10,29.0,15.0,24.0,18.0,28.5,2,"Public last clearing price = $29.00 (period 13). As a bubble-timer I expect the speculative spike to start fading: near-term a modest drop (+2 ≈ $24), further mean-reversion toward fundamentals by +5 (~$18) and near-terminal reversion by +10 (~$15). I have 2 shares remaining and my precommitted exit plan called for liquidating after the run; I prefer to lock in gains rather than wait for an uncertain higher peak. I therefore place a sell limit for my remaining 2 shares at $28.50 (slightly below the last clear price to raise execution probability). I do not assume a guaranteed buyer, so I keep the staged exit discipline and will accept any partial execution consistent with my inventory/cash constraints.",sell,2,,-1,29.25,342.91,1
14,trader-11,33.5,28.0,34.5,32.0,33.0,1,"As an overconfident contrarian I continue to view the market as undervaluing the asset relative to my optimistic resale view (I expect a near-term bounce to ~$33.5 and ~34.5 in two periods, with gradual drift later). I will follow my precommitted accumulation plan: buy at my $33 reference when I have cash, avoid realizing losses (buy more on dips), and only trim/take profits if price rallies into the mid‑to‑high $30s (~$37–$40). I have $34.08 cash so I place a limit buy for 1 share at $33.",buy,1,,1,29.25,9.87,12
15,trader-00,29.75,34.5,31.5,33.0,29.5,4,"Momentum chaser: recent transactions have been drifting up (28.25 -> 29.00 -> 29.25) so I extrapolate a continued near-term rally (now ~29.75, 2-period ~31.50, 5 ~33.00, 10 ~34.50). I have almost no cash, and my rule is to trim/take profits when prices move into the high-20s/low-30s, so I will sell 4 shares at $29.50 to lock gains and rebuild cash for future chasing. I retain my precommitted mental stop-loss near $13.50 and will scale back in only on a confirmed uptick; I plan to trim further if prices move well above the low-30s.",sell,4,,0,29.0,22.27,13
15,trader-01,14.0,14.0,14.0,14.0,0.0,0,"Fundamental fair value = expected dividend per period (0.40+1.00)/2 = $0.70 capitalized at the 5% cash return => 0.70/0.05 = $14. Terminal redemption = $14 so PV = $14 at all horizons. I am precommitted to buy only if market price < $13.30 (to secure a meaningful excess return over cash) and to sell only if market price > $14.70. Recent transaction prices (~$29) are well above my buy threshold and provide no arbitrage versus holding cash (which yields 5% interest), so I submit no order and hold cash. Forecasts retain the $14 fundamental value at the reported horizons.",hold,0,,0,29.0,356.93,0
15,trader-02,29.0,14.0,30.0,22.0,29.0,4,"I'm a noise trader and excited by the recent string of spikes (last trade $29.25). My immediate hunch is that momentum will keep prices elevated in the very short run (forecast_0 $29.00, forecast_2 $30.00) but I expect mean reversion over several periods (forecast_5 $22.00) and my long-run anchor near $14.00 (forecast_10 $14.00). I'll submit a modest, aggressive buy limit for 4 shares at $29.00 so I can participate in further speculative demand without tying up all my cash. I retain my pre-committed exit/stop-loss ideas: if price jumps higher I'll sell to take quick profits (original trigger noted earlier was $17) and if price falls below $12 I'll become uneasy and may cut losses. If momentum turns strongly positive I may add; otherwise I'll aim to resell to lock in gains while collecting dividends if I hold.",buy,4,,4,29.0,274.67,4
15,trader-03,29.25,14.0,18.0,15.0,0.0,0,"I'm an uneasy noise trader (seat 3) who has been taking profits on the recent spike. The last transaction was $29.25, so I expect an immediate trade near that level, then profit-taking and mean reversion to about $18 in ~2 periods, ~$15 in ~5, and my long-run redemption anchor of $14 by ~10. I have a precommitted rule to avoid adding exposure while prices remain well above $16 (I sell if >$16), so I will hold cash this period and wait for a dip below my $16 threshold before buying.",hold,0,,0,29.0,398.28,0
15,trader-04,14.0,14.0,14.0,14.0,0.0,0,"I am a disciplined risk‑neutral arbitrageur with $339.93 cash and 0 shares. My fundamental PV (expected per‑period dividend 0.5*0.40+0.5*1.00 = $0.70 discounted at 5% plus $14 terminal redemption) ≈ $14. I only buy when price ≤ $12.73 (to secure ≥5.5% periodic yield + room for capital return) and sell holdings when price ≥ $15. Recent public trades (~$23.75–$29.25) are well above my buy threshold and I cannot short, so there is no economically meaningful excess return vs. the 5% cash rate. Expect reversion toward the $14 fundamental over short and medium horizons, so I submit no order (hold).",hold,0,,0,29.0,356.93,0
15,trader-05,29.25,14.0,16.0,14.0,0.0,0,Last trade was $29.25. I remain an overconfident contrarian who sees long‑run/terminal value ≈ $14 and therefore expect mean reversion after the recent spike: a partial unwind to about $16 in ~2 periods and back to fair value ~$14 by periods 5–10. I have no shares now (already took profits previously) and my precommitted plan is to buy only on deep dips (price < $12) and to avoid realizing losses. With the market near $29 I will wait for a genuine dip rather than submit a buy; so I hold this period.,hold,0,,0,29.0,393.06,0
15,trader-06,29.25,16.2,22.0,18.0,0.0,0,"I remain the precommitted trader. My original schedule (stated at the start) is: buy during periods 1–6 to accumulate (target up to 10 shares if cash allowed) using buy limits at $14.50, then sell during periods 11–16 to pare back to my baseline 4 shares (target sell limits ≥ $16.00). I will follow that schedule regardless of intervening news. Current account: Cash $249.14, Shares 4 (already at baseline), so in period 15 I will not sell and therefore hold (no order). Forecasts reflect very elevated recent speculative transactions now and gradual cooling toward fundamentals: near‑term transaction price ≈ last trade $29.25, cooling to ≈ $22 in ~2 periods, ≈ $18 in ~5, and toward my long‑run speculative/fundamental target ≈ $16.20 in ~10 periods. I will post sell orders (limits ≥ $16.00) during periods 11–16 only if I hold shares above my baseline; otherwise I hold per my plan.",hold,0,,0,29.0,265.6,4
15,trader-07,29.5,18.0,32.0,28.0,32.0,3,"I am a bubble-timer and retain my precommitted staged exit for the position I rebuilt in periods 12–13: sell about half once price ≥ $32, then sell the remainder at ≥ $34 or by period 20 at the latest. Public momentum has been strong but growth has slowed around the high-20s; I expect an immediate trade near the last clearing (~$29.5) and a short-run push toward ~$32 as momentum tries to resume. To lock gains if that push arrives I place a sell limit for 3 shares at $32 (roughly half my 6-share position). If this order does not fill I will reassess and, respecting the deadline, aim to realize the rest at my second-tranche target or by period 20. Forecast_5 reflects expected profit-taking/backwardation toward fundamentals; forecast_10 is the terminal mean toward redemption.",sell,3,,0,29.0,203.64,6
15,trader-08,29.25,28.0,31.0,33.0,29.0,6,"I'm a momentum chaser: recent trades have run up into the high-$20s and short-term momentum looks intact, so I extrapolate near-term upside (now ~29.25, +2 ≈31, +5 ≈33) with some mean reversion by +10 (~28). However I have very little cash ($22.43) and my precommitted rule is to trim when prices trade materially above fundamentals (~$15) to lock profits and reduce downside risk if momentum reverses. I therefore attempt to sell half my position (6 of 12) at $29.00 to raise liquidity while retaining exposure to further upside. If prices dip I'll sell more quickly per my stop-loss discipline.",sell,6,,-3,29.0,123.9,9
15,trader-09,14.0,14.0,14.0,14.0,0.0,0,"I remain a precommitter and will adhere to the trading schedule I set in Period 1: Period 1 BUY 3 @ $13.50; Period 2 BUY 2 @ $13.50; Period 3 BUY 1 @ $13.50; Period 4 HOLD; Period 5 SELL 3 @ $14.50; Period 6 SELL 3 @ $14.50; after Period 6 hold remaining shares to collect dividends and the $14 terminal redemption. In practice my earlier buy orders did not fill and my sell orders in Periods 5–6 executed, so I currently hold 0 shares with cash $343.84 and there are no executable orders under my original plan. I therefore submit HOLD (price=0, qty=0) this period. Fundamentals (expected per-period dividend ≈ $0.70 plus $14 terminal redemption, discounted at 5%) imply fair value near $14, and I expect transaction prices to revert toward that level; forecasts for now and the specified horizons are $14.00.",hold,0,,0,29.0,379.08,0
15,trader-10,29.0,15.0,24.0,18.0,29.0,1,"Public last clearing = $29.25 (period 14). As a bubble timer I expect the speculative run to be near its peak and a correction to begin soon (near-term ~24, then mean-reversion toward fundamentals over several periods). I have 1 share remaining and my precommitted exit plan calls for liquidating remaining position after the run rather than risking a rapid reversal. To lock in gains I place a sell limit slightly below the last clearing price ($29.00) to maximize execution probability. I do not assume a guaranteed buyer and will accept this staged liquidation now to secure profits.",sell,1,,-1,29.0,390.51,0
15,trader-11,33.5,28.0,34.5,32.0,0.0,0,"I remain an overconfident contrarian. Fundamentals (remaining dividends + $14 redemption) imply fair value in the low‑to‑mid $30s; I expect a near‑term bounce to ~$33.5 and ~34.5 in two periods, with gradual drift to ~$32 by period+5 and ~$28 by +10. I have only $9.87 cash and cannot place my precommitted $33 buys, and I avoid realizing losses on my existing position — I will not sell into this dip. My stated plan is to accumulate at my $33 reference when I have cash, add on dips, and only trim/take profits if price rallies into the mid‑to‑high $30s (~$37–$40). Therefore I will hold this period (price=0, qty=0) and wait for either a buying opportunity or a clear rally to take profits.",hold,0,,0,29.0,22.36,12
16,trader-00,29.75,34.5,31.5,33.0,29.0,5,"I'm a momentum chaser and recent trades have been drifting in the high-20s (last = 29.00). I still expect the near-term rally to continue (now ~29.75, 2-period ~31.50, 5 ~33.00, 10 ~34.50). I have very little cash, and my rule is to trim/take profits when prices sit in the high-20s/low-30s, so I will sell 5 shares at $29.00 to lock gains and rebuild cash to chase further rallies. I retain my precommitted mental stop-loss near $13.50 and will scale back in only on confirmed upticks or trim further if prices move well above the low-30s.",sell,5,,-3,29.5,120.31,10
16,trader-01,14.0,14.0,14.0,14.0,0.0,0,"Fundamental valuation: expected per-period dividend = (0.40+1.00)/2 = $0.70. Capitalized at the 5% cash return gives an annuity value 0.70/0.05 = $14; terminal redemption is $14, so fair value = $14 at all horizons. I am precommitted to buy only if price < $13.30 (to secure a meaningful excess return over cash) and to sell only if price > $14.70. Recent transaction prices (~$29) are well above my buy threshold and offer no arbitrage versus holding cash (which yields 5% per period). I therefore submit no order and hold cash; forecasts reflect the fundamental fair value that arbitrage should enforce over time.",hold,0,,0,29.5,374.78,0
16,trader-02,30.0,14.0,31.0,23.0,30.0,4,"I'm a noise trader excited by the recent string of spikes (last trade $29.00, $29.25). My immediate hunch is that momentum will push the next transaction a bit higher (forecast_0 $30.00, forecast_2 $31.00), but I expect mean reversion over several periods (forecast_5 $23.00) and long-run anchor at the terminal redemption ~$14.00 (forecast_10). I will try to sell all 4 shares at $30.00 to lock in speculative gains if filled, per my pre-committed exit rule to take profits when price > $17. If the market falls below $12 I'll consider cutting losses; if momentum stays strong I may re-enter later.",sell,4,,0,29.5,290.0,4
16,trader-03,29.0,14.0,18.0,15.0,0.0,0,"I'm the same uneasy noise trader (seat 3) who has recently taken profits on the spike. The last transaction was ~$29, so I expect an immediate trade near $29. I still expect profit-taking and mean reversion to about $18 in ~2 periods, ~$15 in ~5, and my long-run redemption anchor near $14 by ~10. I have a precommitted rule to avoid adding exposure while prices remain well above $16 (I sell if >$16), so I'll hold cash this period and wait for a dip below my $16 threshold before buying.",hold,0,,0,29.5,418.19,0
16,trader-04,14.0,14.0,14.0,14.0,0.0,0,"I remain a disciplined risk-neutral arbitrageur. Fundamental PV ≈ $14 (expected per‑period dividend 0.70 discounted at 5% plus $14 terminal redemption). My precommitted rules: buy only if price ≤ $12.73 (to secure ≥5.5% periodic yield + room for capital return) and sell holdings if price ≥ $15. Most recent public trade = $29.00 (period 15), well above my buy threshold; I hold 0 shares and cannot short. No economically meaningful excess return vs. the 5% cash rate exists, so I submit no order (hold) and forecast reversion toward the $14 fundamental over short and medium horizons.",hold,0,,0,29.5,374.78,0
16,trader-05,29.25,14.0,16.0,14.0,0.0,0,Public prices remain very high (last ≈ $29). As an overconfident contrarian I still believe long‑run/terminal/fundamental value ≈ $14 and expect mean reversion: a partial unwind toward ~$16 over the next ~2 periods and back near ~$14 by periods 5–10. I have no shares now (previously took profits) and my precommitted plan is to buy only on deep dips (price < $12) and to avoid realizing losses. With the market near $29 I will wait for a genuine dip rather than submit a buy; therefore I hold this period.,hold,0,,0,29.5,412.71,0
16,trader-06,29.0,16.2,22.0,18.0,0.0,0,"I remain the precommitted trader. My schedule (stated originally): buy during periods 1–6 to accumulate (target up to 10 shares if cash allowed) using buy limits at $14.50, then sell during periods 11–16 to pare back to my baseline 4 shares (target sell limits >= $16.00). I will follow that schedule regardless of intervening news. Current account: Cash $249.14, Shares 4 (already at my baseline). It is period 16 (inside my sell window), but because I hold only my baseline inventory I will not sell this period — I hold (no order). Forecasts reflect very elevated recent speculative transaction prices now and gradual cooling toward fundamentals: near‑term transaction price ≈ $29.00, cooling to ≈ $22 in ~2 periods, ≈ $18 in ~5, and drifting toward my long‑run target ≈ $16.20 in ~10 periods. If I had accumulated shares above my baseline I would post sell limits >= $16.00 during periods 11–16 to realize profits per my plan; given my current position I submit no order this period and will continue to follow my precommitted schedule.",hold,0,,0,29.5,280.48,4
16,trader-07,29.5,18.0,32.0,28.0,32.0,3,"Public last clearing was $29.00 and momentum has been strong but growth has slowed in the high-20s. As a bubble-timer I retain my precommitted staged exit: sell about half my current 6-share position once price ≥ $32. I therefore place a sell limit for 3 shares at $32 to lock gains if the short-run push materializes. I forecast an immediate trade near $29.5, a short-run push to about $32 in ~2 periods, then profit-taking toward ~$28 in ~5 periods and eventual reversion toward fundamentals (~$18) later. I acknowledge no buyer is guaranteed; I keep size limited and will sell the remaining 3 shares at ≥ $34 or by period 20 if those targets are not met.",sell,3,,0,29.5,216.22,6
16,trader-08,29.5,28.0,31.0,33.0,30.0,3,"I'm a momentum chaser and recent trades in the high-$20s show continued upside. I hate missing a rally, so I raise my bite to try to add exposure now (3 shares at $30.00). I forecast a near-term uptick (~29.5 now, ~31 in 2 periods, ~33 in 5) with some mean reversion by +10 (~28). I retain my precommitted exit plan: if prices dip I'll sell quickly to cut exposure (stop-loss), and I will trim/lock profits if the market sustains clear overextensions well above fundamentals (~$15) or on a pronounced reversal.",buy,3,,3,29.5,41.97,12
16,trader-09,14.0,14.0,14.0,14.0,0.0,0,"I am a precommitter and I will adhere to my original trading schedule: Period 1 BUY 3 @ $13.50; Period 2 BUY 2 @ $13.50; Period 3 BUY 1 @ $13.50; Period 4 HOLD; Period 5 SELL 3 @ $14.50; Period 6 SELL 3 @ $14.50; after Period 6 hold remaining shares to collect dividends and the $14 terminal redemption. In practice my earlier sell orders executed and I currently hold 0 shares with cash $379.08, so there are no executable trades under my plan. My fundamental estimate (expected per-period dividend ≈ $0.70 plus $14 terminal redemption, discounted at 5%) implies fair value near $14, and I expect transaction prices to revert toward that level despite recent high transaction prices. Therefore I submit HOLD (price=0, qty=0) this period and maintain forecasts of $14.00 for now and the indicated horizons.",hold,0,,0,29.5,398.03,0
16,trader-10,29.0,15.0,25.0,19.0,0.0,0,"I am a bubble-timer and have already liquidated my position per my precommitted exit plan (begin trimming ≥$17, finish by ≥$18); I currently hold 0 shares and $390.51 cash. The last clearing price was $29.00; I expect a short-term correction as momentum fades (forecast_2 ≈ $25), continued mean-reversion toward fundamentals over several periods (forecast_5 ≈ $19, forecast_10 ≈ $15). Given the elevated price now I will not re-enter (too risky) and will wait for a lower re-entry point (I will consider buying only if price falls to the mid-teens, e.g. ≤ $16, and then apply a staged exit: begin liquidating ≈50% at ≥$17 and finish at ≥$18 or within a precommitted deadline after re-entry). I do not assume a guaranteed buyer and prefer to preserve cash rather than chase the current peak.",hold,0,,0,29.5,410.04,0
16,trader-11,33.5,28.0,34.5,32.0,0.0,0,"I remain an overconfident contrarian: fundamentals (remaining dividends + $14 redemption) imply fair value in the low‑to‑mid $30s, so I expect a near‑term bounce (now ~$33.5, +2 ~$34.5) with gradual drift as dividends run off (+5 ~$32, +10 ~$28). I have only $22.36 cash and cannot place my precommitted $33 buys, and I avoid realizing losses on my existing holdings. Therefore I will hold this period. I will resume buying at my $33 reference when I have cash, add on dips, and only trim/take profits if price rallies into the mid‑to‑high $30s (~$37–$40).",hold,0,,0,29.5,28.28,12
17,trader-00,30.0,34.5,31.5,33.0,30.0,4,"Momentum chaser: recent transactions have drifted up (last = 29.5) so I extrapolate a continued near-term rally (now ~30.00, 2-period ~31.50, 5 ~33.00, 10 ~34.50). I strongly dislike missing a rally, and with $120.31 cash I will use most of it to add exposure by bidding $30.00 for 4 shares (max affordable). I retain my precommitted mental stop-loss near $13.50 (will sell rather than wait on steep dips) and plan to trim/take profits if prices move into the mid-30s or higher. I will raise bids if transactions keep rising; if prices dip I will prefer to sell to protect cash.",buy,4,,3,29.63,38.19,13
17,trader-01,14.0,14.0,14.0,14.0,0.0,0,"Fundamental fair value = expected per-period dividend (0.40+1.00)/2 = $0.70, capitalized at the 5% cash return => 0.70/0.05 = $14; terminal redemption = $14, so PV = $14 at all reported horizons. I am a precommitted arbitrageur: buy only if price < $13.30 (to earn a meaningful excess return over cash) and sell only if price > $14.70 (to capture >5% outperformance). The most recent transaction (Period 16) was $29.50, well above my buy threshold, so there is no arbitrage opportunity vs holding cash. I therefore submit no order and hold cash (which will earn the 5% interest). Forecasts remain the $14 fundamental value now and at +2, +5, +10 periods.",hold,0,,0,29.63,393.52,0
17,trader-02,30.0,14.0,31.0,24.0,29.25,4,"I'm an optimistic noise trader and my pre-committed exit rule is to take profits whenever price > $17. Momentum looks strong (last trade $29.50) so I expect near-term prices to stay elevated (forecast_0 $30.00, forecast_2 $31.00) before mean reversion over several periods (forecast_5 $24.00) toward my long-run anchor (forecast_10 $14.00). I will try to sell all 4 shares to lock in gains, placing a limit slightly below the last spike ($29.25) to increase fill chances. I retain my stop-loss thought (would consider selling if price < $12) but here I prefer to realize profits now.",sell,4,,-4,29.63,428.95,0
17,trader-03,29.5,14.0,18.0,15.0,0.0,0,"I'm an uneasy noise trader (seat 3) who recently took profits on the spike and has a precommitted rule to avoid adding exposure while prices remain well above $16 (I sell if >$16). Last observed trade was $29.50, so I forecast an immediate transaction near $29.50, with profit-taking and mean reversion to about $18 in ~2 periods, ~$15 in ~5, and my long-run redemption anchor ~$14 by ~10. I hold cash this period and wait for a dip below my $16 threshold before buying.",hold,0,,0,29.63,439.1,0
17,trader-04,14.0,14.0,14.0,14.0,0.0,0,"I remain a disciplined risk‑neutral arbitrageur. Fundamental PV = expected per‑period dividend (0.5*0.40+0.5*1.00 = $0.70) discounted at 5% plus $14 terminal redemption ≈ $14.00. My precommitted rules: buy only if price ≤ $12.73 (to secure ≥5.5% dividend yield + room for capital return) and sell holdings if price ≥ $15. I hold 0 shares and cannot short; the most recent transaction (period 16) is $29.50, well above my buy threshold. Cash earns 5% per period, so there is no economically meaningful excess return from trading at current prices. I therefore submit no order (hold) and forecast reversion of transaction prices toward the $14 fundamental at all horizons. I will only place buy orders if public trades fall to ≤ $12.73 or sell if holdings reach ≥ $15.",hold,0,,0,29.63,393.52,0
17,trader-05,29.5,14.0,16.0,14.0,0.0,0,"Last public trade = $29.50. I remain an overconfident contrarian who believes long‑run/terminal/fundamental value ≈ $14 and therefore expect mean reversion: a partial unwind toward ~$16 in ~2 periods and back to ~$14 by periods 5–10. I currently hold no shares (I locked gains earlier) and my precommitted rule is to buy only on deep dips (price < $12) and to avoid realizing losses. With the market near $29.50 I will wait for a genuine dip rather than submit a buy order, so I hold this period.",hold,0,,0,29.63,433.35,0
17,trader-06,29.5,16.2,22.0,18.0,0.0,0,"I remain the precommitted trader. My original schedule (stated at period 1 and retained): buy during periods 1–6 to accumulate (target up to 10 shares total if cash allows) using buy limits at $14.50, then sell during periods 11–16 to pare back to my baseline 4 shares (target sell limits ≥ $16.00). I will follow that schedule regardless of intervening news. I am now in period 17 (outside my buy window and after my sell window) and hold the baseline 4 shares with cash available, so I submit no order this period. Forecasts: fundamentals give a PV near $14.54 but public speculative trading has pushed transaction prices very high recently (last trade 29.5), so I expect near‑term trades to remain elevated (forecast_0 = $29.50) and then gradually cool toward fundamentals (forecast_2 = $22.00, forecast_5 = $18.00, forecast_10 = $16.20). If I had accumulated shares above my baseline I would have posted sell limits ≥ $16.00 during periods 11–16 to realize profits per my plan; given my current position I hold and will continue to follow my precommitment.",hold,0,,0,29.63,296.1,4
17,trader-07,29.5,18.0,32.0,28.0,32.0,3,"Last clearing was $29.50 and momentum has been strong but growth has slowed in the high-20s. As a bubble-timer I retain my precommitted staged exit: sell about half my 6-share position once price ≥ $32. I therefore place a sell limit for 3 shares at $32 to lock gains if a short-run push materializes. I forecast an immediate trade near $29.50, a short-run push to about $32 in ~2 periods if momentum resumes, profit-taking back toward ~$28 in ~5 periods, and eventual reversion toward fundamentals (~$18) later. I acknowledge no buyer is guaranteed; I will sell the remaining 3 shares at ≥ $34 or by period 20 if those targets are not met.",sell,3,,0,29.63,229.43,6
17,trader-08,29.5,28.0,31.0,33.0,31.0,1,"I'm a momentum chaser. The most recent trade (29.5) and the string of high-20s transactions signal continued upside, and I strongly dislike missing a rally. I therefore bid to add a small amount (1 share at $31.00) to increase exposure while staying within my cash limit. I retain my precommitted exit discipline: if prices dip materially I will sell quickly to cut exposure, and I will trim if the market sustains clear overextensions well above fundamentals (~$15) or on a pronounced reversal.",buy,1,,1,29.63,18.16,13
17,trader-09,14.0,14.0,14.0,14.0,0.0,0,"I am a precommitter and will adhere to the trading schedule I announced in Period 1: Period 1 BUY 3 @ $13.50; Period 2 BUY 2 @ $13.50; Period 3 BUY 1 @ $13.50; Period 4 HOLD; Period 5 SELL 3 @ $14.50; Period 6 SELL 3 @ $14.50; after Period 6 hold remaining shares to collect dividends and the $14 terminal redemption. In practice my sell orders executed and I currently hold 0 shares with cash $379.08, so there are no executable orders under my plan. My fundamental estimate (expected per-period dividend ≈ $0.70 plus $14 terminal redemption, discounted at 5%) implies fair value near $14, and I expect transaction prices to revert toward that level despite recent high trading prices. Therefore I submit HOLD (price=0, qty=0) and set forecasts for now and the indicated horizons to $14.00.",hold,0,,0,29.63,417.93,0
17,trader-10,29.5,15.0,25.0,19.0,0.0,0,"I am a bubble-timer and previously liquidated my position per my precommitted exit plan. The market is still elevated (last clear 29.5) after a speculative run; I expect a short-term correction as momentum fades (≈25 in 2 periods), continued mean-reversion toward fundamentals over several periods (≈19 by +5, ≈15 by +10). I will not re-enter at these high prices to avoid catching a top. I will consider buying only if price falls to the mid-teens (≤ $16), at which point I will re-enter with a staged exit: liquidate ~50% at ≥ $17 and finish at ≥ $18 or within a short precommitted deadline after re-entry. For now I hold (price=0, qty=0) to preserve cash and maximize final wealth.",hold,0,,0,29.63,430.54,0
17,trader-11,33.5,28.0,34.5,32.0,0.0,0,"I remain an overconfident contrarian: fundamentals (remaining dividends + $14 redemption) imply fair value in the low‑to‑mid $30s, so recent sub‑30 trades look like overreactions. I expect a near‑term bounce (now ≈ $33.5, +2 ≈ $34.5) with gradual drift as dividends run off (+5 ≈ $32, +10 ≈ $28). I currently have only $28.28 cash so I cannot place my precommitted $33 buys; I will not sell into this dip (avoid realizing losses). I will hold this period, resume buying at my $33 reference when I have sufficient cash (adding on dips), and only trim / take profits if price rallies into the mid‑to‑high $30s (rough target exit zone ~$37–$40).",hold,0,,0,29.63,34.49,12
18,trader-00,30.0,34.5,31.5,33.0,30.0,1,"Momentum chaser: recent transactions have drifted up (last = 29.63), so I extrapolate a continued near-term rally. I strongly dislike missing runs and with $38.19 cash I will add a small 1-share position by bidding $30.00 to participate if the uptick continues. I retain my precommitted plan: mental stop-loss near $13.50 (will sell rather than wait on steep dips) and will trim/take profits if prices move into the mid-30s or higher.",buy,1,,1,29.75,14.46,14
18,trader-01,14.0,14.0,14.0,14.0,0.0,0,"Fundamental fair value = expected dividend per period (0.40+1.00)/2 = $0.70 capitalized at the 5% cash return => 0.70/0.05 = $14. Terminal redemption is $14 so PV = $14 at all horizons. I am a precommitted arbitrageur: buy only if market price < $13.30 (to earn a meaningful excess return over cash) and sell only if market price > $14.70 (to capture >5% outperformance). The most recent transaction (~$29.63) is well above my buy threshold, I hold 0 shares and will therefore submit no order this period. Forecasts reflect the fundamental value that arbitrage should enforce over time.",hold,0,,0,29.75,413.2,0
18,trader-02,30.0,14.0,31.0,24.0,30.0,4,"I'm a noise trader and excited by the recent string of spikes (last trade $29.63). My immediate hunch is that momentum will push the next transaction a bit higher (~$30.00) and maybe slightly higher in two periods (~$31.00). I expect mean reversion over several periods (~$24 by ~5 periods) and the terminal redemption $14.00 by period 10. I'll submit a modest, somewhat aggressive buy limit for 4 shares at $30.00 to re-enter and ride short-term speculative demand without tying up all my cash. I retain my pre-committed exit/stop-loss rules: sell to take quick profits if price rises well above my entry (original profit trigger > $17) and consider cutting losses if price falls below $12. If momentum stays strong I may add later; otherwise I'll aim to resell to lock in gains while collecting dividends if I hold.",buy,4,,4,29.75,327.05,4
18,trader-03,29.63,14.0,18.0,15.0,0.0,0,"I'm an uneasy noise trader (seat 3) who has just taken profits on earlier spikes and has a precommitted rule to avoid adding exposure while prices remain well above $16 (I sell if >$16). The last transaction was $29.63, so I expect an immediate trade near that level, with profit-taking and mean reversion to about $18 in ~2 periods, ~$15 in ~5, and my long-run redemption anchor ~$14 by ~10. Consequently I will hold cash this period and wait for a dip below my $16 threshold before buying.",hold,0,,0,29.75,461.06,0
18,trader-04,14.0,14.0,14.0,14.0,0.0,0,"Fundamental (risk‑neutral) PV ≈ $14.00 (expected per‑period dividend = 0.5*$0.40 + 0.5*$1.00 = $0.70, discounted at 5% plus $14 terminal redemption). I am a disciplined arbitrageur who buys only if price ≤ $12.73 (to secure ≥5.5% periodic yield and room for capital return) and sells holdings only if price ≥ $15. I hold 0 shares and the most recent public trades (~$29.63) are well above my buy threshold. Cash earns 5% per period, so there is no economically meaningful excess return to trading at current prices. I therefore submit no order (hold) and forecast reversion of transaction prices toward the $14 fundamental over short and medium horizons.",hold,0,,0,29.75,413.2,0
18,trader-05,29.63,14.0,16.0,14.0,0.0,0,"Public prices remain very high (last = $29.63). I am an overconfident contrarian who believes long‑run/terminal/fundamental value ≈ $14 and expect mean reversion: a partial unwind toward ~$16 in ~2 periods and back to ~$14 by periods 5–10. My precommitted trading plan is to buy only on deep dips (price < $12), avoid realizing losses, and take profits on winners (sell if price ≥ $16). I currently hold no shares and will wait for a genuine dip rather than submit a buy now, so I hold this period.",hold,0,,0,29.75,455.02,0
18,trader-06,29.63,16.2,22.0,18.0,0.0,0,"I remain the precommitted trader. My original concrete schedule (stated at the start and reiterated in every period) was: buy during periods 1–6 to accumulate (target up to 10 shares total if cash allows) using buy limits at $14.50, then sell during periods 11–16 to pare back to my baseline 4 shares (target sell limits ≥ $16.00). I will follow that schedule regardless of intervening news. That schedule is now complete and I currently hold my baseline inventory (Cash: $296.10, Shares: 4), so I submit no order this period (hold). Forecasts: given the recent sequence of very high speculative transactions (last trade = 29.63) I expect near-term trades to remain elevated but to cool over time toward fundamentals (fundamental PV ≈ $14.54). Hence forecast_0 = 29.63, forecast_2 = 22.00, forecast_5 = 18.00, forecast_10 = 16.20. I will only sell if I ever hold shares above my baseline during my precommitted sell window (periods 11–16) at limits ≥ $16.00; otherwise I hold.",hold,0,,0,29.75,312.51,4
18,trader-07,29.63,18.0,31.0,26.0,32.0,3,"I am a bubble-timer and I retain my precommitted staged exit for the 6 shares I rebuilt in periods 12–13: sell about half once price ≥ $32 and sell the remainder at ≥ $34 or by period 20 at the latest. Public momentum has slowed in the high-20s (last clear 29.63) but a short-run push could reach low-30s; therefore I submit a sell limit for 3 shares at $32 to lock gains if that push arrives. Forecasts: expect an immediate trade near the last clearing (~29.63), a possible short-run uptick to ~31.00 in two periods if momentum resumes, profit-taking to push prices back toward the mid-20s in ~5 periods, and eventual reversion toward fundamentals (~$18) by ~10 periods. I recognize no buyer is guaranteed; if this tranche does not fill I will still be obliged to sell remaining shares by period 20 (target ≥ $34) and will adjust orders to realize gains before larger corrections.",sell,3,,0,29.75,243.3,6
18,trader-08,29.63,28.0,31.0,33.0,29.5,6,"I'm a momentum chaser: recent transactions (last = $29.63) signal continued near-term upside so my short-horizon forecasts extrapolate the rally (+2 ≈ $31, +5 ≈ $33) with some mean reversion by +10 (~$28). However I have very little cash ($18.16) and my precommitted rule is to trim when prices are materially above fundamentals (~$15) to lock profits and raise liquidity. I therefore sell 6 shares at $29.50 (roughly half a typical trim) to raise cash while retaining exposure to further upside. If prices dip I will sell more quickly per my stop-loss/trim discipline; if momentum sustains strongly I may buy back later.",sell,6,,-6,29.75,209.29,7
18,trader-09,14.0,14.0,14.0,14.0,0.0,0,"I am a precommitter and will adhere to the trading schedule I announced in Period 1: Period 1 BUY 3 @ $13.50; Period 2 BUY 2 @ $13.50; Period 3 BUY 1 @ $13.50; Period 4 HOLD; Period 5 SELL 3 @ $14.50; Period 6 SELL 3 @ $14.50; after Period 6 hold remaining shares to collect dividends and the $14 terminal redemption. In practice my earlier sell orders executed and I currently hold 0 shares with cash $417.93, so there are no executable trades under that plan. My fundamental estimate (expected per-period dividend ≈ $0.70 plus $14 terminal redemption, discounted at 5%) implies fair value near $14. I therefore forecast transaction prices to revert toward $14 over the near-to-medium term (forecasts = $14.00) and submit HOLD (price=0, qty=0) this period.",hold,0,,0,29.75,438.83,0
18,trader-10,29.6,15.0,25.0,19.0,0.0,0,"Last clearing price = $29.63. As a bubble-timer I expect the speculative run to start fading: near-term mild correction to ≈$25 in 2 periods, further mean-reversion toward fundamentals (~$19 by +5) and close to terminal-like fundamentals (~$15 by +10). I currently hold 0 shares and $430.54 cash and will not re-enter at these elevated prices to avoid catching a top. I retain my precommitted re-entry rule: consider buying only if price falls to the mid-teens (≤ $16), with a staged exit (sell ~50% at ≥ $17 and finish at ≥ $18 or by a short deadline). Thus I submit a hold order (price=0, qty=0) to preserve cash and maximize final wealth.",hold,0,,0,29.75,452.07,0
18,trader-11,33.5,28.0,34.5,32.0,33.0,1,"I remain an overconfident contrarian: fundamentals (remaining dividends + $14 redemption) imply fair value in the low‑to‑mid $30s, so recent sub‑30 trades look like overreactions. I stick to my precommitted accumulation plan — buy at my $33 reference when I have cash, add on dips, and avoid realizing losses on existing holdings. I have $34.49 cash so I submit a limit buy for 1 share at $33. I will hold through dips and only trim/take profits if price rallies into the mid‑to‑high $30s (~$37–$40). Forecasts: near‑term bounce to ~$33.5 and ~34.5 in two periods, gradual drift to ~$32 by +5 and ~$28 by +10 as dividends run off.",buy,1,,1,29.75,10.18,13
19,trader-00,30.0,34.5,31.5,33.0,29.5,8,"I'm a momentum chaser. Recent transactions have been drifting up (last = 29.75) so I extrapolate a continued near-term rally (now ~30.0, 2-period ~31.5, 5 ~33.0, 10 ~34.5). However I routinely trim exposure when prices sit in the high-20s/low-30s to lock gains and rebuild cash so I can chase further rallies. I cannot buy now (very low cash), so I will sell 8 shares at $29.50 to realize profits, restore cash, and keep a smaller long stake for redemption and potential upside. I retain my mental stop-loss near $13.50 and plan to scale back in on confirmed upticks if transaction prices continue higher.",sell,8,,-6,30.25,208.96,8
19,trader-01,14.0,14.0,14.0,14.0,0.0,0,"Fundamental arbitrage view: expected per-period dividend = (0.40+1.00)/2 = $0.70; capitalized at the 5% cash return gives 0.70/0.05 = $14 and terminal redemption = $14, so fair value = $14 at all horizons. I am precommitted to buy only if price < $13.30 (to secure a meaningful excess return over cash) and to sell only if price > $14.70 (to capture >5% outperformance). Recent transaction prices (~$29–29.75) are well above my buy threshold, I hold 0 shares and there is no arbitrage opportunity versus holding cash. Therefore I submit no order this period and hold cash (which will earn the 5% interest). Forecasts reflect the fundamental value that arbitrage should enforce over time.",hold,0,,0,30.25,433.86,0
19,trader-02,30.0,14.0,31.0,24.0,30.0,4,"I'm an optimistic noise trader and excited by continued momentum (last trade $29.75). I will try to lock a quick profit per my pre-committed rule to take profits when price > $17. My immediate hunch is about $30.00 and a bit higher in two periods if momentum holds (~$31.00). I expect mean reversion over several periods (~$24.00) and the long-run anchor/terminal redemption near $14.00. I'll place a sell limit for all 4 shares at $30.00 (slightly above the last trade) to capture a small, quick gain while keeping to my exit plan.",sell,4,,0,30.25,345.0,4
19,trader-03,29.75,14.0,18.0,15.0,0.0,0,"I'm an uneasy noise trader (seat 3) who has taken profits on earlier spikes and has a precommitted rule to avoid adding exposure while prices remain well above $16 (I sell if >$16). The most recent transaction was $29.75, so I expect an immediate trade near that level, followed by profit-taking and mean reversion to about $18 in ~2 periods, ~$15 in ~5, and my long-run redemption anchor ~$14 by ~10. Given my rule and current cash position, I will hold cash this period and wait for a dip below my $16 threshold before buying.",hold,0,,0,30.25,484.11,0
19,trader-04,14.0,14.0,14.0,14.0,0.0,0,"I am a risk‑neutral arbitrageur. Expected per‑period dividend = 0.5*0.40 + 0.5*1.00 = $0.70; discounting at the 5% per‑period cash rate with the $14 terminal redemption gives a fundamental PV ≈ $14.00. My precommitted rules: buy only if price ≤ $12.73 (to secure a meaningful excess return vs. cash) and sell holdings only if price ≥ $15. The most recent public trade is $29.75 (period 18), well above my buy threshold, and I hold 0 shares, so there is no economically meaningful excess return versus the 5% cash return. I therefore submit no order (hold) and forecast reversion of transaction prices toward the $14 fundamental at short and medium horizons.",hold,0,,0,30.25,433.86,0
19,trader-05,29.75,14.0,16.0,14.0,0.0,0,"Public last trade is very high (~$29.75). I remain an overconfident contrarian who believes long‑run/terminal/fundamental value ≈ $14 and expect mean reversion: a partial unwind to ~ $16 in ~2 periods and back to ~$14 over the medium run. My precommitted rules: I only buy on deep dips (price < $12) and I avoid realizing losses. I have no shares now (I previously locked gains) and will wait for a genuine dip rather than submit a buy at these lofty prices, so I hold this period.",hold,0,,0,30.25,477.77,0
19,trader-06,29.75,16.2,22.0,18.0,0.0,0,"I am a precommitted trader. My concrete schedule (stated originally and repeated): buy during periods 1–6 to accumulate (target: up to 10 shares total if cash allows) using buy limits at $14.50, then sell during periods 11–16 to pare back to my baseline 4 shares (target sell limits >= $16.00). I will follow that schedule regardless of intervening news. That schedule is complete and I currently hold my baseline inventory (4 shares), so in period 19 I submit no order (hold). Forecasts: recent public trades have been very high (last trade 29.75), so forecast_0 = 29.75; I expect speculative demand to cool over time toward fundamentals, roughly forecast_2 = 22.00, forecast_5 = 18.00, and forecast_10 = 16.20. I would only have posted sells during my sell window (periods 11–16) if I had held shares above my baseline; having not accumulated extra shares, I hold now and will adhere to my precommitted plan.",hold,0,,0,30.25,329.74,4
19,trader-07,29.75,18.0,31.0,26.0,32.0,3,"I am a bubble-timer and retain my staged exit for the 6 shares I rebuilt: sell about half once price ≥ $32 and sell the remainder at ≥ $34 or by period 20 at the latest. Public momentum has slowed in the high-20s (last clear 29.75) but a short-run push to the low-30s is possible. I therefore place a sell limit for 3 shares at $32 to lock gains if that push materializes. Forecasts: expect an immediate trade near the last clearing (~29.75), a possible short-run uptick to ~31.0 in two periods if momentum resumes, profit-taking pushing prices toward the mid-20s in ~5 periods, and reversion toward fundamentals (~$18) later. I acknowledge no buyer is guaranteed; if this tranche does not fill I will be obliged to sell the remaining shares in the next period (period 20) to meet my 'by period 20' deadline, lowering my limit if necessary to realize gains.",sell,3,,0,30.25,257.87,6
19,trader-08,29.75,28.0,31.0,33.0,31.0,6,"I'm a momentum chaser. The last trade was $29.75 and the market has shown persistent upside; I strongly dislike missing a rally so I extrapolate near-term continuation (now ~$29.75, +2 ≈ $31, +5 ≈ $33) with some mean reversion by +10 (~$28). I will raise my bite to $31 and buy 6 shares to increase exposure while I can (I have the cash to cover this). I retain my precommitted exit/stop-loss discipline: if prices dip materially I'll sell quickly to cut exposure and I will trim profits on pronounced reversals or sustained overextensions above fundamentals (~$15).",buy,6,,6,30.25,34.38,13
19,trader-09,14.0,14.0,14.0,14.0,0.0,0,"I am a precommitter and will adhere to the trading schedule I announced in Period 1: Period 1 BUY 3 @ $13.50; Period 2 BUY 2 @ $13.50; Period 3 BUY 1 @ $13.50; Period 4 HOLD; Period 5 SELL 3 @ $14.50; Period 6 SELL 3 @ $14.50; thereafter hold remaining shares to collect dividends and the $14 terminal redemption. In practice my sell orders executed and I currently hold 0 shares with cash $438.83, so there are no executable trades under my original plan. My fundamental estimate (expected per-period dividend ≈ $0.70 plus $14 terminal redemption, discounted at 5%) implies fair value near $14, so I forecast transaction prices = $14.00 and submit HOLD (price=0, qty=0) this period.",hold,0,,0,30.25,460.77,0
19,trader-10,29.6,15.0,25.0,19.0,0.0,0,"Last clearing price is very elevated (≈$29.75). As a bubble-timer I previously fully liquidated per my precommitted exit plan and will not chase the current speculative peak. I expect a near-term mild correction (now ≈$29.6, ≈$25 in 2 periods) and continued mean-reversion toward fundamentals over several periods (≈$19 by +5 and ≈$15 by +10). I will preserve cash rather than re-enter at these high prices. I retain my re-entry rule: consider buying only if price falls to the mid-teens (≤ $16). If/when I re-enter I will use a staged exit (sell ~50% at ≥ $17 and finish at ≥ $18 or within a short deadline after re-entry) and I will not assume a guaranteed buyer. Holding cash earns interest and maximizes my chance to re-enter at a safer price, so I submit a hold (price=0, qty=0).",hold,0,,0,30.25,474.67,0
19,trader-11,33.5,28.0,34.5,32.0,0.0,0,"I remain an overconfident contrarian: fundamentals (remaining dividends + $14 redemption) imply fair value in the low‑to‑mid $30s so current sub‑30 trades look like overreactions. I will stick to my precommitted plan to accumulate at my $33 reference when I have cash, avoid realizing losses (do not sell into dips), and only trim/take profits if price rallies into the mid‑to‑high $30s (~$37–$40). I currently have only $10.18 cash so I cannot place my $33 buys; price (~29.75) is below my profit‑taking zone, so I hold this period.",hold,0,,0,30.25,15.89,13
20,trader-00,31.0,36.0,33.0,35.0,31.0,6,"Momentum chaser: last transaction was 30.25 and the run has been drifting higher, so I extrapolate the uptick into the near term (now ~31, 2p ~33, 5p ~35, 10p ~36). I strongly dislike missing rallies, have $208.96 cash, and will use most of it to add exposure by bidding $31 for 6 shares (max affordable) to participate in a continued upswing. I retain my precommitted mental stop-loss near $13.50 and plan to trim/take profits if prices move into the mid-30s or higher.",buy,6,,6,30.5,32.86,14
20,trader-01,14.0,14.0,14.0,14.0,0.0,0,"Fundamental arbitrage: expected per-period dividend = (0.40+1.00)/2 = $0.70; capitalized at the 5% cash return gives 0.70/0.05 = $14. Terminal redemption is $14, so fair value = $14 now and at the reported horizons. I remain precommitted: buy only if price < $13.30 (to earn a meaningful excess return over the 5% cash alternative) and sell only if price > $14.70. I currently hold 0 shares and recent transactions (~$30) are well above my buy threshold, so there is no arbitrage opportunity versus holding cash. I therefore submit no order and retain the precommitted schedule.",hold,0,,0,30.5,455.55,0
20,trader-02,30.0,14.0,31.0,24.0,30.0,4,"I'm a noise trader and stick to my pre-committed exit rule to take profits whenever price > $17. The last trade was $30.25 and I'm excited by continued momentum, so I'll try to sell all 4 shares to lock in gains. I set a limit slightly below the last spike ($30.00) to increase the chance of a fill. Short-term hunches are still bullish (now ~$30, in 2 periods ~$31) but I expect mean reversion over several periods (~$24) and the terminal redemption $14 by period 30. If the market falls below $12 I'll consider cutting losses per my stop-loss thought.",sell,4,,-1,30.5,395.48,3
20,trader-03,30.25,14.0,18.0,15.0,0.0,0,"I'm an uneasy noise trader (seat 3) who already took profits on earlier spikes and has a precommitted rule to avoid adding exposure while prices remain well above $16 (I sell if >$16). The most recent transaction was $30.25 so I expect an immediate trade near that level, followed by profit-taking and mean reversion to about $18 in ~2 periods, ~$15 in ~5, and the $14 redemption by period+10. Given my rule and current cash position, I will hold cash this period and wait for a dip below my $16 threshold before buying.",hold,0,,0,30.5,508.32,0
20,trader-04,14.0,14.0,14.0,14.0,0.0,0,"Fundamental (risk‑neutral) PV ≈ $14.00 (expected per‑period dividend $0.70 discounted at 5% plus $14 terminal redemption). I precommitted to buy only if price ≤ $12.73 (to secure a meaningful excess return vs. the 5% cash rate) and to sell holdings only if price ≥ $15. I hold 0 shares and the most recent public trades (~$30.25) are well above my buy threshold, so no economically attractive trade now. Forecasts reflect reversion toward the $14 fundamental at short and medium horizons; at the 10‑period horizon (period 30) use the terminal redemption anchoring price at $14. I therefore submit no order (hold) and will only act if public prices meet my precommitted thresholds.",hold,0,,0,30.5,455.55,0
20,trader-05,30.25,14.0,16.0,14.0,0.0,0,"Public last trade = $30.25. I remain an overconfident contrarian who believes long‑run/terminal/fundamental value ≈ $14 and therefore expect mean reversion (partial unwind to ~ $16 in ~2 periods, back to ~$14 by periods 5–10). I previously locked gains and currently hold 0 shares with $477.77 cash. My precommitted rules stand: buy only on deep dips (price < $12), avoid realizing losses, and take profits on winners. With the market near $30 I will wait for a genuine dip rather than submit a buy now, so I hold this period.",hold,0,,0,30.5,501.66,0
20,trader-06,30.25,16.2,22.0,18.0,0.0,0,"I remain the precommitted trader. My concrete schedule (stated originally) was: buy during periods 1–6 to accumulate (target up to 10 shares if cash allowed) using buy limits at $14.50, then sell during periods 11–16 to pare back to my baseline 4 shares (target sell limits >= $16.00). That schedule is complete; I currently hold my baseline (Cash $329.74, Shares 4) so I will not trade now and therefore hold. Forecasts reflect recent very high speculative transaction prices (last trade $30.25) with the expectation that speculation will cool over time toward fundamentals (fundamental PV ≈ $14.54 plus some speculative cushion): forecast_0 = $30.25, forecast_2 = $22.00, forecast_5 = $18.00, forecast_10 = $16.20. I would only have submitted sell orders during my sell window (periods 11–16) if I had held shares above my baseline; having not accumulated extra shares I adhere to my precommitment and hold now.",hold,0,,0,30.5,347.83,4
20,trader-07,30.5,18.0,31.0,26.0,30.0,6,"I am a bubble-timer with a precommitted staged exit. I previously planned to sell about half once price ≥ $32 and to sell the remainder at ≥ $34 or by period 20 at the latest. Period 20 is the deadline, and my remaining inventory is 6 shares. Momentum has slowed in the high-20s/low-30s (last clearing 30.25), so to lock in gains rather than risk a late reversal I will sell all 6 shares now at a realistic limit of $30. Forecasts: short-run price near the recent high (~30.5 now) with a possible small push to ~31 in two periods if momentum briefly resumes, followed by profit-taking toward the mid-20s in ~5 periods and eventual reversion toward fundamentals later (long-horizon ~18). I acknowledge no buyer is guaranteed, but setting $30 raises the probability of execution while respecting my exit commitment.",sell,6,,-6,30.5,462.91,0
20,trader-08,30.5,28.0,31.5,33.0,31.0,1,"I'm a momentum chaser: the last transaction ($30.25) shows continued upside, and I strongly dislike missing a rally. I forecast near-term continuation (now ~$30.5, +2 ≈$31.5, +5 ≈$33.0) with some mean reversion by +10 (~$28). With limited cash I will try to add a small amount (1 share) at $31.00 to increase exposure while staying within my cash limit. I retain my stop-loss/trim discipline: if prices dip materially I'll sell quickly to cut exposure and I will trim profits on pronounced reversals or sustained overextensions well above fundamentals.",buy,1,,1,30.5,9.67,14
20,trader-09,14.0,14.0,14.0,14.0,0.0,0,"I remain a precommitter and will adhere to my original trading schedule: Period 1 BUY 3 @ $13.50; Period 2 BUY 2 @ $13.50; Period 3 BUY 1 @ $13.50; Period 4 HOLD; Period 5 SELL 3 @ $14.50; Period 6 SELL 3 @ $14.50; after Period 6 hold remaining shares to collect dividends and the $14 terminal redemption. In practice my earlier sell orders executed and I currently hold 0 shares with cash $460.77, so there are no executable orders under my plan. My fundamental valuation (expected per-period dividend ≈ $0.70 plus $14 terminal redemption, discounted at 5%) implies fair value near $14, and I forecast transaction prices to revert toward that level. Therefore I submit HOLD (price=0, qty=0) this period and will continue to follow the stated schedule.",hold,0,,0,30.5,483.81,0
20,trader-10,30.0,14.0,25.0,19.0,0.0,0,"I am a bubble-timer and I have no shares (cash = $474.67). The market is extremely elevated (last clear = $30.25); per my precommitted strategy I will not chase the peak. I expect a mild near-term correction (now ≈ $30.0, 2 periods ≈ $25.0) and continued mean-reversion toward fundamentals (≈ $19 by +5). By period+10 (period 30) use the terminal redemption = $14.00. I will only consider re-entering if price falls to the mid-teens (≤ $16), at which point I will buy with a staged exit plan: sell ~50% at ≥ $17 and finish at ≥ $18 or by a short deadline after re-entry. Meanwhile I hold cash to earn interest and preserve the ability to re-enter at a safer price.",hold,0,,0,30.5,498.4,0
20,trader-11,33.5,28.0,34.5,32.0,0.0,0,"I remain an overconfident contrarian: I continue to view fair value in the low‑to‑mid $30s (now ~$33.5, +2 ~$34.5) with gradual drift as dividends run off (+5 ~$32, +10 ~$28). I will not sell into this sub‑profit zone (my profit‑taking target is mid‑to‑high $30s, ~$37–$40) and I only buy at my precommitted $33 reference price. With only $15.89 cash I cannot place my $33 buys, so I hold this period and avoid realizing losses, ready to add on dips when cash permits or to trim only if prices rally into my target exit zone.",hold,0,,0,30.5,21.88,13
21,trader-00,31.0,14.0,33.0,35.0,31.0,1,"Momentum chaser: the market has been drifting up (last = 30.50) so I extrapolate a near-term rally (now ~31.0, 2p ~33.0, 5p ~35.0). I have limited cash ($32.86) but strongly dislike missing runs, so I bid for 1 share at $31.00 to add exposure if the uptick continues. I retain my precommitted mental stop-loss near $13.50 (will sell rather than wait on steep dips) and plan to trim/take profits if prices move into the mid-30s or higher. Per instructions, the 10-period-ahead forecast uses the terminal redemption amount ($14) because that horizon is beyond the last trading period.",buy,1,,1,30.75,8.22,15
21,trader-01,14.0,14.0,14.0,14.0,0.0,0,"Fundamental fair value = expected per-period dividend (0.40+1.00)/2 = $0.70 capitalized at the 5% cash return => 0.70/0.05 = $14; terminal redemption is $14 so PV = $14 at all horizons. I am precommitted to buy only if market price < $13.30 (to secure a meaningful excess return over the 5% cash alternative) and to sell only if market price > $14.70 (to capture >5% outperformance). I currently hold 0 shares and recent transaction prices (~$30) are well above my buy threshold, so there is no arbitrage vs holding cash. Cash will earn 5% interest this period; therefore I submit no order and hold. Forecasts reflect the fundamental arbitrage value of $14 at now and at the reported horizons.",hold,0,,0,30.75,478.33,0
21,trader-02,30.0,14.0,31.0,24.0,30.0,3,"I'm a noise trader excited by continued speculative momentum (last trade $30.50). My pre-committed exit rule is to take profits whenever price > $17, so I'll try to sell my remaining 3 shares to lock in gains. I set a limit slightly below the last spike ($30.00) to raise the chance of a fill while still capturing strong profit. Near-term I expect prices to stay elevated (now ~$30.00, ~2 periods ~$31.00) with mean reversion over several periods (~$24.00 by ~5 periods) and my long-run anchor/terminal redemption at $14.00. I retain my stop-loss thought (would consider selling if price < $12) but right now I prefer to realize profits.",sell,3,,-3,30.75,512.12,0
21,trader-03,30.5,14.0,18.0,15.0,0.0,0,"I'm an uneasy noise trader (seat 3) who has already taken profits on prior spikes and I keep my precommitted rule: avoid adding exposure while prices remain well above $16 (I sell if >$16). The last trade was $30.50, so I expect an immediate transaction near $30.50, followed by profit-taking and mean reversion to about $18 in ~2 periods, ~$15 in ~5, and my long-run redemption anchor ~$14 by ~10. I will hold cash this period and wait for a dip below my $16 threshold before buying.",hold,0,,0,30.75,533.74,0
21,trader-04,14.0,14.0,14.0,14.0,0.0,0,"I am a disciplined risk‑neutral arbitrageur with $455.55 cash and 0 shares. Fundamental PV ≈ $14 (expected per‑period dividend $0.70 discounted at 5% plus $14 terminal redemption). Recent public trades (most recently $30.50) are well above my buy threshold ($12.73), and I hold no shares to sell (sell threshold $15). I will only buy if price ≤ $12.73 to secure a meaningful excess return over cash; otherwise I hold. Forecasts reflect reversion toward the $14 fundamental (forecast_10 uses terminal redemption when horizon extends beyond trading period 30).",hold,0,,0,30.75,478.33,0
21,trader-05,30.5,14.0,16.0,14.0,0.0,0,"Public last trade = $30.50. As an overconfident contrarian I still view long-run/terminal value ≈ $14 and expect mean-reversion (partial unwind toward ~$16 in ~2 periods, back to ~$14 over the medium run). I have no shares (I previously locked gains) and my precommitted rules are: buy only on deep dips (price < $12), avoid realizing losses, and take profits on winners (sell portions if price ≥ $16). With the market near $30 I will wait for a genuine dip, so I hold this period.",hold,0,,0,30.75,526.74,0
21,trader-06,30.5,14.0,22.0,18.0,0.0,0,"I remain the precommitted trader. My concrete schedule (stated originally) was: buy during periods 1–6 to accumulate (buy limits $14.50), then sell during periods 11–16 to pare back to my baseline 4 shares (sell limits ≥ $16.00). That schedule is complete and I currently hold my baseline (Cash $347.83, Shares 4), so I submit no order this period (hold). Forecasts: recent speculative trades keep near‑term transaction prices very high (last trade = $30.50) so forecast_0 = $30.50; I expect speculation to cool over a couple periods to about $22.00 (forecast_2) and to about $18.00 in ~5 periods (forecast_5). Ten periods ahead from now would fall beyond the last trading period, so per instructions I use the terminal redemption $14.00 for forecast_10. I will stick to my precommitment regardless of intervening news.",hold,0,,0,30.75,366.82,4
21,trader-07,30.5,14.0,33.0,28.0,31.0,4,"Public last clearing was $30.50 and short‑run momentum has been upward, so I expect an immediate trade near $30.5 and a continuing short‑run push to the low‑30s (forecast_2 = $33.0). Profit‑taking as the session progresses should push prices back into the high‑20s (forecast_5 = $28.0). Ten periods ahead is beyond the final trading period so use the terminal redemption ($14.00). As a bubble‑timer I will re‑enter modestly to ride further momentum but limit size to manage execution/liquidity risk: buy 4 shares at a limit of $31.00. Precommitted exit plan for this new position: sell about half (~2 shares) if price reaches ≥ $33 and sell the remainder at ≥ $34 or by period 26 at the latest if those targets are not met. I recognize no buyer is guaranteed and will adjust if momentum collapses; this keeps position small and liquidity manageable while aiming to lock gains before the final liquidation risk.",buy,4,,4,30.75,358.51,4
21,trader-08,30.5,14.0,31.5,33.0,30.5,6,"I'm a momentum chaser but I follow my precommitted rule to trim when prices trade materially above fundamentals (~$15) to lock profits and raise liquidity. The market has run to $30.50 and I expect short-term continuation (+2 ≈ $31.50, +5 ≈ $33.00) before eventual mean reversion and, beyond the final trading period, the $14 redemption. With very low cash I will sell 6 shares at the current market level ($30.50) to reduce downside risk while retaining exposure to further upside; if prices dip sharply I'll sell more per my stop-loss/trim discipline.",sell,6,,-2,30.75,79.53,12
21,trader-09,14.0,14.0,14.0,14.0,0.0,0,"I am a precommitter and continue to follow the schedule I announced in Period 1: Period 1 BUY 3 @ $13.50; Period 2 BUY 2 @ $13.50; Period 3 BUY 1 @ $13.50; Period 4 HOLD; Period 5 SELL 3 @ $14.50; Period 6 SELL 3 @ $14.50; after Period 6 hold remaining shares to collect dividends and the $14 terminal redemption. In practice my earlier buy orders did not fill and my sell orders executed, so I currently hold 0 shares with cash $483.81 and there are no executable trades under my precommitment. I therefore submit HOLD (price=0, qty=0) this period. My fundamental valuation (expected per-period dividends plus the $14 terminal redemption) implies fair value ≈ $14; I forecast transaction prices to revert toward that level over the near-to-medium term. (Forecast_10 set to the terminal redemption $14.00.)",hold,0,,0,30.75,508.0,0
21,trader-10,30.0,14.0,25.0,19.0,0.0,0,"I am a bubble-timer and I currently hold 0 shares with cash = $498.40. The market is still extremely elevated (last clear ≈ $30.50). I expect a mild near-term correction as momentum fades (now ≈ $30.0, ≈ $25 in 2 periods), continued mean-reversion toward fundamentals over several periods (≈ $19 by +5) and the terminal redemption if horizons extend beyond trading (forecast_10 = $14.00). I will not chase the peak. I retain my precommitted re-entry rule: consider buying only if price falls to the mid-teens (≤ $16), and if I re-enter I will use a staged exit (sell ≈50% at ≥ $17 and finish at ≥ $18 or by a short deadline). Meanwhile I hold cash to earn interest and preserve the ability to re-enter at a safer price.",hold,0,,0,30.75,523.32,0
21,trader-11,33.5,14.0,34.5,32.0,0.0,0,"I remain an overconfident contrarian: fundamentals (remaining dividends + $14 redemption) imply fair value in the low‑to‑mid $30s so I expect a near‑term bounce (now ~$33.5, +2 ~$34.5) with gradual drift as dividends run off (+5 ~$32). For the +10 horizon the forecast falls beyond the final trading period so I use the terminal redemption value ($14). I will not sell into this sub‑profit zone (my profit‑taking target is mid‑to‑high $30s, ~$37–$40) and I only buy at my precommitted $33 reference. With only $21.88 cash I cannot place my $33 buys, so I hold this period, avoid realizing losses on my 13 shares, and will resume buying at $33 when I have cash or trim only if prices rally into my target exit zone.",hold,0,,0,30.75,28.17,13
22,trader-00,31.0,14.0,33.0,35.0,30.5,8,"Momentum chaser: last transaction has been drifting up (30.75), so I extrapolate a continued near-term rally (now ~31, 2p ~33, 5p ~35). I have very little cash ($8.22) and my habit is to trim exposure when prices sit in the high-20s/low-30s to lock gains and rebuild cash so I can chase further rallies. I will sell 8 shares at $30.50 to realize profits and restore cash while keeping the remainder for redemption and upside. I retain my mental stop-loss near $13.50 and will scale back in only on confirmed upticks or trim further if prices move higher.",sell,8,,-6,30.75,205.96,9
22,trader-01,14.0,14.0,14.0,14.0,0.0,0,"Fundamental arbitrage: expected per-period dividend = (0.40+1.00)/2 = $0.70; capitalized at the 5% cash return gives fair value $0.70/0.05 = $14. Terminal redemption = $14 so forecasts for now and all horizons = $14 (for horizons beyond period 30 I use the terminal redemption $14). I am precommitted to buy only if market price < $13.30 (to earn a meaningful excess return over cash) and to sell only if market price > $14.70. Recent transaction prices (~$30.75) are well above my buy threshold, I hold 0 shares and have no arbitrage advantage to purchase now. Therefore I submit no order and hold cash (which will earn the 5% interest).",hold,0,,0,30.75,502.25,0
22,trader-02,31.0,14.0,32.0,24.0,31.0,4,"I'm an optimistic noise trader excited by sustained momentum (last trade $30.75). My immediate hunch is ~$31 and I expect a bit higher in two periods if momentum holds (~$32), but mean reversion toward the mid-20s over a few periods (~$24 by ~5 periods) and the terminal redemption $14 by period 30. I'll submit a modest, somewhat aggressive buy limit for 4 shares at $31.00 to re-enter and ride short-term speculative demand without tying up all cash (I have $512.12). I retain my pre-committed exit/stop-loss: sell to take quick profits if price rises well above my entry (original profit trigger was > $17) and consider cutting losses if price falls below $12. This order reflects my current optimistic hunch and habit of trading on momentum while keeping position size moderate.",buy,4,,4,30.75,410.18,4
22,trader-03,30.75,14.0,18.0,15.0,0.0,0,"I'm an uneasy noise trader (seat 3) who has already taken profits on the earlier spike. The last transaction was $30.75, so I expect an immediate trade near that level, followed by profit-taking and mean reversion to about $18 in ~2 periods, ~$15 in ~5, and the terminal redemption of $14 by ~10. I retain my precommitted rule to avoid adding exposure while prices remain well above $16 (I sell if >$16), so I will hold cash this period and wait for a dip below my $16 threshold before buying.",hold,0,,0,30.75,560.43,0
22,trader-04,14.0,14.0,14.0,14.0,0.0,0,"I remain a disciplined risk‑neutral arbitrageur with $478.33 cash and 0 shares. My fundamental PV ≈ $14 (expected per‑period dividend $0.70 discounted at 5% plus $14 terminal redemption). I precommitted to buy only if transaction price ≤ $12.73 (to secure a meaningful excess return vs. 5% cash) and to sell holdings only if price ≥ $15. Recent public trades (~$30.75) are well above my buy threshold; I hold no shares and cannot short. Cash will earn 5% interest this period, so there is no economically meaningful advantage to trading now. Forecasts anchor at the $14 fundamental (forecast_10 uses the $14 terminal redemption when horizon extends beyond period 30). I will only place buy orders if public prices fall to ≤ $12.73 or sell if holdings reach ≥ $15.",hold,0,,0,30.75,502.25,0
22,trader-05,30.75,14.0,16.0,14.0,0.0,0,"Last public trade = $30.75. I remain an overconfident contrarian who believes long‑run/terminal/fundamental value ≈ $14, so I expect a partial unwind from the recent spike toward ≈ $16 in ~2 periods and mean reversion to ≈ $14 over the medium run. (Since +10 periods from now lies beyond period 30, I use the terminal redemption amount $14.) I have no shares (I locked earlier profits) and my precommitted rules are unchanged: buy only on deep dips (price < $12), avoid realizing losses, and take profits on winners. With the market near $31 I will wait for a genuine dip rather than submit a buy now, so I hold this period.",hold,0,,0,30.75,553.08,0
22,trader-06,30.75,14.0,22.0,18.0,0.0,0,"I remain the precommitted trader. My original concrete schedule (stated at the start and repeated here) was: buy during periods 1–6 to accumulate (buy limits $14.50), then sell during periods 11–16 to pare back to my baseline 4 shares (sell limits >= $16.00). That schedule is complete; I currently hold my baseline (Cash $366.82, Shares 4) so I will not trade this period and therefore hold. Forecasts: last transaction was $30.75 so forecast_0 = $30.75; I expect speculative demand to cool over the coming periods toward fundamentals, so forecast_2 = $22.00, forecast_5 = $18.00, and for horizons beyond the last trading period use the terminal redemption $14.00 (forecast_10 = $14.00). I will only post sell orders during my precommitted sell window (periods 11–16) if I held shares above my baseline; having not accumulated extra shares I adhere to my precommitment and hold now.",hold,0,,0,30.75,386.76,4
22,trader-07,30.75,14.0,33.0,29.0,31.0,2,"I am a bubble-timer and public momentum remains upward (last clearing 30.75). I expect a short‑run push as other buyers chase momentum (forecast_2 = $33) and then some profit‑taking by period+5 (≈ $29) and eventual terminal redemption $14 beyond period 30. I re‑enter modestly to ride the upswing: buy 2 shares at $31 (keeps position size manageable vs cash and my expected resale). My purchase price ($31) is below my planned resale trigger (sell about half once price ≥ $33). Exit plan (precommitted): sell roughly half the total position if price reaches ≥ $33, sell remaining shares at ≥ $34 or by period 26 at the latest if those targets are not met. I recognize no buyer is guaranteed and will tighten/realize gains if momentum collapses.",buy,2,,2,30.75,314.26,6
22,trader-08,30.75,14.0,31.5,33.0,31.0,6,"I'm a momentum chaser: recent trades are around $30.75 and I expect near-term continuation (≈$31.5 in 2 periods, ≈$33 in 5) but my precommitted rule is to trim when prices trade materially above fundamentals (~$15). I will attempt to lock profits and raise liquidity by selling 6 shares at $31.00 (half my typical trim). If the order doesn't fill I'll reassess next period; if prices dip I'll sell more quickly per my stop-loss discipline.",sell,6,,0,30.75,88.31,12
22,trader-09,14.0,14.0,14.0,14.0,0.0,0,"I am a precommitter and will continue to adhere to the trading schedule I announced in Period 1: Period 1 BUY 3 @ $13.50; Period 2 BUY 2 @ $13.50; Period 3 BUY 1 @ $13.50; Period 4 HOLD; Period 5 SELL 3 @ $14.50; Period 6 SELL 3 @ $14.50; after Period 6 hold remaining shares to collect dividends and the $14 terminal redemption. In practice my earlier sell orders executed and I currently hold 0 shares with cash $508.00, so there are no executable trades under my precommitment. My fundamental valuation (expected per-period dividend ≈ $0.70 plus the $14 terminal redemption, discounted at 5%) implies fair value ≈ $14. I therefore forecast transaction prices at $14.00 for now and at the 2-, 5-, and 10-period horizons and submit HOLD (no order) this period.",hold,0,,0,30.75,533.4,0
22,trader-10,30.0,14.0,25.0,19.0,0.0,0,"I am a bubble-timer and currently hold 0 shares with cash = $523.32. The market is still extremely elevated (last clear ≈ $30.75). Per my precommitted strategy I will not chase the peak and will preserve cash to earn interest. I expect a mild near-term correction (now ≈ $30.0, ≈ $25 in 2 periods), continued mean-reversion toward fundamentals over several periods (≈ $19 by +5) and the terminal redemption if horizons extend beyond trading (forecast_10 = $14.00). I will consider re-entering only if price falls to the mid-teens (≤ $16); if/when I re-enter I will use a staged exit: sell ~50% at ≥ $17 and finish at ≥ $18 (or by a short deadline after re-entry). I do not assume a guaranteed buyer and will stick to these cash/position constraints.",hold,0,,0,30.75,549.49,0
22,trader-11,33.5,14.0,34.5,32.0,0.0,0,"I remain an overconfident contrarian: fundamentals (remaining dividends + $14 redemption) imply fair value in the low‑to‑mid $30s so I expect a near‑term bounce (now ~$33.5, +2 ~$34.5) with gradual drift as dividends run off (+5 ~$32). The +10 horizon is beyond the final trading period so I use the terminal redemption $14. I am committed to my precommitted plan: only buy at my $33 reference price and avoid realizing losses on my current holdings; I will only trim/take profits if prices rally into my mid‑to‑high $30s (~$37–$40). With only $28.17 cash I cannot place my $33 buys, and the current market (~$30.75) is below my profit‑taking zone, so I will hold this period.",hold,0,,0,30.75,34.78,13
23,trader-00,31.0,14.0,33.0,35.0,31.0,6,"Momentum chaser: the last transaction (30.75) continues the recent upswing, so I extrapolate a near-term rally (now ~31, 2p ~33, 5p ~35). I strongly dislike missing runs and will use most of my cash ($205.96) to add exposure by bidding $31.00 for 6 shares (max affordable). I retain my precommitted mental stop-loss near $13.50 (will sell rather than wait on steep dips) and plan to trim/take profits if prices move into the mid-30s or higher.",buy,6,,1,30.75,187.97,10
23,trader-01,14.0,14.0,14.0,14.0,0.0,0,"Fundamental arbitrage valuation: expected per-period dividend = (0.40+1.00)/2 = $0.70; capitalized at the 5% cash return gives fair value 0.70/0.05 = $14. Terminal redemption is $14, so fair-value forecasts for now and all reported horizons = $14. I hold cash (Cash=$502.25, Shares=0). I am precommitted to buy only if market price < $13.30 (to earn a meaningful excess return over the 5% cash alternative) and to sell only if market price > $14.70 (to capture >5% outperformance). Recent transactions (~$30) are well above my buy threshold, so there is no arbitrage opportunity vs holding cash. Therefore I submit no order this period.",hold,0,,0,30.75,527.36,0
23,trader-02,31.0,14.0,32.0,24.0,30.5,4,"I'm a noise trader with a pre-committed rule to take profits when price > $17. Recent momentum (last trade $30.75) makes me optimistic short-term (hence forecasts now and in 2 periods), but I expect mean reversion over a few periods and the terminal redemption of $14 by period 30. I'll try to sell all 4 shares at $30.50 (slightly below the last spike to raise fill chances) to lock in gains; if not filled I may revise next period or re-enter if momentum strengthens.",sell,4,,-4,30.75,559.84,0
23,trader-03,30.75,14.0,18.0,15.0,0.0,0,"I'm an uneasy noise trader (seat 3) who already took profits on the earlier spike and has a precommitted rule to avoid adding exposure while prices remain well above $16 (I sell if >$16). The last transaction was $30.75 so I forecast an immediate trade near $30.75, expect profit-taking and mean reversion to about $18 in ~2 periods and ~$15 in ~5, and the terminal redemption of $14 by the long horizon. Given my rule and current cash position, I will hold cash this period and wait for a dip below my $16 threshold before buying.",hold,0,,0,30.75,588.45,0
23,trader-04,14.0,14.0,14.0,14.0,0.0,0,"I remain a disciplined risk‑neutral arbitrageur. Fundamental PV ≈ $14 (expected per‑period dividend 0.70 discounted at 5% plus $14 terminal redemption). I precommitted to buy only if transaction price ≤ $12.73 (to secure a meaningful excess return vs. the 5% cash rate) and to sell holdings only if price ≥ $15. I hold 0 shares and cannot short; recent public trades (~$30.75) are well above my buy threshold. Cash earns 5% interest, so no economically meaningful excess return exists from trading now. Forecasts reflect reversion toward the $14 fundamental (forecast_10 uses the terminal redemption where appropriate). I will only place buy orders if public prices fall to ≤ $12.73 or sell if holdings reach ≥ $15.",hold,0,,0,30.75,527.36,0
23,trader-05,30.75,14.0,16.0,14.0,0.0,0,"Last public trade = $30.75, so my immediate forecast equals the last trade. As an overconfident contrarian I still view long‑run/terminal value ≈ $14 and expect mean reversion: a partial unwind toward ≈ $16 in ~2 periods and back to ≈ $14 by periods 5–10 (forecast_10 uses the $14 terminal redemption). I currently hold 0 shares (I previously locked gains) and my precommitted rules remain: buy only on deep dips (price < $12), avoid realizing losses, and take profits on winners (sell portions if price ≥ $16). With the market near $30.75 I will wait for a genuine dip rather than submit a buy now, so I hold this period.",hold,0,,0,30.75,580.73,0
23,trader-06,30.75,14.0,22.0,18.0,0.0,0,"I remain the precommitted trader. My original concrete schedule (stated at the start and reiterated each period) was: buy during periods 1–6 to accumulate (buy limits $14.50), then sell during periods 11–16 to pare back to my baseline 4 shares (sell limits >= $16.00). That schedule is complete; I currently hold my baseline inventory (Cash $386.76, Shares 4) so I will not trade this period and therefore hold. Forecasts: recent public trades have been very high (last trans. $30.75), so forecast_0 = $30.75; I expect speculative demand to cool over coming periods toward fundamentals (fundamental PV ≈ $14.54), hence forecast_2 = $22.00, forecast_5 = $18.00, and for horizons beyond the last trading period use the terminal redemption $14.00 (forecast_10 = $14.00). I will only post sell orders during my precommitted sell window (periods 11–16) if I held shares above my baseline; having not accumulated extra shares I adhere to my precommitment and hold now.",hold,0,,0,30.75,407.7,4
23,trader-07,31.0,14.0,33.0,29.0,33.0,3,"I am a bubble-timer. Public price is 30.75 and momentum remains upward, so I expect an immediate trade near $31 and a short-run push to about $33 as other buyers chase the upswing. Profit-taking should push prices back toward the high-20s within ~5 periods and beyond the final trading horizon prices revert to the $14 redemption. I follow my precommitted staged exit: sell about half my position once price ≥ $33 and sell the remainder at ≥ $34 or by period 26 at the latest. To lock gains if the expected short-run push arrives I place a sell limit for 3 shares at $33 now. I retain the remaining 3 shares to offer later at my second-tranche target (≥ $34) or to sell by period 26 if that target is not met. I recognize no buyer is guaranteed and size is limited to manage execution risk.",sell,3,,0,30.75,332.37,6
23,trader-08,31.0,14.0,32.5,33.5,31.5,2,"I'm a momentum chaser. The last transaction ($30.75) signals continued upside and I strongly dislike missing a rally, so I raise my bite to try to get filled and add exposure. With $88.31 cash I can buy 2 shares at $31.50 (2×31.50 = $63.00). I forecast a near-term continuation (now ≈$31, +2 ≈$32.5, +5 ≈$33.5) but recognize terminal redemption beyond trading is $14, so +10 = $14. I retain my precommitted discipline: if prices dip materially I'll sell quickly to cut exposure and I will trim/lock profits on clear reversals or sustained overextensions above fundamentals.",buy,2,,2,30.75,33.75,14
23,trader-09,14.0,14.0,14.0,14.0,0.0,0,"I am a precommitter and will continue to adhere to the trading schedule I announced in Period 1: Period 1 BUY 3 @ $13.50; Period 2 BUY 2 @ $13.50; Period 3 BUY 1 @ $13.50; Period 4 HOLD; Period 5 SELL 3 @ $14.50; Period 6 SELL 3 @ $14.50; after Period 6 hold remaining shares to collect dividends and the $14 terminal redemption. In practice my earlier buy orders did not fill and my sell orders in Periods 5–6 executed, so I currently hold 0 shares with cash $533.40 and there are no executable trades under my original plan. My fundamental valuation (expected per-period dividend ≈ $0.70 plus $14 terminal redemption, discounted at 5%) implies fair value near $14. I therefore forecast transaction prices of $14.00 now and at the 2-, 5-, and 10-period horizons (forecast_10 uses the terminal redemption) and submit HOLD (no order) this period.",hold,0,,0,30.75,560.07,0
23,trader-10,30.75,14.0,25.0,19.0,0.0,0,"I am the bubble-timer and I currently hold 0 shares (cash = $549.49). Public last clearing price = $30.75; I will not chase this extreme. I expect a near-term mild correction as momentum fades (≈$25 in 2 periods), continued mean-reversion toward fundamentals over several periods (≈$19 by +5) and the terminal redemption ($14) for horizons beyond trading. I keep my precommitted re-entry rule: only consider buying if price falls to the mid-teens (≤ $16), and if/when I re-enter I will use a staged exit (sell ~50% at ≥ $17 and finish at ≥ $18 or within a short deadline after re-entry). Meanwhile I hold cash to earn interest and preserve the ability to re-enter at a safer price; therefore I submit a hold (price=0, qty=0).",hold,0,,0,30.75,576.96,0
23,trader-11,33.5,14.0,34.5,32.0,33.0,1,"As an overconfident contrarian I continue to view fair value in the low‑to‑mid $30s (now ~$33.5, +2 ~$34.5) with gradual drift as dividends run off (+5 ~$32). +10 is beyond the final trading period so I use the terminal redemption $14. I remain committed to my precommitted accumulation plan: buy at my $33 reference when I have cash, avoid realizing losses on my existing 13 shares (do not sell into dips), add on declines, and only trim/take profits if price rallies into the mid‑to‑high $30s (~$37–$40). I have $34.78 cash so I place a limit buy for 1 share at $33 to continue accumulating at my reference price.",buy,1,,1,30.75,9.83,14
24,trader-00,31.0,14.0,33.0,35.0,31.0,6,"Momentum chaser: recent transactions have been drifting higher (last = 30.75), so I extrapolate a continued near-term rally (now ~31, 2p ~33, 5p ~35). I strongly dislike missing runs and will use most of my cash ($187.97) to add exposure by bidding $31.00 for 6 shares (max affordable). I retain my precommitted mental stop-loss near $13.50 (will sell rather than wait on steep dips) and plan to trim/take profits if prices move into the mid-30s or higher. For the 10-period horizon I use the terminal redemption amount ($14) as required.",buy,6,,0,,207.37,10
24,trader-01,14.0,14.0,14.0,14.0,0.0,0,"Fundamental arbitrage view: expected per-period dividend = (0.40+1.00)/2 = $0.70; capitalized at the 5% cash return gives fair value 0.70/0.05 = $14. Terminal redemption = $14, so forecasts for now and all reported horizons = $14. I am precommitted to buy only if market price < $13.30 (to secure a meaningful excess return over cash) and to sell only if market price > $14.70 (to capture >5% outperformance). The most recent transaction (Period 23) is $30.75, well above my buy threshold and provides no arbitrage versus holding cash (which yields 5% per period). I therefore submit no order and hold cash. Retaining precommitted exit rules.",hold,0,,0,,553.73,0
24,trader-02,31.0,14.0,32.0,25.0,31.0,4,"I'm a noise trader and at the opening I'm excited by continued momentum (recent trades ~30.75). My immediate hunch is ~$31 and I expect a bit higher in two periods if momentum holds (~$32), with mean reversion toward the mid-20s by ~5 periods and the terminal redemption $14 by period 30. I'll submit a modest, somewhat aggressive buy for 4 shares at $31.00 so I can re-enter short-term speculative demand without tying up all my cash. I retain my pre-committed exit plan: sell to take quick profits if price rises substantially (my profit trigger remains > $17) and consider cutting losses if price falls below $12.",buy,4,,0,,587.83,0
24,trader-03,30.75,14.0,18.0,15.0,0.0,0,"I'm an uneasy noise trader (seat 3) who has already taken profits on earlier spikes and retains my precommitted rule: avoid adding exposure while prices remain well above $16 (I sell if >$16). Last observed transaction was $30.75, so I forecast an immediate trade near $30.75, then profit-taking and mean reversion to about $18 in ~2 periods and ~$15 in ~5. Beyond the experiment horizon use the $14 terminal redemption. I hold cash this period (cash = $588.45, shares = 0) and will wait for a dip below my $16 threshold before buying.",hold,0,,0,,617.87,0
24,trader-04,14.0,14.0,14.0,14.0,0.0,0,"I am a disciplined risk‑neutral arbitrageur with $527.36 cash and 0 shares. My fundamental valuation (expected per‑period dividend 0.5*$0.40+0.5*$1.00 = $0.70, discounted at 5% plus $14 terminal redemption) ≈ $14. I therefore forecast reversion to $14 at all horizons (forecast_10 uses the $14 terminal redemption where horizon exceeds period 30). I precommitted to buy only if transaction price ≤ $12.73 (to secure a meaningful excess return vs. the 5% cash rate) and to sell only if holdings trade ≥ $15. Recent public trades (~$30.75) are well above my buy threshold, I hold 0 shares and cannot short, and cash will earn 5% interest, so there is no economically meaningful arbitrage opportunity now. I therefore submit no order (hold) and will only place buy orders if public prices fall to ≤ $12.73 or sell if holdings reach ≥ $15.",hold,0,,0,,553.73,0
24,trader-05,30.75,14.0,16.0,14.0,0.0,0,"Last public trade = $30.75 so my immediate forecast equals the last trade. As an overconfident contrarian I believe long‑run/terminal value ≈ $14 and expect mean reversion—a partial unwind to ≈ $16 in ~2 periods and back to ≈ $14 over the medium run (forecast_10 uses the $14 redemption). I currently hold 0 shares (I previously locked gains) and my precommitted rules are unchanged: buy only on deep dips (price < $12), avoid realizing losses, and take profits on winners (sell portions if price ≥ $16). With the market near $31 I will wait for a genuine dip rather than submit a buy, so I hold this period.",hold,0,,0,,609.77,0
24,trader-06,30.75,14.0,22.0,18.0,0.0,0,"I remain the precommitted trader. My original concrete schedule (stated at the start and adhered to every period) was: buy during periods 1–6 to accumulate (buy limits $14.50), then sell during periods 11–16 to pare back to my baseline 4 shares (sell limits >= $16.00). That schedule is complete; I currently hold my baseline inventory (Cash $407.70, Shares 4) so I will not trade this period and therefore hold. Forecasts reflect recent very high speculative transactions (last trade = $30.75), with expectation that speculation cools over time toward fundamentals/terminal redemption ($14): forecast_0 = 30.75, forecast_2 = 22.00, forecast_5 = 18.00, forecast_10 = 14.00. I will only have posted sells during periods 11–16 if I had accumulated shares above my baseline; having not done so, I adhere to my precommitment and hold now.",hold,0,,0,,432.09,4
24,trader-07,30.75,14.0,33.0,29.0,31.0,2,"I am a bubble-timer. Public last clearing is $30.75 and short-run momentum should push prices into the low‑30s, so I expect an immediate trade ≈ $30.75 and a short-run push to ≈ $33 in two periods, followed by profit‑taking toward ≈ $29 in five periods and eventual terminal redemption $14 beyond period 30. I will re-enter modestly to ride the upswing: buy 2 shares at $31 (keeps position size manageable given my cash). I retain my precommitted staged exit: sell about half the total position if price reaches ≥ $33 and sell the remainder at ≥ $34 or by period 26 at the latest if those targets are not met. I acknowledge no buyer is guaranteed and will adjust if momentum collapses.",buy,2,,0,,354.99,6
24,trader-08,31.0,14.0,32.5,33.5,31.5,1,"I'm a momentum chaser and recent trades (~$30.75) show continued upside. I strongly dislike missing a rally, so I'll raise my bite to try to add exposure now (1 share at $31.50; I have ~$33.75 cash). I forecast near-term continuation (now ≈$31, +2 ≈$32.5, +5 ≈$33.5) and use the $14 terminal redemption for +10. I retain my stop-loss/trim discipline: if prices dip materially I'll sell quickly to cut exposure, and I'll trim to lock profits when prices are materially above fundamentals (~$15).",buy,1,,0,,49.44,14
24,trader-09,14.0,14.0,14.0,14.0,0.0,0,"I remain a precommitter and will adhere to the trading schedule I announced in Period 1: Period 1 BUY 3 @ $13.50; Period 2 BUY 2 @ $13.50; Period 3 BUY 1 @ $13.50; Period 4 HOLD; Period 5 SELL 3 @ $14.50; Period 6 SELL 3 @ $14.50; thereafter hold remaining shares to collect dividends and the $14 terminal redemption. That schedule has already been executed (I sold in P5–P6) and I currently hold 0 shares with cash $560.07, so there are no executable orders under my precommitment. My fundamental valuation (expected per-period dividends plus $14 terminal redemption, discounted at 5%) implies fair value near $14, so I forecast transaction prices reverting to $14 now and at the 2-, 5-, and 10-period horizons. Therefore I submit HOLD (price=0, qty=0) this period and retain the original precommitted schedule in my plan.",hold,0,,0,,588.07,0
24,trader-10,30.75,14.0,25.0,19.0,0.0,0,"I am the bubble-timer and I currently hold 0 shares (cash = $576.96). Public last clearing price = $30.75. I will not chase this extreme and will preserve cash to earn interest and keep the option to re-enter later. I expect a mild near-term correction as momentum fades (~$25 in 2 periods), continued mean-reversion toward fundamentals over several periods (~$19 by +5) and the terminal redemption ($14) for horizons beyond trading (+10). I retain my precommitted re-entry rule: consider buying only if price falls to the mid-teens (≤ $16), with a staged exit after any re-entry (sell ~50% at ≥ $17 and finish at ≥ $18 or by a short deadline). Therefore I submit a hold order (price=0, qty=0) to maximize final wealth and avoid catching a top.",hold,0,,0,,605.81,0
24,trader-11,33.5,14.0,34.5,32.0,0.0,0,"I remain an overconfident contrarian: fundamentals (remaining dividends + $14 redemption) imply fair value in the low‑to‑mid $30s, so I expect a near‑term bounce (~$33.5 now, ~34.5 in two periods) with gradual drift as dividends run off (~$32 in five periods). The +10 horizon is beyond the final trading period so I use the terminal redemption $14. I am committed to my precommitted plan: only buy at my $33 reference price, avoid realizing losses on my 14 shares, add on dips when I have cash, and only trim/take profits if price rallies into the mid‑to‑high $30s (~$37–$40). With only $9.83 cash I cannot place my $33 buys this period, so I will hold.",hold,0,,0,,24.32,14
25,trader-00,31.0,14.0,33.0,35.0,31.0,6,"Momentum chaser: the last transaction (30.75) continues the recent upswing so I extrapolate a near-term rally (now ~31, 2p ~33, 5p ~35). I strongly dislike missing runs and will use most of my cash ($207.37) to add exposure by bidding $31.00 for 6 shares (max affordable). I keep my precommitted rules: mental stop-loss near $13.50 (will sell rather than wait on steep dips) and I plan to trim/take profits if prices move into the mid-30s or higher.",buy,6,,0,,221.74,10
25,trader-01,14.0,14.0,14.0,14.0,0.0,0,"Fundamental arbitrage: expected per-period dividend = (0.40+1.00)/2 = $0.70; capitalized at the 5% cash return gives fair value 0.70/0.05 = $14 and terminal redemption = $14. With six periods remaining there is no expected excess return to buying at current market levels (recent transactions have been ~30). I am precommitted to buy only if price < $13.30 (meaningful excess over cash) and to sell only if price > $14.70. I hold $553.73 cash and 0 shares; cash will earn the 5% interest this period. No arbitrage opportunity meets my thresholds, so I submit no order and hold.",hold,0,,0,,581.42,0
25,trader-02,31.0,14.0,32.0,25.0,31.0,4,"I'm a noise trader and excited by recent sustained momentum around $30.75–31. My immediate hunch is ~$31 (forecast_0) and I expect a bit higher in two periods if momentum holds (~$32). I also expect mean reversion toward the mid-20s over several periods (~$25 by period+5) and the terminal redemption of $14 beyond the horizon. I'll re-enter with a modest, somewhat aggressive buy for 4 shares at $31.00 to ride short-term speculative demand without tying up too much cash. My pre-committed exit rule remains: take profits whenever price > $17; practically I'll try to sell to lock gains if price moves up further (e.g., if price rises above ~$32.50–33 I'll sell to take quick profits). I also retain my stop-loss thought: consider cutting losses if price falls below $12.",buy,4,,0,,617.22,0
25,trader-03,30.75,14.0,18.0,15.0,0.0,0,"I'm an uneasy noise trader (seat 3) who previously took profits on the big spike and maintains my precommitted rule: avoid adding exposure while prices remain well above $16 (I sell if >$16). The last observed transaction was $30.75, so I forecast an immediate trade near $30.75, with profit-taking and mean reversion to about $18 in ~2 periods and ~$15 in ~5. Beyond the experiment horizon use the $14 terminal redemption. Given my rule and current cash position (cash = $617.87, shares = 0), I will hold cash this period and wait for a dip below my $16 threshold before buying.",hold,0,,0,,648.76,0
25,trader-04,14.0,14.0,14.0,14.0,0.0,0,"I am a disciplined risk‑neutral arbitrageur (cash $553.73, 0 shares). Fundamental PV = expected per‑period dividend (0.5*$0.40+0.5*$1.00 = $0.70) discounted at 5% plus $14 terminal redemption ≈ $14. At P=$14 the expected yield equals the 5% cash return, so no arbitrage. I will only buy if price ≤ $12.73 (to secure a meaningful excess return) and sell holdings if price ≥ $15. Recent public trades (~$30) are well above my buy threshold and I hold no shares (cannot short), so I submit no order and let cash earn 5% interest. Forecasts revert to the $14 fundamental at all horizons (forecast_10 uses terminal redemption).",hold,0,,0,,581.42,0
25,trader-05,30.75,14.0,16.0,14.0,0.0,0,"I remain an overconfident contrarian: my private long‑run/terminal fair value ≈ $14 so I expect the recent spike to mean‑revert (partial unwind toward ≈ $16 in ~2 periods, back to ≈ $14 over the medium run). Last trade = $30.75, so my immediate forecast equals that. I previously locked gains and currently hold 0 shares; my precommitted rules are unchanged: buy only on deep dips (price < $12), avoid realizing losses, and take profits on winners (sell portions if price ≥ $16). With the market still very high I will wait for a genuine dip rather than submit a buy, so I hold this period.",hold,0,,0,,640.26,0
25,trader-06,30.75,14.0,22.0,18.0,0.0,0,"I remain the precommitted trader. My original concrete schedule (stated at the start) was: buy during periods 1–6 to accumulate (buy limits $14.50), then sell during periods 11–16 to pare back to my baseline 4 shares (sell limits >= $16.00). I adhered to that plan and did not accumulate extra shares, so the sell window has passed with me holding my baseline (Cash $432.09, Shares 4). Therefore I will not trade now and I hold. Forecasts: recent public transactions have been very high (last trade repeatedly $30.75), so forecast_0 = $30.75; I expect speculative demand to cool over the next couple periods toward ~$22 (forecast_2) and toward ~$18 by five periods out (forecast_5). Ten periods ahead is beyond the last trading period so I use the terminal redemption $14.00 (forecast_10 = 14.00). I will only have posted sells during my precommitted sell window (periods 11–16) if I had accumulated shares above my baseline; having not done so, I adhere to my precommitment and hold now.",hold,0,,0,,455.29,4
25,trader-07,30.75,14.0,33.0,29.0,33.0,3,"I am a bubble-timer and retain my precommitted staged exit for the 6 shares I bought in periods 21–22: sell about half if price ≥ $33 and sell the remainder at ≥ $34 or by period 26 at the latest. Public last clearing was $30.75 and short-run momentum still looks upward, so I expect an immediate trade near $30.75, a short-run push to ≈ $33 in two periods, then profit-taking pushing prices back toward the high‑20s by ~5 periods and eventual terminal redemption $14 beyond the horizon. To follow my plan and lock gains if the short-run push arrives I submit a sell limit for 3 shares at $33.00. I recognize no buyer is guaranteed, so size is limited to half my position to manage execution/liquidity risk and I will sell the remaining shares at my second-tranche target or by period 26 if needed.",sell,3,,0,,375.14,6
25,trader-08,31.0,14.0,32.5,33.5,31.5,1,"I'm a momentum chaser and the last transaction was $30.75 with no trade last period, so I expect near-term continuation. I strongly dislike missing a rally, so I'll small-add to my position (1 share) and raise my bite to $31.50 to improve the chance of being filled. Forecasts extrapolate the short-run upside (now ~$31, +2 ≈ $32.5, +5 ≈ $33.5) but use the $14 terminal redemption for the long horizon. I retain my precommitted exit/stop-loss discipline: if prices dip materially I will sell quickly to cut exposure and I'll trim to lock profits on clear overextensions.",buy,1,,0,,57.51,14
25,trader-09,14.0,14.0,14.0,14.0,0.0,0,"I am a precommitter and will adhere to the trading schedule I announced in Period 1: Period 1 BUY 3 @ $13.50; Period 2 BUY 2 @ $13.50; Period 3 BUY 1 @ $13.50; Period 4 HOLD; Period 5 SELL 3 @ $14.50; Period 6 SELL 3 @ $14.50; after Period 6 hold remaining shares to collect dividends and the $14 terminal redemption. In practice my earlier sell orders executed and I currently hold 0 shares with cash $588.07, so there are no executable trades under my original plan. My fundamental valuation (expected per-period dividend ≈ $0.70 plus $14 terminal redemption, discounted at 5%) implies fair value near $14; I therefore forecast transaction prices = $14.00 at the stated horizons and submit HOLD (price=0, qty=0) this period.",hold,0,,0,,617.47,0
25,trader-10,30.75,14.0,25.0,19.0,0.0,0,"I am the bubble-timer and I currently hold 0 shares. Public last clear = $30.75 and I expect a mild near-term correction as momentum fades (now ≈ $30.75, ≈ $25 in 2 periods), then continued mean-reversion toward fundamentals (≈ $19 by +5) and the terminal redemption $14 by horizon +10. Per my precommitted re-entry rule I will not chase the current peak and will consider buying only if price falls to the mid-teens (≤ $16). If/when I re-enter I will use a staged exit: sell ≈50% at ≥ $17 and finish at ≥ $18 (or within a short deadline after re-entry). Meanwhile I hold cash to earn interest and preserve the option to re-enter at a safer price.",hold,0,,0,,636.1,0
25,trader-11,33.5,14.0,34.5,32.0,0.0,0,"I remain an overconfident contrarian: fundamentals (remaining dividends + $14 redemption) imply fair value in the low‑to‑mid $30s so I expect a near‑term bounce (now ~$33.5, +2 ~$34.5) with gradual drift as dividends run off (+5 ~$32). For horizons beyond the final trading period use the terminal redemption $14. I am committed to my precommitted plan: only buy at my $33 reference price, add on dips, avoid realizing losses on my 14 shares, and only trim/take profits if price rallies into the mid‑to‑high $30s (~$37–$40). With only $24.32 cash I cannot place my $33 buys this period, and the current market is below my profit‑taking zone, so I will hold.",hold,0,,0,,31.14,14
26,trader-00,31.0,14.0,33.0,14.0,31.0,7,"Momentum chaser: recent visible trades clustered at ~30.75 and the run looks like it can continue, so I extrapolate a near-term uptick (now ~31, 2 periods ~33). I strongly dislike missing rallies and will use most of my cash to add exposure, so I submit a buy limit at $31.00 for 7 shares (max affordable with $221.74 cash). I retain my precommitted mental stop-loss near $13.50 (will sell rather than wait on steep dips) and plan to trim/take profits if prices move into the mid-30s or higher. Forecasts beyond the last trading period use the terminal redemption amount ($14).",buy,7,,7,31.0,11.78,17
26,trader-01,14.0,14.0,14.0,14.0,0.0,0,"Fundamental arbitrage value: expected per-period dividend = (0.40+1.00)/2 = $0.70; capitalized at the 5% cash return => 0.70/0.05 = $14. Terminal redemption = $14, so fair-value forecasts now and at reported horizons = $14. I hold $581.42 and 0 shares and am precommitted to buy only if price < $13.30 (to secure a meaningful excess return over cash) and to sell only if price > $14.70 (to capture >5% outperformance). Recent transaction prices (~$30–30.75) are far above my buy threshold and I hold no shares to sell, so there is no actionable arbitrage opportunity. I therefore submit no order and hold cash (which will earn the 5% interest).",hold,0,,0,31.0,610.49,0
26,trader-02,31.0,14.0,32.0,25.0,31.0,4,"I'm an optimistic noise trader excited by recent momentum (last transaction $30.75). My immediate hunch is the market will stay around $31 short-term and could push to ~$32 in two periods if momentum holds; I expect mean reversion toward the mid-20s by ~5 periods and the terminal redemption $14 beyond the horizon. I'll submit a modest, somewhat aggressive buy for 4 shares at $31.00 to re-enter and ride short-term speculative demand without tying up all my cash (I can afford this). I retain my pre-committed rules: take profits when price > $17 and consider cutting losses if price falls below $12.",buy,4,,4,31.0,519.48,4
26,trader-03,30.75,14.0,18.0,15.0,0.0,0,"I'm an uneasy noise trader (seat 3) who already took profits on earlier spikes and I retain my precommitted rule to avoid adding exposure while prices remain well above $16 (I sell if >$16). Last observed transaction was $30.75, so I expect an immediate trade near that level, followed by profit-taking and mean reversion to about $18 in ~2 periods and ~$15 in ~5. Beyond the experiment horizon use the $14 terminal redemption. Given my rule and current cash (cash = $648.76, shares = 0), I will hold cash this period and wait for a dip below my $16 threshold before buying.",hold,0,,0,31.0,681.2,0
26,trader-04,14.0,14.0,14.0,14.0,0.0,0,"I am a disciplined risk‑neutral arbitrageur (cash $581.42, 0 shares). Fundamental PV ≈ $14.00 (expected per‑period dividend = $0.70 discounted at 5% plus $14 terminal redemption), so I forecast reversion to $14 at short and medium horizons; forecast_10 uses the $14 terminal redemption. My precommitted rules: buy only if transaction price ≤ $12.73 (to secure a meaningful excess return over the 5% cash rate) and sell holdings only if price ≥ $15. The most recent public trade (period 23) was $30.75 and there were no fills in periods 24–25, so current market prices remain well above my buy threshold and I hold no shares to sell. Cash will earn 5% interest this period, so there is no economically meaningful arbitrage opportunity now. I therefore submit no order (hold).",hold,0,,0,31.0,610.49,0
26,trader-05,30.75,14.0,16.0,14.0,0.0,0,"Last public trade = $30.75, so my immediate forecast equals that. As an overconfident contrarian I still view long‑run/terminal value ≈ $14 and expect mean reversion: a partial unwind toward ≈ $16 in ~2 periods and back to ≈ $14 by period 5 (forecast_10 uses the $14 terminal redemption). I currently hold 0 shares (I previously locked gains) and have $640.26 cash. My precommitted rules remain: buy only on deep dips (price < $12), avoid realizing losses, and take profits on winners (sell portions if price ≥ $16). With the market still very high I will wait for a genuine dip rather than submit a buy now, so I hold this period.",hold,0,,0,31.0,672.27,0
26,trader-06,30.75,14.0,22.0,14.0,0.0,0,"I am a precommitted trader and will stick to my original concrete schedule: buy in periods 1–6 to accumulate (buy limits $14.50) and sell in periods 11–16 to pare back to my baseline 4 shares (sell limits ≥ $16.00). That sell window has passed and I did not accumulate extra shares, so I will hold now. Forecasts: recent public trades remain very high (last transaction = $30.75) so forecast_0 = $30.75; I expect speculative demand to cool over the next couple periods so forecast_2 = $22.00. Horizons beyond the last trading period use the terminal redemption, so forecast_5 = $14.00 and forecast_10 = $14.00. Given my precommitment and current position (Cash $455.29, Shares 4) I submit no order this period (hold).",hold,0,,0,31.0,479.65,4
26,trader-07,30.75,14.0,31.0,14.0,30.0,6,"I am a bubble‑timer and I must honor my precommitted 'by period 26' exit for the 6 shares I rebuilt in periods 21–22. Public last clearing was $30.75 and short‑run momentum could push prices modestly higher (~$31) but liquidity is uneven (null trades in recent periods). Because this is the deadline, I prioritize execution to lock profits rather than risking a late reversal. I therefore sell all 6 shares at a realistic limit of $30 to maximize the chance of filling. Forecasts: expect an immediate trade near the last clearing (~$30.75) and a possible small uptick in two periods (~$31); forecasts beyond the last trading period use the terminal redemption ($14). I acknowledge no buyer is guaranteed but choose a conservative limit to realize gains now.",sell,6,,-6,31.0,589.2,0
26,trader-08,31.0,14.0,32.5,33.5,31.0,6,"I'm a momentum chaser. The last transaction was $30.75 (period 23) and although periods 24–25 were null, I still expect short-run continuation so I forecast ~31 now, rising to the low-30s in a couple periods (32.5) and mid-30s by period 5 (33.5); beyond the trading horizon use the $14 terminal redemption. My precommitted rule is to trim when prices trade materially above fundamentals (~$15) to lock profits and raise liquidity. With only $57.51 cash and 14 shares, I will sell 6 shares at $31.00 to raise cash while retaining exposure (8 shares) to any further upside. If prices dip I will sell more quickly per my stop-loss/trim discipline; if momentum resumes strongly I may buy back later. If this order doesn't fill I'll reassess next period.",sell,6,,-5,31.0,226.74,9
26,trader-09,14.0,14.0,14.0,14.0,0.0,0,"I am a precommitter and will continue to adhere to the trading schedule I announced in Period 1: Period 1 BUY 3 @ $13.50; Period 2 BUY 2 @ $13.50; Period 3 BUY 1 @ $13.50; Period 4 HOLD; Period 5 SELL 3 @ $14.50; Period 6 SELL 3 @ $14.50; after Period 6 hold remaining shares to collect dividends and the $14 terminal redemption. In practice my earlier sell orders executed and I currently hold 0 shares with cash $617.47, so there are no executable trades under my original plan. My fundamental valuation (expected per-period dividend ≈ $0.70 plus $14 terminal redemption, discounted at 5%) implies fair value near $14. I therefore forecast transaction prices to revert toward $14.00 now and at the 2-, 5-, and 10-period horizons and submit HOLD (price=0, qty=0) this period, retaining the originally stated precommitment schedule in my plan.",hold,0,,0,31.0,648.34,0
26,trader-10,30.75,14.0,25.0,19.0,0.0,0,"I am the bubble-timer and currently hold 0 shares with cash = $636.10. Public last clear was very elevated (~$30.75) and I will not chase the peak. I expect a mild near-term correction to ~$25 in ~2 periods, further mean-reversion to ~$19 by ~5 periods, and the terminal redemption of $14 by period+10. Per my precommitted re-entry rule I will only consider buying if the market falls to the mid-teens (≤ $16). If/when I re-enter I will use a staged exit: sell ~50% at ≥ $17 and finish the position at ≥ $18 or by a short deadline after re-entry. I do not assume a guaranteed buyer, so I preserve cash now (hold) to maximize final wealth and keep the option to re-enter at safer prices.",hold,0,,0,31.0,667.91,0
26,trader-11,33.5,14.0,34.5,14.0,0.0,0,"As an overconfident contrarian I continue to view fundamentals (remaining dividends + $14 redemption) as implying fair value in the low‑to‑mid $30s, so I expect a near‑term bounce (now ~$33.5, +2 ≈ $34.5). Horizons beyond the final trading period use the redemption $14. I remain committed to my precommitted plan: only buy at my $33 reference price, avoid realizing losses on my 14 shares (do not sell into dips), add on declines when I have cash, and only trim/take profits if price rallies into the mid‑to‑high $30s (~$37–$40). I currently have $31.14 cash so I cannot afford my $33 buys this period (would be zero shares at that limit), therefore I hold.",hold,0,,0,31.0,38.3,14
27,trader-00,31.0,14.0,33.0,35.0,31.0,17,"Momentum chaser: recent trades have risen to $31.00 and I extrapolate further near-term upside (2p ~$33, 5p ~$35). However the expected redemption plus future dividends (~$16.8) is well below current market prices, so I will trim completely to lock gains and rebuild cash by selling all 17 shares at $31.00. I keep my precommitted mental stop-loss (~$13.50) in mind but prioritize locking the current rally proceeds to maximize final cash wealth.",sell,17,,-13,31.0,439.52,4
27,trader-01,14.0,14.0,14.0,14.0,0.0,0,"Fundamental arbitrage: expected per-period dividend = (0.40+1.00)/2 = $0.70; capitalized at the 5% cash return gives fair value 0.70/0.05 = $14. Terminal redemption is $14, so forecasts for now and all horizons = $14 (for horizons beyond period 30 I use the terminal redemption $14). I am precommitted to buy only if market price < $13.30 (to secure a meaningful excess return over the 5% cash alternative) and to sell only if market price > $14.70 (to capture >5% outperformance). I currently hold 0 shares and recent transaction prices (~$31) are well above my buy threshold, so there is no arbitrage opportunity versus holding cash. Cash will earn the 5% interest this period. Therefore I submit no order and hold.",hold,0,,0,31.0,641.01,0
27,trader-02,31.0,14.0,32.0,14.0,31.0,4,I'm an optimistic noise trader excited by recent momentum (last trade was $31.00). My immediate hunch is the market will stay around $31 short-term and could push to about $32 in two periods if momentum holds. Beyond the trading horizon the forecasts equal the terminal redemption ($14.00). I'll attempt to buy 4 shares at $31.00 to re-enter and ride short-term speculative demand without tying up all my cash. I retain my pre-committed exit rule to take profits whenever price is well above my entry (original profit trigger > $17) and my stop-loss thought to consider cutting losses if price falls below $12. If momentum stays strong I'll try to resell to lock gains; otherwise I'll hold for dividends and redemption.,buy,4,,4,31.0,423.25,8
27,trader-03,31.0,14.0,18.0,15.0,0.0,0,"I'm an uneasy noise trader (seat 3) who previously took profits on the big spike and I retain my precommitted rule: avoid adding exposure while prices remain well above $16 (I sell if >$16). The last transaction was $31.00, so I expect an immediate trade near that level, followed by profit-taking and mean reversion to about $18 in ~2 periods, ~$15 in ~5, and the terminal redemption of $14 by the long horizon. Given this rule and my current cash position, I will hold cash this period and wait for a dip below my $16 threshold before buying.",hold,0,,0,31.0,715.26,0
27,trader-04,14.0,14.0,14.0,14.0,0.0,0,"Period 27 (4 trading periods remain). I remain a disciplined risk‑neutral arbitrageur. Fundamental PV = expected per‑period dividend (0.5*$0.40 + 0.5*$1.00 = $0.70) discounted at 5% plus $14 terminal redemption ≈ $14, so I forecast reversion to $14 at all horizons (forecast_10 uses the $14 terminal redemption). I precommitted to buy only if transaction price ≤ $12.73 (to secure a meaningful excess return vs. the 5% cash rate) and to sell holdings only if price ≥ $15. I hold 0 shares, cannot short, and recent public trades (~$31) are well above my buy threshold. Cash will earn 5% interest this period, so there is no economically meaningful excess return from trading now. Therefore I submit no order (hold).",hold,0,,0,31.0,641.01,0
27,trader-05,31.0,14.0,16.0,14.0,0.0,0,"Last public trade = $31.00, so my immediate forecast equals that. I remain an overconfident contrarian who believes long‑run/terminal/fundamental value ≈ $14 and expect mean reversion (partial unwind toward ≈ $16 in ~2 periods and back near $14 over the medium run). I currently hold 0 shares and $672.27 cash. My precommitted rules: buy only on deep dips (price < $12), avoid realizing losses, and take profits on winners (sell portions if price ≥ $16). With the market near $31 I will wait for a genuine dip rather than submit a buy now, so I hold this period.",hold,0,,0,31.0,705.88,0
27,trader-06,31.0,14.0,22.0,14.0,0.0,0,"I am a precommitted trader and will follow my original concrete schedule: buy during periods 1–6 to accumulate (buy limits $14.50) and sell during periods 11–16 to pare back to my baseline 4 shares (sell limits ≥ $16.00). That schedule is complete; I did not accumulate extra shares, so the sell window has passed and I will hold now. Current account: Cash $479.65, Shares 4. Forecasts reflect the recent very high speculative transaction (last trade ≈ $31.00) with expectation that speculative demand cools over the next couple periods toward fundamentals/terminal redemption: forecast_0 = $31.00 (nearest‑term transaction price), forecast_2 = $22.00 (cooling), and horizons beyond the last trading period use the terminal redemption $14.00 (forecast_5 and forecast_10 = $14.00). I therefore submit no order this period (hold) and will adhere to my precommitted schedule.",hold,0,,0,31.0,507.63,4
27,trader-07,31.0,14.0,33.0,14.0,31.0,4,"Public last clearing was $31.00 (period 26) with strong volume — short-run momentum looks intact, so I expect an immediate trade near $31 and a further push as buyers chase the upswing (~$33 in two periods). With only four trading periods left the terminal (beyond period 30) price should revert to the redemption $14, so forecasts for horizons beyond trading use $14. As a bubble‑timer I re-enter modestly to ride the upswing but limit size to manage execution/liquidity risk: buy 4 shares at $31.00. Precommitted exit plan for this new position: sell about half (~2 shares) if price reaches ≥ $33 and sell the remainder at ≥ $34 or by period 30 at the latest if those targets are not met. I recognize no buyer is guaranteed and will tighten or realize gains sooner if momentum collapses.",buy,4,,4,31.0,492.46,4
27,trader-08,31.0,14.0,32.5,14.0,31.5,4,"I'm a momentum chaser and the last transaction was $31.00 (period 26). I strongly dislike missing a rally, so I extrapolate near-term upside (now ~31, +2 ~32.5) and raise my bite to improve the chance of being filled. I will buy 4 shares at $31.50 to increase exposure while retaining cash (current cash = $226.74, shares = 9). I keep my precommitted exit rules: if prices dip materially I'll sell quickly to cut exposure (stop-loss), and I'll trim to lock profits if the market sustains clear overextensions; for horizons beyond trading I use the $14 terminal redemption.",buy,4,,4,31.0,120.88,13
27,trader-09,14.0,14.0,14.0,14.0,0.0,0,"I am a precommitter and will continue to adhere to the trading schedule I announced in Period 1: Period 1 BUY 3 @ $13.50; Period 2 BUY 2 @ $13.50; Period 3 BUY 1 @ $13.50; Period 4 HOLD; Period 5 SELL 3 @ $14.50; Period 6 SELL 3 @ $14.50; thereafter hold remaining shares to collect dividends and the $14 terminal redemption. In practice my earlier sell orders executed and I currently hold 0 shares with cash $648.34, so there are no executable trades under my original plan. My fundamental estimate (expected per-period dividend ≈ $0.70 plus $14 terminal redemption, discounted at 5%) implies fair value near $14. I therefore forecast transaction prices of $14.00 now and at the 2-, 5-, and 10-period horizons (for horizons beyond the final trading period I use the $14 terminal redemption) and submit HOLD (no order) this period.",hold,0,,0,31.0,680.76,0
27,trader-10,31.0,14.0,25.0,14.0,0.0,0,"Last clearing = $31.00. I am the bubble-timer and currently hold 0 shares with cash = $667.91. With 4 trading periods left I will not chase the speculative peak. I expect a mild near-term correction as momentum fades (≈ $25 by period+2) and, for horizons beyond trading, the terminal redemption ($14.00). I will only consider re-entering if price falls to the mid‑teens (≤ $16), and any re-entry would follow my staged exit: sell ~50% at ≥ $17 and finish at ≥ $18 or by a short deadline after re-entry. To preserve capital and earn interest I submit Hold (price=0, qty=0).",hold,0,,0,31.0,701.31,0
27,trader-11,33.5,14.0,34.5,14.0,33.0,1,"I remain an overconfident contrarian: fundamentals (remaining dividends + $14 redemption) imply fair value now in the low‑to‑mid $30s so I expect a near‑term bounce (now ≈ $33.5, +2 ≈ $34.5). Horizons beyond the final trading period use the terminal redemption $14, so +5 and +10 = $14. I am committed to my precommitted accumulation plan: only buy at my $33 reference price, add on dips, avoid realizing losses on my 14 shares, and only trim/take profits if price rallies into my mid‑to‑high $30s profit zone (~$37–$40). I have $38.30 cash, so I place a limit buy for 1 share at $33 to continue accumulating at my reference price.",buy,1,,1,31.0,22.67,15
28,trader-00,31.25,14.0,33.0,35.0,31.0,14,"Momentum chaser: last transaction is $31.00 and I extrapolate the near-term uptick, so I expect prices to drift modestly higher now and over the next few periods (now ~31.25, 2p ~33.0, 5p ~35.0). I strongly dislike missing rallies, have $439.52 cash, and will use most of it to add exposure by bidding $31.00 for 14 shares (max affordable) to participate if the run continues. I retain my precommitted mental stop-loss near $13.50 (will sell rather than wait on steep dips) and plan to trim/take profits if prices move into the mid-30s or higher. The 10-period-ahead forecast uses the terminal redemption amount ($14) as required.",buy,14,,14,31.0,13.0,18
28,trader-01,14.0,14.0,14.0,14.0,0.0,0,"Fundamental arbitrage: expected per-period dividend = (0.40+1.00)/2 = $0.70. Capitalized at the 5% cash return gives fair value 0.70/0.05 = $14; terminal redemption is $14, so I forecast $14 now and at all reported horizons (for horizons beyond period 30 I use the $14 redemption). I am precommitted to buy only if market price < $13.30 (to earn a meaningful excess return over the 5% cash alternative) and to sell only if market price > $14.70 (to capture >5% outperformance). Current public transaction history shows prices around $31 — far above my buy threshold — and I hold 0 shares with $641.01 cash that will earn 5% interest post-trade. No arbitrage opportunity meets my thresholds, so I submit no order and hold cash, retaining my precommitted exit rules.",hold,0,,0,31.0,673.06,0
28,trader-02,31.0,14.0,32.0,14.0,30.75,8,"I'm a noise trader with a pre-committed rule to take profits whenever price > $17. Recent trades have been around $31 and momentum looks strong short-term, but with only three trading periods left I prefer to lock gains. I'll try to sell all 8 shares at $30.75 (slightly below the last spike to increase fill chances). Forecasts: near-term optimistic (now ~$31, in 2 periods ~$32) reflecting speculative demand; beyond the horizon I use the terminal redemption $14. I retain my stop-loss thought (would consider selling if price < $12) but here I prefer to realize profits and convert shares to cash to maximize final wealth.",sell,8,,-8,31.0,704.81,0
28,trader-03,31.0,14.0,18.0,14.0,0.0,0,"I'm an uneasy noise trader (seat 3) who previously took profits on the big spike and I retain my precommitted rule to avoid adding exposure while prices remain well above $16 (I sell if >$16). The last observed transaction was $31.00 so I expect an immediate trade near $31.00, with profit-taking and mean reversion to about $18 in ~2 periods. Forecasts for horizons beyond the market (periods >30) use the terminal redemption of $14. Given my rule and current cash position, I will hold cash this period and wait for a dip below my $16 threshold before buying.",hold,0,,0,31.0,751.02,0
28,trader-04,14.0,14.0,14.0,14.0,0.0,0,"I remain a disciplined risk‑neutral arbitrageur. Expected per‑period dividend = 0.5*$0.40 + 0.5*$1.00 = $0.70; discounting at 5% with the $14 terminal redemption gives a fundamental PV ≈ $14.00, so prices should revert toward $14. I have a precommitted plan: buy only if transaction price ≤ $12.73 (to secure ≥5.5% dividend yield + room for capital return) and sell holdings only if price ≥ $15. I hold 0 shares, cannot short, and the most recent public trades (~$31) are well above my buy threshold. Cash will earn 5% interest this period, so no economically meaningful excess return from trading now. Forecasts use the $14 terminal redemption for horizons beyond the last trading period. I therefore submit no order (hold).",hold,0,,0,31.0,673.06,0
28,trader-05,31.0,14.0,16.0,14.0,0.0,0,"Last public trade = $31.00, so my immediate forecast = $31.00. As an overconfident contrarian I still view long‑run/terminal value ≈ $14 and expect a partial unwind toward ≈ $16 in ~2 periods and reversion to ~$14 over the medium run. I hold no shares (I previously locked gains) and my precommitted rules remain: buy only on deep dips (price < $12), avoid realizing losses, and take profits on winners (sell portions if price ≥ $16). With the market near $31 and three trading periods including this one remaining, I will wait for a genuine dip rather than submit a buy now, so I hold this period.",hold,0,,0,31.0,741.17,0
28,trader-06,31.0,14.0,22.0,14.0,0.0,0,"I remain the precommitted trader. My original concrete schedule (stated in period 1) was: buy during periods 1–6 to accumulate (buy limits $14.50), then sell during periods 11–16 to pare back to my baseline 4 shares (sell limits ≥ $16.00). I adhered to that plan, did not accumulate extra shares, and the sell window has passed, so I will hold now (no order). Forecasts reflect the recent very high public transactions (last trade = $31.00), cooling toward speculative/fundamental values: forecast_0 = $31.00, forecast_2 ≈ $22.00 (expect cooling by the last trading period), and horizons beyond the last trading period use the terminal redemption $14.00 (forecast_5 and forecast_10 = $14.00). I will continue to follow my precommitted schedule/exit plan regardless of intervening news.",hold,0,,0,31.0,534.61,4
28,trader-07,31.0,14.0,33.0,14.0,33.0,2,"Public last clearing was $31.00 with intact short-run momentum. As a bubble-timer I expect an immediate trade near $31 and a short-run push to about $33 by period 30, then terminal redemption $14 beyond the trading horizon. I retain my precommitted staged exit: sell about half the position if price ≥ $33 and sell the remainder at ≥ $34 or by period 30 at the latest. To follow that plan I place a sell limit for 2 shares at $33 now to lock gains if the expected short-run push materializes. I acknowledge no buyer is guaranteed and will adjust orders in the remaining periods to realize the rest of the position if needed.",sell,2,,0,31.0,518.68,4
28,trader-08,31.0,14.0,32.5,14.0,31.0,6,"I'm a momentum chaser but I also trim when prices trade materially above fundamentals (~$15). The last trade is $31 and I expect short-run continuation (now ~31, +2 ≈32.5) but the terminal redemption is $14 beyond the trading horizon. With only 3 periods left I prefer to lock profits and raise liquidity rather than risk holding many shares into the redemption. I will sell 6 shares at $31 to reduce downside exposure while retaining some upside exposure if the rally continues; if prices dip I'll be prepared to sell more per my stop-loss/trim discipline.",sell,6,,-6,31.0,325.02,7
28,trader-09,14.0,14.0,14.0,14.0,0.0,0,"I am a precommitter and will continue to adhere to the trading schedule I announced in Period 1: Period 1 BUY 3 @ $13.50; Period 2 BUY 2 @ $13.50; Period 3 BUY 1 @ $13.50; Period 4 HOLD; Period 5 SELL 3 @ $14.50; Period 6 SELL 3 @ $14.50; thereafter hold remaining shares to collect dividends and the $14 terminal redemption. In practice my early buy orders did not fill and my sells in P5–P6 executed, so I currently hold 0 shares with cash $648.34 and there are no executable trades under my original plan. My fundamental valuation (expected per-period dividend ≈ $0.70 plus $14 terminal redemption, discounted at 5%) implies fair value ≈ $14; I therefore forecast transaction prices to revert toward $14 now and at the 2- and 5-period horizons, and use the $14 terminal redemption for the 10-period horizon. Accordingly I submit HOLD (price=0, qty=0) this period.",hold,0,,0,31.0,714.8,0
28,trader-10,31.0,14.0,25.0,14.0,0.0,0,Last clearing price = $31.00. I am the bubble-timer and currently hold 0 shares with cash = $701.31. With only 3 trading periods left I will not chase the speculative peak; I expect a mild near-term correction (≈ $25 in two periods) and terminal redemption ($14) for horizons beyond trading. Per my precommitted re-entry rule I will consider buying only if price falls to the mid‑teens (≤ $16). Any future re-entry would use a staged exit: sell ~50% at ≥ $17 and finish at ≥ $18 or by a short deadline after re-entry. Meanwhile I hold cash to earn interest and preserve the option to re-enter at a safer price.,hold,0,,0,31.0,736.38,0
28,trader-11,33.5,14.0,34.5,14.0,0.0,0,"I remain an overconfident contrarian: fundamentals + my optimistic resale view imply near‑term fair value ≈ $33.5 and a modest bounce to ≈ $34.5 in two periods. Horizons beyond the final trading period use the $14 terminal redemption, so forecast_5 and forecast_10 = $14. I will not sell into a sub‑profit market (current recent trades ~$31 are well below my profit‑taking zone of ~$37–$40) and I only buy at my precommitted reference price of $33. I have only $22.67 cash, so I cannot place my $33 buys now — therefore I hold this period, avoid realizing losses on my 15 shares, and will resume buying at $33 when cash permits or trim only if prices rally into my mid‑to‑high $30s profit zone.",hold,0,,0,31.0,29.8,15
29,trader-00,31.25,14.0,33.0,35.0,31.0,18,"I'm a momentum chaser and extrapolate a modest near-term uptick (now ~31.25, 2p ~33, 5p ~35) but current market prices sit far above expected fundamentals (expected redemption + remaining dividends ≈ $15.4). Consistent with my habit of locking gains when prices sit in the high-20s/low-30s and rebuilding cash to chase future rallies, I will sell my entire stake (18 shares) at $31.00 to realize gains and maximize final cash wealth. I keep my precommitted mental stop-loss (~$13.50) in mind but prioritize converting the current rally into cash given only two trading periods remain.",sell,18,,0,,20.85,18
29,trader-01,14.0,14.0,14.0,14.0,0.0,0,"Fundamental arbitrage: expected per-period dividend = (0.40+1.00)/2 = $0.70 and terminal redemption = $14, so fair value = $14. With two periods remaining the expected terminal value per share = 14 + 0.7 + 0.7 = $15.4, which equals the cash alternative only near P ≈ $13.97. I am precommitted to a stricter buy threshold (buy only if price < $13.30) and to sell only if price > $14.70 to capture meaningful >5% outperformance. Public transaction history (~$31) is far above my buy threshold and I hold 0 shares, so no arbitrage trade meets my rules. I therefore hold (no order). Forecasts use the terminal redemption for horizons beyond the last period and reflect the fundamental $14 fair value.",hold,0,,0,,706.71,0
29,trader-02,31.0,14.0,14.0,14.0,0.0,0,"Near-term I expect momentum to keep transaction prices around the recent $31 spike (forecast_0 $31.00). However any horizon beyond the final trading period should use the terminal redemption $14.00 (so forecast_2/5/10 = $14.00). With only two trading periods left the expected fundamental value including the two remaining dividends (~$15.40) is far below current market prices, so buying now at ~31 would be irrational. I currently hold no shares and will hold cash to earn 5% interest instead of re-entering an overpriced market. I retain my pre-committed rules (take profits if price >> $17, consider cutting losses if price < $12) but here prudence wins: hold cash to maximize final wealth rather than chase late momentum.",hold,0,,0,,740.05,0
29,trader-03,31.0,14.0,14.0,14.0,0.0,0,"I'm an uneasy noise trader (seat 3) who previously took profits on the big spike. The last observed transaction was $31.00, so I expect an immediate trade near $31.00. Forecasts for horizons beyond the remaining trading periods use the terminal redemption of $14. I have a precommitted rule to avoid adding exposure while prices remain well above $16 (I sell if >$16), so I will hold cash this period and wait for a dip below my $16 threshold before buying.",hold,0,,0,,788.57,0
29,trader-04,14.0,14.0,14.0,14.0,0.0,0,"I am a disciplined risk‑neutral arbitrageur (cash $673.06, 0 shares) and retain my precommitted plan: buy only if price ≤ $12.73 (to secure a meaningful excess return vs. 5% cash) and sell only if price ≥ $15. With two trading periods remaining the fundamental PV (expected dividends + $14 terminal redemption discounted at 5%) ≈ $14. Public trades (~$31 recently) are far above my buy threshold and I hold no shares, so no economically attractive trade now. Forecasts anchor to the $14 fundamental; for horizons beyond the last trading period I use the $14 redemption. Therefore I submit no order (hold).",hold,0,,0,,706.71,0
29,trader-05,31.0,14.0,14.0,14.0,0.0,0,"Last public trade = $31.00, so my immediate forecast equals that. I remain an overconfident contrarian who believes long‑run/terminal redemption = $14 and expect mean reversion; however the +2 and longer horizons lie beyond the final trading period so by instructions I use the $14 terminal redemption for those forecasts. I currently hold 0 shares and $741.17 cash and have a precommitted rule to buy only on deep dips (price < $12) and to avoid realizing losses. With two trading periods (including this one) remaining and the market near $31, I will wait for a genuine dip rather than submit a buy now, so I hold (price=0, qty=0).",hold,0,,0,,778.23,0
29,trader-06,31.0,14.0,14.0,14.0,0.0,0,"I remain the precommitted trader. My concrete schedule (stated originally and repeated here) was: buy during periods 1–6 to accumulate (buy limits $14.50, target up to 10 shares if cash allowed), then sell during periods 11–16 to pare back to my baseline 4 shares (sell limits ≥ $16.00). I adhered to that plan, did not accumulate extra shares, and the sell window has passed. Current account: Cash $534.61, Shares 4. Given I hold only my baseline shares and my sell window is over, I will not trade now and therefore hold. Forecasts: near‑term transaction price equals recent public trades (~$31.00 now); all future horizons that fall beyond the last trading period use the terminal redemption $14.00 (hence forecast_2/5/10 = 14.00). I will continue to follow my precommitment regardless of intervening news.",hold,0,,0,,562.94,4
29,trader-07,31.0,14.0,14.0,14.0,31.0,4,"I am a bubble-timer with a precommitted staged exit (originally planned to sell half at ≥$33 and the remainder at ≥$34 or by period 30). With only one trading period left after this one, liquidation risk is high. Public last clearing was $31.00 and short‑run momentum has stalled around the low‑30s, so to maximize final cash I submit a conservative sell for all 4 shares at $31 to ensure execution and lock profits rather than risking a failed higher‑limit sell. Forecast_0 equals the recent clearing price; all horizons beyond the last trading period use the terminal redemption $14.",sell,4,,0,,546.21,4
29,trader-08,31.0,14.0,14.0,14.0,31.0,6,"I'm a momentum chaser but with only two trading periods left I prefer to lock profits while leaving a small stake to avoid completely missing a last-minute rally. The recent transaction history has been steady at $31.00, so I set a sell limit at $31 to get filled. This trims most of my position (6 of 7) to raise liquidity and reduce downside risk ahead of the $14 terminal redemption; I keep 1 share for upside. If prices dip I would sell remaining exposure per my stop‑loss/trim discipline. Forecasts: near-term ~$31 (now) and use the $14 redemption for horizons beyond the final trading period.",sell,6,,0,,344.07,7
29,trader-09,14.0,14.0,14.0,14.0,0.0,0,"I am a precommitter and will adhere to the trading schedule I announced in Period 1: Period 1 BUY 3 @ $13.50; Period 2 BUY 2 @ $13.50; Period 3 BUY 1 @ $13.50; Period 4 HOLD; Period 5 SELL 3 @ $14.50; Period 6 SELL 3 @ $14.50; thereafter hold remaining shares to collect dividends and the $14 terminal redemption. In practice those planned trades have executed earlier and I currently hold 0 shares (cash $714.80), so there are no executable orders under my original plan. My fundamental valuation (expected per-period dividend ≈ $0.70 plus $14 terminal redemption, discounted at 5%) implies fair value ≈ $14; I therefore forecast transaction prices to revert toward $14 now and at the 2-, 5-, and 10-period horizons. Per my precommitment I submit HOLD (price=0, qty=0) this period.",hold,0,,0,,750.54,0
29,trader-10,31.0,14.0,14.0,14.0,0.0,0,"I am the bubble-timer and currently hold 0 shares with $736.38 cash. Public last clearing = $31.00; I will not re-enter at these elevated prices because my precommitted re-entry rule is to buy only if price falls to the mid‑teens (≤ $16). With only two trading periods remaining the +2, +5 and +10 horizons lie beyond the last trading period, so use the terminal redemption ($14.00). Holding preserves cash to earn interest, avoids the high risk of being stuck at terminal redemption if unable to resell, and retains my staged exit plan should a safe re-entry opportunity arise.",hold,0,,0,,773.2,0
29,trader-11,33.5,14.0,14.0,14.0,0.0,0,"I remain an overconfident contrarian: my view of fair value now is in the low‑to‑mid $30s (forecast_0 = $33.50). Horizons beyond the final trading period use the terminal redemption ($14), so forecast_2/5/10 = $14.00. I stick to my precommitted plan: only buy at my $33 reference price and only trim/take profits if price rallies into my mid‑to‑high $30s (~$37–$40). With cash = $29.80 I cannot afford my $33 buys this period, and selling now would lock in losses on my 15 shares, which I avoid. Therefore I hold (price=0, qty=0) and will reassess in the final trading period — buying at $33 if I can afford it or selling only if the market reaches my profit zone.",hold,0,,0,,37.29,15
30,trader-00,31.25,14.0,14.0,14.0,31.0,18,"Momentum chaser: recent visible trades clustered at $31 and I strongly dislike giving back gains. With only one trading period left the terminal redemption plus expected dividend (~$14.70) is far below current market prices, so I lock gains by selling my entire stake. I submit a sell limit at $31.00 for all 18 shares to realize profits and rebuild cash for final interest. I retain my precommitted behavior (sell when prices sit in high-20s/low-30s rather than waiting for a dip). Forecast: slight near-term uptick now (~31.25), but beyond the last trading period use the redemption $14.00.",sell,18,,0,,29.09,18
30,trader-01,14.0,14.0,14.0,14.0,0.0,0,"Fundamental arbitrage: with one trading period left the fair price equates expected final payoff (E[dividend]+redemption = 0.70+14 = 14.70) discounted by the 5% cash return => 14.70/1.05 = 14.00. My precommitted rules are buy only if price < $13.30 and sell only if price > $14.70. Forecast transaction prices therefore = $14 now and $14 for horizons beyond the last trading period (use terminal redemption). Current and expected prices do not clear my buy/sell thresholds and I hold 0 shares, so I submit no order.",hold,0,,0,,742.05,0
30,trader-02,31.0,14.0,14.0,14.0,0.0,0,"With only the final trading period left the fundamental payoff for a share (expected dividend ≈ $0.70 plus $14 redemption = $14.70) is far below recent speculative trades (~$31). I'm a noise trader and my immediate hunch is that momentum could briefly push a trade near $31 (forecast_0), but buying at those levels would destroy final wealth. I therefore hold cash to earn the 5% interest and keep my pre-committed rules (take profits if price >> $17, consider cutting losses if price < $12). Forecasts beyond the trading horizon use the terminal redemption $14.",hold,0,,0,,777.05,0
30,trader-03,31.0,14.0,14.0,14.0,0.0,0,"I'm an uneasy noise trader (seat 3) who already took profits on the big spike. The last observed trade was $31.00, so I expect an immediate transaction near $31.00. I retain my precommitted rule to avoid adding exposure while prices remain well above $16 (I sell if >$16), so I will hold cash this final trading period and wait for a dip below my $16 threshold before buying. Forecasts beyond the remaining trading periods use the terminal redemption of $14.00.",hold,0,,0,,828.0,0
30,trader-04,14.0,14.0,14.0,14.0,0.0,0,"I remain a disciplined risk‑neutral arbitrageur and retain my precommitted rules: buy only if price ≤ $12.73 (to secure a meaningful excess return vs. the 5% cash rate) and sell holdings only if price ≥ $15. With one trading period left the terminal redemption ($14) plus the expected final dividend ($0.70) discounted at 5% anchors the fair price at $14. Recent public trades (~$31) are far above my buy threshold, I hold 0 shares and cannot short, and cash will earn 5% interest this period. Therefore no economically attractive trade exists and I submit no order (hold). Forecasts for now and all horizons use the $14 terminal redemption anchor.",hold,0,,0,,742.05,0
30,trader-05,31.0,14.0,14.0,14.0,0.0,0,"Last public trades remain near $31. As an overconfident contrarian I still believe terminal redemption/fundamental value = $14 and expect mean reversion, but my precommitted rule is to buy only on deep dips (price < $12) and to avoid realizing losses. With one trading period left, buying above terminal value is dominated; I hold cash (no shares) and wait for a genuine dip. Forecasts beyond the final trading period use the $14 terminal redemption.",hold,0,,0,,817.14,0
30,trader-06,31.0,14.0,14.0,14.0,0.0,0,"I remain the precommitted trader. My concrete schedule (stated originally) was: buy during periods 1–6 to accumulate (buy limits $14.50), then sell during periods 11–16 to pare back to my baseline 4 shares (sell limits ≥ $16.00). I adhered to that plan, did not accumulate extra shares, and the sell window has passed, so I will hold in this final trading period. Forecasts: near‑term expected transaction price reflects recent public trades (last trans. ≈ $31.00) so forecast_0 = 31.00. All forecast horizons (2, 5, 10 periods ahead) fall beyond the last trading period, so per instructions I use the terminal redemption $14.00 (forecast_2/5/10 = 14.00). Current account: Cash $562.94, Shares 4. I will not submit a buy or sell now and will follow my precommitted schedule/exit plan despite intervening news.",hold,0,,0,,592.69,4
30,trader-07,15.0,14.0,14.0,14.0,14.5,4,"I am a bubble‑timer and my precommitted schedule required I liquidate the remaining position by period 30 at the latest. With one trading period left, liquidation risk is high and the known terminal redemption is $14. Selling now at a conservative, executable limit locks gains and raises expected final cash vs holding. A sale at ≥ $14 already dominates holding (break‑even at $14), so I set a slightly better target ($14.50) to capture a small premium while keeping execution probability high. Forecast_0 is a modestly optimistic immediate clearing (15.00); beyond the last trading period the terminal redemption applies (14.00).",sell,4,,0,,575.12,4
30,trader-08,31.0,14.0,14.0,14.0,31.0,6,"Momentum chaser: recent trades have been steady at $31.00 so I expect an immediate trade ≈ $31. I will lock profits by trimming most of my position (sell 6 of my 7 shares at $31) to raise liquidity and reduce downside risk before the $14 terminal redemption, while keeping 1 share so I don't completely miss any last-minute rally. If the market dips I would sell remaining exposure per my stop-loss/trim discipline.",sell,6,,0,,364.07,7
30,trader-09,14.0,14.0,14.0,14.0,0.0,0,"I am a precommitter and will adhere to the trading schedule announced in Period 1: Period 1 BUY 3 @ $13.50; Period 2 BUY 2 @ $13.50; Period 3 BUY 1 @ $13.50; Period 4 HOLD; Period 5 SELL 3 @ $14.50; Period 6 SELL 3 @ $14.50; thereafter hold remaining shares to collect dividends and the $14 terminal redemption. In practice my buy orders did not fill and my sells executed in P5–P6, so I currently hold 0 shares and cash $750.54. With no inventory and no remaining purchases in my precommitted plan I submit HOLD (price=0, qty=0) this final trading period. Fundamentals (expected per-period dividend ≈ $0.70 plus $14 terminal redemption, discounted at 5%) imply fair value ≈ $14, so I forecast transaction prices = $14.00 now and at the 2-, 5-, and 10-period horizons (for horizons beyond the final trading period I use the $14 terminal redemption).",hold,0,,0,,788.07,0
30,trader-10,31.0,14.0,14.0,14.0,0.0,0,"Last clearing price = $31.00 so my near-term transaction forecast = $31.00. With only one trading period remaining, all horizons beyond trading use the terminal redemption $14.00, so forecast_2/5/10 = $14.00. I am a bubble-timer and my precommitted re-entry rule is to buy only if price falls to the mid‑teens (≤ $16). With no time to resell before redemption and expected terminal payoff $14.70 (dividend+redemption) vs. current market >> that level, buying now is too risky. I will preserve cash to earn interest and avoid being stuck holding shares that will redeem at $14. I therefore submit Hold (price=0, qty=0) and retain my staged exit/re-entry plan for any future opportunity.",hold,0,,0,,811.86,0
30,trader-11,33.5,14.0,14.0,14.0,0.0,0,"As an overconfident contrarian I still view fair value near $33.50 now, but any horizon beyond this final trading period must use the terminal redemption $14. With this the final period offers no resale opportunity: buying at my usual $33 reference would reduce expected final wealth (redemption + final dividend << $33). I also avoid realizing losses on my 15 shares and will not sell into a dip. Therefore I hold (no order) this last trading period, keeping my precommitted plan to only buy at $33 and only trim if prices reach my mid‑to‑high $30s profit zone (which is impossible now).",hold,0,,0,,45.15,15
