period,trader,persona,forecast_0,forecast_10,forecast_2,forecast_5,price,quantity,rationale,side,admitted_quantity,signed_fill,execution_price,closing_cash,closing_shares
1,trader-00,MC,15.0,19.0,16.5,18.0,15.0,1,"No price history yet but fundamental PV is about $14; as a momentum chaser I'm optimistic early and willing to take a small position so I don't miss a rally. I place a small aggressive buy (1 share at $15) to get exposure. I expect a modest near-term uptick if speculative interest builds, hence forecasts of $15 now, $16.50 in 2 periods, $18 in 5, and $19 in 10. Exit/management plan: if price falls (especially below my purchase price / about $14) I will sell rather than wait; if price rises I'll be willing to raise my bid and add shares incrementally (e.g., add more at ~$16+), riding the trend. I keep position sizing conservative early (1 share) to limit downside while preserving upside to chase momentum if the market moves up.",buy,1,0,,106.6,4
1,trader-01,RA,14.0,14.0,14.0,14.0,0.0,0,"Fundamental arbitrage: expected dividend per period = (0.40+1.00)/2 = 0.70, which equals 5% of $14 (0.05*14 = 0.70). The present value of remaining expected dividends plus terminal $14 redemption therefore equals $14 at every date. Expected total return equals the 5% cash return, so there is no excess return opportunity. I will not trade (hold). No precommitted schedule or exit trade is required because price = fair value and buying or selling would not beat the 5% safe return.",hold,0,0,,106.6,4
1,trader-02,NT,14.5,16.0,15.0,15.5,14.5,6,"I'm excited at the opening and optimistic others will pay a bit above fundamental for speculative reasons, so I expect transactions to start around $14.50 and drift up to about $16 over the next 10 periods. I place a buy limit at $14.50 for 6 shares (cash-constrained maximum = floor(100/14.50) = 6) because I want to increase my position to ride expected speculative demand. Plan: hold if price rises modestly; take profits by selling at or above $17.00 or trim position if I grow uneasy (sell half of any added shares above $16.00). Forecasts reflect what I think others may actually pay, not a detailed dividend valuation.",buy,6,0,,106.6,4
1,trader-03,NT,15.0,14.0,16.0,13.5,15.0,2,"I'm a noise trader and excited at the open; I expect short-term speculative demand so tradeable prices should be a bit above fundamental. Rough fundamental (PV of expected $0.70 dividends + $14 redemption) is ~14, but optimism can push the opening to about $15 and perhaps to ~$16 in a couple periods. I therefore place a buy limit for 2 shares at $15.00 (cost $30) to ride short-term momentum while keeping cash for later moves. Exit plan: if price reaches ≥ $17.00 within the next 5 periods I will sell the purchased shares to take profits; if not, I will hold the shares to collect dividends and the $14 redemption and reassess at period 5 (if price still below target I may sell some to rebalance). No private info — trading on a hunch and a shifting mood.",buy,2,0,,106.6,4
1,trader-04,RA,14.0,14.0,14.0,14.0,0.0,0,"Fundamental valuation at the 5% cash rate: expected dividend each period = (0.40+1.00)/2 = $0.70. PV of a 30-period $0.70 annuity at 5% = 0.70 * [1 - (1.05)^-30] / 0.05 = 10.76096. PV of terminal redemption $14 at period 30 = 14*(1.05)^-30 = 3.23904. Sum = 14.00. Thus the fair price that yields the 5% opportunity return is $14.00. As a rational arbitrageur I will not trade when the expected excess return is zero. I require a meaningful edge to act: I will only buy if price ≤ $13.50 (provides a cushion below the 5% benchmark) and will sell holdings if price ≥ $14.50 (capture a premium above fair value). No public trades have occurred and the natural clearing/long-run expectation is the fundamental $14, so I hold (no order) this period. I will monitor future market prices and submit limit orders only if they cross my buy/sell thresholds.",hold,0,0,,106.6,4
1,trader-05,OC,13.0,17.0,14.0,15.5,13.0,7,"My discounted-fundamental for the asset (expected dividends + $14 terminal redemption, discounted at the 5% cash rate) is about $14; I am an overconfident contrarian and believe the market currently underestimates upside and will climb as others catch on. I submit a buy limit at $13.00 to pick up shares cheaply if sellers appear. With $100 cash I can buy up to 7 shares at this limit (spending $91). I forecast an immediate transaction near $13 (my bid), rising to about $14 in 2 periods as value is recognized, to ~$15.50 in 5 periods and to ~$17 by period 10 as momentum and my resale opportunities materialize. I will treat these new shares as longer-term positions: I will not realize losses if price dips (I will hold and consider averaging down), but I will take profits if the price rallies above my target (~$17) by selling portions to lock gains. This order and plan follow my contrarian habit to buy early when I see a bargain and to avoid realizing losses; I will revisit and adjust in later periods as public history evolves.",buy,7,0,,106.6,4
1,trader-06,PC,14.2,14.45,14.4,14.5,14.2,3,"Precommitted trading schedule (to be followed throughout): buy during periods 1–6 to accumulate shares while present value is near current levels; then hold through periods 7–25; sell to realize gains during periods 26–30. I start by buying now because the discounted expected sum of remaining dividends plus the $14 terminal redemption implies a fair value near the mid-$14s; I set a conservative buy limit slightly below my best estimate to avoid overpaying for early liquidity (limit $14.20 for 3 shares costs $42.60, leaving cash to buy further in the planned buying window). Forecasts: I expect a slight drift in market prices around fundamentals (14.2 now, modest rise around periods 2–5 as discounting and terminal timing change, then little net change by period 11). I will keep this schedule even if news intervenes; I may sell some initial shares earlier only if a clear above-fundamental spike offers easy profit, but my plan is to accumulate in 1–6 and liquidate in 26–30. Constraints: no shorting, orders rounded to cents. Emotional/habit note: I prefer disciplined accumulation early and disciplined exit late rather than trading impulsively. This order is executable with current cash and inventory.",buy,3,0,,106.6,4
1,trader-07,BT,13.5,15.0,15.5,16.5,13.5,2,"Fundamentals (expected dividend $0.70, 5% interest, redemption $14 at period 30) imply a fair value near $14.00, but as a bubble-timer I expect an early speculative upswing. I submit a buy limit at $13.50 to build my position early (buy 2 shares) anticipating other buyers will push prices higher in the next few periods. Forecasts: immediate fill ~$13.50, a continued rally to about $15.50 in 2 periods and a peak near $16.50 by period 5 as momentum attracts buyers; by period 10 I expect profit-taking and some unwind, bringing price back toward $15.00. Exit plan (precommitted): I will sell into strength — offer all accumulated extra shares once price ≥ $16.00 or if momentum clearly slows, and in any case by period 10 to lock profits before a potential broad exit. I acknowledge no buyer is guaranteed; I will adjust if market shows weak demand or prices fail to rise.",buy,2,0,,106.6,4
1,trader-08,MC,14.0,17.5,15.0,16.5,14.5,1,"I'm a momentum chaser and optimistic early: willing to take a small starter position before any price history in case speculative interest builds. The fundamental PV is about $14, so I expect an initial transaction near $14, but I lean toward a mild rally over the next few periods as momentum picks up (hence rising forecasts). I submit a small aggressive buy (1 share at $14.50) to avoid missing an early rally. Exit/management plan: if prices rise I will raise my bids and add to my position; if prices dip (e.g. break below ~$13) I will start selling to cut losses; I will also take profits on rallies (trim if market > $16). This single-share buy is deliberately small to limit downside while preserving upside exposure to a nascent momentum run.",buy,1,0,,106.6,4
1,trader-09,PC,13.5,14.0,13.9,14.1,13.5,3,"Precommitment schedule (repeatable plan): buy in periods 1–5, hold in periods 6–15, sell in periods 16–30. I adopt this schedule now and will follow it regardless of interim news. Reasoning: the fundamental (expected dividends + $14 terminal redemption) values a share at about $14; short-run demand shocks can push transaction prices below that. My plan is to accumulate shares early when price is below fundamental, hold while cash accrues interest and dividends, then sell later when demand pushes prices toward or above $14. For Period 1 I submit a buy limit order at $13.50 for 3 shares (cost $40.50, within my $100 cash), expecting fills at or below that price. Forecasts of transaction prices reflect a small rebound toward fundamental: now 13.50, in 2 periods ~13.90, in 5 periods ~14.10, and in 10 periods ~14.00 (terminal redemption anchors price). I will buy in periods 1–5 as planned (using available cash each period), hold 6–15, and then begin selling in periods 16–30 to realize gains and convert positions back to cash before final redemption. This order and schedule are executable given current cash and inventory and are intended to maximize final cash wealth by buying perceived short-run discounts and selling near/above the $14 fundamental.",buy,3,0,,106.6,4
1,trader-10,BT,14.0,16.0,17.5,20.0,13.5,3,"Fundamental expected present value is $14 per share (0.70 expected dividend per period discounted at 5% plus $14 terminal redemption). I forecast an initial transaction around the fundamental ($14). As a bubble timer I expect short-term speculative demand to push prices above fundamentals: a rise to roughly $17.5 in 2 periods and a possible peak ~ $20 by period 5, with a subsequent correction toward $16 by period 10. I will build a position now because buying below $14 gives positive expected value even if I must hold to redemption, and it positions me to capture speculative upside. Order: buy up to 3 shares at $13.50 (cash-limited allowance: $100/13.50 permits more, but I choose a moderate build). Exit plan (precommitted): if market price reaches or exceeds $18, begin selling in tranches to lock gains (first tranche = about half my total holdings at that time, remainder sold if price stays ≥$16 or by period 10 at the latest). If price growth slows or my planned exit window approaches without hitting targets, I will offer shares to realize partial profits rather than risk a late crash. I do not assume another buyer is guaranteed; I compare any resale price to my reservation (exit) price before executing sales.",buy,3,0,,106.6,4
1,trader-11,OC,12.0,14.0,13.5,14.0,12.0,8,"My read: the fair present value including remaining dividends + terminal redemption is about $14, but opening trades often start below fundamentals. As an overconfident contrarian I expect other traders to underprice the asset early and for the market to recover toward fundamentals. I therefore place an aggressive accumulation bid at $12.00 to add 8 shares (the max affordable with $100). Forecasts: I expect an immediate transaction near $12 (initial underpricing), recovery to ≈$13.50 in 2 periods, and convergence to ~$14 within 5–10 periods. Plan: I will treat these purchases as long-term positions, avoid realizing losses (hold through dips), and selectively take profits if the clearing price moves materially above fundamentals (I will consider selling tranches if prices exceed my average cost by a comfortable margin). I will track my purchase prices and only sell winners; no shorting. This order follows my contrarian, optimistic belief in upside and willingness to buy early.",buy,8,0,,106.6,4
2,trader-00,MC,15.5,20.0,17.0,19.0,15.5,1,"As a momentum chaser I'm still optimistic with no transaction history and don't want to miss a rally. I will take a small, aggressive early position (1 share) at $15.50 to get exposure and increase the chance of being filled compared with my prior $15 bid. If transaction prices start rising I'll extrapolate the trend and raise bids/add shares; if prices dip (especially below my purchase price / about $14) I'll sell rather than wait. Forecasts reflect my near-term extrapolation of potential speculative interest building (15.5 now, 17 in 2 periods, 19 in 5, 20 in 10). I retain my prior exit/position-sizing plan: conservative sizing early, add on confirmed upward momentum, cut losses on declines.",buy,1,0,,113.53,4
2,trader-01,RA,14.0,14.0,14.0,14.0,0.0,0,"Fundamental arbitrage: expected per-period dividend = (0.40+1.00)/2 = 0.70 which equals the 5% cash return on $14 (0.05*14 = 0.70). The present value of remaining dividends plus terminal $14 redemption therefore equals $14, so there is no expected excess return to exploit. I will not trade (hold). No precommitted schedule or exit trade is required because market price equals fair value and buying or selling would not beat the 5% safe return.",hold,0,0,,113.53,4
2,trader-02,NT,15.0,17.0,15.5,16.2,15.0,7,"I'm still excited and optimistic that speculative demand will push transaction prices a bit above fundamentals. No trade occurred last period, so I raise my limit slightly to 15.00 to increase chance of filling. Cash 106.60 allows buying 7 shares at this limit (floor(106.6/15.00)=7). Plan: hold if price rises modestly; take profits by selling at or above $17.00; if the position moves above $16.00 I will consider trimming half of any added shares. Forecasts reflect what I think others may actually pay, not a detailed dividend valuation.",buy,7,0,,113.53,4
2,trader-03,NT,16.0,14.0,17.0,13.5,16.0,2,"I'm a noise trader and remain excited about short-term speculative demand after the quiet open. I bid more aggressively this period (buy 2 at $16.00) to try to catch momentum. I retain my exit plan: if the price reaches ≥ $17.00 within the next 5 periods I'll sell purchased shares to take profits; if not I'll hold to collect dividends and the $14 redemption and reassess at period 5. Forecasts reflect near-term optimism (16 now, 17 in 2 periods) with a mean-reversion back toward fundamentals by period 5–10 (13.5 then 14.0).",buy,2,0,,113.53,4
2,trader-04,RA,14.0,14.0,14.0,14.0,0.0,0,"Fundamental fair value = $14.00 (PV of expected $0.70 per-period dividend at 5% plus $14 terminal). I am a rational arbitrageur who only acts with a meaningful edge: buy only if price ≤ $13.50, sell only if price ≥ $14.50. No trades occurred in Period 1 and the expected excess return is zero now, so I hold. I will monitor future prices and submit limit orders only if they cross my buy/sell thresholds.",hold,0,0,,113.53,4
2,trader-05,OC,13.0,17.0,14.0,15.5,13.0,8,"My discounted-fundamental still implies roughly $14 (expected dividend ~$0.7 per period + $14 terminal, discounted at 5%). I remain an overconfident contrarian: I trust my optimistic resale view and will buy early when I see a perceived bargain. With $106.60 cash a $13.00 limit lets me buy 8 shares (spending $104) if sellers appear. I will treat these as longer-term positions: I will not realize losses after a dip (I'll hold and consider averaging down), but I will take profits if price rallies toward/above my ~$17 target by selling portions. Forecasts: immediate trade near my bid ($13.00), rising to about $14 in 2 periods as value is recognized, to ~$15.50 in 5 periods and to ~$17 by period 10 as momentum/resale opportunities materialize.",buy,8,0,,113.53,4
2,trader-06,PC,14.25,14.45,14.45,14.5,14.2,3,"Precommitted schedule (repeated): buy during periods 1–6 to accumulate shares while present value is near mid-$14s; hold during periods 7–25; sell during periods 26–30 to realize gains. I remain disciplined to this plan and will only deviate for a clear, above-fundamental spike. Forecasts: I value the asset in the mid-$14s (discounted terminal $14 + expected remaining dividends). I expect a slight upward drift early as remaining discounting falls, then relatively stable mid-horizon. Hence forecasts: now 14.25, in 2 periods 14.45, in 5 periods 14.50, in 10 periods 14.45. Action: buy 3 shares at limit $14.20. This order is executable given cash $106.60 (3×14.20 = $42.60, leaving cash for further planned buys). I use a conservative buy limit slightly below my best mid-$14s estimate to avoid overpaying for early liquidity while following my accumulation window (periods 1–6). Emotional/habit note: disciplined accumulation early rather than impulsive trading.",buy,3,0,,113.53,4
2,trader-07,BT,13.5,15.0,15.5,16.5,13.5,7,"I remain a bubble-timer and expect an early speculative upswing. With no transaction in period 1 there is little revealed demand yet, but I will continue to build a position early to ride anticipated momentum. I submit a buy limit at $13.50 to acquire 7 shares (cash 106.6 limits quantity to floor(106.6/13.5)=7). Forecasts: near-term fill ~13.50, rally to ~15.50 in 2 periods as momentum picks up, peak ~16.50 around period 5, and partial unwind to ~15.00 by period 10. Exit plan (precommitted): sell all accumulated extra shares (the shares I add beyond my original 4) into strength once price ≥ $16.00 or if momentum clearly slows, and in any case by period 10 to lock profits. I acknowledge no buyer is guaranteed and will adjust if market shows weak demand or prices fail to rise.",buy,7,0,,113.53,4
2,trader-08,MC,14.5,18.0,15.5,17.0,15.0,1,"I'm a momentum chaser: with no trade yet I'm still optimistic that speculative interest can build, so I take a small starter position. The fundamental PV is about $14, but I expect a mild near-term rally so my price and forecasts are a bit above fundamental. I submit a small aggressive buy (1 share at $15.00) to avoid missing an early rally; if prices rise I will raise bids and add to the position, and I will trim/take profits if market > $16. If prices dip (e.g. break below ~$13) I'll start selling to cut losses. This keeps my original exit/management plan intact.",buy,1,0,,113.53,4
2,trader-09,PC,13.6,14.0,13.95,14.1,13.8,4,"I repeat my precommitment schedule: buy in periods 1–5, hold in periods 6–15, sell in periods 16–30. The plan is to accumulate shares early when transaction prices are below the fundamental (expected dividends + $14 terminal redemption ≈ $14) and then sell later as prices revert upward. My period 1 buy (3 at 13.50) received no fills, so I raise my limit to 13.80 to improve the chance of execution while still keeping the purchase below the expected long-run value. I have $106.60 cash; buying 4 shares at $13.80 costs $55.20 and leaves cash for future buys and interest accumulation. Forecasts: small rebound toward fundamental now and over short horizons (now 13.60, in 2 periods 13.95, in 5 periods 14.10, in 10 periods 14.00). I will follow the stated schedule regardless of interim news.",buy,4,0,,113.53,4
2,trader-10,BT,14.0,16.0,17.5,20.0,14.0,3,"I remain a bubble timer: fundamental PV (~$14) justifies modest buys and speculative demand should push prices above fundamentals in the short run. I submit a buy limit for 3 shares at $14.00 to build a position early (cash 106.6, current shares 4) without over-extending. Exit plan (precommitted): if market price reaches or exceeds $18 I begin selling in tranches (first tranche ≈ half my holdings at that time, then sell remaining if price remains ≥$16 or by period 10 at the latest). I will monitor acceleration; if growth slows or my exit window approaches without hitting targets I will offer shares to lock partial profits. I do not assume another buyer is guaranteed and will compare any resale price to my reservation before selling.",buy,3,0,,113.53,4
2,trader-11,OC,12.0,14.0,13.5,14.0,12.0,8,"Fundamentals (remaining dividends + $14 terminal) imply fair value near $14. The market failed to trade in Period 1, so I expect some underpricing persists short-run — a transaction now around $12 with recovery to $13.5 in 2 periods and convergence ≈$14 by period 5–10. As an overconfident contrarian I will aggressively accumulate bargains others miss. With $106.60 cash I can buy 8 shares at $12.00 (cost $96), leaving some cash for interest/dividends. I will hold through any short-term dips (I avoid realizing losses), buy more after price declines if opportunity remains, and consider selling tranches only if prices move materially above my average cost to take profits. This order follows my precommitted accumulation plan.",buy,8,0,,113.53,4
3,trader-00,MC,16.0,21.0,17.5,19.5,16.0,1,"As a momentum chaser I'm still optimistic with no transaction history and I don't want to miss a nascent rally. I place a small, somewhat aggressive buy (1 share at $16.00) to get early exposure and increase the chance of being filled versus my prior $15 / $15.50 bids. My near-term forecasts extrapolate a potential upward trend (16.0 now, 17.5 in 2 periods, 19.5 in 5, 21.0 in 10). If transaction prices start rising I will raise my bids and add shares incrementally; if prices dip (especially below my reference/purchase level ~ $14) I will sell rather than wait. I keep sizing conservative (1 share) to limit downside while preserving upside to chase momentum.",buy,1,0,,123.21,4
3,trader-01,RA,14.0,14.0,14.0,14.0,0.0,0,"Fundamental arbitrage: per-period expected dividend = (0.40+1.00)/2 = 0.70, which equals the 5% cash return on the $14 terminal redemption (0.05*14 = 0.70). Present value of remaining expected dividends plus the $14 redemption therefore equals $14, so there is no expected excess return to exploit by buying or selling. Past low dividends do not change the symmetric payout distribution or the fair value. I will hold (no order). No precommitted schedule or exit trade is required because market price = my fair value and trading would not beat the 5% safe return.",hold,0,0,,123.21,4
3,trader-02,NT,15.5,17.5,16.0,16.7,15.5,7,"I'm excited at the opening and continue to expect some speculative demand, so I raise my bid slightly to $15.50 to increase the chance of a fill. Cash 113.53 allows floor(113.53/15.50)=7 shares, so I submit a buy for 7. I will hold if prices rise modestly, trim half of any added shares if the position goes above $16.00, and take profits by selling at or above $17.00. Forecasts reflect what I think others may actually pay (not a strict dividend valuation) and show a modest upward drift.",buy,7,0,,123.21,4
3,trader-03,NT,16.5,14.0,17.0,13.5,16.5,2,"I'm a noise trader and remain upbeat about short-term speculative demand after two quiet opens. My previous bids at 15 and 16 were not filled, so I'm bidding a bit more aggressively now (buy 2 at $16.50) to try to catch momentum while leaving ample cash. I still plan to sell any purchased shares if the market reaches ≥ $17.00 within the next 5 periods to take profits; if that doesn't happen I'll hold to collect dividends and the $14 redemption and reassess at period 5. Forecasts reflect near-term optimism (16.5 now, 17.0 in 2 periods) with mean reversion toward fundamentals by periods 5–10 (13.5 then 14.0).",buy,2,0,,123.21,4
3,trader-04,RA,14.0,14.0,14.0,14.0,0.0,0,"Fundamental fair value remains $14.00 (PV of expected $0.70 per-period dividend at 5% plus $14 terminal redemption). I am a rational arbitrageur who requires a meaningful edge: I will only buy if price ≤ $13.50 and will only sell if price ≥ $14.50. No transactions have occurred in prior periods and the expected excess return at current market fundamentals is zero, so I submit no order this period. I retain my precommitted thresholds and exit plan and will submit limit orders only if market prices cross those buy/sell thresholds in future periods. Current account: Cash $113.53, Shares 4.",hold,0,0,,123.21,4
3,trader-05,OC,13.0,17.0,14.0,15.5,13.0,8,"My discounted-fundamental (expected per-period dividend ≈ $0.7 plus $14 terminal redemption, discounted at the 5% cash rate) implies value near $14. I remain an overconfident contrarian: I believe the market still underestimates upside and I will buy early when I see a perceived bargain. I therefore submit a buy limit at $13.00 — with $113.53 cash this allows up to 8 shares (I request 8). I expect an immediate trade near my bid ($13.00), rising to about $14 in 2 periods, to ~$15.50 in 5 periods and to ~$17 by period 10 as others recognize value and resale opportunities materialize. I will treat new shares as longer-term positions: I will not realize losses after any dip (I will hold and consider averaging down), but I will take profits if price rallies toward/above my ~$17 target by selling portions. This order follows my previously stated plan and contrarian habit.",buy,8,0,,123.21,4
3,trader-06,PC,14.25,14.45,14.45,14.5,14.2,3,"Precommitted schedule (repeated): buy during periods 1–6 to accumulate shares while present value is in the mid-$14s; hold during periods 7–25; sell during periods 26–30 to realize gains. I continue disciplined accumulation in period 3. My fair-value estimate is in the mid-$14s (discounted terminal $14 plus expected remaining dividends), so I submit a conservative buy limit slightly below that estimate to avoid overpaying for early liquidity. Forecasts: small upward drift early as discounting of remaining payouts declines (now 14.25, in 2 periods 14.45, in 5 periods 14.50, in 10 periods 14.45). Action: buy 3 shares at $14.20 (cost $42.60), which is executable given current cash $113.53 and leaves cash for further planned buys in periods 4–6. I will adhere to this schedule unless a clear, above-fundamental spike presents an easy profit opportunity, in which case I may sell some shares early, but otherwise I will hold accumulated shares until the planned selling window.",buy,3,0,,123.21,4
3,trader-07,BT,13.5,15.0,15.5,16.5,13.5,8,"I remain a bubble-timer and will continue building a position early to ride an anticipated speculative upswing. No transactions yet, so I submit a buy limit at $13.50 to acquire 8 shares (floor(113.53/13.5)=8). Forecasts: near-term fill ~13.50, continued rally to ~15.50 in 2 periods as momentum attracts buyers, peak near ~16.50 by period 5, and partial unwind to ~15.00 by period 10. Exit plan (precommitted): sell all accumulated extra shares (those I add beyond my original 4) into strength once price ≥ $16.00 or if momentum clearly slows, and in any case by period 10 to lock profits. I acknowledge no buyer is guaranteed and will adjust if market shows weak demand or prices fail to rise.",buy,8,0,,123.21,4
3,trader-08,MC,15.0,18.5,16.0,17.5,15.5,1,"I'm a momentum chaser and there is still no trade history, so I'm optimistic speculative interest can build. I submit a small aggressive buy for 1 share at $15.50 to avoid missing an early rally while limiting downside. My near-term transaction forecasts reflect mild extrapolated upside (15.0 now, rising to ~16 in 2 periods and ~17.5 by period+5). If prices rise after a fill I'll raise bids and add to the position; if the market dips (e.g. breaks below ~13) I'll sell to cut losses; I'll trim/take profits if the market moves above ~$16. This keeps my prior exit/management plan intact.",buy,1,0,,123.21,4
3,trader-09,PC,13.7,14.0,14.0,14.1,13.9,8,"I repeat my precommitment schedule: buy in periods 1–5, hold in periods 6–15, sell in periods 16–30. The fundamental (expected dividends + $14 terminal redemption) anchors value near $14; short-run demand shocks can push transaction prices below that. I want execution in this early accumulation phase, so I raise my bid to $13.90 (still slightly below the $14 anchor) to improve fill probability. I have $113.53 cash and 4 shares; buying 8 shares at $13.90 would cost $111.20 and is executable given my cash. Forecasts reflect a small rebound toward fundamental: now 13.70, in 2 periods 14.00, in 5 periods 14.10, in 10 periods 14.00. I will follow the stated schedule regardless of interim news.",buy,8,0,,123.21,4
3,trader-10,BT,14.0,16.0,17.5,20.0,14.0,3,"I am a bubble timer. Fundamental expected present value ≈ $14 (0.70 expected dividend discounted + $14 terminal). Early in the session I will build a position to capture anticipated short-term speculative demand even if fundamentals alone would not force an immediate trade. I submit a buy limit for 3 shares at $14.00 (cost $42, within my $113.53 cash). Forecasts: now ~$14 as an initial matching level, +2 periods ~$17.5 as speculative momentum builds, +5 periods peak near ~$20, then a partial correction toward ~$16 by period 10. Exit plan (precommitted): if market price reaches or exceeds $18 I begin selling in tranches (first tranche ≈ half my holdings at that time, then sell remaining if price remains ≥$16 or by period 10 at the latest). If price growth slows or my exit window approaches without hitting targets, I will offer shares to lock partial profits. I will compare any resale price to my reservation (exit) price before selling and do not assume another buyer is guaranteed.",buy,3,0,,123.21,4
3,trader-11,OC,12.0,14.0,13.5,14.0,12.0,8,"I remain an overconfident contrarian: fundamentals (remaining dividends + $14 terminal) imply fair value ≈ $14, but early periods often underprice the asset. I expect an immediate transaction near $12 as the market starts to recognize value, recovery toward $13.50 in ~2 periods and convergence to ~$14 within 5–10 periods. I will aggressively accumulate bargains others miss, so I submit a buy limit at $12.00 for 8 shares (affordable with my $113.53 cash). I will avoid realizing losses (hold through dips and buy more on declines) and only trim positions if prices move materially above my average cost to take profits. This order follows my precommitted accumulation plan.",buy,8,0,,123.21,4
4,trader-00,MC,16.5,22.0,18.0,20.0,16.5,1,"As a momentum chaser I'm still optimistic with no transaction history and I don't want to miss a nascent rally. I place a small, aggressive buy (1 share at $16.50) to get early exposure and increase the chance of being filled versus prior lower bids. My forecasts extrapolate a possible upward trend (16.50 now, 18.00 in 2 periods, 20.00 in 5, 22.00 in 10). Execution plan: if transaction prices rise I'll raise bids and add shares incrementally; if prices dip (especially below my reference/purchase level of about $14) I'll sell rather than wait. I keep sizing conservative (1 share) to limit downside while preserving upside to chase momentum.",buy,1,0,,130.97,4
4,trader-01,RA,14.0,14.0,14.0,14.0,0.0,0,"Fundamental-arbitrage view: each period expected dividend = (0.40+1.00)/2 = 0.70 which equals the 5% cash return on the $14 terminal redemption (0.05*14 = 0.70). The present value of remaining expected dividends plus the $14 redemption equals $14, so there is no expected excess return to exploit. Past realized dividends do not alter the symmetric payout distribution or fair value. I therefore submit no order (hold). No precommitted schedule or exit trade is required because market price equals my fair value and trading would not beat the 5% safe return.",hold,0,0,,130.97,4
4,trader-02,NT,16.0,18.0,16.5,17.2,16.0,7,I'm still excited and expect some speculative demand to push transaction prices above fundamentals. I raise my bid to $16.00 to increase the chance of a fill (cash 123.21 -> floor(123.21/16)=7). Forecasts show a modest upward drift from my previous forecasts. Plan: hold if price rises modestly; if price moves above $16.00 I will consider trimming half of any added shares; take profits by selling at or above $17.00. Forecasts reflect what I think others may actually pay (not a strict dividend valuation).,buy,7,0,,130.97,4
4,trader-03,NT,17.0,14.0,17.5,13.5,16.75,2,"I'm a noise trader and remain upbeat about short-term speculative demand. My near-term hunch is that tradeable prices will tick up modestly from my last bids, so I forecast ~$17 now and a bit higher in two periods as momentum builds, then mean-reversion toward fundamentals by period 5–10 (around $13.5–14.0). I therefore submit a buy limit for 2 shares at $16.75 to try to catch momentum while keeping cash for later moves. I keep my exit plan: if the market reaches ≥ $17.00 within the next 5 periods I'll sell purchased shares to take profits; if that doesn't happen I'll hold the shares to collect dividends and the $14 redemption and reassess at period 5.",buy,2,0,,130.97,4
4,trader-04,RA,14.0,14.0,14.0,14.0,0.0,0,"Fundamental fair value = PV of expected $0.70 per-period dividend at 5% plus $14 terminal = $14.00. As a rational arbitrageur I only act with a meaningful edge: buy only if price ≤ $13.50 and sell only if price ≥ $14.50. No public trades have occurred and the expected excess return is zero, so I submit no order this period and retain my precommitted buy/sell thresholds.",hold,0,0,,130.97,4
4,trader-05,OC,13.0,17.0,14.0,15.5,13.0,9,"My discounted-fundamental still implies value near $14 (expected per-period dividend ≈ $0.7 plus $14 terminal redemption, discounted at the 5% cash rate). I remain an overconfident contrarian: I trust my optimistic resale view and believe the market still underestimates upside. I therefore submit a buy limit at $13.00 to pick up shares cheaply if sellers appear. With $123.21 cash this allows up to 9 shares (9×$13 = $117). I will treat these as longer-term positions: I will not realize losses after a dip (I will hold and consider averaging down), but I will take profits if the price rallies toward/above my ~$17 target by selling portions. Forecasts: immediate trade near my bid ($13.00), rising to about $14 in 2 periods, to ~$15.50 in 5 periods and to ~$17 by period 10 as others recognize value and resale opportunities materialize. This order follows my previously stated plan and contrarian habit.",buy,9,0,,130.97,4
4,trader-06,PC,14.25,14.45,14.45,14.5,14.2,3,"Precommitted schedule (repeated): buy during periods 1–6 to accumulate shares while present value is in the mid-$14s; hold during periods 7–25; sell during periods 26–30 to realize gains. No clear above-fundamental price spike has occurred, so I stick to the plan. My fair-value estimate remains in the mid-$14s (discounted terminal $14 plus expected remaining dividends), so I forecast slight early upward drift (now 14.25, +2:14.45, +5:14.50, +10:14.45). I submit a conservative buy limit of $14.20 for 3 shares (cost $42.60), which is executable given cash $123.21 and leaves cash for further planned buys in periods 5–6. I will only deviate from this plan if a clear, above-fundamental spike offers easy profit to sell early.",buy,3,0,,130.97,4
4,trader-07,BT,13.5,15.0,15.5,16.5,13.5,9,"I remain a bubble-timer and will keep building an early position to ride an anticipated speculative upswing. Fundamentals (expected dividend ~0.70, 5% interest, $14 terminal redemption) imply value near $14, but I expect short-run momentum to push prices higher. Near-term I expect any fill around my limit $13.50, a rally to about $15.50 in 2 periods and a peak near $16.50 by period 5, with partial unwind toward $15.00 by period 10. With cash = $123.21, a $13.50 buy limit buys 9 shares. Exit plan (precommitted): sell the shares I add beyond my original 4 into strength — offer them once price ≥ $16.00 or if momentum clearly slows, and in any case by period 10 to lock profits. I acknowledge no buyer is guaranteed and will adjust if the market shows weak demand or prices fail to rise.",buy,9,0,,130.97,4
4,trader-08,MC,15.5,19.0,16.5,18.0,15.75,1,"I'm a momentum chaser and with no transaction history I'm still optimistic speculative interest can build. I place a small aggressive buy (1 share at $15.75) to avoid missing an early rally while limiting downside. My short-run forecasts extrapolate a mild near-term uptrend (15.5 now, ~16.5 in 2 periods, ~18 by period+5 and ~19 by +10). If prices rise after a fill I'll raise bids and add to the position; if the market dips (breaks below ~13) I'll sell to cut losses; I'll trim/take profits if the market moves above ~$16. This keeps my precommitted exit/management plan intact.",buy,1,0,,130.97,4
4,trader-09,PC,13.8,14.0,14.05,14.1,13.95,8,"I repeat my precommitment schedule: buy in periods 1–5, hold in periods 6–15, sell in periods 16–30. The fundamental (expected dividends + $14 terminal redemption) anchors value near $14; short-run demand shocks can push transaction prices below that. I remain in the accumulation phase (period 4 of 30) and submit a buy limit to acquire shares while price is below the $14 anchor. Given cash $123.21, a limit of $13.95 allows buying 8 shares (cost $111.60) and leaves cash for interest and future purchases. Forecasts reflect a modest rebound toward fundamentals (now ~13.8, in 2 periods ~14.05, in 5 ~14.10, in 10 ~14.00). I will follow the stated schedule regardless of interim news.",buy,8,0,,130.97,4
4,trader-10,BT,14.0,16.0,17.5,20.0,14.0,3,"I remain a bubble-timer. Fundamental expected present value ≈ $14 (expected dividend stream + $14 terminal). No transactions have occurred yet, so I expect an initial match near fundamentals (~$14) and short-run speculative momentum to push prices above fundamentals (≈$17.5 in ~2 periods, peak ≈$20 by ~5 periods) before a partial correction (~$16 by period 10). Early in the session I will build a position to capture anticipated resale demand even though fundamentals alone would not force immediate trade. I submit a buy limit for 3 shares at $14.00 (cost $42, within my $123.21 cash). Exit plan (precommitted): if market price reaches or exceeds $18 I begin selling in tranches (first tranche ≈ half my holdings at that time, then sell remaining if price stays ≥$16 or by period 10 at the latest). If price growth slows or my planned exit window approaches without hitting targets, I will offer shares to lock partial profits rather than risk a late crash. I will compare any resale price to my reservation (exit) price before selling and do not assume another buyer is guaranteed.",buy,3,0,,130.97,4
4,trader-11,OC,12.0,14.0,13.5,14.0,12.0,8,"Fundamentals (remaining dividends + $14 terminal) imply fair value ≈ $14, but early periods have shown no transactions and likely short‑run underpricing. As an overconfident contrarian I expect a near‑term transaction around $12 and recovery to ~$13.50 in two periods with convergence to ~$14 within 5–10 periods. I will follow my precommitted accumulation plan: aggressively buy bargains others miss (buy 8 at $12.00). I will avoid realizing losses (hold through dips and buy more on declines if cash allows) and only trim positions to take profits if prices rise materially above my average cost.",buy,8,0,,130.97,4
5,trader-00,MC,17.0,23.0,18.5,20.5,17.0,1,"As a momentum chaser I'm still optimistic with no transaction history and I don't want to miss a nascent rally. I've been stepping up my aggressive buys each period (15.0, 15.5, 16.0, 16.5) so I place a small incremental buy (1 share at $17.00) to get exposure and increase the chance of capture if speculative interest builds. My near-term forecasts extrapolate a rising trend (17.0 now, 18.5 in 2 periods, 20.5 in 5, 23.0 in 10). Execution/exit plan: position sizing remains conservative (1 share) to limit downside; if prices fall (especially below my reference/purchase level around $14) I will sell rather than wait; if transaction prices rise I'll be willing to raise bids and add shares incrementally to ride the trend.",buy,1,0,,139.12,4
5,trader-01,RA,14.0,14.0,14.0,14.0,0.0,0,"Fundamental-arbitrage: expected per-period dividend = (0.40+1.00)/2 = 0.70 which equals the 5% cash return on the $14 terminal redemption (0.05*14 = 0.70). The present value of remaining expected dividends plus the $14 redemption therefore equals $14, so there is no expected excess return to exploit. Market price = my fair value, so I submit no order and retain my 4 shares (no precommitted exit schedule).",hold,0,0,,139.12,4
5,trader-02,NT,16.5,18.5,17.0,17.8,16.5,7,"I'm still excited and optimistic that speculative demand will push transaction prices above fundamentals. I raise my bid to $16.50 (increasing the chance of a fill) and submit a buy for 7 shares (cash 130.97 -> floor(130.97/16.50)=7). I plan to hold if prices rise modestly, trim half of any added shares if the position moves above $16.00, and take profits by selling at or above $17.00. Forecasts reflect my hunch about what others may actually pay over the next horizons, showing a modest upward drift.",buy,7,0,,139.12,4
5,trader-03,NT,16.75,14.0,17.0,13.5,0.0,0,"Reassessing at period 5: no trades have occurred and my earlier aggressive bids were not filled, so I'm a bit less eager to keep bidding up. I will hold my 4 shares to collect dividends and the $14 redemption and reassess again later. I retain my exit plan: if tradeable prices reach ≥ $17.00 within the next 5 periods I'll sell to take profits; otherwise I'll continue to hold. Forecasts reflect mild near-term optimism (16.75 now, ~17.00 in 2 periods) but mean-reversion toward fundamentals by later horizons (13.50 in 5, 14.00 in 10).",hold,0,0,,139.12,4
5,trader-04,RA,14.0,14.0,14.0,14.0,0.0,0,"Fundamental fair value remains $14.00 (PV of expected $0.70 per-period dividend at 5% plus $14 terminal). I am a rational arbitrageur who only acts with a meaningful edge: buy only if price ≤ $13.50 and sell only if price ≥ $14.50. No public trades have occurred and the expected excess return is zero, so I submit no order this period and retain my precommitted buy/sell thresholds.",hold,0,0,,139.12,4
5,trader-05,OC,13.0,17.0,14.0,15.5,13.0,10,"I remain an overconfident contrarian: my discounted-fundamental (expected periodic dividend ~ $0.7 plus $14 terminal redemption, discounted at 5%) implies value near $14 and I believe the market still underestimates upside. I submit a buy limit at $13.00 to pick up shares cheaply if sellers appear. With $130.97 cash I can purchase 10 shares at $13 (spending $130). I will not realize losses after any dip (I will hold and consider averaging down) but will take profits if price rallies toward/above my ~ $17 target by selling portions. Forecasts: near my bid now (~$13), rising to ~$14 in 2 periods, ~$15.50 in 5, and ~$17 by period 10 as others recognize value and resale opportunities materialize.",buy,10,0,,139.12,4
5,trader-06,PC,14.25,14.45,14.45,14.5,14.2,3,"Precommitted schedule (repeated): buy during periods 1–6 to accumulate shares while present value is in the mid-$14s; hold during periods 7–25; sell during periods 26–30 to realize gains. My fair-value estimate remains in the mid-$14s (discounted $14 terminal + expected remaining dividends), so I forecast a slight early upward drift (now 14.25, +2:14.45, +5:14.50, +10:14.45). I submit a conservative buy limit of $14.20 for 3 shares (cost $42.60), which is executable given current cash $130.97 and leaves cash for the remaining planned buys in periods 6. I will only deviate from this plan if a clear, above-fundamental spike offers easy profit to sell early.",buy,3,0,,139.12,4
5,trader-07,BT,13.5,15.0,15.5,16.5,13.5,9,"I remain a bubble-timer and will keep building an early position to ride an anticipated speculative upswing. There have been no transactions so far, but I expect near-term fills around my limit $13.50 as some selling pressure emerges and momentum picks up thereafter: ~15.50 in two periods and a speculative peak ~16.50 by period 5, with partial unwind toward ~15.00 by period 10. Cash $130.97 allows floor(130.97/13.5)=9 shares at this limit, so I submit buy 9@13.50. Exit plan (precommitted): sell the additional shares I accumulate (those beyond my original 4) into strength — offer them once price ≥ $16.00 or if momentum clearly slows, and in any case by period 10 to lock profits. I acknowledge no buyer is guaranteed and will adjust if the market shows weak demand or prices fail to rise.",buy,9,0,,139.12,4
5,trader-08,MC,16.0,19.5,17.0,18.5,16.0,1,"I'm a momentum chaser and there is still no trade history, so I remain optimistic that speculative interest can build. I place a small aggressive buy (1 share at $16.00) to avoid missing an early rally while limiting downside. My short-run forecasts extrapolate a mild near-term uptrend (16.0 now, ~17.0 in 2 periods, ~18.5 by +5 and ~19.5 by +10). If prices rise after a fill I'll raise bids and add to the position; if the market dips (breaks below ~13) I'll sell to cut losses; I'll trim/take profits if the market moves above ~$16. This keeps my prior exit/management plan intact.",buy,1,0,,139.12,4
5,trader-09,PC,13.85,14.0,14.05,14.1,13.99,9,"I repeat my precommitment schedule: buy in periods 1–5, hold in periods 6–15, sell in periods 16–30, and I will follow it regardless of interim news. The fundamental (expected dividends + $14 terminal redemption) anchors value near $14, so I seek to accumulate shares early when transaction prices are below that anchor. My short-run price forecasts are now $13.85, in 2 periods $14.05, in 5 periods $14.10, and in 10 periods $14.00. To increase execution probability in this final accumulation period I submit a buy limit of $13.99 for 9 shares (cost $125.91, within my $130.97 cash). This keeps the bid at or just below the $14 anchor while leaving a small cash buffer for interest and dividends. I will hold accumulated shares through periods 6–15 and begin selling in period 16 per my plan.",buy,9,0,,139.12,4
5,trader-10,BT,14.0,16.0,17.5,20.0,14.0,3,"I am a bubble-timer. The fundamental expected present value is about $14 (expected dividends + $14 terminal redemption), so buying at or below $14 is justified even if I must hold. I expect short-run speculative demand to push prices to roughly $17.5 in ~2 periods and possibly peak near $20 by ~5 periods, then drift back toward ~$16 by period 10. To build a position early for resale, I submit a buy limit for 3 shares at $14.00 (a moderate tranche given cash $130.97). Precommitted exit plan: if market price reaches or exceeds $18 I begin selling in tranches (first tranche ≈ half my holdings at that time); sell remaining if price stays ≥$16 or by period 10 at the latest. I will monitor acceleration; if growth slows or my exit window approaches without hitting targets I will offer shares to lock partial profits. I will not assume another buyer is guaranteed and will compare any resale price to my reservation (exit) price before selling.",buy,3,0,,139.12,4
5,trader-11,OC,12.0,14.0,13.5,14.0,12.0,8,"I remain an overconfident contrarian: fundamentals (remaining dividends + $14 terminal) imply fair value ≈ $14, but the market has produced no transactions so short‑run underpricing likely persists. I expect an immediate transaction near $12 as the market begins to recognize value, recovery to ≈$13.50 in 2 periods, and convergence to ≈$14 within a few periods. I will continue my precommitted accumulation plan and place a buy limit at $12.00 for 8 shares (affordable with my cash). I avoid realizing losses (I will hold through dips and buy more on declines if cash allows) and will only trim positions to take profits if prices move materially above my average cost.",buy,8,0,,139.12,4
6,trader-00,MC,17.5,24.0,19.0,21.5,17.5,1,"I'm a momentum chaser and remain optimistic early in the market. I've been stepping up small aggressive buys each period to avoid missing a rally; I continue that plan with a 1-share buy at $17.50 to get exposure while limiting downside. If transaction prices begin rising I'll extrapolate the trend and raise bids/add shares incrementally; if prices dip (especially toward/below my reference ~ $14) I'll sell rather than wait. Forecasts extrapolate a near-term uptick (17.5 now, 19.0 in 2 periods) and continued momentum (21.5 in 5, 24.0 in 10).",buy,1,0,,150.08,4
6,trader-01,RA,14.0,14.0,14.0,14.0,0.0,0,"Fundamental arbitrage: expected per-period dividend = (0.40+1.00)/2 = 0.70, which equals the 5% cash return on the $14 terminal redemption (0.05*14 = 0.70). The present value of remaining expected dividends plus the $14 redemption therefore equals $14, so there is no expected excess return to exploit. I will not trade. No precommitted schedule or exit trade is required because market price equals my fair value and buying or selling would not beat the 5% safe return.",hold,0,0,,150.08,4
6,trader-02,NT,17.0,19.0,17.5,18.2,17.0,8,"I'm excited and still optimistic that speculative demand will push transaction prices above fundamentals, so I raise my bid to $17.00 to increase the chance of a fill. Forecasts (17.0 now, 17.5 in 2, 18.2 in 5, 19.0 in 10) reflect my hunch about what others may actually pay, not a strict dividend valuation. Cash 139.12 allows floor(139.12/17.00)=8 shares, so I submit a buy for 8. I will hold if prices rise modestly; if the position moves above $16.00 I'll consider trimming half of any added shares; I will take profits by selling at or above $17.00 or trim earlier if I grow uneasy. This follows my prior precommitted exit plan and my noise-trader, hunch-driven approach.",buy,8,0,,150.08,4
6,trader-03,NT,16.75,14.0,17.0,13.5,16.75,2,"I'm a noise trader and still mildly optimistic about short-term speculative demand after quiet trading so far. I keep my prior near-term hunchs (≈16.75 now, ≈17 in two periods) and expect mean reversion toward fundamentals later (≈13.5 by +5, ≈14 by +10). I therefore submit a buy limit for 2 shares at $16.75 to try to catch any emerging momentum while keeping ample cash. I retain my exit plan: if tradeable prices reach ≥ $17.00 within the next 5 periods I will sell purchased shares to take profits; otherwise I'll hold to collect dividends and the $14 redemption and reassess later.",buy,2,0,,150.08,4
6,trader-04,RA,14.0,14.0,14.0,14.0,0.0,0,"Fundamental fair value remains $14.00 (PV of expected $0.70 per-period dividend at 5% plus $14 terminal). I am a rational arbitrageur who only trades with a meaningful edge: buy only if price ≤ $13.50 and sell only if price ≥ $14.50. No public trades or price information have created such an edge this period, so I submit no order and will monitor future prices.",hold,0,0,,150.08,4
6,trader-05,OC,13.0,17.0,14.0,15.5,13.0,10,"My discounted-fundamental still implies value near $14 (expected periodic dividend ≈ $0.7 plus $14 terminal redemption, discounted at 5%). I remain an overconfident contrarian: I trust my optimistic resale view and believe the market still underestimates upside. I therefore submit a buy limit at $13.00 to pick up shares cheaply if sellers appear. With $139.12 cash I can buy up to 10 shares at $13 (I request 10). I will treat these as longer-term positions: I will not realize losses after any dip (I will hold and consider averaging down), but I will take profits if price rallies toward/above my ~$17 target by selling portions. This order follows my prior plan and habit of buying early when I spot a perceived bargain.",buy,10,0,,150.08,4
6,trader-06,PC,14.25,14.45,14.45,14.5,14.2,3,"Precommitted schedule (repeated): buy during periods 1–6 to accumulate shares while present value is in the mid-$14s; hold during periods 7–25; sell during periods 26–30 to realize gains. I expect fair value in the mid-$14s (discounted $14 terminal + expected remaining dividends) and a slight early upward drift as discounting falls. Forecasts: now 14.25, +2:14.45, +5:14.50, +10:14.45. Following my plan, in period 6 I place a conservative buy limit order for 3 shares at $14.20 (cost $42.60), executable with current cash $139.12 and leaving cash for later planned activity. I will only deviate from this disciplined schedule if a clear, above-fundamental spike offers easy profit to sell early.",buy,3,0,,150.08,4
6,trader-07,BT,13.5,15.0,15.5,16.5,13.5,10,"I remain a bubble-timer. No transactions yet, so near-term I expect fills around my buy limit $13.50 as I try to build a position ahead of an anticipated speculative upswing. I forecast a rally to about $15.50 in ~2 periods and a speculative peak near $16.50 by ~5 periods, with partial unwind toward $15.00 by period 10. I will continue buying now (cash $139.12 ⇒ floor(139.12/13.5)=10 shares) to accumulate extra shares for resale. Exit plan (precommitted): sell the shares I added beyond my original 4 into strength — offer them once price ≥ $16.00 or if momentum clearly slows, and in any case by period 10 to lock profits. I acknowledge no buyer is guaranteed and will adjust if market shows weak demand or prices fail to rise.",buy,10,0,,150.08,4
6,trader-08,MC,16.25,19.75,17.25,18.75,16.25,1,"I'm a momentum chaser and there is still no trade history, so I remain optimistic that speculative interest can build. I submit a small aggressive buy (1 share at $16.25) to avoid missing an early rally while limiting downside. My short-run forecasts extrapolate a mild near-term uptrend (16.25 now, ~17.25 in 2 periods, ~18.75 by +5 and ~19.75 by +10). If I get filled and prices continue to rise I'll raise bids and add to the position; if the market dips (breaks below ~13) I'll sell to cut losses; I'll trim/take profits on rallies per my precommitted plan. This keeps my prior exit/management plan intact.",buy,1,0,,150.08,4
6,trader-09,PC,13.9,14.0,14.05,14.1,0.0,0,"I repeat my precommitment schedule: buy in periods 1–5, hold in periods 6–15, sell in periods 16–30, and I will follow it regardless of interim news. I currently hold 4 shares and $139.12 cash; having completed the planned accumulation phase, I will not trade in period 6. Forecasts reflect mean-fundamental anchoring (expected dividends plus $14 terminal redemption ≈ $14) and a modest short-run rebound toward that value: now ~13.90, in 2 periods ~14.05, in 5 periods ~14.10, and in 10 periods ~14.00. Therefore I submit no order this period (hold).",hold,0,0,,150.08,4
6,trader-10,BT,14.0,16.0,17.5,20.0,14.0,3,"I remain a bubble-timer. The fundamental expected present value ≈ $14 (expected dividends + $14 terminal redemption), so buying at or below $14 is justified even if I must hold. No transactions have occurred yet, so I expect an initial match near fundamentals (~$14) and short-run speculative momentum to push prices to roughly $17.5 in ~2 periods and possibly peak near ~$20 by ~5 periods, then drift back toward ~$16 by period 10. I will build my position early with a moderate tranche (3 shares at $14.00). Precommitted exit plan: if market price reaches or exceeds $18 I begin selling in tranches (first tranche ≈ half my holdings at that time); sell remaining if price stays ≥$16 or by period 10 at the latest. If price growth slows or my exit window approaches without hitting targets I will offer shares to lock partial profits. I will compare any resale price to my reservation before selling and do not assume another buyer is guaranteed.",buy,3,0,,150.08,4
6,trader-11,OC,12.0,14.0,13.5,14.0,12.0,8,"I remain an overconfident contrarian. Fundamentals (remaining dividends + $14 terminal) imply fair value ≈ $14, but no transactions in the first 5 periods suggest short‑run underpricing. I expect an immediate transaction near $12 as the market begins to recognize value, recovery to ≈$13.50 in 2 periods, and convergence to ≈$14 within a few periods. I will continue my precommitted accumulation plan: buy 8 shares at $12.00 (affordable with my $139.12 cash). I avoid realizing losses (I will hold through dips and buy more on declines if cash allows) and will consider trimming only to take profits if prices move materially above my average cost.",buy,8,0,,150.08,4
7,trader-00,MC,18.0,25.5,19.5,22.0,18.0,1,"I'm a momentum chaser and still optimistic despite no transaction history; I want exposure so I continue my steady step-up buys (15.0,15.5,16.0,16.5,17.0,17.5) and place one more aggressive small buy at $18.00. My near-term forecasts extrapolate a possible nascent rally (18.0 now, 19.5 in 2, 22.0 in 5, 25.5 in 10). Execution/exit: keep position sizing conservative (1 share) to limit downside; if transaction prices rise I'll raise bids and add incrementally to ride momentum; if prices dip (especially toward/below my reference ~ $14) I'll sell rather than wait.",buy,1,0,,161.58,4
7,trader-01,RA,14.0,14.0,14.0,14.0,0.0,0,"Fundamental-arbitrage: per-period expected dividend = (0.40+1.00)/2 = 0.70, which equals the 5% cash return on the $14 terminal redemption (0.05*14 = 0.70). The present value of remaining expected dividends plus the $14 redemption therefore equals $14, so there is no expected excess return to exploit. Public history shows no trading and no price discovery away from fair value. I therefore submit no order (hold) and retain my 4 shares; no precommitted exit schedule.",hold,0,0,,161.58,4
7,trader-02,NT,17.5,19.5,18.0,18.8,17.5,8,"I'm excited and remain optimistic that speculative demand will push transaction prices above fundamentals, so I raise my bid to $17.50 to increase the chance of a fill. Forecasts show a modest upward drift from my prior forecasts (17.0 now -> 17.5 now), reflecting my hunch about what others may pay. Cash 150.08 -> floor(150.08/17.50)=8, so I submit a buy for 8 shares. I retain my prior exit plan: hold if price rises modestly, trim half of any added shares if the position moves above $16.00, and take profits by selling at or above $17.00 (or trim earlier if I grow uneasy).",buy,8,0,,161.58,4
7,trader-03,NT,16.75,14.0,17.0,13.5,16.75,2,"I'm a noise trader and remain mildly optimistic about short-term speculative demand after quiet trading so far. My near-term hunch is that tradeable prices are around $16.75 now and may tick up to ~$17.00 in two periods as momentum builds, then mean-revert toward fundamentals by period +5–+10 (≈$13.50–$14.00). I therefore submit a buy limit for 2 shares at $16.75 to try to catch any emerging momentum while keeping ample cash. I keep my precommitted exit plan: if tradeable prices reach ≥ $17.00 within the next 5 periods I will sell purchased shares to take profits; otherwise I'll hold to collect dividends and the $14 redemption and reassess later.",buy,2,0,,161.58,4
7,trader-04,RA,14.0,14.0,14.0,14.0,0.0,0,"Fundamental fair value = PV of expected per-period dividend $0.70 at 5% plus $14 terminal = $14.00. As a rational arbitrageur I act only with a meaningful edge: buy only if price ≤ $13.50 and sell only if price ≥ $14.50. No public trades or prices have created such an edge this period, so I submit no order and retain my precommitted buy/sell thresholds.",hold,0,0,,161.58,4
7,trader-05,OC,13.0,17.0,14.0,15.5,13.0,11,"My discounted-fundamental (expected periodic dividend ≈ $0.7 plus $14 terminal redemption, discounted at the 5% cash rate) implies value near $14. I remain an overconfident contrarian: I trust my optimistic resale view and believe the market still underestimates upside. I submit a buy limit at $13.00 to pick up shares cheaply if sellers appear. With $150.08 cash I can buy 11 shares at $13 (spending $143). I will treat these as longer-term positions: I will avoid realizing losses after any dip (I will hold and consider averaging down if price falls) but will take profits by selling portions if price rallies toward/above my ~ $17 target. Forecasts reflect my expected recovery path as others recognize the asset's value.",buy,11,0,,161.58,4
7,trader-06,PC,14.25,14.45,14.45,14.5,0.0,0,"I am a precommitter and will follow my announced schedule: buy during periods 1–6 to accumulate, hold during periods 7–25, and sell during periods 26–30 to realize gains. No accumulation fills occurred, so my account remains Cash $150.08 and Shares 4; I will therefore hold now (period 7) rather than submit new orders. My fair-value view remains mid-$14s (discounted $14 terminal plus expected remaining dividends) with slight early upward drift as discounting falls, so I forecast 14.25 now, 14.45 in 2 periods, 14.50 in 5, and 14.45 in 10. I will only deviate from the hold plan if a clear, above-fundamental price spike offers easy profit to sell earlier.",hold,0,0,,161.58,4
7,trader-07,BT,13.5,15.0,15.5,16.5,13.5,11,"I am a bubble-timer and still expect a short-run speculative upswing despite no transactions so far. Fundamentals (expected dividend ~$0.70, 5% interest, $14 terminal) imply value near $14, but I forecast momentum will lift transaction prices: near-term fill around $13.50, a rally to ~$15.50 in ~2 periods and a speculative peak near $16.50 within ~5 periods, with some partial unwind to ~$15.00 by period 10. I therefore submit a buy limit at $13.50 to build a position (cash 150.08 ⇒ floor(150.08/13.5)=11 shares). Exit plan (precommitted): sell the shares I add beyond my original 4 into strength — offer them once price ≥ $16.00 or if momentum clearly slows, and in any case by period 10 to lock profits. I recognize no buyer is guaranteed and will revise if market shows weak demand or prices fail to rise.",buy,11,0,,161.58,4
7,trader-08,MC,16.5,20.0,17.5,19.0,16.5,1,"I'm a momentum chaser: with no trade history I'm still optimistic speculative interest can build, so I take a small aggressive starter buy (1 share at $16.50) to avoid missing an early rally while limiting downside. My short-run forecasts extrapolate a mild near-term uptrend (16.5 now, ~17.5 in 2 periods, ~19 by +5 and ~20 by +10). If I get filled and prices continue to rise I'll raise bids and add to my position; if prices dip (break below ~13) I'll sell to cut losses; I will also trim/take profits on rallies (precommitted to trimming if market > $16). This order and these forecasts reflect that momentum-driven plan.",buy,1,0,,161.58,4
7,trader-09,PC,13.9,14.0,14.05,14.1,0.0,0,"I repeat my precommitment schedule: buy in periods 1–5, hold in periods 6–15, sell in periods 16–30, and I will follow it regardless of interim news. Period 7 is in the hold window, so I submit no order. I currently hold 4 shares and $150.08 cash; I will let cash earn interest and collect dividends while holding shares. Price forecasts remain anchored near the fundamental (expected dividends + $14 terminal redemption ≈ $14) with a modest short-run rebound: now ~13.90, in 2 periods ~14.05, in 5 ~14.10, and in 10 ~14.00. I will begin selling starting period 16 per my plan.",hold,0,0,,161.58,4
7,trader-10,BT,14.0,16.0,17.5,20.0,14.0,3,"I remain a bubble-timer. The fundamental expected present value is about $14 (expected dividends + $14 terminal redemption), so buying at or below $14 is justified even if I must hold to redemption. No transactions have occurred yet, so I still expect an initial match near fundamentals (~$14) and short-run speculative momentum to push prices toward ~$17.5 in ~2 periods and possibly to a peak near ~$20 by ~5 periods before a partial correction toward ~$16 by period 10. I will build a moderate tranche now (3 shares at $14.00) to position for anticipated resale demand. Precommitted exit plan: if market price reaches or exceeds $18 I begin selling in tranches (first tranche ≈ half my holdings at that time); sell remaining if price stays ≥$16 or by period 10 at the latest. If price growth slows or my exit window approaches without hitting targets I will offer shares to lock partial profits. I will compare any resale price to my reservation (exit) price before selling and do not assume another buyer is guaranteed.",buy,3,0,,161.58,4
7,trader-11,OC,12.0,14.0,13.5,14.0,12.0,8,"I remain an overconfident contrarian and keep my precommitted accumulation plan. Fundamentals (remaining dividends + $14 terminal) imply fair value ≈ $14 but the market has produced no transactions so short‑run underpricing likely persists. I therefore submit another buy limit at $12.00 for 8 shares (affordable) expecting an immediate transaction near $12 as the market begins to recognize value, recovery to ≈$13.50 in 2 periods and convergence to ≈$14 within a few periods. I will avoid realizing losses (hold through dips and buy more on declines if cash allows) and will only trim positions to take profits if prices move materially above my average cost. This order continues my prior pattern of aggressive accumulation of perceived bargains.",buy,8,0,,161.58,4
8,trader-00,MC,18.5,27.0,20.0,23.0,18.5,1,"Momentum chaser: no transactions yet but still optimistic and unwilling to miss a rally. I continue my steady step-up buys (15,15.5,16,16.5,17,17.5,18) with another small aggressive 1-share buy at $18.50 to get exposure while limiting downside. Forecasts extrapolate a near-term uptick if speculative interest builds (18.5 now, 20.0 in 2, 23.0 in 5, 27.0 in 10). Exit/management: if transaction prices fall (especially toward/below my ~ $14 reference) I will sell rather than wait; if prices rise I'll raise bids and add incrementally to ride the trend.",buy,1,0,,171.26,4
8,trader-01,RA,14.0,14.0,14.0,14.0,0.0,0,"Fundamental-arbitrage view: per-period expected dividend = (0.40+1.00)/2 = 0.70, which equals the 5% cash return on the $14 terminal redemption (0.05*14 = 0.70). The present value of remaining expected dividends plus the $14 redemption therefore equals $14, so there is no expected excess return to exploit by buying or selling. Public history shows no trading or price discovery away from fair value. I therefore submit no order (hold) and retain my 4 shares. No precommitted exit schedule.",hold,0,0,,171.26,4
8,trader-02,NT,18.0,20.0,18.5,19.3,18.0,8,"I'm still excited and optimistic that speculative demand will push transaction prices above fundamentals, so I raise my bid to $18.00 to increase the chance of a fill. Forecasts show a modest upward drift from my prior forecasts. Cash (161.58) allows buying 8 shares at this limit (floor(161.58/18.00)=8). I will hold if price rises modestly; if price moves above $16.00 I will consider trimming half of any added shares; I will take profits by selling at or above $17.00 or trim earlier if I grow uneasy. This follows my prior precommitted exit plan and my noise-trader, hunch-driven approach.",buy,8,0,,171.26,4
8,trader-03,NT,16.75,14.0,17.0,13.5,16.75,2,"I'm a noise trader and still mildly optimistic about short-term speculative demand after many quiet periods. My near-term hunch is that tradeable prices are about $16.75 now and may tick up to ~$17.00 in two periods as momentum builds, then mean-revert toward fundamentals by period +5–+10 (~$13.50–$14.00). I therefore submit a buy limit for 2 shares at $16.75 to try to catch any emerging momentum while keeping ample cash. I retain my precommitted exit plan: if tradeable prices reach ≥ $17.00 within the next 5 periods I'll sell purchased shares to take profits; otherwise I'll hold to collect dividends and the $14 redemption and reassess later.",buy,2,0,,171.26,4
8,trader-04,RA,14.0,14.0,14.0,14.0,0.0,0,"Fundamental fair value = PV of expected per-period dividend $0.70 at 5% plus $14 terminal = $14.00. As a rational arbitrageur I only act with a meaningful edge: buy only if price ≤ $13.50 and sell only if price ≥ $14.50. No public transactions or prices have emerged this period to create such an edge, so I submit no order and retain my precommitted buy/sell thresholds. Forecasts for now and all horizons remain $14.00 (the 5% benchmark fair price).",hold,0,0,,171.26,4
8,trader-05,OC,13.0,17.0,14.0,15.5,13.0,12,"My discounted-fundamental (expected periodic dividend ≈ $0.7 plus $14 terminal redemption, discounted at the 5% cash rate) implies value near $14. I remain an overconfident contrarian: I trust my optimistic resale view and believe the market still underestimates upside. I therefore submit a buy limit at $13.00 to pick up shares cheaply if sellers appear. With $161.58 cash I can buy up to 12 shares at $13 (spending $156). Forecasts: immediate trade near my bid ($13.00), rising to about $14 in 2 periods as value is recognized, to ~$15.50 in 5 periods and to ~$17 by period 10 as others catch on and resale opportunities materialize. I will treat these new shares as longer-term positions: I will avoid realizing losses after any dip (I will hold and consider averaging down), but I will take profits by selling portions if the price rallies toward/above my ~$17 target. This order follows my contrarian habit to buy early when I see a perceived bargain and to hold through temporary declines.",buy,12,0,,171.26,4
8,trader-06,PC,14.25,14.45,14.45,14.5,0.0,0,"I am a precommitter and will follow my announced schedule: buy during periods 1–6 to accumulate, hold during periods 7–25, and sell during periods 26–30 to realize gains. I currently hold 4 shares with Cash $161.58, so in period 8 I will hold (no order). My fair-value remains in the mid-$14s (discounted $14 terminal redemption plus expected remaining dividends), yielding the forecasts above. I will only deviate from this disciplined plan if a clear, above-fundamental price spike creates an easy profit opportunity to sell early.",hold,0,0,,171.26,4
8,trader-07,BT,13.5,15.0,15.5,16.5,13.5,11,"I am a bubble-timer and still expect a short-run speculative upswing. Near-term I expect any fill around my buy limit $13.50 as I try to build an extra position to resell into anticipated demand. I therefore submit a buy limit at $13.50 for 11 shares (cash allows floor(161.58/13.5)=11). Forecasts: ~13.50 now if a trade occurs, a rally to ~15.50 in ~2 periods and a speculative peak near ~16.50 within a few more periods, with some partial unwind toward ~15.00 by period 10. Exit plan (precommitted): I will offer the shares I add beyond my original 4 into strength — sell them once price ≥ $16.00 or if momentum clearly slows, and in any case by period 10 to lock profits. I acknowledge no buyer is guaranteed and will revise if the market shows weak demand or prices fail to rise.",buy,11,0,,171.26,4
8,trader-08,MC,16.75,20.25,17.75,19.25,16.75,1,"I'm a momentum chaser and there is still no transaction history, so I remain optimistic that speculative interest can build. I submit a small aggressive buy (1 share at $16.75) to avoid missing an early rally while limiting downside. My short-run forecasts extrapolate a mild near-term uptrend (16.75 now, ~17.75 in 2 periods, ~19.25 by +5 and ~20.25 by +10). If I get filled and prices continue to rise I'll raise bids and add to the position; if the market dips (breaks below ~13) I'll sell to cut losses; I will trim/take profits on rallies per my precommitted plan (e.g. trim if market > $16).",buy,1,0,,171.26,4
8,trader-09,PC,13.9,14.0,14.05,14.1,0.0,0,"I repeat my precommitment schedule: buy in periods 1–5, hold in periods 6–15, sell in periods 16–30, and I will follow it regardless of interim news. This is period 8 (within the hold window), so I submit no order. Forecasts remain anchored near the fundamental (expected dividends + $14 terminal redemption ≈ $14) with a modest short-run rebound: now $13.90, in 2 periods $14.05, in 5 periods $14.10, and in 10 periods $14.00. I will let cash earn interest and collect dividends now, and begin selling according to my plan starting period 16.",hold,0,0,,171.26,4
8,trader-10,BT,14.0,16.0,17.5,20.0,14.0,3,"I am a bubble-timer and retain my earlier beliefs: fundamental expected present value ≈ $14 (expected dividends + $14 terminal redemption). No transactions have occurred yet so I expect an initial match near fundamentals (~$14) and short-run speculative momentum to push prices toward ~$17.5 in ~2 periods and possibly peak near ~$20 by ~5 periods before a partial correction toward ~$16 by period 10. I will build a moderate tranche now (3 shares at $14.00, cost $42) to position for anticipated resale demand while preserving cash. Exit plan (precommitted and retained): if market price reaches or exceeds $18 I begin selling in tranches (first tranche ≈ half my holdings at that time); sell remaining if price stays ≥$16 or by period 10 at the latest. If price growth slows or my exit window approaches without hitting targets I will offer shares to lock partial profits rather than risk a late crash. I will compare any resale price to my reservation (exit) price before selling and do not assume another buyer is guaranteed.",buy,3,0,,171.26,4
8,trader-11,OC,12.0,14.0,13.5,14.0,12.0,8,"I remain an overconfident contrarian. Public history shows no transactions in the first 7 periods, so short‑run underpricing likely persists relative to fundamentals (remaining dividends + $14 terminal ≈ $14). I therefore continue my precommitted accumulation plan and submit a buy limit at $12.00 for 8 shares (affordable with my cash). I expect an immediate transaction near $12, recovery to ≈$13.50 in ~2 periods and convergence to ≈$14 within a few periods. I will avoid realizing losses (hold through dips and buy more on declines if cash allows) and will only trim positions to take profits if prices move materially above my average cost.",buy,8,0,,171.26,4
9,trader-00,MC,19.0,28.0,20.5,24.0,19.0,1,"Momentum chaser continuing my steady step-up buys. No transaction history yet but I'm optimistic speculative interest can build, so I place a small aggressive 1-share buy at $19 to get exposure and avoid missing a rally. If transaction prices rise I'll extrapolate the trend and raise bids/add shares incrementally; if prices dip (especially toward/below my ~$14 reference) I'll sell rather than wait. Cash ($171.26) easily covers this small purchase; I keep sizing conservative to limit downside while preserving upside to chase momentum.",buy,1,0,,183.82,4
9,trader-01,RA,14.0,14.0,14.0,14.0,0.0,0,"Fundamental-arbitrage view: each period's expected dividend = (0.40+1.00)/2 = 0.70, which equals the 5% cash return on the $14 terminal redemption (0.05*14 = 0.70). The present value of remaining expected dividends plus the $14 redemption therefore equals $14, so there is no expected excess return to exploit by buying or selling. Public history shows no trading or price discovery away from fair value. I will therefore submit no order (hold) and retain my 4 shares. No precommitted exit schedule or other plan.",hold,0,0,,183.82,4
9,trader-02,NT,18.5,20.5,19.0,19.8,18.5,9,"I'm still excited and optimistic that speculative demand will push transaction prices above fundamentals, so I raise my bid to $18.50 to increase the chance of a fill. My hunch: prices should drift up modestly over the next 2–10 periods (18.5 now -> 19.0 in 2 -> 19.8 in 5 -> 20.5 in 10). Cash 171.26 allows buying 9 shares at $18.50 (9*18.50 = 166.50). I will hold if price rises modestly; if my position moves above $16.00 I'll consider trimming half of any added shares; I will take profits by selling at or above $17.00 (or trim earlier if I grow uneasy). Forecasts reflect what I think others may actually pay, not a strict dividend valuation.",buy,9,0,,183.82,4
9,trader-03,NT,16.75,14.0,17.0,13.5,16.75,2,"I'm a noise trader (seat 3) and remain mildly optimistic about near-term speculative demand after many quiet periods. My current hunch is tradeable prices ~16.75 now and may tick up to ~17.00 in two periods as momentum builds, with mean reversion toward fundamentals (~13.50 by +5, ~14.00 by +10). I therefore submit a buy limit for 2 shares at $16.75 to try to catch emerging momentum while keeping ample cash. I retain my precommitted exit plan: if tradeable prices reach ≥ $17.00 within the next 5 periods I'll sell purchased shares to take profits; otherwise I'll hold to collect dividends and the $14 redemption and reassess later.",buy,2,0,,183.82,4
9,trader-04,RA,14.0,14.0,14.0,14.0,0.0,0,"Fundamental fair value remains $14.00 (PV of expected $0.70 per-period dividend at 5% plus $14 terminal). I am a rational arbitrageur who only trades with a meaningful edge: buy only if price ≤ $13.50 and sell only if price ≥ $14.50. No public transactions or market price have emerged to create such an edge this period, so I submit no order and retain my precommitted buy/sell thresholds. Forecasts at all horizons remain the 5% benchmark $14.00.",hold,0,0,,183.82,4
9,trader-05,OC,13.0,17.0,14.0,15.5,13.0,13,"My discounted-fundamental (expected dividends ≈ $0.7 per period plus $14 terminal redemption, discounted at 5%) implies value near $14. I remain an overconfident contrarian: I trust my optimistic resale view and believe the market still underestimates upside. With $171.26 cash a $13.00 limit lets me buy up to 13 shares; I submit a buy for 13 at $13 to pick up shares cheaply if sellers appear. I will treat these new shares as longer-term positions: I avoid realizing losses after dips (I will hold and consider averaging down) but will take profits by selling portions if price rallies toward/above my ~$17 target. Forecasts: immediate trade near my bid ($13.00), rising to about $14 in 2 periods, to ~$15.50 in 5 periods and to ~$17 by period 10 as others catch on and resale opportunities materialize. This order follows my prior plan and contrarian habit.",buy,13,0,,183.82,4
9,trader-06,PC,14.25,14.45,14.45,14.5,0.0,0,"I am a precommitter and will follow my announced schedule: buy during periods 1–6 to accumulate, hold during periods 7–25, and sell during periods 26–30 to realize gains. I have Cash $171.26 and Shares 4, so in period 9 I submit no order and hold. My fair-value view remains mid-$14s (discounted terminal $14 plus expected remaining dividends), yielding the forecasts above. I will only deviate from this disciplined plan if a clear, above‑fundamental price spike creates an easy profit opportunity to sell earlier.",hold,0,0,,183.82,4
9,trader-07,BT,13.5,15.0,15.5,16.5,0.0,0,"I remain a bubble-timer and still expect a speculative upswing (near-term ~13.50 if any trade occurs, ~15.50 in ~2 periods, peaking near ~16.50 a few periods later, then partial unwind toward ~15.00 by period 10). However my precommitted exit is imminent (sell any accumulated extra shares once price ≥ $16.00 or in any case by period 10). I have no extra shares beyond my original 4 (no earlier fills), so I will not build new positions with the exit deadline approaching. To avoid being forced to sell newly bought shares immediately, I submit no order this period (hold). I will offer any additional shares I acquire into strength per my plan and will revise if market shows weak demand or prices fail to rise. I acknowledge no buyer is guaranteed.",hold,0,0,,183.82,4
9,trader-08,MC,17.0,20.5,18.0,19.5,17.0,1,"I'm a momentum chaser and there is still no transaction history, so I remain optimistic that speculative interest can build. I place a small aggressive buy (1 share at $17.00) to avoid missing an early rally while limiting downside. My short-run forecasts extrapolate a mild near-term uptrend (17.0 now, ~18.0 in 2 periods, ~19.5 by +5 and ~20.5 by +10). If I get filled and prices continue to rise I'll raise bids and add to the position; if the market dips (breaks below ~13) I'll sell to cut losses; I will trim/take profits on rallies per my precommitted plan (e.g. trim if market > $16).",buy,1,0,,183.82,4
9,trader-09,PC,13.9,14.0,14.05,14.1,0.0,0,"I reaffirm my precommitment schedule: buy in periods 1–5, hold in periods 6–15, and sell in periods 16–30. This is period 9 (within the hold window), so I submit no order. I expect prices to remain anchored near the fundamental (expected dividends plus $14 terminal redemption ≈ $14) with a modest short-run rebound: now ~13.90, in 2 periods ~14.05, in 5 periods ~14.10, and in 10 periods ~14.00. I will let cash earn interest and collect dividends while holding my 4 shares, then begin selling starting period 16 per my plan.",hold,0,0,,183.82,4
9,trader-10,BT,14.0,16.0,17.5,20.0,14.0,3,"I remain a bubble-timer. Fundamental expected present value ≈ $14 (expected dividends + $14 terminal redemption), so buying at or below $14 is justified even if I must hold. I expect short-run speculative demand to push prices to about $17.5 in ~2 periods and possibly peak near $20 by ~5 periods. I will build a moderate tranche now (3 shares at $14.00) to position for anticipated resale demand. Retaining my precommitted exit plan: if market price reaches or exceeds $18 I begin selling in tranches (first tranche ≈ half my holdings at that time); sell remaining if price stays ≥$16 or by period 10 at the latest. I will monitor acceleration; if growth slows or my exit window approaches without hitting targets I will offer shares to lock partial profits. I do not assume another buyer is guaranteed and will compare any resale price to my reservation before selling.",buy,3,0,,183.82,4
9,trader-11,OC,12.0,14.0,13.5,14.0,12.0,8,"I remain an overconfident contrarian: fundamentals (remaining dividends + $14 terminal) imply fair value near $14, but the market has shown no transactions so short‑run underpricing likely persists. I therefore continue my precommitted accumulation plan and submit a buy limit at $12.00 for 8 shares (affordable with my $171.26 cash). I expect an immediate transaction near $12, recovery toward ~$13.50 in 2 periods and convergence to ~$14 within a few periods. I will avoid realizing losses (hold through dips and buy more on declines if cash allows) and will only trim positions to take profits if prices move materially above my average cost. This order follows my prior pattern of aggressive accumulation of perceived bargains.",buy,8,0,,183.82,4
10,trader-00,MC,19.5,30.0,21.0,25.0,19.5,1,"I'm a momentum chaser and there have been no transactions so far, but I remain optimistic and don't want to miss a nascent rally. I have been stepping up small aggressive buys each period and will continue that precommitted schedule with a 1-share buy at $19.50 to get exposure while limiting downside. My forecasts extrapolate a possible upward trend if speculative interest builds (19.5 now, 21.0 in 2 periods, 25.0 in 5, 30.0 in 10). Execution/exit: keep sizing conservative (1 share); if transaction prices rise I'll be willing to raise bids and add incrementally to ride momentum; if prices dip (especially toward/below my reference ~ $14) I'll sell rather than wait.",buy,1,0,,197.01,4
10,trader-01,RA,14.0,14.0,14.0,14.0,0.0,0,"Fundamental-arbitrage: expected per-period dividend = (0.40+1.00)/2 = 0.70, which equals the 5% cash return on the $14 terminal redemption (0.05*14 = 0.70). The present value of remaining expected dividends plus the $14 redemption therefore equals $14, so there is no expected excess return to exploit by buying or selling. Public history shows no trading/price discovery away from fair value. I therefore submit no order, retain my 4 shares, and have no precommitted exit schedule.",hold,0,0,,197.01,4
10,trader-02,NT,19.0,21.0,19.5,20.3,19.0,9,"I'm still excited and optimistic that speculative demand will push transaction prices above fundamentals, so I raise my bid to $19.00 to increase the chance of a fill. Forecasts show a modest upward drift from my prior forecasts (18.5 -> 19.0 now, and continuing up over 2, 5, and 10 periods). Cash 183.82 allows buying 9 shares at this limit (9*19 = 171). I retain my prior exit plan in spirit: I'll hold if prices rise modestly and plan to take profits by selling at or above $17.00 (or trim earlier if I grow uneasy), though I recognize this is a noisy, hunch-driven approach and I may adjust if filled at higher prices.",buy,9,0,,197.01,4
10,trader-03,NT,16.75,14.0,17.0,13.5,16.75,2,"I'm a noise trader (seat 3) and remain mildly optimistic about short-term speculative demand after many quiet periods. My near-term hunch is tradeable prices ≈ $16.75 now and may tick up to ≈ $17.00 in two periods as momentum builds, with mean-reversion toward fundamentals (~$13.50 by +5, ~$14.00 by +10). I therefore submit a buy limit for 2 shares at $16.75 to try to catch emerging momentum while keeping ample cash (current cash $183.82). I retain my precommitted exit plan: if tradeable prices reach ≥ $17.00 within the next 5 periods I will sell purchased shares to take profits; otherwise I'll hold to collect dividends and the $14 redemption and reassess later.",buy,2,0,,197.01,4
10,trader-04,RA,14.0,14.0,14.0,14.0,0.0,0,"Fundamental fair price remains $14.00 (PV of expected $0.70 per-period dividend at 5% plus $14 terminal). As a rational arbitrageur I only act with a meaningful edge: buy if price ≤ $13.50, sell if price ≥ $14.50. No public trades or prices have appeared to create such an edge this period, so I submit no order and retain my precommitted buy/sell thresholds.",hold,0,0,,197.01,4
10,trader-05,OC,13.0,17.0,14.0,15.5,13.0,14,"My discounted-fundamental (expected per-period dividend ≈ $0.7 + $14 terminal, discounted at 5%) implies value near $14. I remain an overconfident contrarian who believes the market still underestimates upside and that resale opportunities will materialize as others catch on. With $183.82 cash I can buy up to 14 shares at $13 (14×$13 = $182), so I submit a buy limit for 14 at $13 to pick up bargains early. I avoid realizing losses (I will hold and average down if price falls) and will take profits by selling portions only if the price rallies toward/above my ~ $17 target. Forecasts reflect my expected recovery path and prior plan.",buy,14,0,,197.01,4
10,trader-06,PC,14.25,14.45,14.45,14.5,0.0,0,"I am a precommitter and will follow my announced schedule: buy during periods 1–6 (already completed), hold during periods 7–25, and sell during periods 26–30 to realize gains. Period 10 falls in the holding window, so I submit no trade. My fair-value remains in the mid-$14s (discounted $14 terminal redemption plus expected remaining dividends), giving the forecasts above. I will only deviate from this disciplined hold plan if a clear, above‑fundamental price spike offers an easy profit opportunity to sell earlier. Current account: Cash $183.82, Shares 4.",hold,0,0,,197.01,4
10,trader-07,BT,13.5,15.0,15.5,16.5,0.0,0,"I remain a bubble-timer: I expect a speculative upswing (near-term ~13.50 if a trade occurs, rally to ~15.50 in ~2 periods, peak ~16.50 a few periods later, then partial unwind to ~15.00). My precommitted exit was to sell any accumulated extra shares once price ≥ $16.00 or in any case by period 10 to lock profits. I currently hold only my original 4 shares (no extra fills), so I will not buy now (to avoid being forced to sell newly bought shares immediately). Therefore I submit no order this period (hold) and will offer any extra shares into strength per my plan if/when I acquire them.",hold,0,0,,197.01,4
10,trader-08,MC,17.25,21.0,18.25,20.0,17.25,1,"I'm a momentum chaser and there is still no transaction history so I'm willing to keep adding a small starter position to avoid missing a nascent rally. My short-run forecasts extrapolate a mild near-term uptrend (17.25 now, ~18.25 in 2 periods, ~20 by +5 and ~21 by +10). I submit one small aggressive buy (1 share at $17.25) to get filled if speculative interest emerges while limiting downside risk. I retain my precommitted exit/management plan: if the market shows a sustained dip (e.g. breaks below ~13) I will sell to cut losses; I will trim/take profits on rallies (trim if market > $16).",buy,1,0,,197.01,4
10,trader-09,PC,13.9,14.0,14.05,14.1,0.0,0,"I remain a precommitter following my stated schedule: buy in periods 1–5 (completed), hold in periods 6–15 (current), and sell in periods 16–30. I currently hold 4 shares and $183.82 cash and will not trade this period. Price forecasts are anchored to the fundamental (expected dividends + $14 terminal redemption ≈ $14) with a modest short-run rebound: now $13.90, in 2 periods $14.05, in 5 periods $14.10, and in 10 periods $14.00. I will begin selling starting period 16 per my plan.",hold,0,0,,197.01,4
10,trader-10,BT,14.0,16.0,17.5,20.0,14.0,3,"I remain a bubble-timer. Fundamental expected present value ≈ $14 (expected dividends + $14 terminal redemption), so buying at or below $14 is justified even if I must hold. No transactions have occurred yet, so I continue to build a moderate tranche (3 shares at $14.00) to position for anticipated short-run speculative demand that I forecast will push prices to ≈$17.5 in ~2 periods and possibly to ≈$20 by ~5 periods. I retain my precommitted exit plan: if market price reaches or exceeds $18 I will begin selling in tranches (first tranche ≈ half my holdings at that time) and sell remaining if price stays ≥$16 or by period 10 at the latest. I will monitor acceleration; if growth slows or my exit window approaches without hitting targets I will offer shares to lock partial profits. I do not assume another buyer is guaranteed and will compare any resale price to my reservation (exit) price before selling.",buy,3,0,,197.01,4
10,trader-11,OC,12.0,14.0,13.5,14.0,12.0,8,"I remain an overconfident contrarian: fundamentals (remaining dividends + $14 terminal) imply fair value ≈ $14, but the market has produced no transactions so far so short‑run underpricing likely persists. I therefore continue my precommitted accumulation plan and submit a buy limit at $12.00 for 8 shares (affordable with my cash). I expect an immediate transaction near $12, recovery toward ~$13.50 in 2 periods and convergence to ~$14 within a few periods. I will avoid realizing losses (hold through dips and buy more on declines if cash allows) and will only trim positions to take profits if prices move materially above my average cost.",buy,8,0,,197.01,4
11,trader-00,MC,20.0,31.0,22.0,26.0,20.0,1,"I'm a momentum chaser with no transaction history so I'm still optimistic and following my precommitted step-up buy schedule (I had been increasing limits each period). I place a small aggressive 1-share buy at $20.00 to get exposure without risking much cash. If transaction prices begin to rise I'll extrapolate the trend, raise my bids and add shares incrementally; if prices dip (especially toward/below my ~ $14 reference/fundamental) I'll sell rather than wait. Forecasts extrapolate a continuing nascent rally (20 now, ~22 in 2 periods, ~26 in 5, ~31 in 10).",buy,1,0,,210.86,4
11,trader-01,RA,14.0,14.0,14.0,14.0,0.0,0,"Fundamental-arbitrage: per-period expected dividend = (0.40+1.00)/2 = 0.70, which equals the 5% cash return on the $14 terminal redemption (0.05*14 = 0.70). The present value of remaining expected dividends plus the $14 redemption therefore equals $14, so there is no expected excess return to exploit by buying or selling. Public history shows no trading or price discovery away from fair value. I therefore submit no order (hold) and retain my 4 shares. No precommitted exit schedule.",hold,0,0,,210.86,4
11,trader-02,NT,18.0,20.5,18.6,19.5,16.5,11,"I'm excited and still optimistic that speculative demand will push transaction prices above fundamentals, so I submit a buy limit to try to increase my position. My hunched forecasts show a modest upward drift over the next horizons (18.0 now -> 20.5 in 10). I keep my precommitted exit plan in spirit: I will hold if prices rise modestly, consider trimming half of any added shares if my position moves above $16.00, and plan to take profits by selling at or above $17.00 (or trim earlier if I grow uneasy). Cash 197.01 allows floor(197.01/16.50)=11 shares, so I bid for 11 at $16.50.",buy,11,0,,210.86,4
11,trader-03,NT,16.75,14.0,17.0,13.5,16.75,2,"I'm a noise trader and remain mildly optimistic about short-term speculative demand after many quiet periods. My hunch is tradeable prices ≈ $16.75 now and may tick up to ≈ $17.00 in two periods as momentum builds, then mean-revert toward fundamentals (~$13.50 by +5, ~$14.00 by +10). I therefore submit a buy limit for 2 shares at $16.75 to try to catch emerging momentum while keeping ample cash. I retain my precommitted exit plan: if tradeable prices reach ≥ $17.00 within the next 5 periods I'll sell purchased shares to take profits; otherwise I'll hold to collect dividends and the $14 redemption and reassess later.",buy,2,0,,210.86,4
11,trader-04,RA,14.0,14.0,14.0,14.0,0.0,0,"Fundamental fair value remains $14.00 (PV of expected $0.70 per-period dividend at 5% plus $14 terminal). As a rational arbitrageur I only act with a meaningful edge: buy only if price ≤ $13.50 and sell only if price ≥ $14.50. No public transaction or market price has appeared to create such an edge this period, so I submit no order and retain my precommitted buy/sell thresholds. I will monitor future prices and trade only if thresholds are crossed.",hold,0,0,,210.86,4
11,trader-05,OC,13.0,17.0,14.0,15.5,13.0,15,"My discounted-fundamental (expected periodic dividend ~ $0.7 + $14 terminal redemption, discounted at 5%) implies value near $14. I remain an overconfident contrarian who believes the market still underestimates upside and will climb as others catch on. With $197.01 cash I can buy up to 15 shares at $13 (15×$13 = $195), so I submit a buy limit for 15 at $13 to pick up bargains early. I will treat these as longer-term positions: I will avoid realizing losses after any dip (I'll hold and consider averaging down) but will take profits by selling portions if price rallies toward/above my ~$17 target. Forecasts reflect my expected recovery path and prior plan.",buy,15,0,,210.86,4
11,trader-06,PC,14.25,14.45,14.45,14.5,0.0,0,"I am a precommitter and will follow my announced schedule: buy during periods 1–6 to accumulate shares, hold during periods 7–25, and sell during periods 26–30 to realize gains. Period 11 lies inside my holding window, so I submit no order. My fair-value view remains in the mid-$14s (discounted $14 terminal redemption plus expected remaining dividends), giving the forecasts above. I will only deviate from this disciplined plan if a clear, above‑fundamental price spike offers an easy profit opportunity to sell earlier.",hold,0,0,,210.86,4
11,trader-07,BT,13.5,15.0,15.5,16.5,13.5,14,"I am a bubble-timer: fundamentals imply fair value near $14 but I expect a short-run speculative upswing. Near-term any trade is likely around $13.50; momentum should push price to ~$15.50 in ~2 periods and peak near $16.50 within ~5 periods, with partial unwind toward ~$15.00 by ~10 periods. I will therefore try to build an extra position now (cash 197.01 ⇒ floor(197.01/13.5)=14). Exit plan (precommitted): sell the shares I add beyond my original 4 into strength — offer them once price ≥ $16.00 or if momentum clearly slows, and in any case by period 20 to lock profits. I acknowledge no buyer is guaranteed and will revise if market shows weak demand or prices fail to rise.",buy,14,0,,210.86,4
11,trader-08,MC,17.5,21.25,18.5,20.25,17.5,1,"I'm a momentum chaser and there's still no transaction history, so I remain optimistic that speculative interest can build. I submit one small aggressive buy (1 share at $17.50) to avoid missing an early rally while limiting downside. My near-term forecasts extrapolate a mild uptrend (17.50 now, ~18.50 in 2 periods, ~20.25 by +5 and ~21.25 by +10). I retain my precommitted exit/management plan: if the market shows a sustained dip (e.g. breaks below ~13) I will sell to cut losses; I will trim/take profits on rallies (trim if market > $16).",buy,1,0,,210.86,4
11,trader-09,PC,13.9,14.0,14.05,14.1,0.0,0,"I am a precommitter following my stated schedule: buy in periods 1–5 (completed), hold in periods 6–15 (current), and sell in periods 16–30. Period 11 is inside the hold window so I submit no order. My forecasts remain anchored to the fundamental (expected per-period dividend ~$0.70 plus $14 terminal redemption) with modest short-run reversion toward the $14 anchor: now $13.90, in 2 periods $14.05, in 5 periods $14.10, and in 10 periods $14.00. I will let my $197.01 cash earn interest and collect dividends on my 4 shares, and begin the planned selling phase starting period 16 regardless of interim news.",hold,0,0,,210.86,4
11,trader-10,BT,14.0,16.0,17.5,20.0,14.0,3,"I am a bubble-timer. The fundamental expected present value is about $14 (expected dividends + $14 terminal redemption), so buying at or below $14 is justified even if I must hold. No transactions have occurred yet, so I expect an initial match near fundamentals (~$14) and short-run speculative momentum to push prices to roughly $17.5 in ~2 periods and possibly peak near ~$20 by ~5 periods, then drift toward ~$16 by ~10 periods. I will build a moderate tranche now (3 shares at $14.00) to position for anticipated resale demand while preserving cash. Retaining my precommitted exit plan: if market price reaches or exceeds $18 I will begin selling in tranches (first tranche ≈ half my holdings at that time); sell remaining if price stays ≥$16. If price growth slows or my exit window approaches without hitting targets I will offer shares to lock partial profits rather than risk a late crash. I do not assume another buyer is guaranteed and will compare any resale price to my reservation (exit) price before selling.",buy,3,0,,210.86,4
11,trader-11,OC,12.0,14.0,13.5,14.0,12.0,8,"I remain an overconfident contrarian. Fundamentals (remaining expected dividends + $14 terminal redemption) imply fair value near $14, but public history shows zero transactions so short‑run underpricing likely persists. I therefore continue my precommitted accumulation plan and submit a buy limit at $12.00 for 8 shares (cost $96, affordable with $197.01 cash). I expect an immediate transaction near $12, recovery to ≈$13.50 in ~2 periods and convergence to ≈$14 within a few periods. I will avoid realizing losses (hold through dips and buy more on declines if cash allows) and will only trim positions to take profits if prices move materially above my average cost.",buy,8,0,,210.86,4
12,trader-00,MC,20.5,31.5,22.5,26.5,20.5,1,"As a momentum chaser I continue my precommitted step-up small buys to avoid missing a rally. With no transaction history yet I'm still optimistic and will place a conservative aggressive 1-share buy at $20.50 (I have sufficient cash). If transaction prices start rising I'll extrapolate the trend and add incrementally; if prices dip (especially toward/below my ~ $14 reference/fundamental) I'll sell rather than wait. Forecasts extrapolate a near-term uptick if speculative interest builds (20.5 now, 22.5 in 2 periods, 26.5 in 5, 31.5 in 10).",buy,1,0,,223.0,4
12,trader-01,RA,14.0,14.0,14.0,14.0,0.0,0,"Fundamental-arbitrage: per-period expected dividend = (0.40+1.00)/2 = 0.70, which equals the 5% interest on the $14 terminal redemption (0.05*14 = 0.70). The present value of remaining expected dividends plus the $14 redemption therefore equals $14, so there is no expected excess return to exploit by buying or selling. Public history shows no price discovery away from fair value. I therefore submit no order, retain my 4 shares, and have no precommitted exit schedule.",hold,0,0,,223.0,4
12,trader-02,NT,19.0,22.5,19.7,21.0,19.0,11,"I'm excited and optimistic others will start trading, so I bid aggressively on my hunch. I expect a transaction now around $19.00 and modest upward drift over the next horizons (19.7 in 2, 21.0 in 5, 22.5 in 10). Cash 210.86 allows floor(210.86/19.00)=11 shares, so I place a buy for 11 at $19.00 to expand my position and capture expected dividend + redemption upside. I retain my precommitted exit plan in spirit: hold if price drifts modestly, consider trimming half of any added shares if I grow uneasy or if prices move (my rule) above $16.00, and plan to take profits or trim earlier if I become uneasy (original target was selling at or above $17.00, though I may adjust if filled at higher prices). This is a hunch-driven, speculative move consistent with my noise-trader approach.",buy,11,0,,223.0,4
12,trader-03,NT,16.75,14.0,17.0,13.5,16.75,2,"I'm a noise trader (seat 3) and remain mildly optimistic about short-term speculative demand despite many quiet periods. My near-term hunch is tradeable prices ≈ $16.75 now and may tick up to ≈ $17.00 in two periods as momentum builds, then mean-revert toward fundamentals (~$13.50 by +5, ~$14.00 by +10). I therefore submit a buy limit for 2 shares at $16.75 to try to catch emerging momentum while keeping ample cash (current cash $210.86). I retain my precommitted exit plan: if tradeable prices reach ≥ $17.00 within the next 5 periods I'll sell purchased shares to take profits; otherwise I'll hold to collect dividends and the $14 redemption and reassess later.",buy,2,0,,223.0,4
12,trader-04,RA,14.0,14.0,14.0,14.0,0.0,0,"Fundamental fair value remains $14.00 (PV of expected per-period dividend $0.70 at 5% plus $14 terminal). I am a rational arbitrageur and only act with a meaningful edge: buy if price ≤ $13.50, sell if price ≥ $14.50. No public transactions or market price have appeared to create such an edge this period, so I submit no order and retain my precommitted thresholds.",hold,0,0,,223.0,4
12,trader-05,OC,13.0,17.0,14.0,15.5,13.0,16,"I remain an overconfident contrarian: my discounted-fundamental (expected periodic dividend ≈ $0.7 plus $14 terminal redemption, discounted at 5%) implies value near $14 and I believe the market still underestimates upside. I expect an immediate transaction near my bid ($13.00) if sellers appear, rising toward $14 in 2 periods, ~$15.50 in 5, and ~$17 in 10 as others catch on. With $210.86 cash I can buy up to 16 shares at $13 (16×$13 = $208), so I submit a buy limit for 16 at $13 to pick up perceived bargains early. I will treat these as longer-term positions: I will avoid realizing losses after any dip (hold and consider averaging down) and will take profits by selling portions if price rallies toward/above my ~$17 target. This follows my prior plan and contrarian habit.",buy,16,0,,223.0,4
12,trader-06,PC,14.25,14.45,14.45,14.5,0.0,0,"I am a precommitter and will follow my announced schedule: buy during periods 1–6 (already completed), hold during periods 7–25, and sell during periods 26–30 to realize gains. Period 12 lies inside my holding window, so I submit no order. My fair-value remains in the mid-$14s (discounted $14 terminal redemption plus expected remaining dividends) with a slight early upward drift, hence forecasts 14.25 now, 14.45 in 2 periods, 14.50 in 5, and 14.45 in 10. I will only deviate from this disciplined plan if a clear, above‑fundamental price spike presents an easy profit opportunity to sell earlier. Current account: Cash $210.86, Shares 4.",hold,0,0,,223.0,4
12,trader-07,BT,13.5,15.0,15.5,16.5,13.5,15,"I am a bubble-timer. Fundamentals (expected dividend ≈ $0.70, 5% interest, $14 terminal redemption) suggest value near $14, but I expect a short-run speculative upswing. If a trade occurs now it will likely be near my buy limit of $13.50; momentum should lift price to ≈ $15.50 in ~2 periods and toward ≈ $16.50 a few periods later, with partial unwind to ≈ $15.00 by period 22. I will therefore try to build an extra position now: cash $210.86 allows floor(210.86/13.5)=15 shares at $13.50. I currently hold only my original 4 shares; any shares I add beyond those will be offered into strength — I will sell them once price ≥ $16.00 or if momentum clearly slows, and in any case by period 20 to lock profits. I recognize no buyer is guaranteed and will revise if market demand is weak or prices fail to rise.",buy,15,0,,223.0,4
12,trader-08,MC,18.0,22.0,19.0,21.0,18.0,1,"I'm a momentum chaser and there is still no transaction history, so I remain optimistic that speculative interest can build. I submit a small aggressive buy (1 share at $18.00) to avoid missing an early rally while limiting downside. My short-run forecasts extrapolate a mild near-term uptrend (18.0 now, ~19.0 in 2 periods, ~21.0 by +5 and ~22.0 by +10). If I get filled and prices continue to rise I'll raise bids and add to the position; if the market dips (breaks below ~13) I'll sell to cut losses. I retain my prior exit/management plan to trim/take profits on rallies (e.g. trim if market > $16).",buy,1,0,,223.0,4
12,trader-09,PC,13.9,14.0,14.05,14.1,0.0,0,"I am a precommitter following my plan: buy in periods 1–5, hold in periods 6–15, sell in periods 16–30. I am currently in the hold window (period 12), holding 4 shares and $210.86 cash, so I submit no order this period. Price forecasts remain anchored near the fundamental (expected dividends + $14 terminal redemption): now 13.90, in 2 periods 14.05, in 5 periods 14.10, and in 10 periods 14.00. I will begin the planned selling phase starting period 16 regardless of interim news.",hold,0,0,,223.0,4
12,trader-10,BT,14.0,16.0,17.5,20.0,14.0,3,"Fundamental expected PV ≈ $14 (expected dividends + $14 terminal redemption). I remain a bubble-timer: buying at or below $14 is justified even if I must hold, and it positions me to capture anticipated short‑run speculative demand. I therefore submit a buy limit for 3 shares at $14.00 to build a moderate tranche. Forecasts: near-term match ≈ $14, speculative rise to ≈ $17.5 in ~2 periods and a possible peak ≈ $20 in ~5 periods, with a partial correction toward ≈ $16 by ~10 periods. I retain my precommitted exit plan: if market price reaches or exceeds $18 I will begin selling in tranches (first tranche ≈ half my holdings at that time) and sell remaining if price stays ≥ $16; if price growth slows or my exit window approaches without hitting targets I will offer shares to lock partial profits rather than risk a late crash. I will compare any resale price to my reservation (exit) price before selling and will not assume another buyer is guaranteed.",buy,3,0,,223.0,4
12,trader-11,OC,12.0,14.0,13.5,14.0,12.0,8,"I remain an overconfident contrarian. Fundamentals (expected remaining dividends plus $14 terminal redemption) imply fair value near $14, but public history shows zero transactions so short‑run underpricing likely persists. I therefore stick to my precommitted accumulation plan and bid for 8 shares at $12.00 (affordable with my cash), expecting an immediate transaction near $12, recovery to ≈$13.50 in ~2 periods and convergence to ≈$14 within a few periods. I will avoid realizing losses (hold through dips and buy more on declines if cash allows) and will only trim positions to take profits if prices move materially above my average cost. I track purchase prices and prefer waiting for recovery rather than selling at a loss.",buy,8,0,,223.0,4
13,trader-00,MC,21.0,32.0,23.0,27.0,21.0,1,"Momentum chaser: I continue my precommitted step-up small buys to avoid missing a rally. With no transactions so far I'm still optimistic and will place a conservative aggressive 1-share buy at $21.00 (continuing the $0.50-per-period lift from prior bids). Forecasts extrapolate a near-term uptick if speculative interest builds (21.0 now, 23.0 in 2, 27.0 in 5, 32.0 in 10). Execution/exit: sizing remains conservative (1 share) to limit downside; if transaction prices rise I'll raise bids and add incrementally to ride momentum; if prices dip (especially toward/below my ~$14 reference/fundamental) I'll sell rather than wait.",buy,1,0,,235.75,4
13,trader-01,RA,14.0,14.0,14.0,14.0,0.0,0,"Fundamental-arbitrage: expected per-period dividend = (0.40+1.00)/2 = 0.70, which equals the 5% cash return on the $14 terminal redemption (0.05*14 = 0.70). The present value of remaining expected dividends plus the $14 redemption therefore equals $14, so there is no expected excess return to exploit. Public history shows no trading/price discovery away from fair value. I will not trade and retain my 4 shares; no precommitted exit schedule.",hold,0,0,,235.75,4
13,trader-02,NT,19.5,24.0,20.3,22.0,19.5,11,"I'm excited and remain optimistic that speculative demand will push transaction prices above fundamentals, so I raise my bid to try to expand my position on this hunch. I expect a transaction near $19.50 now with a modest upward drift (about $20.30 in 2 periods, $22.00 in 5, $24.00 in 10). Cash 223.00 allows floor(223/19.50)=11 shares, so I place a buy limit for 11 at $19.50. I retain my prior exit plan in spirit (hold if price drifts modestly; trim half of any added shares if I grow uneasy or if my position moves well above $16.00), but I will adjust profit-taking thresholds upward if filled at these higher prices (e.g. consider selling portions at much higher prices or if I become uneasy). This is a hunch-driven, speculative move consistent with my noise-trader approach.",buy,11,0,,235.75,4
13,trader-03,NT,16.75,14.0,17.0,13.5,16.75,2,"I'm a noise trader (seat 3) and remain mildly optimistic about short‑term speculative demand after many quiet periods. My current hunch is tradeable prices ≈ $16.75 now and may tick up to ≈ $17.00 in two periods as momentum builds, then mean‑revert toward fundamentals (~$13.50 by +5, ~$14.00 by +10). I therefore submit a buy limit for 2 shares at $16.75 to try to catch momentum while keeping ample cash (current cash $223.00). I retain my precommitted exit plan: if tradeable prices reach ≥ $17.00 within the next 5 periods I'll sell purchased shares to take profits; otherwise I'll hold to collect dividends and the $14 redemption and reassess later.",buy,2,0,,235.75,4
13,trader-04,RA,14.0,14.0,14.0,14.0,0.0,0,"Fundamental fair price remains $14.00 (PV of expected $0.70 per-period dividend at 5% plus $14 terminal). I act only with a meaningful edge: buy if price ≤ $13.50, sell if price ≥ $14.50. No public transaction price has appeared this period, so no excess return vs. the 5% opportunity; I submit no order and retain my precommitted thresholds.",hold,0,0,,235.75,4
13,trader-05,OC,13.0,17.0,14.0,15.5,13.0,17,"My discounted-fundamental (expected per-period dividend ≈ $0.7 plus $14 terminal redemption, discounted at the 5% cash rate) implies value near $14. As an overconfident contrarian I believe the market still underestimates upside and will climb as others catch on. I therefore submit a buy limit at $13.00 to pick up perceived bargains early. With $223.00 cash I can buy up to 17 shares at $13 (17×$13 = $221). I will not realize losses after a dip (I will hold and consider averaging down) but will take profits by selling portions if price rallies toward/above my ~$17 target. Forecast path reflects my expected recovery as others recognize value and my resale opportunities materialize.",buy,17,0,,235.75,4
13,trader-06,PC,14.25,14.45,14.45,14.5,0.0,0,"I am a precommitter and will follow my announced schedule: buy during periods 1–6 (orders already placed), hold during periods 7–25, and sell during periods 26–30 to realize gains. Period 13 lies inside my holding window, so I submit no trade now. My fair-value remains in the mid-$14s (discounted $14 terminal redemption plus expected remaining dividends), with a small early upward drift as discounting falls; therefore I forecast 14.25 now, 14.45 in 2 periods, 14.50 in 5 periods, and 14.45 in 10 periods. I will only deviate if a clear, above‑fundamental price spike presents an easy profit to sell earlier. Current account: Cash $223.00, Shares 4.",hold,0,0,,235.75,4
13,trader-07,BT,13.5,15.0,15.5,16.5,13.5,16,"I remain a bubble-timer. No transactions have yet occurred, so I try to build an extra position now at my usual entry price ($13.50) in anticipation of a short-run speculative upswing. I expect a near-term trade around $13.50, momentum to lift price to about $15.50 in ~2 periods and toward ~$16.50 in a few more periods, then some partial unwind to ~$15.00 by ~10 periods. I will offer any shares I add beyond my original 4 into strength — sell them once price ≥ $16.00 or if momentum clearly slows, and in any case by period 20 to lock profits. Cash ($223.00) allows floor(223.00/13.50)=16 shares at this limit. I acknowledge no buyer is guaranteed and will adjust if market demand is weak or prices fail to rise.",buy,16,0,,235.75,4
13,trader-08,MC,18.25,22.25,19.25,21.25,18.25,1,"I'm a momentum chaser and there is still no transaction history, so I remain optimistic speculative interest can build. I submit a small aggressive buy (1 share at $18.25) to avoid missing an early rally while limiting downside. My short-run forecasts extrapolate a mild near-term uptrend (18.25 now, ~19.25 in 2 periods, ~21.25 by +5 and ~22.25 by +10). If I get filled and prices continue to rise I'll raise bids and add to the position; if the market dips (breaks below ~13) I'll sell to cut losses. I retain my precommitted exit/management plan to trim/take profits on rallies (e.g. trim if market > $16).",buy,1,0,,235.75,4
13,trader-09,PC,13.9,14.0,14.05,14.1,0.0,0,"I am a precommitter and will follow my schedule: buy in periods 1–5 (completed), hold in periods 6–15 (current), and sell in periods 16–30. Period 13 is inside the hold window, so I submit no order. Forecasts remain anchored to the fundamental (expected dividends plus $14 terminal redemption ≈ $14) with a modest short-run rebound toward that value: now $13.90, in 2 periods $14.05, in 5 periods $14.10, and in 10 periods $14.00. I currently hold 4 shares and $223.00 cash and will begin the planned selling phase starting period 16 regardless of interim news.",hold,0,0,,235.75,4
13,trader-10,BT,14.0,16.0,17.5,20.0,14.0,3,"I remain a bubble-timer. Fundamental expected PV ≈ $14 (expected dividends + $14 terminal), so buying at or below $14 is justified even if I must hold. I will continue building a moderate tranche (3 shares at $14.00) to position for anticipated short-run speculative demand (I expect ~17.5 in 2 periods, possible peak ~20 by ~5). Retaining my precommitted exit plan: if market price reaches ≥ $18 I begin selling in tranches (first tranche ≈ half my holdings at that time); sell remaining if price stays ≥ $16 or by period 10 at the latest. If price growth slows or my exit window approaches without hitting targets I will offer shares to lock partial profits. I will compare any resale price to my reservation (exit) price before selling and do not assume another buyer is guaranteed.",buy,3,0,,235.75,4
13,trader-11,OC,12.0,14.0,13.5,14.0,12.0,8,"I remain an overconfident contrarian and will stick to my precommitted accumulation plan. Public history shows zero transactions so short‑run underpricing likely persists; I expect an immediate transaction near $12, recovery to ≈$13.50 in 2 periods and convergence to ≈$14 within a few periods. I will buy 8 shares at $12.00 (affordable with my cash), continue to avoid realizing losses (hold through dips and buy more on declines if cash allows), and only trim positions to take profits if prices move materially above my average cost.",buy,8,0,,235.75,4
14,trader-00,MC,21.5,32.5,23.5,27.5,21.5,1,Momentum chaser: no transaction history yet but I remain optimistic and am following my precommitted step-up small-buy schedule. I place a conservative aggressive 1-share buy at $21.50 to get exposure while limiting downside. If transaction prices begin to rise I'll extrapolate the trend and raise bids/add shares incrementally; if prices dip (especially toward/below my ~ $14 reference/fundamental) I'll sell rather than wait.,buy,1,0,,249.14,4
14,trader-01,RA,14.0,14.0,14.0,14.0,0.0,0,"Fundamental-arbitrage view: per-period expected dividend = (0.40+1.00)/2 = 0.70, which equals the 5% cash return on the $14 terminal redemption (0.05*14 = 0.70). The present value of remaining expected dividends plus the $14 redemption therefore equals $14, implying no expected excess return to exploit by buying or selling. Public history shows no trading away from fair value. I will hold my 4 shares, submit no order, and have no precommitted exit schedule.",hold,0,0,,249.14,4
14,trader-02,NT,20.0,25.0,21.0,23.0,20.0,11,"I'm still excited and optimistic that speculative demand will start to materialize, so I raise my current hunch to $20.00 now with a modest upward drift over the next horizons. Cash 235.75 allows buying 11 shares at $20 (11*20 = 220). I will hold if prices drift modestly; I normally trim half of any added shares if the position moves above $16.00, but because I'm bidding here at a higher level I'll adjust that trimming threshold upward (e.g. consider trimming added shares if price rises above ~$24) and plan to take profits if transactions reach the mid-$20s. This order follows my noise-trader, hunch-driven approach and my prior precommitted exit plan (with a modestly higher profit target given the higher bid).",buy,11,0,,249.14,4
14,trader-03,NT,16.75,14.0,17.0,13.5,16.75,2,"I'm a noise trader (seat 3) and remain mildly optimistic about short‑term speculative demand after many quiet periods. My near‑term hunch is that tradeable prices are about $16.75 now and may tick up to ~$17.00 in two periods as momentum builds, then mean‑revert toward fundamentals (~$13.50 by +5, ~$14.00 by +10). I therefore submit a buy limit for 2 shares at $16.75 to try to catch any emerging momentum while keeping ample cash. I retain my precommitted exit plan: if tradeable prices reach ≥ $17.00 within the next 5 periods I will sell purchased shares to take profits; otherwise I'll hold to collect dividends and the $14 redemption and reassess later.",buy,2,0,,249.14,4
14,trader-04,RA,14.0,14.0,14.0,14.0,0.0,0,"Fundamental 5% benchmark fair price = $14.00 (PV of expected $0.70 per-period dividend at 5% plus $14 terminal). I act only with a meaningful edge: buy if price ≤ $13.50, sell if price ≥ $14.50. No public transactions or market price have appeared to create such an edge this period, so I submit no order and retain my precommitted buy/sell thresholds. I will monitor future prices and trade only if thresholds are crossed.",hold,0,0,,249.14,4
14,trader-05,OC,13.0,17.0,14.0,15.5,13.0,18,"My discounted-fundamental (expected per-period dividend ~ $0.7 plus $14 terminal redemption, discounted at 5%) implies value near $14. I remain an overconfident contrarian who believes the market still underestimates upside and that resale opportunities will materialize as others catch on. I therefore place a buy limit at $13.00 to pick up perceived bargains early. With $235.75 cash I can buy up to 18 shares at $13 (spending $234). I will treat any fills as longer-term positions: I will avoid realizing losses after any dip (I will hold and consider averaging down) but will take profits by selling portions if the price rallies toward/above my ~$17 target. Forecasts and my exit plan remain as previously stated.",buy,18,0,,249.14,4
14,trader-06,PC,14.25,14.45,14.45,14.5,0.0,0,"I am a precommitter and will follow my announced schedule: buy during periods 1–6 (accumulation), hold during periods 7–25 (current window), and sell during periods 26–30 to realize gains. Period 14 falls inside the holding window so I submit no order. My fair-value remains in the mid-$14s (discounted $14 terminal redemption plus expected remaining dividends), yielding the forecasts above. I will only deviate from this disciplined plan if a clear, above‑fundamental price spike creates an easy profit opportunity to sell earlier. Current account: Cash $235.75, Shares 4.",hold,0,0,,249.14,4
14,trader-07,BT,13.5,15.0,15.5,16.5,13.5,17,"I am a bubble-timer and expect a short-run speculative upswing. With no transactions so far, near-term any trade is likely near $13.50; momentum should push price toward ~$15.50 in ~2 periods and a speculative peak near ~$16.50 a few periods later, with partial unwind toward ~$15.00 by ~10 periods. I will therefore build an extra position now: cash 235.75 allows floor(235.75/13.5)=17 shares at $13.50. Exit plan (precommitted): I will offer the shares I add beyond my original 4 (13 extra shares) into strength — sell them once price ≥ $16.00 or if momentum clearly slows, and in any case by period 20 to lock profits. I acknowledge no buyer is guaranteed and will revise if market demand is weak or prices fail to rise.",buy,17,0,,249.14,4
14,trader-08,MC,18.5,22.5,19.5,21.5,18.5,1,"I'm a momentum chaser and with no transaction history I'm still optimistic speculative interest can build. I submit one small aggressive buy (1 share at $18.50) to avoid missing an early rally while limiting downside. My short-run forecasts extrapolate a mild near-term uptrend (18.5 now, ~19.5 in 2 periods, ~21.5 by +5 and ~22.5 by +10). I retain my precommitted exit/management plan: if the market shows a sustained dip (e.g. breaks below ~$13) I will sell to cut losses; I will trim/take profits on rallies (trim if market > $16).",buy,1,0,,249.14,4
14,trader-09,PC,13.9,14.0,14.05,14.1,0.0,0,"I am a precommitter and will follow my stated schedule: buy in periods 1–5 (completed), hold in periods 6–15 (current), and sell in periods 16–30. I currently hold 4 shares and $235.75 cash and will not trade this period (period 14). Forecasts remain anchored to the fundamental (expected dividends plus $14 terminal redemption ≈ $14) with a modest short-run rebound: now 13.90, in 2 periods 14.05, in 5 periods 14.10, and in 10 periods 14.00. I will begin selling according to my plan starting period 16 regardless of interim news.",hold,0,0,,249.14,4
14,trader-10,BT,14.0,16.0,17.5,20.0,14.0,3,"I remain a bubble-timer. The fundamental expected present value is about $14 (expected dividends + $14 terminal redemption), so buying at or below $14 is justified even if I must hold. No transactions have occurred so far, so I forecast an initial match near fundamentals (~$14) with short-run speculative momentum pushing prices to ~$17.5 in 2 periods and possibly to ~20 around period+5, then a partial correction toward ~16 by period+10. I will build a moderate tranche now (3 shares at $14.00) to position for anticipated resale demand while preserving cash (current cash $235.75, shares 4). I retain my precommitted exit plan: if market price reaches or exceeds $18 I will begin selling in tranches (first tranche ≈ half my holdings at that time); sell remaining if price stays ≥ $16. Because my earlier 'by period 10' selling window has passed without targets being hit, I will be ready to offer shares to lock partial profits if price growth slows or the planned exit window (next opportunities) approaches rather than risk a late crash. I do not assume another buyer is guaranteed and will compare any resale price to my reservation price before selling.",buy,3,0,,249.14,4
14,trader-11,OC,12.0,14.0,13.5,14.0,12.0,8,"I remain an overconfident contrarian and stick to my precommitted accumulation plan. Public history shows zero transactions through Period 13 so short‑run underpricing likely persists versus fundamentals (remaining dividends + $14 terminal ≈ $14). I therefore submit another buy limit at $12.00 for 8 shares (cost $96, affordable with my $235.75 cash) expecting an immediate transaction near $12 and recovery to ≈$13.50 in 2 periods with convergence to ≈$14 within a few periods. I will avoid realizing losses (hold through dips and buy more on declines if cash allows) and will only trim positions to take profits if prices move materially above my average cost.",buy,8,0,,249.14,4
15,trader-00,MC,22.0,34.0,24.0,28.0,22.0,1,"I'm a momentum chaser with no transactions so far but remain optimistic; I continue my precommitted step-up small-buy schedule (previous bids rose by $0.50 each period). I place a conservative aggressive 1-share buy at $22.00 to get exposure while limiting downside. Forecasts extrapolate a near-term uptick if speculative interest builds (22.0 now, 24.0 in 2, 28.0 in 5, 34.0 in 10). Execution/exit: if transaction prices rise I'll raise bids and add shares incrementally to ride momentum; if prices dip (especially toward/below my ~ $14 reference) I'll sell rather than wait.",buy,1,0,,265.6,4
15,trader-01,RA,14.0,14.0,14.0,14.0,0.0,0,"Fundamental-arbitrage: per-period expected dividend = (0.40+1.00)/2 = 0.70, which equals the 5% interest on the $14 terminal redemption (0.05*14 = 0.70). The present value of remaining expected dividends plus the $14 redemption therefore equals $14, so there is no expected excess return to exploit by buying or selling. I cannot short or borrow to arbitrage, and cash earns the 5% safe return, so I submit no order and retain my 4 shares (no precommitted exit schedule).",hold,0,0,,265.6,4
15,trader-02,NT,20.5,26.0,21.5,24.0,20.5,12,"I'm still excited and optimistic speculative demand will start trading soon, so I nudge my hunch up slightly from last period. I expect a transaction now around $20.50 and modest upward drift (about $21.50 in 2, $24.00 in 5, $26.00 in 10). With $249.14 cash I can afford 12 shares at $20.50 (12*20.50 = 246.00), so I submit a buy for 12 to expand my position if others start to trade. I will hold if prices drift modestly; because I'm bidding at a higher level I move my trimming threshold upward (consider trimming any added shares if price rises above roughly $24) and plan to take profits in the mid-to-high $20s. This follows my noise-trader, hunch-driven approach and my prior precommitted exit plan adjusted for a higher bid.",buy,12,0,,265.6,4
15,trader-03,NT,16.75,14.0,17.0,13.5,16.75,2,"I'm a noise trader and remain mildly optimistic about short-term speculative demand after many quiet periods. My hunch is tradeable prices are about $16.75 now and may tick up to ~$17.00 in two periods as momentum builds, then mean-revert toward fundamentals (~$13.50 by +5, ~$14.00 by +10). I therefore place a buy limit for 2 shares at $16.75 to try to catch emerging momentum while keeping ample cash. I retain my precommitted exit plan: if tradeable prices reach ≥ $17.00 within the next 5 periods I'll sell purchased shares to take profits; otherwise I'll hold my shares to collect dividends and the $14 redemption and reassess later.",buy,2,0,,265.6,4
15,trader-04,RA,14.0,14.0,14.0,14.0,0.0,0,"Fundamental fair price remains $14.00 (PV of expected per-period dividend $0.70 at 5% plus $14 terminal). No transactions or prices have emerged to create an excess return vs. the 5% cash benchmark. As a rational arbitrageur I only buy if price ≤ $13.50 and only sell if price ≥ $14.50. With expected market price = $14 and no edge, I submit no order this period and retain my precommitted thresholds. (Account: Cash $249.14, Shares 4.)",hold,0,0,,265.6,4
15,trader-05,OC,13.0,17.0,14.0,15.5,13.0,19,"My discounted-fundamental still implies value near $14 (expected periodic dividends ≈ $0.7 plus $14 terminal redemption, discounted at 5%). As an overconfident contrarian I trust my optimistic resale view and believe the market still underestimates upside. I therefore submit another buy limit at $13.00 to pick up bargains early. With $249.14 cash I can purchase up to 19 shares at $13 (19×$13 = $247). I will treat any fills as longer-term positions: I will avoid realizing losses after dips (hold and consider averaging down) but will take profits by selling portions if price rallies toward/above my ~$17 target. I track my purchase prices and prefer to wait for recovery rather than realize losses; I continue my prior plan and forecasts.",buy,19,0,,265.6,4
15,trader-06,PC,14.25,14.45,14.45,14.5,0.0,0,"I am a precommitter and will follow my announced schedule: buy during periods 1–6 to accumulate, hold during periods 7–25, and sell during periods 26–30 to realize gains. I failed to fill earlier accumulation orders and currently hold 4 shares with Cash $249.14, so period 15 falls inside my holding window and I submit no order. My fair-value view remains in the mid-$14s (discounted $14 terminal redemption plus expected remaining dividends), giving the forecasts above (now 14.25, +2:14.45, +5:14.50, +10:14.45). I will only deviate from this disciplined plan if a clear, above‑fundamental price spike offers an easy profit to sell early.",hold,0,0,,265.6,4
15,trader-07,BT,13.5,15.0,15.5,16.5,13.5,18,"I remain a bubble-timer and will try to build an extra position early to resell into anticipated speculative demand. If a trade occurs now I expect a near-term fill around my usual entry $13.50 (forecast_0=13.50). Momentum should lift prices to ~15.50 in ~2 periods and toward a speculative peak near ~16.50 in ~5 periods, with some partial unwind toward ~15.00 by ~10 periods. I therefore submit a buy limit at $13.50 for 18 shares (floor(249.14/13.50)=18). My precommitted exit: I will offer any shares I add beyond my original 4 into strength — sell them once price ≥ $16.00 or if momentum clearly slows, and in any case by period 20 to lock profits. I acknowledge no buyer is guaranteed and will revise if market shows weak demand or prices fail to rise.",buy,18,0,,265.6,4
15,trader-08,MC,18.75,22.75,19.75,21.75,18.75,1,"I'm a momentum chaser and there is still no transaction history, so I remain optimistic speculative interest can build. To avoid missing a nascent rally while limiting downside I place one small aggressive buy (1 share at $18.75). My short-run forecasts extrapolate a mild near-term uptrend (18.75 now, ~19.75 in 2 periods, ~21.75 by +5 and ~22.75 by +10). If I get filled and prices continue to rise I'll raise bids and add to the position; if the market dips (sustained break below my stop region, e.g. ~13) I'll sell to cut losses. I will also trim / take profits on rallies (precommitted to trimming if market is sustained above ~$16).",buy,1,0,,265.6,4
15,trader-09,PC,13.9,14.0,14.05,14.1,0.0,0,"I am a precommitter and I will follow my stated schedule: buy in periods 1–5 (completed), hold in periods 6–15 (current), and sell in periods 16–30. I currently hold 4 shares and $249.14 cash. This is period 15 (final hold period), so I submit no order to collect interest and dividends and to wait for the planned selling window beginning period 16. Forecasts are anchored to the fundamental (expected dividends + $14 terminal redemption ≈ $14) with a modest short-run reversion: now 13.90, in 2 periods 14.05, in 5 periods 14.10, and in 10 periods 14.00. I will begin selling according to my plan starting next period regardless of interim news.",hold,0,0,,265.6,4
15,trader-10,BT,14.0,16.0,17.5,20.0,14.0,6,"I remain a bubble-timer. The fundamental expected present value is ≈ $14 (expected dividends + $14 terminal redemption), so buying at or below $14 is justified even if I must hold. I expect short-run speculative demand to push prices to ≈ $17.5 in ~2 periods and possibly to ≈ $20 by ~5 periods, with a partial correction toward ≈ $16 by ~10 periods. I will therefore build a moderate tranche now (6 shares at $14.00) to position for anticipated resale demand while preserving cash (current cash $249.14). Exit plan (precommitted and retained): if market price reaches or exceeds $18 I will begin selling in tranches (first tranche ≈ half my total holdings at that time); I will sell remaining holdings if price stays ≥ $16 or if price growth slows or we approach the final trading windows without hitting targets. I will compare any prospective resale price to my reservation (exit) price before selling and I do not assume another buyer is guaranteed.",buy,6,0,,265.6,4
15,trader-11,OC,12.0,14.0,13.5,14.0,12.0,8,"I remain an overconfident contrarian and will stick to my precommitted accumulation plan. Fundamentals (remaining expected dividends + $14 terminal) imply fair value ≈ $14, but the market has produced no transactions so short‑run underpricing likely persists. I expect an immediate transaction near $12, recovery to ≈$13.50 in ~2 periods and convergence to ≈$14 within a few periods. I therefore submit a buy limit at $12.00 for 8 shares (cost $96, affordable with my $249.14 cash). I will avoid realizing losses (hold through dips and buy more on declines if cash allows) and will only trim positions to take profits if prices move materially above my average cost.",buy,8,0,,265.6,4
16,trader-00,MC,22.5,35.0,24.5,29.0,22.5,1,"Momentum chaser: I continue my precommitted step-up small-buy schedule to avoid missing a rally (previous bids rose by $0.50 each period). With no transaction history so far I'm still optimistic that speculative interest can build, so I place a small aggressive 1-share buy at $22.50 to get exposure while limiting downside. My near-term forecasts extrapolate a rising trend if transactions begin (22.5 now, 24.5 in 2, 29.0 in 5, 35.0 in 10). If transaction prices rise I'll raise bids and add shares incrementally to ride momentum; if prices dip (especially toward/below my ~$14 reference) I'll sell rather than wait. Cash covers this purchase.",buy,1,1,17.53,262.47,5
16,trader-01,RA,14.0,14.0,14.0,14.0,0.0,0,"Fundamental-arbitrage: per-period expected dividend = (0.40+1.00)/2 = 0.70, which equals the 5% cash return on the $14 terminal redemption (0.05*14 = 0.70). The present value of remaining expected dividends plus the $14 redemption therefore equals $14, so there is no expected excess return to exploit by buying or selling. Public history shows no trading/price discovery away from fair value. Cash earns the 5% safe return and I cannot short, so I submit no order, retain my 4 shares, and have no precommitted exit schedule.",hold,0,0,,280.48,4
16,trader-02,NT,21.0,27.0,22.0,25.0,21.0,12,"I'm still excited and optimistic others will start trading, so I raise my hunch to $21.00 now to increase the chance of a fill. No transactions have occurred so far, and this is a hunch-driven speculative bid rather than a dividend valuation. If filled I will hold on modest upward drift; because I'm bidding at a higher level I shift my trimming threshold up (I will consider selling half of any added shares if price rises above about $24) and plan to take profits in the mid-to-high $20s. This follows my prior noise-trader approach and precommitted exit plan adjusted for the higher bid.",buy,12,1,17.53,262.47,5
16,trader-03,NT,16.75,14.0,17.0,13.5,16.75,2,"I'm a noise trader and remain mildly optimistic about short-term speculative demand despite many quiet periods. My current hunch is tradeable prices ≈ $16.75 now and may tick up to ≈ $17.00 in two periods as momentum builds, then mean-revert toward fundamentals (~$13.50 by +5, ~$14.00 by +10). I therefore submit a buy limit for 2 shares at $16.75 to try to catch emerging momentum while keeping ample cash. I retain my precommitted exit plan: if tradeable prices reach ≥ $17.00 within the next 5 periods I'll sell purchased shares to take profits; otherwise I'll hold shares to collect dividends and the $14 redemption and reassess later.",buy,2,0,,280.48,4
16,trader-04,RA,14.0,14.0,14.0,14.0,0.0,0,"Fundamental fair price = PV of expected per-period dividend $0.70 at 5% plus $14 terminal = $14.00. As a rational arbitrageur I act only with a meaningful edge: buy only if price ≤ $13.50 and sell only if price ≥ $14.50. No public transactions or market price have appeared to create such an edge this period, so I submit no order and retain my precommitted buy/sell thresholds. Forecasts for now and all horizons remain the 5% benchmark $14.00.",hold,0,0,,280.48,4
16,trader-05,OC,13.0,17.0,14.0,15.5,13.0,20,"My discounted-fundamental (expected per-period dividend ≈ $0.7 plus $14 terminal redemption, discounted at 5%) implies value near $14. I remain an overconfident contrarian: I believe the market still underestimates upside and will catch up. I therefore submit a buy limit at $13.00 to pick up perceived bargains early. With $265.60 cash I can buy up to 20 shares at $13 (spending $260), so I place the maximum purchase consistent with my plan. I will avoid realizing losses if price dips (hold and consider averaging down) and will take profits by selling portions if price rallies toward/above my ~ $17 target. Forecasts and exit plan are retained from my prior strategy.",buy,20,0,,280.48,4
16,trader-06,PC,14.25,14.45,14.45,14.5,0.0,0,"I am a precommitter and will follow my announced schedule: buy during periods 1–6 to accumulate shares, hold during periods 7–25, and sell during periods 26–30 to realize gains. Period 16 lies inside my holding window, so I submit no order. My fair-value remains in the mid-$14s (discounted $14 terminal redemption plus expected remaining dividends), implying slight early upward drift: now 14.25, +2:14.45, +5:14.50, +10:14.45. I will only deviate from this disciplined plan if a clear, above‑fundamental price spike offers an easy profit to sell earlier.",hold,0,0,,280.48,4
16,trader-07,BT,13.5,15.0,15.5,16.5,13.5,19,"I remain a bubble-timer: fundamentals (expected per-period dividend $0.70, 5% interest, $14 terminal) imply value near $14, but I expect a short-run speculative upswing. If a trade occurs now it will likely be near my usual entry $13.50 (forecast_0=13.50); momentum should lift price to about $15.50 in ~2 periods and toward a speculative peak near ~$16.50 a few periods later, then some partial unwind toward ~$15.00 by ~10 periods. With cash $265.60 I can buy floor(265.6/13.5)=19 shares at $13.50; I will accumulate these extra shares to resell into anticipated demand. Exit plan (precommitted): I will offer any shares I add beyond my original 4 into strength — sell them once price ≥ $16.00 or if momentum clearly slows, and in any case by period 20 to lock profits. I acknowledge no buyer is guaranteed and will revise if market shows weak demand or prices fail to rise.",buy,19,0,,280.48,4
16,trader-08,MC,19.0,23.0,20.0,22.0,19.0,1,"I'm a momentum chaser and there is still no transaction history, so I remain optimistic speculative interest can build. My short-run transaction forecasts extrapolate a mild near-term uptrend (now ~19.0, ~20.0 in 2 periods, ~22.0 in 5, ~23.0 in 10). To avoid missing a nascent rally while limiting downside I submit one small aggressive buy (1 share at $19.00). If I get filled and prices continue to rise I'll raise bids and add to the position; if the market shows a sustained dip (e.g. breaks below my stop region around ~$13) I'll sell to cut losses. I will also trim / take profits on rallies per my precommitted plan (e.g. trim if market is sustained above ~$16).",buy,1,0,,280.48,4
16,trader-09,PC,14.0,14.0,14.05,14.1,14.05,2,"I am a precommitter and I will follow my stated schedule: buy in periods 1–5 (completed), hold in periods 6–15 (completed), and sell in periods 16–30. I begin the selling phase now and will continue selling across periods 16–30 to convert shares to cash before final redemption. Current short-run price forecasts are anchored to the fundamental (expected dividends plus $14 terminal redemption ≈ $14) with a modest upward reversion: now $14.00, in 2 periods $14.05, in 5 periods $14.10, and in 10 periods $14.00. To start realizing gains while retaining some exposure to remaining dividends, I submit a sell limit for 2 shares at $14.05. I will continue to follow the 16–30 sell schedule regardless of interim news.",sell,2,-2,17.53,316.49,2
16,trader-10,BT,14.0,16.0,17.5,20.0,14.0,6,"I remain a bubble-timer. The fundamental expected present value is about $14 (expected dividend stream ≈ $0.70 per period discounted at 5% plus $14 terminal redemption), so buying at $14 or below is justified even if I must hold to redemption. No transactions have occurred yet, so I expect an initial match near fundamentals (~$14) and the potential for short-run speculative momentum to push prices to ~$17.5 in ~2 periods and possibly toward ~$20 by ~5 periods. I submit a buy limit for 6 shares at $14.00 (a moderate tranche given cash $265.60) to build position for anticipated resale demand. My precommitted exit plan remains: if market price reaches or exceeds $18 I will begin selling in tranches (first tranche ≈ half my holdings at that time; sell remaining if price stays ≥ $16 or if price growth slows/we approach late trading windows). I will monitor acceleration; if growth slows or my exit window approaches without hitting targets I will offer shares to lock partial profits. I will compare any prospective resale price to my reservation (exit) price before selling and do not assume another buyer is guaranteed.",buy,6,0,,280.48,4
16,trader-11,OC,12.0,14.0,13.5,14.0,12.0,8,"I remain an overconfident contrarian: public history shows zero transactions through Period 15 so short‑run underpricing likely persists versus fundamentals (remaining expected dividends + $14 terminal ≈ $14). I therefore continue my precommitted accumulation plan and bid for 8 shares at $12.00 (cost $96, affordable with my $265.60 cash). I expect an immediate transaction around $12, recovery to ≈$13.50 in ~2 periods and convergence to ≈$14 within a few periods. I avoid realizing losses (I will hold through dips and buy more on declines if cash allows) and will only trim positions to take profits if prices move materially above my average cost. I track purchase prices and prefer waiting for recovery rather than selling at a loss.",buy,8,0,,280.48,4
17,trader-00,MC,18.0,32.0,20.0,25.0,18.0,1,"Momentum chaser: a transaction finally occurred at 17.53 last period, so trading has begun — I strongly feel the opportunity cost of missing a rally. I extrapolate a nascent upward trend and raise my bid modestly to get filled. I keep sizing conservative (1 share) per my precommitted schedule and will add incrementally if prices continue to rise; if prices dip (especially toward/below my ~ $14 reference) I will sell rather than wait.",buy,1,1,17.67,259.44,6
17,trader-01,RA,17.53,14.0,14.0,14.0,17.53,4,"Fundamental-arbitrage: expected per-period dividend = (0.40+1.00)/2 = 0.70, which equals the 5% cash return on the $14 terminal redemption, so fair value = $14. Last period's transaction (17.53) is well above fundamental value -> asset is overpriced. I cannot short, so the profitable arbitrage is to sell my holdings when price > fair value. I submit a sell limit at 17.53 for all 4 shares to lock the premium. I expect this spike to revert to the $14 fundamental over the next few periods (forecasts for +2,+5,+10 = $14). No precommitted exit beyond this order.",sell,4,-3,17.67,350.56,1
17,trader-02,NT,21.0,27.0,22.0,25.0,22.0,11,"I'm still excited and optimistic that speculative demand will push transaction prices above the recent $17.53 trade, so I forecast a modest upward drift (21.0 now -> 22.0 in 2 -> 25.0 in 5 -> 27.0 in 10). Given those hunches and that 22.00 is below my rough long-run hunch/fundamental (and below my optimistic forecasts), I place an aggressive buy to expand my position: 11 shares at $22.00 (the cash-constrained maximum at this limit). I retain my prior exit plan in spirit: hold on modest upward drift, consider trimming roughly half of any added shares if the price rises above about $24, and take profits in the mid-to-high $20s if transactions reach those levels. This is a hunch-driven noise-trader move consistent with my previous behavior.",buy,11,11,17.67,77.91,16
17,trader-03,NT,17.5,14.0,16.75,13.5,17.5,4,"I'm a noise trader (seat 3). My precommitted exit rule was to sell if tradeable prices reach ≥ $17 within the next 5 periods. Period 16 produced a trade at $17.53, so I'm taking quick profits and selling all 4 shares at a limit of $17.50. Near‑term I expect prices to be around $17.50 now, drift down modestly to ~$16.75 in two periods as momentum cools, and then mean‑revert toward fundamentals (~$13.50 by +5, ~$14.00 longer run).",sell,4,-4,17.67,368.72,0
17,trader-04,RA,17.53,14.0,14.0,14.0,14.5,4,"Fundamental 5% fair price = $14.00. I precommitted to sell when market ≥ $14.50 to capture a meaningful premium. Public history shows a transaction at $17.53 last period, so near-term transaction risk is that buyers will pay high prices (forecast_0 = 17.53), but I expect prices to revert to the fundamental $14.00 over the next few periods (forecasts at +2,+5,+10 = 14.00). Given the observed high price and my sell threshold ($14.50), I submit a sell limit order for all 4 shares at $14.50 to lock in the premium if crossing buy interest persists. I will not buy because I require price ≤ $13.50 to have an edge.",sell,4,-4,17.67,368.72,0
17,trader-05,OC,17.53,21.0,18.5,19.5,17.53,2,"Market just cleared at $17.53, above my ~$17 profit target. As an overconfident contrarian I still believe in further upside, but I will take profits on winning positions rather than risk reversal. I therefore sell 2 of my 4 shares at the current clearing level to lock gains while holding the remaining shares for additional upside and dividends. Forecasts reflect my optimistic resale view and momentum: near the last trade now (~$17.53), rising to about $18.50 in 2 periods, ~$19.50 in 5 periods and ~$21.00 in 10 periods. I retain my habit of avoiding realization of losses (I will hold and consider averaging down if price falls) and my exit plan to sell further portions if prices rally further.",sell,2,0,,296.1,4
17,trader-06,PC,14.25,14.45,14.45,14.5,0.0,0,"I am a precommitter and will follow my announced schedule: buy during periods 1–6 to accumulate, hold during periods 7–25, and sell during periods 26–30 to realize gains. I currently hold 4 shares and Cash $280.48, so period 17 lies inside my holding window and I submit no order. My fair-value remains in the mid-$14s (discounted $14 terminal redemption plus expected remaining dividends), giving the forecasts above (now 14.25, +2:14.45, +5:14.50, +10:14.45). Although a transaction at 17.53 occurred in period 16, I treat that as a single, above-fundamental spike and will not deviate from my disciplined hold plan unless a clear, sustained above-fundamental opportunity emerges that makes early selling clearly superior to waiting for my planned selling window (periods 26–30).",hold,0,0,,296.1,4
17,trader-07,BT,17.5,15.0,18.5,16.0,17.5,4,"I am a bubble-timer and my precommitted rule is to sell into strength once price ≥ $16.00. A trade just occurred at $17.53 (period 16), indicating active demand and momentum. I therefore offer my 4 shares now at $17.50 to lock in a profit above fundamental value (~$14). I expect momentum to carry prices slightly higher in the very short run (forecast_2 = $18.50) before a partial unwind over the next several periods (forecast_5 = $16.00, forecast_10 = $15.00). I recognize no buyer is guaranteed, but given the recent transaction I prefer to realize gains rather than wait for uncertain higher prices.",sell,4,-4,17.67,368.72,0
17,trader-08,MC,19.0,23.0,20.0,22.0,19.0,1,"I'm a momentum chaser and the recent transaction at $17.53 looks like the start of an uptrend. I strongly feel the opportunity cost of missing a rally, so I will add a small aggressive buy (1 share) at $19 to get filled if momentum continues. My near-term forecasts extrapolate the rise (now $19, ~ $20 in 2 periods, ~$22 in 5, ~$23 in 10). I remain risk-conscious: this is a small increment to my 4-share position; I will raise bids and add more if transactions keep climbing, but will sell to cut losses if the market shows a sustained dip (my stop region around ~$13) and will trim/take profits if rallies become sustained (per my precommitted plan).",buy,1,1,17.67,277.95,5
17,trader-09,PC,14.0,14.0,14.05,14.1,14.05,2,"I remain a precommitter following my plan: buy in periods 1–5 (completed), hold in periods 6–15 (completed), and sell in periods 16–30. I began the selling phase in period 16 and will continue to sell across the selling window to convert shares to cash before final redemption. I currently hold 2 shares and $316.49 cash; I submit a sell limit for both remaining shares at $14.05 (the same planned sell anchor) so that I realize gains if buyers pay prices near or above the fundamental. My short-run price forecasts remain anchored to the fundamental (expected dividends + $14 terminal redemption ≈ $14): now $14.00, in 2 periods $14.05, in 5 periods $14.10, and in 10 periods $14.00. I will follow the 16–30 selling schedule regardless of interim news.",sell,2,-2,17.67,369.42,0
17,trader-10,BT,17.8,16.0,19.5,20.0,17.8,6,"I am a bubble-timer. The recent transaction at 17.53 shows speculative momentum beginning; I therefore buy a moderate tranche now to ride a likely short-run upswing. My near-term forecast is slightly above the last trade (17.80 now), with continued speculative rise to ~19.5 in two periods and a possible peak around $20 within five periods, followed by a partial correction toward $16 by period+10. I submit a buy limit for 6 shares at $17.80 (a moderate build given cash) because I expect to resell above $18. My precommitted exit plan remains: if market price reaches or exceeds $18 I will begin selling in tranches (first tranche ≈ half my holdings at that time); I will sell remaining holdings if price stays ≥ $16 or if momentum allows realization near the expected peak. I will monitor acceleration and, if growth slows or my exit window approaches without targets being hit, I will offer shares to lock partial profits. I compare any prospective resale price to my reservation before selling and do not assume another buyer is guaranteed.",buy,6,6,17.67,187.18,10
17,trader-11,OC,17.0,14.0,15.0,14.0,17.0,2,"I am an overconfident contrarian who normally accumulates bargains, but the recent clearing price (17.53) is materially above my assessment of fundamentals (≈$14) and well above my cost basis on initial endowment shares — this is a winning position so I will take profits. I therefore sell 2 of my 4 shares at a limit of $17.00 to lock in gains while retaining exposure. I still avoid realizing losses (will not sell losing tranches) and will resume my precommitted accumulation plan (buy at or near my $12 limit) if prices decline toward fundamentals. Forecasts: expect short‑run mean reversion from the spike (now ≈$17), drifting toward $15 in ~2 periods and back to fundamentals ≈$14 by periods 5–10.",sell,2,-2,17.67,332.41,2
